=== Chunk 6/8: Extracting GigaTIME protein counts ===
Chunk 6/8: processing 31/252 H5 files
Loading GigaTIME model from HuggingFace...
GigaTIME model loaded.
Processing: #11-1 7197-17.h5
    WARNING: GigaTIME failed on patch (2048, 9216): cuDNN error: CUDNN_STATUS_NOT_INITIALIZED
    WARNING: GigaTIME failed on patch (2048, 10240): cuDNN error: CUDNN_STATUS_NOT_INITIALIZED
    WARNING: GigaTIME failed on patch (2048, 11264): cuDNN error: CUDNN_STATUS_NOT_INITIALIZED
    WARNING: GigaTIME failed on patch (2048, 20480): cuDNN error: CUDNN_STATUS_NOT_INITIALIZED
    WARNING: GigaTIME failed on patch (2048, 21504): cuDNN error: CUDNN_STATUS_NOT_INITIALIZED
    WARNING: GigaTIME failed on patch (2048, 24576): cuDNN error: CUDNN_STATUS_NOT_INITIALIZED
    WARNING: GigaTIME failed on patch (2048, 25600): cuDNN error: CUDNN_STATUS_NOT_INITIALIZED
    WARNING: GigaTIME failed on patch (2048, 26624): cuDNN error: CUDNN_STATUS_NOT_INITIALIZED
    WARNING: GigaTIME failed on patch (2048, 27648): cuDNN error: CUDNN_STATUS_NOT_INITIALIZED
    WARNING: GigaTIME failed on patch (2048, 28672): cuDNN error: CUDNN_STATUS_NOT_INITIALIZED
    WARNING: GigaTIME failed on patch (2048, 29696): cuDNN error: CUDNN_STATUS_NOT_INITIALIZED
    WARNING: GigaTIME failed on patch (2048, 31744): cuDNN error: CUDNN_STATUS_NOT_INITIALIZED
    WARNING: GigaTIME failed on patch (2048, 34816): cuDNN error: CUDNN_STATUS_NOT_INITIALIZED
    WARNING: GigaTIME failed on patch (2048, 35840): cuDNN error: CUDNN_STATUS_NOT_INITIALIZED
    WARNING: GigaTIME failed on patch (2048, 37888): cuDNN error: CUDNN_STATUS_NOT_INITIALIZED
    WARNING: GigaTIME failed on patch (2048, 38912): cuDNN error: CUDNN_STATUS_NOT_INITIALIZED
    WARNING: GigaTIME failed on patch (2048, 39936): cuDNN error: CUDNN_STATUS_NOT_INITIALIZED
    WARNING: GigaTIME failed on patch (2048, 40960): cuDNN error: CUDNN_STATUS_NOT_INITIALIZED
    WARNING: GigaTIME failed on patch (2048, 41984): cuDNN error: CUDNN_STATUS_NOT_INITIALIZED
    WARNING: GigaTIME failed on patch (2048, 43008): cuDNN error: CUDNN_STATUS_NOT_INITIALIZED
    WARNING: GigaTIME failed on patch (2048, 45056): cuDNN error: CUDNN_STATUS_NOT_INITIALIZED
    WARNING: GigaTIME failed on patch (2048, 46080): cuDNN error: CUDNN_STATUS_NOT_INITIALIZED
    WARNING: GigaTIME failed on patch (2048, 47104): cuDNN error: CUDNN_STATUS_NOT_INITIALIZED
    WARNING: GigaTIME failed on patch (2048, 48128): cuDNN error: CUDNN_STATUS_NOT_INITIALIZED
    WARNING: GigaTIME failed on patch (2048, 49152): cuDNN error: CUDNN_STATUS_NOT_INITIALIZED
    WARNING: GigaTIME failed on patch (2048, 50176): cuDNN error: CUDNN_STATUS_NOT_INITIALIZED
    WARNING: GigaTIME failed on patch (2048, 51200): cuDNN error: CUDNN_STATUS_NOT_INITIALIZED
    WARNING: GigaTIME failed on patch (2048, 52224): cuDNN error: CUDNN_STATUS_NOT_INITIALIZED
    WARNING: GigaTIME failed on patch (2048, 53248): cuDNN error: CUDNN_STATUS_NOT_INITIALIZED
    WARNING: GigaTIME failed on patch (2048, 54272): cuDNN error: CUDNN_STATUS_NOT_INITIALIZED
    WARNING: GigaTIME failed on patch (2048, 55296): cuDNN error: CUDNN_STATUS_NOT_INITIALIZED
    WARNING: GigaTIME failed on patch (2048, 56320): cuDNN error: CUDNN_STATUS_NOT_INITIALIZED
    WARNING: GigaTIME failed on patch (2048, 57344): cuDNN error: CUDNN_STATUS_NOT_INITIALIZED
    WARNING: GigaTIME failed on patch (2048, 58368): cuDNN error: CUDNN_STATUS_NOT_INITIALIZED
    WARNING: GigaTIME failed on patch (2048, 61440): cuDNN error: CUDNN_STATUS_NOT_INITIALIZED
    WARNING: GigaTIME failed on patch (2048, 62464): cuDNN error: CUDNN_STATUS_NOT_INITIALIZED
    WARNING: GigaTIME failed on patch (2048, 63488): cuDNN error: CUDNN_STATUS_NOT_INITIALIZED
    WARNING: GigaTIME failed on patch (2048, 64512): cuDNN error: CUDNN_STATUS_NOT_INITIALIZED
    WARNING: GigaTIME failed on patch (2048, 65536): cuDNN error: CUDNN_STATUS_NOT_INITIALIZED
    WARNING: GigaTIME failed on patch (2048, 66560): cuDNN error: CUDNN_STATUS_NOT_INITIALIZED
    WARNING: GigaTIME failed on patch (3072, 9216): cuDNN error: CUDNN_STATUS_NOT_INITIALIZED
    WARNING: GigaTIME failed on patch (3072, 10240): cuDNN error: CUDNN_STATUS_NOT_INITIALIZED
    WARNING: GigaTIME failed on patch (3072, 11264): cuDNN error: CUDNN_STATUS_NOT_INITIALIZED
    WARNING: GigaTIME failed on patch (3072, 12288): cuDNN error: CUDNN_STATUS_NOT_INITIALIZED
    WARNING: GigaTIME failed on patch (3072, 20480): cuDNN error: CUDNN_STATUS_NOT_INITIALIZED
    WARNING: GigaTIME failed on patch (3072, 21504): cuDNN error: CUDNN_STATUS_NOT_INITIALIZED
    WARNING: GigaTIME failed on patch (3072, 24576): cuDNN error: CUDNN_STATUS_NOT_INITIALIZED
    WARNING: GigaTIME failed on patch (3072, 25600): cuDNN error: CUDNN_STATUS_NOT_INITIALIZED
    WARNING: GigaTIME failed on patch (3072, 26624): cuDNN error: CUDNN_STATUS_NOT_INITIALIZED
    WARNING: GigaTIME failed on patch (3072, 27648): cuDNN error: CUDNN_STATUS_NOT_INITIALIZED
    WARNING: GigaTIME failed on patch (3072, 28672): cuDNN error: CUDNN_STATUS_NOT_INITIALIZED
    WARNING: GigaTIME failed on patch (3072, 29696): cuDNN error: CUDNN_STATUS_NOT_INITIALIZED
    WARNING: GigaTIME failed on patch (3072, 34816): cuDNN error: CUDNN_STATUS_NOT_INITIALIZED
    WARNING: GigaTIME failed on patch (3072, 35840): cuDNN error: CUDNN_STATUS_NOT_INITIALIZED
    WARNING: GigaTIME failed on patch (3072, 36864): cuDNN error: CUDNN_STATUS_NOT_INITIALIZED
    WARNING: GigaTIME failed on patch (3072, 37888): cuDNN error: CUDNN_STATUS_NOT_INITIALIZED
    WARNING: GigaTIME failed on patch (3072, 38912): cuDNN error: CUDNN_STATUS_NOT_INITIALIZED
    WARNING: GigaTIME failed on patch (3072, 39936): cuDNN error: CUDNN_STATUS_NOT_INITIALIZED
    WARNING: GigaTIME failed on patch (3072, 40960): cuDNN error: CUDNN_STATUS_NOT_INITIALIZED
    WARNING: GigaTIME failed on patch (3072, 41984): cuDNN error: CUDNN_STATUS_NOT_INITIALIZED
    WARNING: GigaTIME failed on patch (3072, 43008): cuDNN error: CUDNN_STATUS_NOT_INITIALIZED
    WARNING: GigaTIME failed on patch (3072, 45056): cuDNN error: CUDNN_STATUS_NOT_INITIALIZED
    WARNING: GigaTIME failed on patch (3072, 46080): cuDNN error: CUDNN_STATUS_NOT_INITIALIZED
    WARNING: GigaTIME failed on patch (3072, 47104): cuDNN error: CUDNN_STATUS_NOT_INITIALIZED
    WARNING: GigaTIME failed on patch (3072, 48128): cuDNN error: CUDNN_STATUS_NOT_INITIALIZED
    WARNING: GigaTIME failed on patch (3072, 49152): cuDNN error: CUDNN_STATUS_NOT_INITIALIZED
    WARNING: GigaTIME failed on patch (3072, 50176): cuDNN error: CUDNN_STATUS_NOT_INITIALIZED
    WARNING: GigaTIME failed on patch (3072, 51200): cuDNN error: CUDNN_STATUS_NOT_INITIALIZED
    WARNING: GigaTIME failed on patch (3072, 52224): cuDNN error: CUDNN_STATUS_NOT_INITIALIZED
    WARNING: GigaTIME failed on patch (3072, 53248): cuDNN error: CUDNN_STATUS_NOT_INITIALIZED
    WARNING: GigaTIME failed on patch (3072, 54272): cuDNN error: CUDNN_STATUS_NOT_INITIALIZED
    WARNING: GigaTIME failed on patch (3072, 55296): cuDNN error: CUDNN_STATUS_NOT_INITIALIZED
    WARNING: GigaTIME failed on patch (3072, 56320): cuDNN error: CUDNN_STATUS_NOT_INITIALIZED
    WARNING: GigaTIME failed on patch (3072, 57344): cuDNN error: CUDNN_STATUS_NOT_INITIALIZED
    WARNING: GigaTIME failed on patch (3072, 58368): cuDNN error: CUDNN_STATUS_NOT_INITIALIZED
    WARNING: GigaTIME failed on patch (3072, 59392): cuDNN error: CUDNN_STATUS_NOT_INITIALIZED
    WARNING: GigaTIME failed on patch (3072, 60416): cuDNN error: CUDNN_STATUS_NOT_INITIALIZED
    WARNING: GigaTIME failed on patch (3072, 61440): cuDNN error: CUDNN_STATUS_NOT_INITIALIZED
    WARNING: GigaTIME failed on patch (3072, 62464): cuDNN error: CUDNN_STATUS_NOT_INITIALIZED
    WARNING: GigaTIME failed on patch (3072, 63488): cuDNN error: CUDNN_STATUS_NOT_INITIALIZED
    WARNING: GigaTIME failed on patch (3072, 64512): cuDNN error: CUDNN_STATUS_NOT_INITIALIZED
    WARNING: GigaTIME failed on patch (3072, 65536): cuDNN error: CUDNN_STATUS_NOT_INITIALIZED
    WARNING: GigaTIME failed on patch (3072, 66560): cuDNN error: CUDNN_STATUS_NOT_INITIALIZED
    WARNING: GigaTIME failed on patch (4096, 8192): cuDNN error: CUDNN_STATUS_NOT_INITIALIZED
    WARNING: GigaTIME failed on patch (4096, 9216): cuDNN error: CUDNN_STATUS_NOT_INITIALIZED
    WARNING: GigaTIME failed on patch (4096, 10240): cuDNN error: CUDNN_STATUS_NOT_INITIALIZED
    WARNING: GigaTIME failed on patch (4096, 11264): cuDNN error: CUDNN_STATUS_NOT_INITIALIZED
    WARNING: GigaTIME failed on patch (4096, 14336): cuDNN error: CUDNN_STATUS_NOT_INITIALIZED
    WARNING: GigaTIME failed on patch (4096, 16384): cuDNN error: CUDNN_STATUS_NOT_INITIALIZED
    WARNING: GigaTIME failed on patch (4096, 17408): cuDNN error: CUDNN_STATUS_NOT_INITIALIZED
    WARNING: GigaTIME failed on patch (4096, 18432): cuDNN error: CUDNN_STATUS_NOT_INITIALIZED
    WARNING: GigaTIME failed on patch (4096, 19456): cuDNN error: CUDNN_STATUS_NOT_INITIALIZED
    WARNING: GigaTIME failed on patch (4096, 20480): cuDNN error: CUDNN_STATUS_NOT_INITIALIZED
    WARNING: GigaTIME failed on patch (4096, 21504): cuDNN error: CUDNN_STATUS_NOT_INITIALIZED
    WARNING: GigaTIME failed on patch (4096, 22528): cuDNN error: CUDNN_STATUS_NOT_INITIALIZED
    WARNING: GigaTIME failed on patch (4096, 23552): cuDNN error: CUDNN_STATUS_NOT_INITIALIZED
    WARNING: GigaTIME failed on patch (4096, 24576): cuDNN error: CUDNN_STATUS_NOT_INITIALIZED
    WARNING: GigaTIME failed on patch (4096, 25600): cuDNN error: CUDNN_STATUS_NOT_INITIALIZED
    WARNING: GigaTIME failed on patch (4096, 26624): cuDNN error: CUDNN_STATUS_NOT_INITIALIZED
    WARNING: GigaTIME failed on patch (4096, 27648): cuDNN error: CUDNN_STATUS_NOT_INITIALIZED
    WARNING: GigaTIME failed on patch (4096, 28672): cuDNN error: CUDNN_STATUS_NOT_INITIALIZED
    WARNING: GigaTIME failed on patch (4096, 29696): cuDNN error: CUDNN_STATUS_NOT_INITIALIZED
    WARNING: GigaTIME failed on patch (4096, 30720): cuDNN error: CUDNN_STATUS_NOT_INITIALIZED
    WARNING: GigaTIME failed on patch (4096, 31744): cuDNN error: CUDNN_STATUS_NOT_INITIALIZED
    WARNING: GigaTIME failed on patch (4096, 34816): cuDNN error: CUDNN_STATUS_NOT_INITIALIZED
    WARNING: GigaTIME failed on patch (4096, 35840): cuDNN error: CUDNN_STATUS_NOT_INITIALIZED
    WARNING: GigaTIME failed on patch (4096, 36864): cuDNN error: CUDNN_STATUS_NOT_INITIALIZED
    WARNING: GigaTIME failed on patch (4096, 37888): cuDNN error: CUDNN_STATUS_NOT_INITIALIZED
    WARNING: GigaTIME failed on patch (4096, 38912): cuDNN error: CUDNN_STATUS_NOT_INITIALIZED
    WARNING: GigaTIME failed on patch (4096, 39936): cuDNN error: CUDNN_STATUS_NOT_INITIALIZED
    WARNING: GigaTIME failed on patch (4096, 40960): cuDNN error: CUDNN_STATUS_NOT_INITIALIZED
    WARNING: GigaTIME failed on patch (4096, 41984): cuDNN error: CUDNN_STATUS_NOT_INITIALIZED
    WARNING: GigaTIME failed on patch (4096, 45056): cuDNN error: CUDNN_STATUS_NOT_INITIALIZED
    WARNING: GigaTIME failed on patch (4096, 46080): cuDNN error: CUDNN_STATUS_NOT_INITIALIZED
    WARNING: GigaTIME failed on patch (4096, 47104): cuDNN error: CUDNN_STATUS_NOT_INITIALIZED
    WARNING: GigaTIME failed on patch (4096, 48128): cuDNN error: CUDNN_STATUS_NOT_INITIALIZED
    WARNING: GigaTIME failed on patch (4096, 49152): cuDNN error: CUDNN_STATUS_NOT_INITIALIZED
    WARNING: GigaTIME failed on patch (4096, 50176): cuDNN error: CUDNN_STATUS_NOT_INITIALIZED
    WARNING: GigaTIME failed on patch (4096, 51200): cuDNN error: CUDNN_STATUS_NOT_INITIALIZED
    WARNING: GigaTIME failed on patch (4096, 52224): cuDNN error: CUDNN_STATUS_NOT_INITIALIZED
    WARNING: GigaTIME failed on patch (4096, 53248): cuDNN error: CUDNN_STATUS_NOT_INITIALIZED
    WARNING: GigaTIME failed on patch (4096, 54272): cuDNN error: CUDNN_STATUS_NOT_INITIALIZED
    WARNING: GigaTIME failed on patch (4096, 55296): cuDNN error: CUDNN_STATUS_NOT_INITIALIZED
    WARNING: GigaTIME failed on patch (4096, 56320): cuDNN error: CUDNN_STATUS_NOT_INITIALIZED
    WARNING: GigaTIME failed on patch (4096, 57344): cuDNN error: CUDNN_STATUS_NOT_INITIALIZED
    WARNING: GigaTIME failed on patch (4096, 58368): cuDNN error: CUDNN_STATUS_NOT_INITIALIZED
    WARNING: GigaTIME failed on patch (4096, 59392): cuDNN error: CUDNN_STATUS_NOT_INITIALIZED
    WARNING: GigaTIME failed on patch (4096, 60416): cuDNN error: CUDNN_STATUS_NOT_INITIALIZED
    WARNING: GigaTIME failed on patch (4096, 61440): cuDNN error: CUDNN_STATUS_NOT_INITIALIZED
    WARNING: GigaTIME failed on patch (4096, 62464): cuDNN error: CUDNN_STATUS_NOT_INITIALIZED
    WARNING: GigaTIME failed on patch (4096, 63488): cuDNN error: CUDNN_STATUS_NOT_INITIALIZED
    WARNING: GigaTIME failed on patch (4096, 64512): cuDNN error: CUDNN_STATUS_NOT_INITIALIZED
    WARNING: GigaTIME failed on patch (4096, 65536): cuDNN error: CUDNN_STATUS_NOT_INITIALIZED
    WARNING: GigaTIME failed on patch (4096, 66560): cuDNN error: CUDNN_STATUS_NOT_INITIALIZED
    WARNING: GigaTIME failed on patch (5120, 8192): cuDNN error: CUDNN_STATUS_NOT_INITIALIZED
    WARNING: GigaTIME failed on patch (5120, 9216): cuDNN error: CUDNN_STATUS_NOT_INITIALIZED
    WARNING: GigaTIME failed on patch (5120, 10240): cuDNN error: CUDNN_STATUS_NOT_INITIALIZED
    WARNING: GigaTIME failed on patch (5120, 14336): cuDNN error: CUDNN_STATUS_NOT_INITIALIZED
    WARNING: GigaTIME failed on patch (5120, 15360): cuDNN error: CUDNN_STATUS_NOT_INITIALIZED
    WARNING: GigaTIME failed on patch (5120, 16384): cuDNN error: CUDNN_STATUS_NOT_INITIALIZED
    WARNING: GigaTIME failed on patch (5120, 17408): cuDNN error: CUDNN_STATUS_NOT_INITIALIZED
    WARNING: GigaTIME failed on patch (5120, 18432): cuDNN error: CUDNN_STATUS_NOT_INITIALIZED
    WARNING: GigaTIME failed on patch (5120, 19456): cuDNN error: CUDNN_STATUS_NOT_INITIALIZED
    WARNING: GigaTIME failed on patch (5120, 20480): cuDNN error: CUDNN_STATUS_NOT_INITIALIZED
    WARNING: GigaTIME failed on patch (5120, 21504): cuDNN error: CUDNN_STATUS_NOT_INITIALIZED
    WARNING: GigaTIME failed on patch (5120, 22528): cuDNN error: CUDNN_STATUS_NOT_INITIALIZED
    WARNING: GigaTIME failed on patch (5120, 23552): cuDNN error: CUDNN_STATUS_NOT_INITIALIZED
    WARNING: GigaTIME failed on patch (5120, 24576): cuDNN error: CUDNN_STATUS_NOT_INITIALIZED
    WARNING: GigaTIME failed on patch (5120, 25600): cuDNN error: CUDNN_STATUS_NOT_INITIALIZED
    WARNING: GigaTIME failed on patch (5120, 26624): cuDNN error: CUDNN_STATUS_NOT_INITIALIZED
    WARNING: GigaTIME failed on patch (5120, 27648): cuDNN error: CUDNN_STATUS_NOT_INITIALIZED
    WARNING: GigaTIME failed on patch (5120, 28672): cuDNN error: CUDNN_STATUS_NOT_INITIALIZED
    WARNING: GigaTIME failed on patch (5120, 29696): cuDNN error: CUDNN_STATUS_NOT_INITIALIZED
    WARNING: GigaTIME failed on patch (5120, 30720): cuDNN error: CUDNN_STATUS_NOT_INITIALIZED
    WARNING: GigaTIME failed on patch (5120, 31744): cuDNN error: CUDNN_STATUS_NOT_INITIALIZED
    WARNING: GigaTIME failed on patch (5120, 32768): cuDNN error: CUDNN_STATUS_NOT_INITIALIZED
    WARNING: GigaTIME failed on patch (5120, 33792): cuDNN error: CUDNN_STATUS_NOT_INITIALIZED
    WARNING: GigaTIME failed on patch (5120, 35840): cuDNN error: CUDNN_STATUS_NOT_INITIALIZED
    WARNING: GigaTIME failed on patch (5120, 36864): cuDNN error: CUDNN_STATUS_NOT_INITIALIZED
    WARNING: GigaTIME failed on patch (5120, 37888): cuDNN error: CUDNN_STATUS_NOT_INITIALIZED
    WARNING: GigaTIME failed on patch (5120, 38912): cuDNN error: CUDNN_STATUS_NOT_INITIALIZED
    WARNING: GigaTIME failed on patch (5120, 39936): cuDNN error: CUDNN_STATUS_NOT_INITIALIZED
    WARNING: GigaTIME failed on patch (5120, 40960): cuDNN error: CUDNN_STATUS_NOT_INITIALIZED
    WARNING: GigaTIME failed on patch (5120, 41984): cuDNN error: CUDNN_STATUS_NOT_INITIALIZED
    WARNING: GigaTIME failed on patch (5120, 43008): cuDNN error: CUDNN_STATUS_NOT_INITIALIZED
    WARNING: GigaTIME failed on patch (5120, 45056): cuDNN error: CUDNN_STATUS_NOT_INITIALIZED
    WARNING: GigaTIME failed on patch (5120, 46080): cuDNN error: CUDNN_STATUS_NOT_INITIALIZED
    WARNING: GigaTIME failed on patch (5120, 48128): cuDNN error: CUDNN_STATUS_NOT_INITIALIZED
    WARNING: GigaTIME failed on patch (5120, 49152): cuDNN error: CUDNN_STATUS_NOT_INITIALIZED
    WARNING: GigaTIME failed on patch (5120, 50176): cuDNN error: CUDNN_STATUS_NOT_INITIALIZED
    WARNING: GigaTIME failed on patch (5120, 51200): cuDNN error: CUDNN_STATUS_NOT_INITIALIZED
    WARNING: GigaTIME failed on patch (5120, 52224): cuDNN error: CUDNN_STATUS_NOT_INITIALIZED
    WARNING: GigaTIME failed on patch (5120, 53248): cuDNN error: CUDNN_STATUS_NOT_INITIALIZED
    WARNING: GigaTIME failed on patch (5120, 54272): cuDNN error: CUDNN_STATUS_NOT_INITIALIZED
    WARNING: GigaTIME failed on patch (5120, 55296): cuDNN error: CUDNN_STATUS_NOT_INITIALIZED
    WARNING: GigaTIME failed on patch (5120, 56320): cuDNN error: CUDNN_STATUS_NOT_INITIALIZED
    WARNING: GigaTIME failed on patch (5120, 57344): cuDNN error: CUDNN_STATUS_NOT_INITIALIZED
    WARNING: GigaTIME failed on patch (5120, 58368): cuDNN error: CUDNN_STATUS_NOT_INITIALIZED
    WARNING: GigaTIME failed on patch (5120, 59392): cuDNN error: CUDNN_STATUS_NOT_INITIALIZED
    WARNING: GigaTIME failed on patch (5120, 60416): cuDNN error: CUDNN_STATUS_NOT_INITIALIZED
    WARNING: GigaTIME failed on patch (5120, 61440): cuDNN error: CUDNN_STATUS_NOT_INITIALIZED
    WARNING: GigaTIME failed on patch (5120, 62464): cuDNN error: CUDNN_STATUS_NOT_INITIALIZED
    WARNING: GigaTIME failed on patch (5120, 63488): cuDNN error: CUDNN_STATUS_NOT_INITIALIZED
    WARNING: GigaTIME failed on patch (5120, 64512): cuDNN error: CUDNN_STATUS_NOT_INITIALIZED
    WARNING: GigaTIME failed on patch (5120, 65536): cuDNN error: CUDNN_STATUS_NOT_INITIALIZED
    WARNING: GigaTIME failed on patch (5120, 66560): cuDNN error: CUDNN_STATUS_NOT_INITIALIZED
    WARNING: GigaTIME failed on patch (6144, 8192): cuDNN error: CUDNN_STATUS_NOT_INITIALIZED
    WARNING: GigaTIME failed on patch (6144, 9216): cuDNN error: CUDNN_STATUS_NOT_INITIALIZED
    WARNING: GigaTIME failed on patch (6144, 10240): cuDNN error: CUDNN_STATUS_NOT_INITIALIZED
    WARNING: GigaTIME failed on patch (6144, 14336): cuDNN error: CUDNN_STATUS_NOT_INITIALIZED
    WARNING: GigaTIME failed on patch (6144, 15360): cuDNN error: CUDNN_STATUS_NOT_INITIALIZED
    WARNING: GigaTIME failed on patch (6144, 16384): cuDNN error: CUDNN_STATUS_NOT_INITIALIZED
    WARNING: GigaTIME failed on patch (6144, 17408): cuDNN error: CUDNN_STATUS_NOT_INITIALIZED
    WARNING: GigaTIME failed on patch (6144, 18432): cuDNN error: CUDNN_STATUS_NOT_INITIALIZED
    WARNING: GigaTIME failed on patch (6144, 19456): cuDNN error: CUDNN_STATUS_NOT_INITIALIZED
    WARNING: GigaTIME failed on patch (6144, 20480): cuDNN error: CUDNN_STATUS_NOT_INITIALIZED
    WARNING: GigaTIME failed on patch (6144, 21504): cuDNN error: CUDNN_STATUS_NOT_INITIALIZED
    WARNING: GigaTIME failed on patch (6144, 22528): cuDNN error: CUDNN_STATUS_NOT_INITIALIZED
    WARNING: GigaTIME failed on patch (6144, 23552): cuDNN error: CUDNN_STATUS_NOT_INITIALIZED
    WARNING: GigaTIME failed on patch (6144, 24576): cuDNN error: CUDNN_STATUS_NOT_INITIALIZED
    WARNING: GigaTIME failed on patch (6144, 25600): cuDNN error: CUDNN_STATUS_NOT_INITIALIZED
    WARNING: GigaTIME failed on patch (6144, 26624): cuDNN error: CUDNN_STATUS_NOT_INITIALIZED
    WARNING: GigaTIME failed on patch (6144, 27648): cuDNN error: CUDNN_STATUS_NOT_INITIALIZED
    WARNING: GigaTIME failed on patch (6144, 28672): cuDNN error: CUDNN_STATUS_NOT_INITIALIZED
    WARNING: GigaTIME failed on patch (6144, 29696): cuDNN error: CUDNN_STATUS_NOT_INITIALIZED
    WARNING: GigaTIME failed on patch (6144, 30720): cuDNN error: CUDNN_STATUS_NOT_INITIALIZED
    WARNING: GigaTIME failed on patch (6144, 31744): cuDNN error: CUDNN_STATUS_NOT_INITIALIZED
    WARNING: GigaTIME failed on patch (6144, 32768): cuDNN error: CUDNN_STATUS_NOT_INITIALIZED
    WARNING: GigaTIME failed on patch (6144, 35840): cuDNN error: CUDNN_STATUS_NOT_INITIALIZED
    WARNING: GigaTIME failed on patch (6144, 36864): cuDNN error: CUDNN_STATUS_NOT_INITIALIZED
    WARNING: GigaTIME failed on patch (6144, 37888): cuDNN error: CUDNN_STATUS_NOT_INITIALIZED
    WARNING: GigaTIME failed on patch (6144, 38912): cuDNN error: CUDNN_STATUS_NOT_INITIALIZED
    WARNING: GigaTIME failed on patch (6144, 39936): cuDNN error: CUDNN_STATUS_NOT_INITIALIZED
    WARNING: GigaTIME failed on patch (6144, 40960): cuDNN error: CUDNN_STATUS_NOT_INITIALIZED
    WARNING: GigaTIME failed on patch (6144, 41984): cuDNN error: CUDNN_STATUS_NOT_INITIALIZED
    WARNING: GigaTIME failed on patch (6144, 49152): cuDNN error: CUDNN_STATUS_NOT_INITIALIZED
    WARNING: GigaTIME failed on patch (6144, 50176): cuDNN error: CUDNN_STATUS_NOT_INITIALIZED
    WARNING: GigaTIME failed on patch (6144, 51200): cuDNN error: CUDNN_STATUS_NOT_INITIALIZED
    WARNING: GigaTIME failed on patch (6144, 52224): cuDNN error: CUDNN_STATUS_NOT_INITIALIZED
    WARNING: GigaTIME failed on patch (6144, 53248): cuDNN error: CUDNN_STATUS_NOT_INITIALIZED
    WARNING: GigaTIME failed on patch (6144, 54272): cuDNN error: CUDNN_STATUS_NOT_INITIALIZED
    WARNING: GigaTIME failed on patch (6144, 55296): cuDNN error: CUDNN_STATUS_NOT_INITIALIZED
    WARNING: GigaTIME failed on patch (6144, 56320): cuDNN error: CUDNN_STATUS_NOT_INITIALIZED
    WARNING: GigaTIME failed on patch (6144, 57344): cuDNN error: CUDNN_STATUS_NOT_INITIALIZED
    WARNING: GigaTIME failed on patch (6144, 58368): cuDNN error: CUDNN_STATUS_NOT_INITIALIZED
    WARNING: GigaTIME failed on patch (6144, 59392): cuDNN error: CUDNN_STATUS_NOT_INITIALIZED
    WARNING: GigaTIME failed on patch (6144, 60416): cuDNN error: CUDNN_STATUS_NOT_INITIALIZED
    WARNING: GigaTIME failed on patch (6144, 61440): cuDNN error: CUDNN_STATUS_NOT_INITIALIZED
    WARNING: GigaTIME failed on patch (6144, 62464): cuDNN error: CUDNN_STATUS_NOT_INITIALIZED
    WARNING: GigaTIME failed on patch (6144, 63488): cuDNN error: CUDNN_STATUS_NOT_INITIALIZED
    WARNING: GigaTIME failed on patch (6144, 64512): cuDNN error: CUDNN_STATUS_NOT_INITIALIZED
    WARNING: GigaTIME failed on patch (6144, 65536): cuDNN error: CUDNN_STATUS_NOT_INITIALIZED
    WARNING: GigaTIME failed on patch (7168, 7168): cuDNN error: CUDNN_STATUS_NOT_INITIALIZED
    WARNING: GigaTIME failed on patch (7168, 8192): cuDNN error: CUDNN_STATUS_NOT_INITIALIZED
    WARNING: GigaTIME failed on patch (7168, 9216): cuDNN error: CUDNN_STATUS_NOT_INITIALIZED
    WARNING: GigaTIME failed on patch (7168, 14336): cuDNN error: CUDNN_STATUS_NOT_INITIALIZED
    WARNING: GigaTIME failed on patch (7168, 15360): cuDNN error: CUDNN_STATUS_NOT_INITIALIZED
    WARNING: GigaTIME failed on patch (7168, 16384): cuDNN error: CUDNN_STATUS_NOT_INITIALIZED
    WARNING: GigaTIME failed on patch (7168, 17408): cuDNN error: CUDNN_STATUS_NOT_INITIALIZED
    WARNING: GigaTIME failed on patch (7168, 18432): cuDNN error: CUDNN_STATUS_NOT_INITIALIZED
    WARNING: GigaTIME failed on patch (7168, 19456): cuDNN error: CUDNN_STATUS_NOT_INITIALIZED
    WARNING: GigaTIME failed on patch (7168, 20480): cuDNN error: CUDNN_STATUS_NOT_INITIALIZED
    WARNING: GigaTIME failed on patch (7168, 21504): cuDNN error: CUDNN_STATUS_NOT_INITIALIZED
    WARNING: GigaTIME failed on patch (7168, 22528): cuDNN error: CUDNN_STATUS_NOT_INITIALIZED
    WARNING: GigaTIME failed on patch (7168, 23552): cuDNN error: CUDNN_STATUS_NOT_INITIALIZED
    WARNING: GigaTIME failed on patch (7168, 24576): cuDNN error: CUDNN_STATUS_NOT_INITIALIZED
    WARNING: GigaTIME failed on patch (7168, 25600): cuDNN error: CUDNN_STATUS_NOT_INITIALIZED
    WARNING: GigaTIME failed on patch (7168, 26624): cuDNN error: CUDNN_STATUS_NOT_INITIALIZED
    WARNING: GigaTIME failed on patch (7168, 27648): cuDNN error: CUDNN_STATUS_NOT_INITIALIZED
    WARNING: GigaTIME failed on patch (7168, 28672): cuDNN error: CUDNN_STATUS_NOT_INITIALIZED
    WARNING: GigaTIME failed on patch (7168, 29696): cuDNN error: CUDNN_STATUS_NOT_INITIALIZED
    WARNING: GigaTIME failed on patch (7168, 30720): cuDNN error: CUDNN_STATUS_NOT_INITIALIZED
    WARNING: GigaTIME failed on patch (7168, 31744): cuDNN error: CUDNN_STATUS_NOT_INITIALIZED
    WARNING: GigaTIME failed on patch (7168, 36864): cuDNN error: CUDNN_STATUS_NOT_INITIALIZED
    WARNING: GigaTIME failed on patch (7168, 37888): cuDNN error: CUDNN_STATUS_NOT_INITIALIZED
    WARNING: GigaTIME failed on patch (7168, 38912): cuDNN error: CUDNN_STATUS_NOT_INITIALIZED
    WARNING: GigaTIME failed on patch (7168, 39936): cuDNN error: CUDNN_STATUS_NOT_INITIALIZED
    WARNING: GigaTIME failed on patch (7168, 40960): cuDNN error: CUDNN_STATUS_NOT_INITIALIZED
    WARNING: GigaTIME failed on patch (7168, 41984): cuDNN error: CUDNN_STATUS_NOT_INITIALIZED
    WARNING: GigaTIME failed on patch (7168, 43008): cuDNN error: CUDNN_STATUS_NOT_INITIALIZED
    WARNING: GigaTIME failed on patch (7168, 47104): cuDNN error: CUDNN_STATUS_NOT_INITIALIZED
    WARNING: GigaTIME failed on patch (7168, 49152): cuDNN error: CUDNN_STATUS_NOT_INITIALIZED
    WARNING: GigaTIME failed on patch (7168, 50176): cuDNN error: CUDNN_STATUS_NOT_INITIALIZED
    WARNING: GigaTIME failed on patch (7168, 51200): cuDNN error: CUDNN_STATUS_NOT_INITIALIZED
    WARNING: GigaTIME failed on patch (7168, 52224): cuDNN error: CUDNN_STATUS_NOT_INITIALIZED
    WARNING: GigaTIME failed on patch (7168, 53248): cuDNN error: CUDNN_STATUS_NOT_INITIALIZED
    WARNING: GigaTIME failed on patch (7168, 54272): cuDNN error: CUDNN_STATUS_NOT_INITIALIZED
    WARNING: GigaTIME failed on patch (7168, 55296): cuDNN error: CUDNN_STATUS_NOT_INITIALIZED
    WARNING: GigaTIME failed on patch (7168, 56320): cuDNN error: CUDNN_STATUS_NOT_INITIALIZED
    WARNING: GigaTIME failed on patch (7168, 57344): cuDNN error: CUDNN_STATUS_NOT_INITIALIZED
    WARNING: GigaTIME failed on patch (7168, 58368): cuDNN error: CUDNN_STATUS_NOT_INITIALIZED
    WARNING: GigaTIME failed on patch (7168, 59392): cuDNN error: CUDNN_STATUS_NOT_INITIALIZED
    WARNING: GigaTIME failed on patch (7168, 60416): cuDNN error: CUDNN_STATUS_NOT_INITIALIZED
    WARNING: GigaTIME failed on patch (7168, 61440): cuDNN error: CUDNN_STATUS_NOT_INITIALIZED
    WARNING: GigaTIME failed on patch (7168, 62464): cuDNN error: CUDNN_STATUS_NOT_INITIALIZED
    WARNING: GigaTIME failed on patch (7168, 63488): cuDNN error: CUDNN_STATUS_NOT_INITIALIZED
    WARNING: GigaTIME failed on patch (7168, 64512): cuDNN error: CUDNN_STATUS_NOT_INITIALIZED
    WARNING: GigaTIME failed on patch (7168, 65536): cuDNN error: CUDNN_STATUS_NOT_INITIALIZED
    WARNING: GigaTIME failed on patch (8192, 13312): cuDNN error: CUDNN_STATUS_NOT_INITIALIZED
    WARNING: GigaTIME failed on patch (8192, 14336): cuDNN error: CUDNN_STATUS_NOT_INITIALIZED
    WARNING: GigaTIME failed on patch (8192, 15360): cuDNN error: CUDNN_STATUS_NOT_INITIALIZED
    WARNING: GigaTIME failed on patch (8192, 16384): cuDNN error: CUDNN_STATUS_NOT_INITIALIZED
    WARNING: GigaTIME failed on patch (8192, 17408): cuDNN error: CUDNN_STATUS_NOT_INITIALIZED
    WARNING: GigaTIME failed on patch (8192, 18432): cuDNN error: CUDNN_STATUS_NOT_INITIALIZED
    WARNING: GigaTIME failed on patch (8192, 19456): cuDNN error: CUDNN_STATUS_NOT_INITIALIZED
    WARNING: GigaTIME failed on patch (8192, 20480): cuDNN error: CUDNN_STATUS_NOT_INITIALIZED
    WARNING: GigaTIME failed on patch (8192, 21504): cuDNN error: CUDNN_STATUS_NOT_INITIALIZED
    WARNING: GigaTIME failed on patch (8192, 22528): cuDNN error: CUDNN_STATUS_NOT_INITIALIZED
    WARNING: GigaTIME failed on patch (8192, 23552): cuDNN error: CUDNN_STATUS_NOT_INITIALIZED
    WARNING: GigaTIME failed on patch (8192, 24576): cuDNN error: CUDNN_STATUS_NOT_INITIALIZED
    WARNING: GigaTIME failed on patch (8192, 25600): cuDNN error: CUDNN_STATUS_NOT_INITIALIZED
    WARNING: GigaTIME failed on patch (8192, 26624): cuDNN error: CUDNN_STATUS_NOT_INITIALIZED
    WARNING: GigaTIME failed on patch (8192, 27648): cuDNN error: CUDNN_STATUS_NOT_INITIALIZED
    WARNING: GigaTIME failed on patch (8192, 28672): cuDNN error: CUDNN_STATUS_NOT_INITIALIZED
    WARNING: GigaTIME failed on patch (8192, 29696): cuDNN error: CUDNN_STATUS_NOT_INITIALIZED
    WARNING: GigaTIME failed on patch (8192, 30720): cuDNN error: CUDNN_STATUS_NOT_INITIALIZED
    WARNING: GigaTIME failed on patch (8192, 31744): cuDNN error: CUDNN_STATUS_NOT_INITIALIZED
    WARNING: GigaTIME failed on patch (8192, 37888): cuDNN error: CUDNN_STATUS_NOT_INITIALIZED
    WARNING: GigaTIME failed on patch (8192, 38912): cuDNN error: CUDNN_STATUS_NOT_INITIALIZED
    WARNING: GigaTIME failed on patch (8192, 39936): cuDNN error: CUDNN_STATUS_NOT_INITIALIZED
    WARNING: GigaTIME failed on patch (8192, 40960): cuDNN error: CUDNN_STATUS_NOT_INITIALIZED
    WARNING: GigaTIME failed on patch (8192, 41984): cuDNN error: CUDNN_STATUS_NOT_INITIALIZED
    WARNING: GigaTIME failed on patch (8192, 43008): cuDNN error: CUDNN_STATUS_NOT_INITIALIZED
    WARNING: GigaTIME failed on patch (8192, 44032): cuDNN error: CUDNN_STATUS_NOT_INITIALIZED
    WARNING: GigaTIME failed on patch (8192, 47104): cuDNN error: CUDNN_STATUS_NOT_INITIALIZED
    WARNING: GigaTIME failed on patch (8192, 48128): cuDNN error: CUDNN_STATUS_NOT_INITIALIZED
    WARNING: GigaTIME failed on patch (8192, 49152): cuDNN error: CUDNN_STATUS_NOT_INITIALIZED
    WARNING: GigaTIME failed on patch (8192, 50176): cuDNN error: CUDNN_STATUS_NOT_INITIALIZED
    WARNING: GigaTIME failed on patch (8192, 51200): cuDNN error: CUDNN_STATUS_NOT_INITIALIZED
    WARNING: GigaTIME failed on patch (8192, 52224): cuDNN error: CUDNN_STATUS_NOT_INITIALIZED
    WARNING: GigaTIME failed on patch (8192, 53248): cuDNN error: CUDNN_STATUS_NOT_INITIALIZED
    WARNING: GigaTIME failed on patch (8192, 54272): cuDNN error: CUDNN_STATUS_NOT_INITIALIZED
    WARNING: GigaTIME failed on patch (8192, 55296): cuDNN error: CUDNN_STATUS_NOT_INITIALIZED
    WARNING: GigaTIME failed on patch (8192, 56320): cuDNN error: CUDNN_STATUS_NOT_INITIALIZED
    WARNING: GigaTIME failed on patch (8192, 57344): cuDNN error: CUDNN_STATUS_NOT_INITIALIZED
    WARNING: GigaTIME failed on patch (8192, 58368): cuDNN error: CUDNN_STATUS_NOT_INITIALIZED
    WARNING: GigaTIME failed on patch (8192, 59392): cuDNN error: CUDNN_STATUS_NOT_INITIALIZED
    WARNING: GigaTIME failed on patch (8192, 60416): cuDNN error: CUDNN_STATUS_NOT_INITIALIZED
    WARNING: GigaTIME failed on patch (8192, 61440): cuDNN error: CUDNN_STATUS_NOT_INITIALIZED
    WARNING: GigaTIME failed on patch (8192, 62464): cuDNN error: CUDNN_STATUS_NOT_INITIALIZED
    WARNING: GigaTIME failed on patch (8192, 63488): cuDNN error: CUDNN_STATUS_NOT_INITIALIZED
    WARNING: GigaTIME failed on patch (8192, 64512): cuDNN error: CUDNN_STATUS_NOT_INITIALIZED
    WARNING: GigaTIME failed on patch (8192, 65536): cuDNN error: CUDNN_STATUS_NOT_INITIALIZED
    WARNING: GigaTIME failed on patch (8192, 66560): cuDNN error: CUDNN_STATUS_NOT_INITIALIZED
    WARNING: GigaTIME failed on patch (9216, 13312): cuDNN error: CUDNN_STATUS_NOT_INITIALIZED
    WARNING: GigaTIME failed on patch (9216, 14336): cuDNN error: CUDNN_STATUS_NOT_INITIALIZED
    WARNING: GigaTIME failed on patch (9216, 15360): cuDNN error: CUDNN_STATUS_NOT_INITIALIZED
    WARNING: GigaTIME failed on patch (9216, 16384): cuDNN error: CUDNN_STATUS_NOT_INITIALIZED
    WARNING: GigaTIME failed on patch (9216, 17408): cuDNN error: CUDNN_STATUS_NOT_INITIALIZED
    WARNING: GigaTIME failed on patch (9216, 18432): cuDNN error: CUDNN_STATUS_NOT_INITIALIZED
    WARNING: GigaTIME failed on patch (9216, 19456): cuDNN error: CUDNN_STATUS_NOT_INITIALIZED
    WARNING: GigaTIME failed on patch (9216, 20480): cuDNN error: CUDNN_STATUS_NOT_INITIALIZED
    WARNING: GigaTIME failed on patch (9216, 21504): cuDNN error: CUDNN_STATUS_NOT_INITIALIZED
    WARNING: GigaTIME failed on patch (9216, 22528): cuDNN error: CUDNN_STATUS_NOT_INITIALIZED
    WARNING: GigaTIME failed on patch (9216, 23552): cuDNN error: CUDNN_STATUS_NOT_INITIALIZED
    WARNING: GigaTIME failed on patch (9216, 24576): cuDNN error: CUDNN_STATUS_NOT_INITIALIZED
    WARNING: GigaTIME failed on patch (9216, 25600): cuDNN error: CUDNN_STATUS_NOT_INITIALIZED
    WARNING: GigaTIME failed on patch (9216, 26624): cuDNN error: CUDNN_STATUS_NOT_INITIALIZED
    WARNING: GigaTIME failed on patch (9216, 27648): cuDNN error: CUDNN_STATUS_NOT_INITIALIZED
    WARNING: GigaTIME failed on patch (9216, 28672): cuDNN error: CUDNN_STATUS_NOT_INITIALIZED
    WARNING: GigaTIME failed on patch (9216, 29696): cuDNN error: CUDNN_STATUS_NOT_INITIALIZED
    WARNING: GigaTIME failed on patch (9216, 30720): cuDNN error: CUDNN_STATUS_NOT_INITIALIZED
    WARNING: GigaTIME failed on patch (9216, 31744): cuDNN error: CUDNN_STATUS_NOT_INITIALIZED
    WARNING: GigaTIME failed on patch (9216, 32768): cuDNN error: CUDNN_STATUS_NOT_INITIALIZED
    WARNING: GigaTIME failed on patch (9216, 33792): cuDNN error: CUDNN_STATUS_NOT_INITIALIZED
    WARNING: GigaTIME failed on patch (9216, 38912): cuDNN error: CUDNN_STATUS_NOT_INITIALIZED
    WARNING: GigaTIME failed on patch (9216, 39936): cuDNN error: CUDNN_STATUS_NOT_INITIALIZED
    WARNING: GigaTIME failed on patch (9216, 40960): cuDNN error: CUDNN_STATUS_NOT_INITIALIZED
    WARNING: GigaTIME failed on patch (9216, 41984): cuDNN error: CUDNN_STATUS_NOT_INITIALIZED
    WARNING: GigaTIME failed on patch (9216, 43008): cuDNN error: CUDNN_STATUS_NOT_INITIALIZED
    WARNING: GigaTIME failed on patch (9216, 44032): cuDNN error: CUDNN_STATUS_NOT_INITIALIZED
    WARNING: GigaTIME failed on patch (9216, 46080): cuDNN error: CUDNN_STATUS_NOT_INITIALIZED
    WARNING: GigaTIME failed on patch (9216, 47104): cuDNN error: CUDNN_STATUS_NOT_INITIALIZED
    WARNING: GigaTIME failed on patch (9216, 48128): cuDNN error: CUDNN_STATUS_NOT_INITIALIZED
    WARNING: GigaTIME failed on patch (9216, 49152): cuDNN error: CUDNN_STATUS_NOT_INITIALIZED
    WARNING: GigaTIME failed on patch (9216, 50176): cuDNN error: CUDNN_STATUS_NOT_INITIALIZED
    WARNING: GigaTIME failed on patch (9216, 51200): cuDNN error: CUDNN_STATUS_NOT_INITIALIZED
    WARNING: GigaTIME failed on patch (9216, 52224): cuDNN error: CUDNN_STATUS_NOT_INITIALIZED
    WARNING: GigaTIME failed on patch (9216, 53248): cuDNN error: CUDNN_STATUS_NOT_INITIALIZED
    WARNING: GigaTIME failed on patch (9216, 54272): cuDNN error: CUDNN_STATUS_NOT_INITIALIZED
    WARNING: GigaTIME failed on patch (9216, 55296): cuDNN error: CUDNN_STATUS_NOT_INITIALIZED
    WARNING: GigaTIME failed on patch (9216, 56320): cuDNN error: CUDNN_STATUS_NOT_INITIALIZED
    WARNING: GigaTIME failed on patch (9216, 57344): cuDNN error: CUDNN_STATUS_NOT_INITIALIZED
    WARNING: GigaTIME failed on patch (9216, 58368): cuDNN error: CUDNN_STATUS_NOT_INITIALIZED
    WARNING: GigaTIME failed on patch (9216, 59392): cuDNN error: CUDNN_STATUS_NOT_INITIALIZED
    WARNING: GigaTIME failed on patch (9216, 60416): cuDNN error: CUDNN_STATUS_NOT_INITIALIZED
    WARNING: GigaTIME failed on patch (9216, 61440): cuDNN error: CUDNN_STATUS_NOT_INITIALIZED
    WARNING: GigaTIME failed on patch (9216, 62464): cuDNN error: CUDNN_STATUS_NOT_INITIALIZED
    WARNING: GigaTIME failed on patch (9216, 63488): cuDNN error: CUDNN_STATUS_NOT_INITIALIZED
    WARNING: GigaTIME failed on patch (9216, 64512): cuDNN error: CUDNN_STATUS_NOT_INITIALIZED
    WARNING: GigaTIME failed on patch (9216, 65536): cuDNN error: CUDNN_STATUS_NOT_INITIALIZED
    WARNING: GigaTIME failed on patch (9216, 66560): cuDNN error: CUDNN_STATUS_NOT_INITIALIZED
    WARNING: GigaTIME failed on patch (10240, 12288): cuDNN error: CUDNN_STATUS_NOT_INITIALIZED
    WARNING: GigaTIME failed on patch (10240, 13312): cuDNN error: CUDNN_STATUS_NOT_INITIALIZED
    WARNING: GigaTIME failed on patch (10240, 14336): cuDNN error: CUDNN_STATUS_NOT_INITIALIZED
    WARNING: GigaTIME failed on patch (10240, 15360): cuDNN error: CUDNN_STATUS_NOT_INITIALIZED
    WARNING: GigaTIME failed on patch (10240, 16384): cuDNN error: CUDNN_STATUS_NOT_INITIALIZED
    WARNING: GigaTIME failed on patch (10240, 17408): cuDNN error: CUDNN_STATUS_NOT_INITIALIZED
    WARNING: GigaTIME failed on patch (10240, 18432): cuDNN error: CUDNN_STATUS_NOT_INITIALIZED
    WARNING: GigaTIME failed on patch (10240, 19456): cuDNN error: CUDNN_STATUS_NOT_INITIALIZED
    WARNING: GigaTIME failed on patch (10240, 20480): cuDNN error: CUDNN_STATUS_NOT_INITIALIZED
    WARNING: GigaTIME failed on patch (10240, 21504): cuDNN error: CUDNN_STATUS_NOT_INITIALIZED
    WARNING: GigaTIME failed on patch (10240, 22528): cuDNN error: CUDNN_STATUS_NOT_INITIALIZED
    WARNING: GigaTIME failed on patch (10240, 23552): cuDNN error: CUDNN_STATUS_NOT_INITIALIZED
    WARNING: GigaTIME failed on patch (10240, 24576): cuDNN error: CUDNN_STATUS_NOT_INITIALIZED
    WARNING: GigaTIME failed on patch (10240, 25600): cuDNN error: CUDNN_STATUS_NOT_INITIALIZED
    WARNING: GigaTIME failed on patch (10240, 26624): cuDNN error: CUDNN_STATUS_NOT_INITIALIZED
    WARNING: GigaTIME failed on patch (10240, 27648): cuDNN error: CUDNN_STATUS_NOT_INITIALIZED
    WARNING: GigaTIME failed on patch (10240, 28672): cuDNN error: CUDNN_STATUS_NOT_INITIALIZED
    WARNING: GigaTIME failed on patch (10240, 29696): cuDNN error: CUDNN_STATUS_NOT_INITIALIZED
    WARNING: GigaTIME failed on patch (10240, 30720): cuDNN error: CUDNN_STATUS_NOT_INITIALIZED
    WARNING: GigaTIME failed on patch (10240, 31744): cuDNN error: CUDNN_STATUS_NOT_INITIALIZED
    WARNING: GigaTIME failed on patch (10240, 32768): cuDNN error: CUDNN_STATUS_NOT_INITIALIZED
    WARNING: GigaTIME failed on patch (10240, 33792): cuDNN error: CUDNN_STATUS_NOT_INITIALIZED
    WARNING: GigaTIME failed on patch (10240, 34816): cuDNN error: CUDNN_STATUS_NOT_INITIALIZED
    WARNING: GigaTIME failed on patch (10240, 35840): cuDNN error: CUDNN_STATUS_NOT_INITIALIZED
    WARNING: GigaTIME failed on patch (10240, 36864): cuDNN error: CUDNN_STATUS_NOT_INITIALIZED
    WARNING: GigaTIME failed on patch (10240, 37888): cuDNN error: CUDNN_STATUS_NOT_INITIALIZED
    WARNING: GigaTIME failed on patch (10240, 38912): cuDNN error: CUDNN_STATUS_NOT_INITIALIZED
    WARNING: GigaTIME failed on patch (10240, 39936): cuDNN error: CUDNN_STATUS_NOT_INITIALIZED
    WARNING: GigaTIME failed on patch (10240, 40960): cuDNN error: CUDNN_STATUS_NOT_INITIALIZED
    WARNING: GigaTIME failed on patch (10240, 41984): cuDNN error: CUDNN_STATUS_NOT_INITIALIZED
    WARNING: GigaTIME failed on patch (10240, 43008): cuDNN error: CUDNN_STATUS_NOT_INITIALIZED
    WARNING: GigaTIME failed on patch (10240, 47104): cuDNN error: CUDNN_STATUS_NOT_INITIALIZED
    WARNING: GigaTIME failed on patch (10240, 48128): cuDNN error: CUDNN_STATUS_NOT_INITIALIZED
    WARNING: GigaTIME failed on patch (10240, 49152): cuDNN error: CUDNN_STATUS_NOT_INITIALIZED
    WARNING: GigaTIME failed on patch (10240, 50176): cuDNN error: CUDNN_STATUS_NOT_INITIALIZED
    WARNING: GigaTIME failed on patch (10240, 51200): cuDNN error: CUDNN_STATUS_NOT_INITIALIZED
    WARNING: GigaTIME failed on patch (10240, 52224): cuDNN error: CUDNN_STATUS_NOT_INITIALIZED
    WARNING: GigaTIME failed on patch (10240, 53248): cuDNN error: CUDNN_STATUS_NOT_INITIALIZED
    WARNING: GigaTIME failed on patch (10240, 54272): cuDNN error: CUDNN_STATUS_NOT_INITIALIZED
    WARNING: GigaTIME failed on patch (10240, 55296): cuDNN error: CUDNN_STATUS_NOT_INITIALIZED
    WARNING: GigaTIME failed on patch (10240, 56320): cuDNN error: CUDNN_STATUS_NOT_INITIALIZED
    WARNING: GigaTIME failed on patch (10240, 57344): cuDNN error: CUDNN_STATUS_NOT_INITIALIZED
    WARNING: GigaTIME failed on patch (10240, 58368): cuDNN error: CUDNN_STATUS_NOT_INITIALIZED
    WARNING: GigaTIME failed on patch (10240, 59392): cuDNN error: CUDNN_STATUS_NOT_INITIALIZED
    WARNING: GigaTIME failed on patch (10240, 60416): cuDNN error: CUDNN_STATUS_NOT_INITIALIZED
    WARNING: GigaTIME failed on patch (10240, 61440): cuDNN error: CUDNN_STATUS_NOT_INITIALIZED
    WARNING: GigaTIME failed on patch (10240, 62464): cuDNN error: CUDNN_STATUS_NOT_INITIALIZED
    WARNING: GigaTIME failed on patch (10240, 63488): cuDNN error: CUDNN_STATUS_NOT_INITIALIZED
    WARNING: GigaTIME failed on patch (10240, 64512): cuDNN error: CUDNN_STATUS_NOT_INITIALIZED
    WARNING: GigaTIME failed on patch (10240, 65536): cuDNN error: CUDNN_STATUS_NOT_INITIALIZED
    WARNING: GigaTIME failed on patch (10240, 66560): cuDNN error: CUDNN_STATUS_NOT_INITIALIZED
    WARNING: GigaTIME failed on patch (11264, 11264): cuDNN error: CUDNN_STATUS_NOT_INITIALIZED
    WARNING: GigaTIME failed on patch (11264, 12288): cuDNN error: CUDNN_STATUS_NOT_INITIALIZED
    WARNING: GigaTIME failed on patch (11264, 13312): cuDNN error: CUDNN_STATUS_NOT_INITIALIZED
    WARNING: GigaTIME failed on patch (11264, 14336): cuDNN error: CUDNN_STATUS_NOT_INITIALIZED
    WARNING: GigaTIME failed on patch (11264, 15360): cuDNN error: CUDNN_STATUS_NOT_INITIALIZED
    WARNING: GigaTIME failed on patch (11264, 16384): cuDNN error: CUDNN_STATUS_NOT_INITIALIZED
    WARNING: GigaTIME failed on patch (11264, 17408): cuDNN error: CUDNN_STATUS_NOT_INITIALIZED
    WARNING: GigaTIME failed on patch (11264, 18432): cuDNN error: CUDNN_STATUS_NOT_INITIALIZED
    WARNING: GigaTIME failed on patch (11264, 19456): cuDNN error: CUDNN_STATUS_NOT_INITIALIZED
    WARNING: GigaTIME failed on patch (11264, 20480): cuDNN error: CUDNN_STATUS_NOT_INITIALIZED
    WARNING: GigaTIME failed on patch (11264, 21504): cuDNN error: CUDNN_STATUS_NOT_INITIALIZED
    WARNING: GigaTIME failed on patch (11264, 22528): cuDNN error: CUDNN_STATUS_NOT_INITIALIZED
    WARNING: GigaTIME failed on patch (11264, 23552): cuDNN error: CUDNN_STATUS_NOT_INITIALIZED
    WARNING: GigaTIME failed on patch (11264, 24576): cuDNN error: CUDNN_STATUS_NOT_INITIALIZED
    WARNING: GigaTIME failed on patch (11264, 25600): cuDNN error: CUDNN_STATUS_NOT_INITIALIZED
    WARNING: GigaTIME failed on patch (11264, 26624): cuDNN error: CUDNN_STATUS_NOT_INITIALIZED
    WARNING: GigaTIME failed on patch (11264, 27648): cuDNN error: CUDNN_STATUS_NOT_INITIALIZED
    WARNING: GigaTIME failed on patch (11264, 28672): cuDNN error: CUDNN_STATUS_NOT_INITIALIZED
    WARNING: GigaTIME failed on patch (11264, 29696): cuDNN error: CUDNN_STATUS_NOT_INITIALIZED
    WARNING: GigaTIME failed on patch (11264, 30720): cuDNN error: CUDNN_STATUS_NOT_INITIALIZED
    WARNING: GigaTIME failed on patch (11264, 31744): cuDNN error: CUDNN_STATUS_NOT_INITIALIZED
    WARNING: GigaTIME failed on patch (11264, 32768): cuDNN error: CUDNN_STATUS_NOT_INITIALIZED
    WARNING: GigaTIME failed on patch (11264, 33792): cuDNN error: CUDNN_STATUS_NOT_INITIALIZED
    WARNING: GigaTIME failed on patch (11264, 34816): cuDNN error: CUDNN_STATUS_NOT_INITIALIZED
    WARNING: GigaTIME failed on patch (11264, 35840): cuDNN error: CUDNN_STATUS_NOT_INITIALIZED
    WARNING: GigaTIME failed on patch (11264, 36864): cuDNN error: CUDNN_STATUS_NOT_INITIALIZED
    WARNING: GigaTIME failed on patch (11264, 37888): cuDNN error: CUDNN_STATUS_NOT_INITIALIZED
    WARNING: GigaTIME failed on patch (11264, 38912): cuDNN error: CUDNN_STATUS_NOT_INITIALIZED
    WARNING: GigaTIME failed on patch (11264, 39936): cuDNN error: CUDNN_STATUS_NOT_INITIALIZED
    WARNING: GigaTIME failed on patch (11264, 40960): cuDNN error: CUDNN_STATUS_NOT_INITIALIZED
    WARNING: GigaTIME failed on patch (11264, 41984): cuDNN error: CUDNN_STATUS_NOT_INITIALIZED
    WARNING: GigaTIME failed on patch (11264, 47104): cuDNN error: CUDNN_STATUS_NOT_INITIALIZED
    WARNING: GigaTIME failed on patch (11264, 48128): cuDNN error: CUDNN_STATUS_NOT_INITIALIZED
    WARNING: GigaTIME failed on patch (11264, 49152): cuDNN error: CUDNN_STATUS_NOT_INITIALIZED
    WARNING: GigaTIME failed on patch (11264, 50176): cuDNN error: CUDNN_STATUS_NOT_INITIALIZED
    WARNING: GigaTIME failed on patch (11264, 51200): cuDNN error: CUDNN_STATUS_NOT_INITIALIZED
    WARNING: GigaTIME failed on patch (11264, 52224): cuDNN error: CUDNN_STATUS_NOT_INITIALIZED
    WARNING: GigaTIME failed on patch (11264, 53248): cuDNN error: CUDNN_STATUS_NOT_INITIALIZED
    WARNING: GigaTIME failed on patch (11264, 54272): cuDNN error: CUDNN_STATUS_NOT_INITIALIZED
    WARNING: GigaTIME failed on patch (11264, 55296): cuDNN error: CUDNN_STATUS_NOT_INITIALIZED
    WARNING: GigaTIME failed on patch (11264, 56320): cuDNN error: CUDNN_STATUS_NOT_INITIALIZED
    WARNING: GigaTIME failed on patch (11264, 57344): cuDNN error: CUDNN_STATUS_NOT_INITIALIZED
    WARNING: GigaTIME failed on patch (11264, 58368): cuDNN error: CUDNN_STATUS_NOT_INITIALIZED
    WARNING: GigaTIME failed on patch (11264, 59392): cuDNN error: CUDNN_STATUS_NOT_INITIALIZED
    WARNING: GigaTIME failed on patch (11264, 60416): cuDNN error: CUDNN_STATUS_NOT_INITIALIZED
    WARNING: GigaTIME failed on patch (11264, 61440): cuDNN error: CUDNN_STATUS_NOT_INITIALIZED
    WARNING: GigaTIME failed on patch (11264, 62464): cuDNN error: CUDNN_STATUS_NOT_INITIALIZED
    WARNING: GigaTIME failed on patch (11264, 63488): cuDNN error: CUDNN_STATUS_NOT_INITIALIZED
    WARNING: GigaTIME failed on patch (11264, 64512): cuDNN error: CUDNN_STATUS_NOT_INITIALIZED
    WARNING: GigaTIME failed on patch (11264, 65536): cuDNN error: CUDNN_STATUS_NOT_INITIALIZED
    WARNING: GigaTIME failed on patch (12288, 8192): cuDNN error: CUDNN_STATUS_NOT_INITIALIZED
    WARNING: GigaTIME failed on patch (12288, 9216): cuDNN error: CUDNN_STATUS_NOT_INITIALIZED
    WARNING: GigaTIME failed on patch (12288, 10240): cuDNN error: CUDNN_STATUS_NOT_INITIALIZED
    WARNING: GigaTIME failed on patch (12288, 11264): cuDNN error: CUDNN_STATUS_NOT_INITIALIZED
    WARNING: GigaTIME failed on patch (12288, 12288): cuDNN error: CUDNN_STATUS_NOT_INITIALIZED
    WARNING: GigaTIME failed on patch (12288, 13312): cuDNN error: CUDNN_STATUS_NOT_INITIALIZED
    WARNING: GigaTIME failed on patch (12288, 14336): cuDNN error: CUDNN_STATUS_NOT_INITIALIZED
    WARNING: GigaTIME failed on patch (12288, 15360): cuDNN error: CUDNN_STATUS_NOT_INITIALIZED
    WARNING: GigaTIME failed on patch (12288, 16384): cuDNN error: CUDNN_STATUS_NOT_INITIALIZED
    WARNING: GigaTIME failed on patch (12288, 17408): cuDNN error: CUDNN_STATUS_NOT_INITIALIZED
    WARNING: GigaTIME failed on patch (12288, 18432): cuDNN error: CUDNN_STATUS_NOT_INITIALIZED
    WARNING: GigaTIME failed on patch (12288, 19456): cuDNN error: CUDNN_STATUS_NOT_INITIALIZED
    WARNING: GigaTIME failed on patch (12288, 20480): cuDNN error: CUDNN_STATUS_NOT_INITIALIZED
    WARNING: GigaTIME failed on patch (12288, 21504): cuDNN error: CUDNN_STATUS_NOT_INITIALIZED
    WARNING: GigaTIME failed on patch (12288, 22528): cuDNN error: CUDNN_STATUS_NOT_INITIALIZED
    WARNING: GigaTIME failed on patch (12288, 23552): cuDNN error: CUDNN_STATUS_NOT_INITIALIZED
    WARNING: GigaTIME failed on patch (12288, 24576): cuDNN error: CUDNN_STATUS_NOT_INITIALIZED
    WARNING: GigaTIME failed on patch (12288, 25600): cuDNN error: CUDNN_STATUS_NOT_INITIALIZED
    WARNING: GigaTIME failed on patch (12288, 26624): cuDNN error: CUDNN_STATUS_NOT_INITIALIZED
    WARNING: GigaTIME failed on patch (12288, 27648): cuDNN error: CUDNN_STATUS_NOT_INITIALIZED
    WARNING: GigaTIME failed on patch (12288, 28672): cuDNN error: CUDNN_STATUS_NOT_INITIALIZED
    WARNING: GigaTIME failed on patch (12288, 29696): cuDNN error: CUDNN_STATUS_NOT_INITIALIZED
    WARNING: GigaTIME failed on patch (12288, 30720): cuDNN error: CUDNN_STATUS_NOT_INITIALIZED
    WARNING: GigaTIME failed on patch (12288, 31744): cuDNN error: CUDNN_STATUS_NOT_INITIALIZED
    WARNING: GigaTIME failed on patch (12288, 32768): cuDNN error: CUDNN_STATUS_NOT_INITIALIZED
    WARNING: GigaTIME failed on patch (12288, 33792): cuDNN error: CUDNN_STATUS_NOT_INITIALIZED
    WARNING: GigaTIME failed on patch (12288, 34816): cuDNN error: CUDNN_STATUS_NOT_INITIALIZED
    WARNING: GigaTIME failed on patch (12288, 35840): cuDNN error: CUDNN_STATUS_NOT_INITIALIZED
    WARNING: GigaTIME failed on patch (12288, 36864): cuDNN error: CUDNN_STATUS_NOT_INITIALIZED
    WARNING: GigaTIME failed on patch (12288, 38912): cuDNN error: CUDNN_STATUS_NOT_INITIALIZED
    WARNING: GigaTIME failed on patch (12288, 39936): cuDNN error: CUDNN_STATUS_NOT_INITIALIZED
    WARNING: GigaTIME failed on patch (12288, 40960): cuDNN error: CUDNN_STATUS_NOT_INITIALIZED
    WARNING: GigaTIME failed on patch (12288, 43008): cuDNN error: CUDNN_STATUS_NOT_INITIALIZED
    WARNING: GigaTIME failed on patch (12288, 44032): cuDNN error: CUDNN_STATUS_NOT_INITIALIZED
    WARNING: GigaTIME failed on patch (12288, 48128): cuDNN error: CUDNN_STATUS_NOT_INITIALIZED
    WARNING: GigaTIME failed on patch (12288, 49152): cuDNN error: CUDNN_STATUS_NOT_INITIALIZED
    WARNING: GigaTIME failed on patch (12288, 50176): cuDNN error: CUDNN_STATUS_NOT_INITIALIZED
    WARNING: GigaTIME failed on patch (12288, 51200): cuDNN error: CUDNN_STATUS_NOT_INITIALIZED
    WARNING: GigaTIME failed on patch (12288, 52224): cuDNN error: CUDNN_STATUS_NOT_INITIALIZED
    WARNING: GigaTIME failed on patch (12288, 53248): cuDNN error: CUDNN_STATUS_NOT_INITIALIZED
    WARNING: GigaTIME failed on patch (12288, 54272): cuDNN error: CUDNN_STATUS_NOT_INITIALIZED
    WARNING: GigaTIME failed on patch (12288, 55296): cuDNN error: CUDNN_STATUS_NOT_INITIALIZED
    WARNING: GigaTIME failed on patch (12288, 56320): cuDNN error: CUDNN_STATUS_NOT_INITIALIZED
    WARNING: GigaTIME failed on patch (12288, 57344): cuDNN error: CUDNN_STATUS_NOT_INITIALIZED
    WARNING: GigaTIME failed on patch (12288, 58368): cuDNN error: CUDNN_STATUS_NOT_INITIALIZED
    WARNING: GigaTIME failed on patch (12288, 59392): cuDNN error: CUDNN_STATUS_NOT_INITIALIZED
    WARNING: GigaTIME failed on patch (12288, 60416): cuDNN error: CUDNN_STATUS_NOT_INITIALIZED
    WARNING: GigaTIME failed on patch (12288, 61440): cuDNN error: CUDNN_STATUS_NOT_INITIALIZED
    WARNING: GigaTIME failed on patch (12288, 62464): cuDNN error: CUDNN_STATUS_NOT_INITIALIZED
    WARNING: GigaTIME failed on patch (12288, 63488): cuDNN error: CUDNN_STATUS_NOT_INITIALIZED
    WARNING: GigaTIME failed on patch (12288, 64512): cuDNN error: CUDNN_STATUS_NOT_INITIALIZED
    WARNING: GigaTIME failed on patch (12288, 65536): cuDNN error: CUDNN_STATUS_NOT_INITIALIZED
    WARNING: GigaTIME failed on patch (13312, 7168): cuDNN error: CUDNN_STATUS_NOT_INITIALIZED
    WARNING: GigaTIME failed on patch (13312, 8192): cuDNN error: CUDNN_STATUS_NOT_INITIALIZED
    WARNING: GigaTIME failed on patch (13312, 9216): cuDNN error: CUDNN_STATUS_NOT_INITIALIZED
    WARNING: GigaTIME failed on patch (13312, 10240): cuDNN error: CUDNN_STATUS_NOT_INITIALIZED
    WARNING: GigaTIME failed on patch (13312, 11264): cuDNN error: CUDNN_STATUS_NOT_INITIALIZED
    WARNING: GigaTIME failed on patch (13312, 12288): cuDNN error: CUDNN_STATUS_NOT_INITIALIZED
    WARNING: GigaTIME failed on patch (13312, 13312): cuDNN error: CUDNN_STATUS_NOT_INITIALIZED
    WARNING: GigaTIME failed on patch (13312, 14336): cuDNN error: CUDNN_STATUS_NOT_INITIALIZED
    WARNING: GigaTIME failed on patch (13312, 15360): cuDNN error: CUDNN_STATUS_NOT_INITIALIZED
    WARNING: GigaTIME failed on patch (13312, 16384): cuDNN error: CUDNN_STATUS_NOT_INITIALIZED
    WARNING: GigaTIME failed on patch (13312, 17408): cuDNN error: CUDNN_STATUS_NOT_INITIALIZED
    WARNING: GigaTIME failed on patch (13312, 18432): cuDNN error: CUDNN_STATUS_NOT_INITIALIZED
    WARNING: GigaTIME failed on patch (13312, 19456): cuDNN error: CUDNN_STATUS_NOT_INITIALIZED
    WARNING: GigaTIME failed on patch (13312, 20480): cuDNN error: CUDNN_STATUS_NOT_INITIALIZED
    WARNING: GigaTIME failed on patch (13312, 21504): cuDNN error: CUDNN_STATUS_NOT_INITIALIZED
    WARNING: GigaTIME failed on patch (13312, 22528): cuDNN error: CUDNN_STATUS_NOT_INITIALIZED
    WARNING: GigaTIME failed on patch (13312, 23552): cuDNN error: CUDNN_STATUS_NOT_INITIALIZED
    WARNING: GigaTIME failed on patch (13312, 24576): cuDNN error: CUDNN_STATUS_NOT_INITIALIZED
    WARNING: GigaTIME failed on patch (13312, 25600): cuDNN error: CUDNN_STATUS_NOT_INITIALIZED
    WARNING: GigaTIME failed on patch (13312, 26624): cuDNN error: CUDNN_STATUS_NOT_INITIALIZED
    WARNING: GigaTIME failed on patch (13312, 27648): cuDNN error: CUDNN_STATUS_NOT_INITIALIZED
    WARNING: GigaTIME failed on patch (13312, 28672): cuDNN error: CUDNN_STATUS_NOT_INITIALIZED
    WARNING: GigaTIME failed on patch (13312, 29696): cuDNN error: CUDNN_STATUS_NOT_INITIALIZED
    WARNING: GigaTIME failed on patch (13312, 30720): cuDNN error: CUDNN_STATUS_NOT_INITIALIZED
    WARNING: GigaTIME failed on patch (13312, 31744): cuDNN error: CUDNN_STATUS_NOT_INITIALIZED
    WARNING: GigaTIME failed on patch (13312, 32768): cuDNN error: CUDNN_STATUS_NOT_INITIALIZED
    WARNING: GigaTIME failed on patch (13312, 33792): cuDNN error: CUDNN_STATUS_NOT_INITIALIZED
    WARNING: GigaTIME failed on patch (13312, 34816): cuDNN error: CUDNN_STATUS_NOT_INITIALIZED
    WARNING: GigaTIME failed on patch (13312, 35840): cuDNN error: CUDNN_STATUS_NOT_INITIALIZED
    WARNING: GigaTIME failed on patch (13312, 36864): cuDNN error: CUDNN_STATUS_NOT_INITIALIZED
    WARNING: GigaTIME failed on patch (13312, 38912): cuDNN error: CUDNN_STATUS_NOT_INITIALIZED
    WARNING: GigaTIME failed on patch (13312, 39936): cuDNN error: CUDNN_STATUS_NOT_INITIALIZED
    WARNING: GigaTIME failed on patch (13312, 40960): cuDNN error: CUDNN_STATUS_NOT_INITIALIZED
    WARNING: GigaTIME failed on patch (13312, 43008): cuDNN error: CUDNN_STATUS_NOT_INITIALIZED
    WARNING: GigaTIME failed on patch (13312, 44032): cuDNN error: CUDNN_STATUS_NOT_INITIALIZED
    WARNING: GigaTIME failed on patch (13312, 48128): cuDNN error: CUDNN_STATUS_NOT_INITIALIZED
    WARNING: GigaTIME failed on patch (13312, 49152): cuDNN error: CUDNN_STATUS_NOT_INITIALIZED
    WARNING: GigaTIME failed on patch (13312, 50176): cuDNN error: CUDNN_STATUS_NOT_INITIALIZED
    WARNING: GigaTIME failed on patch (13312, 51200): cuDNN error: CUDNN_STATUS_NOT_INITIALIZED
    WARNING: GigaTIME failed on patch (13312, 52224): cuDNN error: CUDNN_STATUS_NOT_INITIALIZED
    WARNING: GigaTIME failed on patch (13312, 53248): cuDNN error: CUDNN_STATUS_NOT_INITIALIZED
    WARNING: GigaTIME failed on patch (13312, 54272): cuDNN error: CUDNN_STATUS_NOT_INITIALIZED
    WARNING: GigaTIME failed on patch (13312, 55296): cuDNN error: CUDNN_STATUS_NOT_INITIALIZED
    WARNING: GigaTIME failed on patch (13312, 56320): cuDNN error: CUDNN_STATUS_NOT_INITIALIZED
    WARNING: GigaTIME failed on patch (13312, 57344): cuDNN error: CUDNN_STATUS_NOT_INITIALIZED
    WARNING: GigaTIME failed on patch (13312, 58368): cuDNN error: CUDNN_STATUS_NOT_INITIALIZED
    WARNING: GigaTIME failed on patch (13312, 59392): cuDNN error: CUDNN_STATUS_NOT_INITIALIZED
    WARNING: GigaTIME failed on patch (13312, 60416): cuDNN error: CUDNN_STATUS_NOT_INITIALIZED
    WARNING: GigaTIME failed on patch (13312, 61440): cuDNN error: CUDNN_STATUS_NOT_INITIALIZED
    WARNING: GigaTIME failed on patch (13312, 62464): cuDNN error: CUDNN_STATUS_NOT_INITIALIZED
    WARNING: GigaTIME failed on patch (13312, 63488): cuDNN error: CUDNN_STATUS_NOT_INITIALIZED
    WARNING: GigaTIME failed on patch (13312, 64512): cuDNN error: CUDNN_STATUS_NOT_INITIALIZED
    WARNING: GigaTIME failed on patch (13312, 65536): cuDNN error: CUDNN_STATUS_NOT_INITIALIZED
    WARNING: GigaTIME failed on patch (14336, 8192): cuDNN error: CUDNN_STATUS_NOT_INITIALIZED
    WARNING: GigaTIME failed on patch (14336, 9216): cuDNN error: CUDNN_STATUS_NOT_INITIALIZED
    WARNING: GigaTIME failed on patch (14336, 10240): cuDNN error: CUDNN_STATUS_NOT_INITIALIZED
    WARNING: GigaTIME failed on patch (14336, 11264): cuDNN error: CUDNN_STATUS_NOT_INITIALIZED
    WARNING: GigaTIME failed on patch (14336, 12288): cuDNN error: CUDNN_STATUS_NOT_INITIALIZED
    WARNING: GigaTIME failed on patch (14336, 13312): cuDNN error: CUDNN_STATUS_NOT_INITIALIZED
    WARNING: GigaTIME failed on patch (14336, 14336): cuDNN error: CUDNN_STATUS_NOT_INITIALIZED
    WARNING: GigaTIME failed on patch (14336, 15360): cuDNN error: CUDNN_STATUS_NOT_INITIALIZED
    WARNING: GigaTIME failed on patch (14336, 16384): cuDNN error: CUDNN_STATUS_NOT_INITIALIZED
    WARNING: GigaTIME failed on patch (14336, 17408): cuDNN error: CUDNN_STATUS_NOT_INITIALIZED
    WARNING: GigaTIME failed on patch (14336, 18432): cuDNN error: CUDNN_STATUS_NOT_INITIALIZED
    WARNING: GigaTIME failed on patch (14336, 19456): cuDNN error: CUDNN_STATUS_NOT_INITIALIZED
    WARNING: GigaTIME failed on patch (14336, 20480): cuDNN error: CUDNN_STATUS_NOT_INITIALIZED
    WARNING: GigaTIME failed on patch (14336, 21504): cuDNN error: CUDNN_STATUS_NOT_INITIALIZED
    WARNING: GigaTIME failed on patch (14336, 22528): cuDNN error: CUDNN_STATUS_NOT_INITIALIZED
    WARNING: GigaTIME failed on patch (14336, 23552): cuDNN error: CUDNN_STATUS_NOT_INITIALIZED
    WARNING: GigaTIME failed on patch (14336, 24576): cuDNN error: CUDNN_STATUS_NOT_INITIALIZED
    WARNING: GigaTIME failed on patch (14336, 25600): cuDNN error: CUDNN_STATUS_NOT_INITIALIZED
    WARNING: GigaTIME failed on patch (14336, 26624): cuDNN error: CUDNN_STATUS_NOT_INITIALIZED
    WARNING: GigaTIME failed on patch (14336, 27648): cuDNN error: CUDNN_STATUS_NOT_INITIALIZED
    WARNING: GigaTIME failed on patch (14336, 28672): cuDNN error: CUDNN_STATUS_NOT_INITIALIZED
    WARNING: GigaTIME failed on patch (14336, 29696): cuDNN error: CUDNN_STATUS_NOT_INITIALIZED
    WARNING: GigaTIME failed on patch (14336, 30720): cuDNN error: CUDNN_STATUS_NOT_INITIALIZED
    WARNING: GigaTIME failed on patch (14336, 31744): cuDNN error: CUDNN_STATUS_NOT_INITIALIZED
    WARNING: GigaTIME failed on patch (14336, 32768): cuDNN error: CUDNN_STATUS_NOT_INITIALIZED
    WARNING: GigaTIME failed on patch (14336, 33792): cuDNN error: CUDNN_STATUS_NOT_INITIALIZED
    WARNING: GigaTIME failed on patch (14336, 34816): cuDNN error: CUDNN_STATUS_NOT_INITIALIZED
    WARNING: GigaTIME failed on patch (14336, 35840): cuDNN error: CUDNN_STATUS_NOT_INITIALIZED
    WARNING: GigaTIME failed on patch (14336, 36864): cuDNN error: CUDNN_STATUS_NOT_INITIALIZED
    WARNING: GigaTIME failed on patch (14336, 40960): cuDNN error: CUDNN_STATUS_NOT_INITIALIZED
    WARNING: GigaTIME failed on patch (14336, 45056): cuDNN error: CUDNN_STATUS_NOT_INITIALIZED
    WARNING: GigaTIME failed on patch (14336, 48128): cuDNN error: CUDNN_STATUS_NOT_INITIALIZED
    WARNING: GigaTIME failed on patch (14336, 49152): cuDNN error: CUDNN_STATUS_NOT_INITIALIZED
    WARNING: GigaTIME failed on patch (14336, 50176): cuDNN error: CUDNN_STATUS_NOT_INITIALIZED
    WARNING: GigaTIME failed on patch (14336, 51200): cuDNN error: CUDNN_STATUS_NOT_INITIALIZED
    WARNING: GigaTIME failed on patch (14336, 52224): cuDNN error: CUDNN_STATUS_NOT_INITIALIZED
    WARNING: GigaTIME failed on patch (14336, 53248): cuDNN error: CUDNN_STATUS_NOT_INITIALIZED
    WARNING: GigaTIME failed on patch (14336, 54272): cuDNN error: CUDNN_STATUS_NOT_INITIALIZED
    WARNING: GigaTIME failed on patch (14336, 55296): cuDNN error: CUDNN_STATUS_NOT_INITIALIZED
    WARNING: GigaTIME failed on patch (14336, 56320): cuDNN error: CUDNN_STATUS_NOT_INITIALIZED
    WARNING: GigaTIME failed on patch (14336, 57344): cuDNN error: CUDNN_STATUS_NOT_INITIALIZED
    WARNING: GigaTIME failed on patch (14336, 58368): cuDNN error: CUDNN_STATUS_NOT_INITIALIZED
    WARNING: GigaTIME failed on patch (14336, 59392): cuDNN error: CUDNN_STATUS_NOT_INITIALIZED
    WARNING: GigaTIME failed on patch (14336, 60416): cuDNN error: CUDNN_STATUS_NOT_INITIALIZED
    WARNING: GigaTIME failed on patch (14336, 61440): cuDNN error: CUDNN_STATUS_NOT_INITIALIZED
    WARNING: GigaTIME failed on patch (14336, 62464): cuDNN error: CUDNN_STATUS_NOT_INITIALIZED
    WARNING: GigaTIME failed on patch (14336, 63488): cuDNN error: CUDNN_STATUS_NOT_INITIALIZED
    WARNING: GigaTIME failed on patch (14336, 64512): cuDNN error: CUDNN_STATUS_NOT_INITIALIZED
    WARNING: GigaTIME failed on patch (14336, 65536): cuDNN error: CUDNN_STATUS_NOT_INITIALIZED
    WARNING: GigaTIME failed on patch (15360, 8192): cuDNN error: CUDNN_STATUS_NOT_INITIALIZED
    WARNING: GigaTIME failed on patch (15360, 9216): cuDNN error: CUDNN_STATUS_NOT_INITIALIZED
    WARNING: GigaTIME failed on patch (15360, 10240): cuDNN error: CUDNN_STATUS_NOT_INITIALIZED
    WARNING: GigaTIME failed on patch (15360, 11264): cuDNN error: CUDNN_STATUS_NOT_INITIALIZED
    WARNING: GigaTIME failed on patch (15360, 12288): cuDNN error: CUDNN_STATUS_NOT_INITIALIZED
    WARNING: GigaTIME failed on patch (15360, 13312): cuDNN error: CUDNN_STATUS_NOT_INITIALIZED
    WARNING: GigaTIME failed on patch (15360, 14336): cuDNN error: CUDNN_STATUS_NOT_INITIALIZED
    WARNING: GigaTIME failed on patch (15360, 15360): cuDNN error: CUDNN_STATUS_NOT_INITIALIZED
    WARNING: GigaTIME failed on patch (15360, 16384): cuDNN error: CUDNN_STATUS_NOT_INITIALIZED
    WARNING: GigaTIME failed on patch (15360, 17408): cuDNN error: CUDNN_STATUS_NOT_INITIALIZED
    WARNING: GigaTIME failed on patch (15360, 18432): cuDNN error: CUDNN_STATUS_NOT_INITIALIZED
    WARNING: GigaTIME failed on patch (15360, 19456): cuDNN error: CUDNN_STATUS_NOT_INITIALIZED
    WARNING: GigaTIME failed on patch (15360, 20480): cuDNN error: CUDNN_STATUS_NOT_INITIALIZED
    WARNING: GigaTIME failed on patch (15360, 21504): cuDNN error: CUDNN_STATUS_NOT_INITIALIZED
    WARNING: GigaTIME failed on patch (15360, 22528): cuDNN error: CUDNN_STATUS_NOT_INITIALIZED
    WARNING: GigaTIME failed on patch (15360, 23552): cuDNN error: CUDNN_STATUS_NOT_INITIALIZED
    WARNING: GigaTIME failed on patch (15360, 24576): cuDNN error: CUDNN_STATUS_NOT_INITIALIZED
    WARNING: GigaTIME failed on patch (15360, 25600): cuDNN error: CUDNN_STATUS_NOT_INITIALIZED
    WARNING: GigaTIME failed on patch (15360, 26624): cuDNN error: CUDNN_STATUS_NOT_INITIALIZED
    WARNING: GigaTIME failed on patch (15360, 27648): cuDNN error: CUDNN_STATUS_NOT_INITIALIZED
    WARNING: GigaTIME failed on patch (15360, 28672): cuDNN error: CUDNN_STATUS_NOT_INITIALIZED
    WARNING: GigaTIME failed on patch (15360, 29696): cuDNN error: CUDNN_STATUS_NOT_INITIALIZED
    WARNING: GigaTIME failed on patch (15360, 30720): cuDNN error: CUDNN_STATUS_NOT_INITIALIZED
    WARNING: GigaTIME failed on patch (15360, 31744): cuDNN error: CUDNN_STATUS_NOT_INITIALIZED
    WARNING: GigaTIME failed on patch (15360, 32768): cuDNN error: CUDNN_STATUS_NOT_INITIALIZED
    WARNING: GigaTIME failed on patch (15360, 33792): cuDNN error: CUDNN_STATUS_NOT_INITIALIZED
    WARNING: GigaTIME failed on patch (15360, 34816): cuDNN error: CUDNN_STATUS_NOT_INITIALIZED
    WARNING: GigaTIME failed on patch (15360, 35840): cuDNN error: CUDNN_STATUS_NOT_INITIALIZED
    WARNING: GigaTIME failed on patch (15360, 36864): cuDNN error: CUDNN_STATUS_NOT_INITIALIZED
    WARNING: GigaTIME failed on patch (15360, 38912): cuDNN error: CUDNN_STATUS_NOT_INITIALIZED
    WARNING: GigaTIME failed on patch (15360, 44032): cuDNN error: CUDNN_STATUS_NOT_INITIALIZED
    WARNING: GigaTIME failed on patch (15360, 48128): cuDNN error: CUDNN_STATUS_NOT_INITIALIZED
    WARNING: GigaTIME failed on patch (15360, 49152): cuDNN error: CUDNN_STATUS_NOT_INITIALIZED
    WARNING: GigaTIME failed on patch (15360, 50176): cuDNN error: CUDNN_STATUS_NOT_INITIALIZED
    WARNING: GigaTIME failed on patch (15360, 51200): cuDNN error: CUDNN_STATUS_NOT_INITIALIZED
    WARNING: GigaTIME failed on patch (15360, 52224): cuDNN error: CUDNN_STATUS_NOT_INITIALIZED
    WARNING: GigaTIME failed on patch (15360, 53248): cuDNN error: CUDNN_STATUS_NOT_INITIALIZED
    WARNING: GigaTIME failed on patch (15360, 54272): cuDNN error: CUDNN_STATUS_NOT_INITIALIZED
    WARNING: GigaTIME failed on patch (15360, 55296): cuDNN error: CUDNN_STATUS_NOT_INITIALIZED
    WARNING: GigaTIME failed on patch (15360, 56320): cuDNN error: CUDNN_STATUS_NOT_INITIALIZED
    WARNING: GigaTIME failed on patch (15360, 57344): cuDNN error: CUDNN_STATUS_NOT_INITIALIZED
    WARNING: GigaTIME failed on patch (15360, 58368): cuDNN error: CUDNN_STATUS_NOT_INITIALIZED
    WARNING: GigaTIME failed on patch (15360, 59392): cuDNN error: CUDNN_STATUS_NOT_INITIALIZED
    WARNING: GigaTIME failed on patch (15360, 60416): cuDNN error: CUDNN_STATUS_NOT_INITIALIZED
    WARNING: GigaTIME failed on patch (15360, 61440): cuDNN error: CUDNN_STATUS_NOT_INITIALIZED
    WARNING: GigaTIME failed on patch (15360, 62464): cuDNN error: CUDNN_STATUS_NOT_INITIALIZED
    WARNING: GigaTIME failed on patch (15360, 63488): cuDNN error: CUDNN_STATUS_NOT_INITIALIZED
    WARNING: GigaTIME failed on patch (15360, 64512): cuDNN error: CUDNN_STATUS_NOT_INITIALIZED
    WARNING: GigaTIME failed on patch (15360, 65536): cuDNN error: CUDNN_STATUS_NOT_INITIALIZED
    WARNING: GigaTIME failed on patch (16384, 7168): cuDNN error: CUDNN_STATUS_NOT_INITIALIZED
    WARNING: GigaTIME failed on patch (16384, 8192): cuDNN error: CUDNN_STATUS_NOT_INITIALIZED
    WARNING: GigaTIME failed on patch (16384, 9216): cuDNN error: CUDNN_STATUS_NOT_INITIALIZED
    WARNING: GigaTIME failed on patch (16384, 10240): cuDNN error: CUDNN_STATUS_NOT_INITIALIZED
    WARNING: GigaTIME failed on patch (16384, 11264): cuDNN error: CUDNN_STATUS_NOT_INITIALIZED
    WARNING: GigaTIME failed on patch (16384, 12288): cuDNN error: CUDNN_STATUS_NOT_INITIALIZED
    WARNING: GigaTIME failed on patch (16384, 13312): cuDNN error: CUDNN_STATUS_NOT_INITIALIZED
    WARNING: GigaTIME failed on patch (16384, 14336): cuDNN error: CUDNN_STATUS_NOT_INITIALIZED
    WARNING: GigaTIME failed on patch (16384, 15360): cuDNN error: CUDNN_STATUS_NOT_INITIALIZED
    WARNING: GigaTIME failed on patch (16384, 16384): cuDNN error: CUDNN_STATUS_NOT_INITIALIZED
    WARNING: GigaTIME failed on patch (16384, 17408): cuDNN error: CUDNN_STATUS_NOT_INITIALIZED
    WARNING: GigaTIME failed on patch (16384, 18432): cuDNN error: CUDNN_STATUS_NOT_INITIALIZED
    WARNING: GigaTIME failed on patch (16384, 19456): cuDNN error: CUDNN_STATUS_NOT_INITIALIZED
    WARNING: GigaTIME failed on patch (16384, 20480): cuDNN error: CUDNN_STATUS_NOT_INITIALIZED
    WARNING: GigaTIME failed on patch (16384, 21504): cuDNN error: CUDNN_STATUS_NOT_INITIALIZED
    WARNING: GigaTIME failed on patch (16384, 22528): cuDNN error: CUDNN_STATUS_NOT_INITIALIZED
    WARNING: GigaTIME failed on patch (16384, 23552): cuDNN error: CUDNN_STATUS_NOT_INITIALIZED
    WARNING: GigaTIME failed on patch (16384, 24576): cuDNN error: CUDNN_STATUS_NOT_INITIALIZED
    WARNING: GigaTIME failed on patch (16384, 25600): cuDNN error: CUDNN_STATUS_NOT_INITIALIZED
    WARNING: GigaTIME failed on patch (16384, 26624): cuDNN error: CUDNN_STATUS_NOT_INITIALIZED
    WARNING: GigaTIME failed on patch (16384, 27648): cuDNN error: CUDNN_STATUS_NOT_INITIALIZED
    WARNING: GigaTIME failed on patch (16384, 28672): cuDNN error: CUDNN_STATUS_NOT_INITIALIZED
    WARNING: GigaTIME failed on patch (16384, 29696): cuDNN error: CUDNN_STATUS_NOT_INITIALIZED
    WARNING: GigaTIME failed on patch (16384, 30720): cuDNN error: CUDNN_STATUS_NOT_INITIALIZED
    WARNING: GigaTIME failed on patch (16384, 31744): cuDNN error: CUDNN_STATUS_NOT_INITIALIZED
    WARNING: GigaTIME failed on patch (16384, 32768): cuDNN error: CUDNN_STATUS_NOT_INITIALIZED
    WARNING: GigaTIME failed on patch (16384, 33792): cuDNN error: CUDNN_STATUS_NOT_INITIALIZED
    WARNING: GigaTIME failed on patch (16384, 34816): cuDNN error: CUDNN_STATUS_NOT_INITIALIZED
    WARNING: GigaTIME failed on patch (16384, 35840): cuDNN error: CUDNN_STATUS_NOT_INITIALIZED
    WARNING: GigaTIME failed on patch (16384, 36864): cuDNN error: CUDNN_STATUS_NOT_INITIALIZED
    WARNING: GigaTIME failed on patch (16384, 37888): cuDNN error: CUDNN_STATUS_NOT_INITIALIZED
    WARNING: GigaTIME failed on patch (16384, 38912): cuDNN error: CUDNN_STATUS_NOT_INITIALIZED
    WARNING: GigaTIME failed on patch (16384, 39936): cuDNN error: CUDNN_STATUS_NOT_INITIALIZED
    WARNING: GigaTIME failed on patch (16384, 43008): cuDNN error: CUDNN_STATUS_NOT_INITIALIZED
    WARNING: GigaTIME failed on patch (16384, 44032): cuDNN error: CUDNN_STATUS_NOT_INITIALIZED
    WARNING: GigaTIME failed on patch (16384, 45056): cuDNN error: CUDNN_STATUS_NOT_INITIALIZED
    WARNING: GigaTIME failed on patch (16384, 48128): cuDNN error: CUDNN_STATUS_NOT_INITIALIZED
    WARNING: GigaTIME failed on patch (16384, 49152): cuDNN error: CUDNN_STATUS_NOT_INITIALIZED
    WARNING: GigaTIME failed on patch (16384, 50176): cuDNN error: CUDNN_STATUS_NOT_INITIALIZED
    WARNING: GigaTIME failed on patch (16384, 51200): cuDNN error: CUDNN_STATUS_NOT_INITIALIZED
    WARNING: GigaTIME failed on patch (16384, 52224): cuDNN error: CUDNN_STATUS_NOT_INITIALIZED
    WARNING: GigaTIME failed on patch (16384, 53248): cuDNN error: CUDNN_STATUS_NOT_INITIALIZED
    WARNING: GigaTIME failed on patch (16384, 54272): cuDNN error: CUDNN_STATUS_NOT_INITIALIZED
    WARNING: GigaTIME failed on patch (16384, 55296): cuDNN error: CUDNN_STATUS_NOT_INITIALIZED
    WARNING: GigaTIME failed on patch (16384, 56320): cuDNN error: CUDNN_STATUS_NOT_INITIALIZED
    WARNING: GigaTIME failed on patch (16384, 57344): cuDNN error: CUDNN_STATUS_NOT_INITIALIZED
    WARNING: GigaTIME failed on patch (16384, 58368): cuDNN error: CUDNN_STATUS_NOT_INITIALIZED
    WARNING: GigaTIME failed on patch (16384, 59392): cuDNN error: CUDNN_STATUS_NOT_INITIALIZED
    WARNING: GigaTIME failed on patch (16384, 60416): cuDNN error: CUDNN_STATUS_NOT_INITIALIZED
    WARNING: GigaTIME failed on patch (16384, 61440): cuDNN error: CUDNN_STATUS_NOT_INITIALIZED
    WARNING: GigaTIME failed on patch (16384, 62464): cuDNN error: CUDNN_STATUS_NOT_INITIALIZED
    WARNING: GigaTIME failed on patch (16384, 63488): cuDNN error: CUDNN_STATUS_NOT_INITIALIZED
    WARNING: GigaTIME failed on patch (16384, 64512): cuDNN error: CUDNN_STATUS_NOT_INITIALIZED
    WARNING: GigaTIME failed on patch (16384, 65536): cuDNN error: CUDNN_STATUS_NOT_INITIALIZED
    WARNING: GigaTIME failed on patch (16384, 66560): cuDNN error: CUDNN_STATUS_NOT_INITIALIZED
    WARNING: GigaTIME failed on patch (17408, 7168): cuDNN error: CUDNN_STATUS_NOT_INITIALIZED
    WARNING: GigaTIME failed on patch (17408, 8192): cuDNN error: CUDNN_STATUS_NOT_INITIALIZED
    WARNING: GigaTIME failed on patch (17408, 9216): cuDNN error: CUDNN_STATUS_NOT_INITIALIZED
    WARNING: GigaTIME failed on patch (17408, 10240): cuDNN error: CUDNN_STATUS_NOT_INITIALIZED
    WARNING: GigaTIME failed on patch (17408, 11264): cuDNN error: CUDNN_STATUS_NOT_INITIALIZED
    WARNING: GigaTIME failed on patch (17408, 12288): cuDNN error: CUDNN_STATUS_NOT_INITIALIZED
    WARNING: GigaTIME failed on patch (17408, 13312): cuDNN error: CUDNN_STATUS_NOT_INITIALIZED
    WARNING: GigaTIME failed on patch (17408, 14336): cuDNN error: CUDNN_STATUS_NOT_INITIALIZED
    WARNING: GigaTIME failed on patch (17408, 15360): cuDNN error: CUDNN_STATUS_NOT_INITIALIZED
    WARNING: GigaTIME failed on patch (17408, 16384): cuDNN error: CUDNN_STATUS_NOT_INITIALIZED
    WARNING: GigaTIME failed on patch (17408, 17408): cuDNN error: CUDNN_STATUS_NOT_INITIALIZED
    WARNING: GigaTIME failed on patch (17408, 18432): cuDNN error: CUDNN_STATUS_NOT_INITIALIZED
    WARNING: GigaTIME failed on patch (17408, 19456): cuDNN error: CUDNN_STATUS_NOT_INITIALIZED
    WARNING: GigaTIME failed on patch (17408, 20480): cuDNN error: CUDNN_STATUS_NOT_INITIALIZED
    WARNING: GigaTIME failed on patch (17408, 21504): cuDNN error: CUDNN_STATUS_NOT_INITIALIZED
    WARNING: GigaTIME failed on patch (17408, 22528): cuDNN error: CUDNN_STATUS_NOT_INITIALIZED
    WARNING: GigaTIME failed on patch (17408, 23552): cuDNN error: CUDNN_STATUS_NOT_INITIALIZED
    WARNING: GigaTIME failed on patch (17408, 24576): cuDNN error: CUDNN_STATUS_NOT_INITIALIZED
    WARNING: GigaTIME failed on patch (17408, 25600): cuDNN error: CUDNN_STATUS_NOT_INITIALIZED
    WARNING: GigaTIME failed on patch (17408, 26624): cuDNN error: CUDNN_STATUS_NOT_INITIALIZED
    WARNING: GigaTIME failed on patch (17408, 27648): cuDNN error: CUDNN_STATUS_NOT_INITIALIZED
    WARNING: GigaTIME failed on patch (17408, 28672): cuDNN error: CUDNN_STATUS_NOT_INITIALIZED
    WARNING: GigaTIME failed on patch (17408, 29696): cuDNN error: CUDNN_STATUS_NOT_INITIALIZED
    WARNING: GigaTIME failed on patch (17408, 30720): cuDNN error: CUDNN_STATUS_NOT_INITIALIZED
    WARNING: GigaTIME failed on patch (17408, 31744): cuDNN error: CUDNN_STATUS_NOT_INITIALIZED
    WARNING: GigaTIME failed on patch (17408, 32768): cuDNN error: CUDNN_STATUS_NOT_INITIALIZED
    WARNING: GigaTIME failed on patch (17408, 33792): cuDNN error: CUDNN_STATUS_NOT_INITIALIZED
    WARNING: GigaTIME failed on patch (17408, 34816): cuDNN error: CUDNN_STATUS_NOT_INITIALIZED
    WARNING: GigaTIME failed on patch (17408, 35840): cuDNN error: CUDNN_STATUS_NOT_INITIALIZED
    WARNING: GigaTIME failed on patch (17408, 36864): cuDNN error: CUDNN_STATUS_NOT_INITIALIZED
    WARNING: GigaTIME failed on patch (17408, 37888): cuDNN error: CUDNN_STATUS_NOT_INITIALIZED
    WARNING: GigaTIME failed on patch (17408, 38912): cuDNN error: CUDNN_STATUS_NOT_INITIALIZED
    WARNING: GigaTIME failed on patch (17408, 39936): cuDNN error: CUDNN_STATUS_NOT_INITIALIZED
    WARNING: GigaTIME failed on patch (17408, 43008): cuDNN error: CUDNN_STATUS_NOT_INITIALIZED
    WARNING: GigaTIME failed on patch (17408, 44032): cuDNN error: CUDNN_STATUS_NOT_INITIALIZED
    WARNING: GigaTIME failed on patch (17408, 45056): cuDNN error: CUDNN_STATUS_NOT_INITIALIZED
    WARNING: GigaTIME failed on patch (17408, 46080): cuDNN error: CUDNN_STATUS_NOT_INITIALIZED
    WARNING: GigaTIME failed on patch (17408, 47104): cuDNN error: CUDNN_STATUS_NOT_INITIALIZED
    WARNING: GigaTIME failed on patch (17408, 48128): cuDNN error: CUDNN_STATUS_NOT_INITIALIZED
    WARNING: GigaTIME failed on patch (17408, 49152): cuDNN error: CUDNN_STATUS_NOT_INITIALIZED
    WARNING: GigaTIME failed on patch (17408, 50176): cuDNN error: CUDNN_STATUS_NOT_INITIALIZED
    WARNING: GigaTIME failed on patch (17408, 51200): cuDNN error: CUDNN_STATUS_NOT_INITIALIZED
    WARNING: GigaTIME failed on patch (17408, 52224): cuDNN error: CUDNN_STATUS_NOT_INITIALIZED
    WARNING: GigaTIME failed on patch (17408, 53248): cuDNN error: CUDNN_STATUS_NOT_INITIALIZED
    WARNING: GigaTIME failed on patch (17408, 54272): cuDNN error: CUDNN_STATUS_NOT_INITIALIZED
    WARNING: GigaTIME failed on patch (17408, 55296): cuDNN error: CUDNN_STATUS_NOT_INITIALIZED
    WARNING: GigaTIME failed on patch (17408, 56320): cuDNN error: CUDNN_STATUS_NOT_INITIALIZED
    WARNING: GigaTIME failed on patch (17408, 57344): cuDNN error: CUDNN_STATUS_NOT_INITIALIZED
    WARNING: GigaTIME failed on patch (17408, 58368): cuDNN error: CUDNN_STATUS_NOT_INITIALIZED
    WARNING: GigaTIME failed on patch (17408, 59392): cuDNN error: CUDNN_STATUS_NOT_INITIALIZED
    WARNING: GigaTIME failed on patch (17408, 60416): cuDNN error: CUDNN_STATUS_NOT_INITIALIZED
    WARNING: GigaTIME failed on patch (17408, 61440): cuDNN error: CUDNN_STATUS_NOT_INITIALIZED
    WARNING: GigaTIME failed on patch (17408, 62464): cuDNN error: CUDNN_STATUS_NOT_INITIALIZED
    WARNING: GigaTIME failed on patch (17408, 63488): cuDNN error: CUDNN_STATUS_NOT_INITIALIZED
    WARNING: GigaTIME failed on patch (17408, 64512): cuDNN error: CUDNN_STATUS_NOT_INITIALIZED
    WARNING: GigaTIME failed on patch (17408, 65536): cuDNN error: CUDNN_STATUS_NOT_INITIALIZED
    WARNING: GigaTIME failed on patch (17408, 66560): cuDNN error: CUDNN_STATUS_NOT_INITIALIZED
    WARNING: GigaTIME failed on patch (18432, 7168): cuDNN error: CUDNN_STATUS_NOT_INITIALIZED
    WARNING: GigaTIME failed on patch (18432, 8192): cuDNN error: CUDNN_STATUS_NOT_INITIALIZED
    WARNING: GigaTIME failed on patch (18432, 9216): cuDNN error: CUDNN_STATUS_NOT_INITIALIZED
    WARNING: GigaTIME failed on patch (18432, 10240): cuDNN error: CUDNN_STATUS_NOT_INITIALIZED
    WARNING: GigaTIME failed on patch (18432, 11264): cuDNN error: CUDNN_STATUS_NOT_INITIALIZED
    WARNING: GigaTIME failed on patch (18432, 12288): cuDNN error: CUDNN_STATUS_NOT_INITIALIZED
    WARNING: GigaTIME failed on patch (18432, 13312): cuDNN error: CUDNN_STATUS_NOT_INITIALIZED
    WARNING: GigaTIME failed on patch (18432, 14336): cuDNN error: CUDNN_STATUS_NOT_INITIALIZED
    WARNING: GigaTIME failed on patch (18432, 15360): cuDNN error: CUDNN_STATUS_NOT_INITIALIZED
    WARNING: GigaTIME failed on patch (18432, 16384): cuDNN error: CUDNN_STATUS_NOT_INITIALIZED
    WARNING: GigaTIME failed on patch (18432, 17408): cuDNN error: CUDNN_STATUS_NOT_INITIALIZED
    WARNING: GigaTIME failed on patch (18432, 18432): cuDNN error: CUDNN_STATUS_NOT_INITIALIZED
    WARNING: GigaTIME failed on patch (18432, 19456): cuDNN error: CUDNN_STATUS_NOT_INITIALIZED
    WARNING: GigaTIME failed on patch (18432, 20480): cuDNN error: CUDNN_STATUS_NOT_INITIALIZED
    WARNING: GigaTIME failed on patch (18432, 21504): cuDNN error: CUDNN_STATUS_NOT_INITIALIZED
    WARNING: GigaTIME failed on patch (18432, 22528): cuDNN error: CUDNN_STATUS_NOT_INITIALIZED
    WARNING: GigaTIME failed on patch (18432, 23552): cuDNN error: CUDNN_STATUS_NOT_INITIALIZED
    WARNING: GigaTIME failed on patch (18432, 24576): cuDNN error: CUDNN_STATUS_NOT_INITIALIZED
    WARNING: GigaTIME failed on patch (18432, 25600): cuDNN error: CUDNN_STATUS_NOT_INITIALIZED
    WARNING: GigaTIME failed on patch (18432, 26624): cuDNN error: CUDNN_STATUS_NOT_INITIALIZED
    WARNING: GigaTIME failed on patch (18432, 27648): cuDNN error: CUDNN_STATUS_NOT_INITIALIZED
    WARNING: GigaTIME failed on patch (18432, 28672): cuDNN error: CUDNN_STATUS_NOT_INITIALIZED
    WARNING: GigaTIME failed on patch (18432, 29696): cuDNN error: CUDNN_STATUS_NOT_INITIALIZED
    WARNING: GigaTIME failed on patch (18432, 30720): cuDNN error: CUDNN_STATUS_NOT_INITIALIZED
    WARNING: GigaTIME failed on patch (18432, 31744): cuDNN error: CUDNN_STATUS_NOT_INITIALIZED
    WARNING: GigaTIME failed on patch (18432, 32768): cuDNN error: CUDNN_STATUS_NOT_INITIALIZED
    WARNING: GigaTIME failed on patch (18432, 33792): cuDNN error: CUDNN_STATUS_NOT_INITIALIZED
    WARNING: GigaTIME failed on patch (18432, 34816): cuDNN error: CUDNN_STATUS_NOT_INITIALIZED
    WARNING: GigaTIME failed on patch (18432, 35840): cuDNN error: CUDNN_STATUS_NOT_INITIALIZED
    WARNING: GigaTIME failed on patch (18432, 36864): cuDNN error: CUDNN_STATUS_NOT_INITIALIZED
    WARNING: GigaTIME failed on patch (18432, 37888): cuDNN error: CUDNN_STATUS_NOT_INITIALIZED
    WARNING: GigaTIME failed on patch (18432, 38912): cuDNN error: CUDNN_STATUS_NOT_INITIALIZED
    WARNING: GigaTIME failed on patch (18432, 39936): cuDNN error: CUDNN_STATUS_NOT_INITIALIZED
    WARNING: GigaTIME failed on patch (18432, 40960): cuDNN error: CUDNN_STATUS_NOT_INITIALIZED
    WARNING: GigaTIME failed on patch (18432, 41984): cuDNN error: CUDNN_STATUS_NOT_INITIALIZED
    WARNING: GigaTIME failed on patch (18432, 43008): cuDNN error: CUDNN_STATUS_NOT_INITIALIZED
    WARNING: GigaTIME failed on patch (18432, 44032): cuDNN error: CUDNN_STATUS_NOT_INITIALIZED
    WARNING: GigaTIME failed on patch (18432, 45056): cuDNN error: CUDNN_STATUS_NOT_INITIALIZED
    WARNING: GigaTIME failed on patch (18432, 46080): cuDNN error: CUDNN_STATUS_NOT_INITIALIZED
    WARNING: GigaTIME failed on patch (18432, 47104): cuDNN error: CUDNN_STATUS_NOT_INITIALIZED
    WARNING: GigaTIME failed on patch (18432, 48128): cuDNN error: CUDNN_STATUS_NOT_INITIALIZED
    WARNING: GigaTIME failed on patch (18432, 49152): cuDNN error: CUDNN_STATUS_NOT_INITIALIZED
    WARNING: GigaTIME failed on patch (18432, 50176): cuDNN error: CUDNN_STATUS_NOT_INITIALIZED
    WARNING: GigaTIME failed on patch (18432, 51200): cuDNN error: CUDNN_STATUS_NOT_INITIALIZED
    WARNING: GigaTIME failed on patch (18432, 52224): cuDNN error: CUDNN_STATUS_NOT_INITIALIZED
    WARNING: GigaTIME failed on patch (18432, 53248): cuDNN error: CUDNN_STATUS_NOT_INITIALIZED
    WARNING: GigaTIME failed on patch (18432, 54272): cuDNN error: CUDNN_STATUS_NOT_INITIALIZED
    WARNING: GigaTIME failed on patch (18432, 55296): cuDNN error: CUDNN_STATUS_NOT_INITIALIZED
    WARNING: GigaTIME failed on patch (18432, 56320): cuDNN error: CUDNN_STATUS_NOT_INITIALIZED
    WARNING: GigaTIME failed on patch (18432, 57344): cuDNN error: CUDNN_STATUS_NOT_INITIALIZED
    WARNING: GigaTIME failed on patch (18432, 58368): cuDNN error: CUDNN_STATUS_NOT_INITIALIZED
    WARNING: GigaTIME failed on patch (18432, 59392): cuDNN error: CUDNN_STATUS_NOT_INITIALIZED
    WARNING: GigaTIME failed on patch (18432, 60416): cuDNN error: CUDNN_STATUS_NOT_INITIALIZED
    WARNING: GigaTIME failed on patch (18432, 61440): cuDNN error: CUDNN_STATUS_NOT_INITIALIZED
    WARNING: GigaTIME failed on patch (18432, 62464): cuDNN error: CUDNN_STATUS_NOT_INITIALIZED
    WARNING: GigaTIME failed on patch (18432, 63488): cuDNN error: CUDNN_STATUS_NOT_INITIALIZED
    WARNING: GigaTIME failed on patch (18432, 64512): cuDNN error: CUDNN_STATUS_NOT_INITIALIZED
    WARNING: GigaTIME failed on patch (18432, 65536): cuDNN error: CUDNN_STATUS_NOT_INITIALIZED
    WARNING: GigaTIME failed on patch (18432, 66560): cuDNN error: CUDNN_STATUS_NOT_INITIALIZED
    WARNING: GigaTIME failed on patch (19456, 7168): cuDNN error: CUDNN_STATUS_NOT_INITIALIZED
    WARNING: GigaTIME failed on patch (19456, 8192): cuDNN error: CUDNN_STATUS_NOT_INITIALIZED
    WARNING: GigaTIME failed on patch (19456, 9216): cuDNN error: CUDNN_STATUS_NOT_INITIALIZED
    WARNING: GigaTIME failed on patch (19456, 10240): cuDNN error: CUDNN_STATUS_NOT_INITIALIZED
    WARNING: GigaTIME failed on patch (19456, 11264): cuDNN error: CUDNN_STATUS_NOT_INITIALIZED
    WARNING: GigaTIME failed on patch (19456, 12288): cuDNN error: CUDNN_STATUS_NOT_INITIALIZED
    WARNING: GigaTIME failed on patch (19456, 13312): cuDNN error: CUDNN_STATUS_NOT_INITIALIZED
    WARNING: GigaTIME failed on patch (19456, 14336): cuDNN error: CUDNN_STATUS_NOT_INITIALIZED
    WARNING: GigaTIME failed on patch (19456, 15360): cuDNN error: CUDNN_STATUS_NOT_INITIALIZED
    WARNING: GigaTIME failed on patch (19456, 16384): cuDNN error: CUDNN_STATUS_NOT_INITIALIZED
    WARNING: GigaTIME failed on patch (19456, 17408): cuDNN error: CUDNN_STATUS_NOT_INITIALIZED
    WARNING: GigaTIME failed on patch (19456, 18432): cuDNN error: CUDNN_STATUS_NOT_INITIALIZED
    WARNING: GigaTIME failed on patch (19456, 19456): cuDNN error: CUDNN_STATUS_NOT_INITIALIZED
    WARNING: GigaTIME failed on patch (19456, 20480): cuDNN error: CUDNN_STATUS_NOT_INITIALIZED
    WARNING: GigaTIME failed on patch (19456, 21504): cuDNN error: CUDNN_STATUS_NOT_INITIALIZED
    WARNING: GigaTIME failed on patch (19456, 22528): cuDNN error: CUDNN_STATUS_NOT_INITIALIZED
    WARNING: GigaTIME failed on patch (19456, 23552): cuDNN error: CUDNN_STATUS_NOT_INITIALIZED
    WARNING: GigaTIME failed on patch (19456, 24576): cuDNN error: CUDNN_STATUS_NOT_INITIALIZED
    WARNING: GigaTIME failed on patch (19456, 25600): cuDNN error: CUDNN_STATUS_NOT_INITIALIZED
    WARNING: GigaTIME failed on patch (19456, 26624): cuDNN error: CUDNN_STATUS_NOT_INITIALIZED
    WARNING: GigaTIME failed on patch (19456, 27648): cuDNN error: CUDNN_STATUS_NOT_INITIALIZED
    WARNING: GigaTIME failed on patch (19456, 28672): cuDNN error: CUDNN_STATUS_NOT_INITIALIZED
    WARNING: GigaTIME failed on patch (19456, 29696): cuDNN error: CUDNN_STATUS_NOT_INITIALIZED
    WARNING: GigaTIME failed on patch (19456, 30720): cuDNN error: CUDNN_STATUS_NOT_INITIALIZED
    WARNING: GigaTIME failed on patch (19456, 31744): cuDNN error: CUDNN_STATUS_NOT_INITIALIZED
    WARNING: GigaTIME failed on patch (19456, 32768): cuDNN error: CUDNN_STATUS_NOT_INITIALIZED
    WARNING: GigaTIME failed on patch (19456, 33792): cuDNN error: CUDNN_STATUS_NOT_INITIALIZED
    WARNING: GigaTIME failed on patch (19456, 36864): cuDNN error: CUDNN_STATUS_NOT_INITIALIZED
    WARNING: GigaTIME failed on patch (19456, 37888): cuDNN error: CUDNN_STATUS_NOT_INITIALIZED
    WARNING: GigaTIME failed on patch (19456, 38912): cuDNN error: CUDNN_STATUS_NOT_INITIALIZED
    WARNING: GigaTIME failed on patch (19456, 39936): cuDNN error: CUDNN_STATUS_NOT_INITIALIZED
    WARNING: GigaTIME failed on patch (19456, 40960): cuDNN error: CUDNN_STATUS_NOT_INITIALIZED
    WARNING: GigaTIME failed on patch (19456, 41984): cuDNN error: CUDNN_STATUS_NOT_INITIALIZED
    WARNING: GigaTIME failed on patch (19456, 43008): cuDNN error: CUDNN_STATUS_NOT_INITIALIZED
    WARNING: GigaTIME failed on patch (19456, 44032): cuDNN error: CUDNN_STATUS_NOT_INITIALIZED
    WARNING: GigaTIME failed on patch (19456, 45056): cuDNN error: CUDNN_STATUS_NOT_INITIALIZED
    WARNING: GigaTIME failed on patch (19456, 46080): cuDNN error: CUDNN_STATUS_NOT_INITIALIZED
    WARNING: GigaTIME failed on patch (19456, 47104): cuDNN error: CUDNN_STATUS_NOT_INITIALIZED
    WARNING: GigaTIME failed on patch (19456, 48128): cuDNN error: CUDNN_STATUS_NOT_INITIALIZED
    WARNING: GigaTIME failed on patch (19456, 49152): cuDNN error: CUDNN_STATUS_NOT_INITIALIZED
    WARNING: GigaTIME failed on patch (19456, 50176): cuDNN error: CUDNN_STATUS_NOT_INITIALIZED
    WARNING: GigaTIME failed on patch (19456, 51200): cuDNN error: CUDNN_STATUS_NOT_INITIALIZED
    WARNING: GigaTIME failed on patch (19456, 52224): cuDNN error: CUDNN_STATUS_NOT_INITIALIZED
    WARNING: GigaTIME failed on patch (19456, 53248): cuDNN error: CUDNN_STATUS_NOT_INITIALIZED
    WARNING: GigaTIME failed on patch (19456, 54272): cuDNN error: CUDNN_STATUS_NOT_INITIALIZED
    WARNING: GigaTIME failed on patch (19456, 55296): cuDNN error: CUDNN_STATUS_NOT_INITIALIZED
    WARNING: GigaTIME failed on patch (19456, 56320): cuDNN error: CUDNN_STATUS_NOT_INITIALIZED
    WARNING: GigaTIME failed on patch (19456, 57344): cuDNN error: CUDNN_STATUS_NOT_INITIALIZED
    WARNING: GigaTIME failed on patch (19456, 58368): cuDNN error: CUDNN_STATUS_NOT_INITIALIZED
    WARNING: GigaTIME failed on patch (19456, 59392): cuDNN error: CUDNN_STATUS_NOT_INITIALIZED
    WARNING: GigaTIME failed on patch (19456, 60416): cuDNN error: CUDNN_STATUS_NOT_INITIALIZED
    WARNING: GigaTIME failed on patch (19456, 61440): cuDNN error: CUDNN_STATUS_NOT_INITIALIZED
    WARNING: GigaTIME failed on patch (19456, 62464): cuDNN error: CUDNN_STATUS_NOT_INITIALIZED
    WARNING: GigaTIME failed on patch (19456, 63488): cuDNN error: CUDNN_STATUS_NOT_INITIALIZED
    WARNING: GigaTIME failed on patch (19456, 64512): cuDNN error: CUDNN_STATUS_NOT_INITIALIZED
    WARNING: GigaTIME failed on patch (19456, 65536): cuDNN error: CUDNN_STATUS_NOT_INITIALIZED
    WARNING: GigaTIME failed on patch (19456, 66560): cuDNN error: CUDNN_STATUS_NOT_INITIALIZED
    WARNING: GigaTIME failed on patch (20480, 7168): cuDNN error: CUDNN_STATUS_NOT_INITIALIZED
    WARNING: GigaTIME failed on patch (20480, 8192): cuDNN error: CUDNN_STATUS_NOT_INITIALIZED
    WARNING: GigaTIME failed on patch (20480, 9216): cuDNN error: CUDNN_STATUS_NOT_INITIALIZED
    WARNING: GigaTIME failed on patch (20480, 10240): cuDNN error: CUDNN_STATUS_NOT_INITIALIZED
    WARNING: GigaTIME failed on patch (20480, 11264): cuDNN error: CUDNN_STATUS_NOT_INITIALIZED
    WARNING: GigaTIME failed on patch (20480, 12288): cuDNN error: CUDNN_STATUS_NOT_INITIALIZED
    WARNING: GigaTIME failed on patch (20480, 13312): cuDNN error: CUDNN_STATUS_NOT_INITIALIZED
    WARNING: GigaTIME failed on patch (20480, 14336): cuDNN error: CUDNN_STATUS_NOT_INITIALIZED
    WARNING: GigaTIME failed on patch (20480, 15360): cuDNN error: CUDNN_STATUS_NOT_INITIALIZED
    WARNING: GigaTIME failed on patch (20480, 16384): cuDNN error: CUDNN_STATUS_NOT_INITIALIZED
    WARNING: GigaTIME failed on patch (20480, 17408): cuDNN error: CUDNN_STATUS_NOT_INITIALIZED
    WARNING: GigaTIME failed on patch (20480, 18432): cuDNN error: CUDNN_STATUS_NOT_INITIALIZED
    WARNING: GigaTIME failed on patch (20480, 19456): cuDNN error: CUDNN_STATUS_NOT_INITIALIZED
    WARNING: GigaTIME failed on patch (20480, 20480): cuDNN error: CUDNN_STATUS_NOT_INITIALIZED
    WARNING: GigaTIME failed on patch (20480, 21504): cuDNN error: CUDNN_STATUS_NOT_INITIALIZED
    WARNING: GigaTIME failed on patch (20480, 22528): cuDNN error: CUDNN_STATUS_NOT_INITIALIZED
    WARNING: GigaTIME failed on patch (20480, 23552): cuDNN error: CUDNN_STATUS_NOT_INITIALIZED
    WARNING: GigaTIME failed on patch (20480, 24576): cuDNN error: CUDNN_STATUS_NOT_INITIALIZED
    WARNING: GigaTIME failed on patch (20480, 25600): cuDNN error: CUDNN_STATUS_NOT_INITIALIZED
    WARNING: GigaTIME failed on patch (20480, 26624): cuDNN error: CUDNN_STATUS_NOT_INITIALIZED
    WARNING: GigaTIME failed on patch (20480, 27648): cuDNN error: CUDNN_STATUS_NOT_INITIALIZED
    WARNING: GigaTIME failed on patch (20480, 28672): cuDNN error: CUDNN_STATUS_NOT_INITIALIZED
    WARNING: GigaTIME failed on patch (20480, 29696): cuDNN error: CUDNN_STATUS_NOT_INITIALIZED
    WARNING: GigaTIME failed on patch (20480, 30720): cuDNN error: CUDNN_STATUS_NOT_INITIALIZED
    WARNING: GigaTIME failed on patch (20480, 31744): cuDNN error: CUDNN_STATUS_NOT_INITIALIZED
    WARNING: GigaTIME failed on patch (20480, 32768): cuDNN error: CUDNN_STATUS_NOT_INITIALIZED
    WARNING: GigaTIME failed on patch (20480, 33792): cuDNN error: CUDNN_STATUS_NOT_INITIALIZED
    WARNING: GigaTIME failed on patch (20480, 38912): cuDNN error: CUDNN_STATUS_NOT_INITIALIZED
    WARNING: GigaTIME failed on patch (20480, 39936): cuDNN error: CUDNN_STATUS_NOT_INITIALIZED
    WARNING: GigaTIME failed on patch (20480, 40960): cuDNN error: CUDNN_STATUS_NOT_INITIALIZED
    WARNING: GigaTIME failed on patch (20480, 41984): cuDNN error: CUDNN_STATUS_NOT_INITIALIZED
    WARNING: GigaTIME failed on patch (20480, 45056): cuDNN error: CUDNN_STATUS_NOT_INITIALIZED
    WARNING: GigaTIME failed on patch (20480, 46080): cuDNN error: CUDNN_STATUS_NOT_INITIALIZED
    WARNING: GigaTIME failed on patch (20480, 47104): cuDNN error: CUDNN_STATUS_NOT_INITIALIZED
    WARNING: GigaTIME failed on patch (20480, 48128): cuDNN error: CUDNN_STATUS_NOT_INITIALIZED
    WARNING: GigaTIME failed on patch (20480, 49152): cuDNN error: CUDNN_STATUS_NOT_INITIALIZED
    WARNING: GigaTIME failed on patch (20480, 50176): cuDNN error: CUDNN_STATUS_NOT_INITIALIZED
    WARNING: GigaTIME failed on patch (20480, 51200): cuDNN error: CUDNN_STATUS_NOT_INITIALIZED
    WARNING: GigaTIME failed on patch (20480, 52224): cuDNN error: CUDNN_STATUS_NOT_INITIALIZED
    WARNING: GigaTIME failed on patch (20480, 53248): cuDNN error: CUDNN_STATUS_NOT_INITIALIZED
    WARNING: GigaTIME failed on patch (20480, 54272): cuDNN error: CUDNN_STATUS_NOT_INITIALIZED
    WARNING: GigaTIME failed on patch (20480, 55296): cuDNN error: CUDNN_STATUS_NOT_INITIALIZED
    WARNING: GigaTIME failed on patch (20480, 56320): cuDNN error: CUDNN_STATUS_NOT_INITIALIZED
    WARNING: GigaTIME failed on patch (20480, 57344): cuDNN error: CUDNN_STATUS_NOT_INITIALIZED
    WARNING: GigaTIME failed on patch (20480, 58368): cuDNN error: CUDNN_STATUS_NOT_INITIALIZED
    WARNING: GigaTIME failed on patch (20480, 59392): cuDNN error: CUDNN_STATUS_NOT_INITIALIZED
    WARNING: GigaTIME failed on patch (20480, 60416): cuDNN error: CUDNN_STATUS_NOT_INITIALIZED
    WARNING: GigaTIME failed on patch (20480, 61440): cuDNN error: CUDNN_STATUS_NOT_INITIALIZED
    WARNING: GigaTIME failed on patch (20480, 62464): cuDNN error: CUDNN_STATUS_NOT_INITIALIZED
    WARNING: GigaTIME failed on patch (20480, 63488): cuDNN error: CUDNN_STATUS_NOT_INITIALIZED
    WARNING: GigaTIME failed on patch (20480, 64512): cuDNN error: CUDNN_STATUS_NOT_INITIALIZED
    WARNING: GigaTIME failed on patch (20480, 65536): cuDNN error: CUDNN_STATUS_NOT_INITIALIZED
    WARNING: GigaTIME failed on patch (20480, 66560): cuDNN error: CUDNN_STATUS_NOT_INITIALIZED
    WARNING: GigaTIME failed on patch (21504, 7168): cuDNN error: CUDNN_STATUS_NOT_INITIALIZED
    WARNING: GigaTIME failed on patch (21504, 8192): cuDNN error: CUDNN_STATUS_NOT_INITIALIZED
    WARNING: GigaTIME failed on patch (21504, 9216): cuDNN error: CUDNN_STATUS_NOT_INITIALIZED
    WARNING: GigaTIME failed on patch (21504, 10240): cuDNN error: CUDNN_STATUS_NOT_INITIALIZED
    WARNING: GigaTIME failed on patch (21504, 11264): cuDNN error: CUDNN_STATUS_NOT_INITIALIZED
    WARNING: GigaTIME failed on patch (21504, 12288): cuDNN error: CUDNN_STATUS_NOT_INITIALIZED
    WARNING: GigaTIME failed on patch (21504, 13312): cuDNN error: CUDNN_STATUS_NOT_INITIALIZED
    WARNING: GigaTIME failed on patch (21504, 14336): cuDNN error: CUDNN_STATUS_NOT_INITIALIZED
    WARNING: GigaTIME failed on patch (21504, 15360): cuDNN error: CUDNN_STATUS_NOT_INITIALIZED
    WARNING: GigaTIME failed on patch (21504, 16384): cuDNN error: CUDNN_STATUS_NOT_INITIALIZED
    WARNING: GigaTIME failed on patch (21504, 17408): cuDNN error: CUDNN_STATUS_NOT_INITIALIZED
    WARNING: GigaTIME failed on patch (21504, 18432): cuDNN error: CUDNN_STATUS_NOT_INITIALIZED
    WARNING: GigaTIME failed on patch (21504, 19456): cuDNN error: CUDNN_STATUS_NOT_INITIALIZED
    WARNING: GigaTIME failed on patch (21504, 20480): cuDNN error: CUDNN_STATUS_NOT_INITIALIZED
    WARNING: GigaTIME failed on patch (21504, 21504): cuDNN error: CUDNN_STATUS_NOT_INITIALIZED
    WARNING: GigaTIME failed on patch (21504, 22528): cuDNN error: CUDNN_STATUS_NOT_INITIALIZED
    WARNING: GigaTIME failed on patch (21504, 23552): cuDNN error: CUDNN_STATUS_NOT_INITIALIZED
    WARNING: GigaTIME failed on patch (21504, 24576): cuDNN error: CUDNN_STATUS_NOT_INITIALIZED
    WARNING: GigaTIME failed on patch (21504, 25600): cuDNN error: CUDNN_STATUS_NOT_INITIALIZED
    WARNING: GigaTIME failed on patch (21504, 26624): cuDNN error: CUDNN_STATUS_NOT_INITIALIZED
    WARNING: GigaTIME failed on patch (21504, 27648): cuDNN error: CUDNN_STATUS_NOT_INITIALIZED
    WARNING: GigaTIME failed on patch (21504, 28672): cuDNN error: CUDNN_STATUS_NOT_INITIALIZED
    WARNING: GigaTIME failed on patch (21504, 29696): cuDNN error: CUDNN_STATUS_NOT_INITIALIZED
    WARNING: GigaTIME failed on patch (21504, 30720): cuDNN error: CUDNN_STATUS_NOT_INITIALIZED
    WARNING: GigaTIME failed on patch (21504, 31744): cuDNN error: CUDNN_STATUS_NOT_INITIALIZED
    WARNING: GigaTIME failed on patch (21504, 32768): cuDNN error: CUDNN_STATUS_NOT_INITIALIZED
    WARNING: GigaTIME failed on patch (21504, 33792): cuDNN error: CUDNN_STATUS_NOT_INITIALIZED
    WARNING: GigaTIME failed on patch (21504, 34816): cuDNN error: CUDNN_STATUS_NOT_INITIALIZED
    WARNING: GigaTIME failed on patch (21504, 37888): cuDNN error: CUDNN_STATUS_NOT_INITIALIZED
    WARNING: GigaTIME failed on patch (21504, 38912): cuDNN error: CUDNN_STATUS_NOT_INITIALIZED
    WARNING: GigaTIME failed on patch (21504, 39936): cuDNN error: CUDNN_STATUS_NOT_INITIALIZED
    WARNING: GigaTIME failed on patch (21504, 40960): cuDNN error: CUDNN_STATUS_NOT_INITIALIZED
    WARNING: GigaTIME failed on patch (21504, 41984): cuDNN error: CUDNN_STATUS_NOT_INITIALIZED
    WARNING: GigaTIME failed on patch (21504, 47104): cuDNN error: CUDNN_STATUS_NOT_INITIALIZED
    WARNING: GigaTIME failed on patch (21504, 48128): cuDNN error: CUDNN_STATUS_NOT_INITIALIZED
    WARNING: GigaTIME failed on patch (21504, 49152): cuDNN error: CUDNN_STATUS_NOT_INITIALIZED
    WARNING: GigaTIME failed on patch (21504, 50176): cuDNN error: CUDNN_STATUS_NOT_INITIALIZED
    WARNING: GigaTIME failed on patch (21504, 51200): cuDNN error: CUDNN_STATUS_NOT_INITIALIZED
    WARNING: GigaTIME failed on patch (21504, 52224): cuDNN error: CUDNN_STATUS_NOT_INITIALIZED
    WARNING: GigaTIME failed on patch (21504, 53248): cuDNN error: CUDNN_STATUS_NOT_INITIALIZED
    WARNING: GigaTIME failed on patch (21504, 54272): cuDNN error: CUDNN_STATUS_NOT_INITIALIZED
    WARNING: GigaTIME failed on patch (21504, 55296): cuDNN error: CUDNN_STATUS_NOT_INITIALIZED
    WARNING: GigaTIME failed on patch (21504, 56320): cuDNN error: CUDNN_STATUS_NOT_INITIALIZED
    WARNING: GigaTIME failed on patch (21504, 57344): cuDNN error: CUDNN_STATUS_NOT_INITIALIZED
    WARNING: GigaTIME failed on patch (21504, 58368): cuDNN error: CUDNN_STATUS_NOT_INITIALIZED
    WARNING: GigaTIME failed on patch (21504, 59392): cuDNN error: CUDNN_STATUS_NOT_INITIALIZED
    WARNING: GigaTIME failed on patch (21504, 60416): cuDNN error: CUDNN_STATUS_NOT_INITIALIZED
    WARNING: GigaTIME failed on patch (21504, 61440): cuDNN error: CUDNN_STATUS_NOT_INITIALIZED
    WARNING: GigaTIME failed on patch (21504, 62464): cuDNN error: CUDNN_STATUS_NOT_INITIALIZED
    WARNING: GigaTIME failed on patch (21504, 63488): cuDNN error: CUDNN_STATUS_NOT_INITIALIZED
    WARNING: GigaTIME failed on patch (21504, 64512): cuDNN error: CUDNN_STATUS_NOT_INITIALIZED
    WARNING: GigaTIME failed on patch (21504, 65536): cuDNN error: CUDNN_STATUS_NOT_INITIALIZED
    WARNING: GigaTIME failed on patch (21504, 66560): cuDNN error: CUDNN_STATUS_NOT_INITIALIZED
    WARNING: GigaTIME failed on patch (22528, 8192): cuDNN error: CUDNN_STATUS_NOT_INITIALIZED
    WARNING: GigaTIME failed on patch (22528, 9216): cuDNN error: CUDNN_STATUS_NOT_INITIALIZED
    WARNING: GigaTIME failed on patch (22528, 10240): cuDNN error: CUDNN_STATUS_NOT_INITIALIZED
    WARNING: GigaTIME failed on patch (22528, 11264): cuDNN error: CUDNN_STATUS_NOT_INITIALIZED
    WARNING: GigaTIME failed on patch (22528, 12288): cuDNN error: CUDNN_STATUS_NOT_INITIALIZED
    WARNING: GigaTIME failed on patch (22528, 13312): cuDNN error: CUDNN_STATUS_NOT_INITIALIZED
    WARNING: GigaTIME failed on patch (22528, 14336): cuDNN error: CUDNN_STATUS_NOT_INITIALIZED
    WARNING: GigaTIME failed on patch (22528, 15360): cuDNN error: CUDNN_STATUS_NOT_INITIALIZED
    WARNING: GigaTIME failed on patch (22528, 16384): cuDNN error: CUDNN_STATUS_NOT_INITIALIZED
    WARNING: GigaTIME failed on patch (22528, 17408): cuDNN error: CUDNN_STATUS_NOT_INITIALIZED
    WARNING: GigaTIME failed on patch (22528, 18432): cuDNN error: CUDNN_STATUS_NOT_INITIALIZED
    WARNING: GigaTIME failed on patch (22528, 19456): cuDNN error: CUDNN_STATUS_NOT_INITIALIZED
    WARNING: GigaTIME failed on patch (22528, 20480): cuDNN error: CUDNN_STATUS_NOT_INITIALIZED
    WARNING: GigaTIME failed on patch (22528, 21504): cuDNN error: CUDNN_STATUS_NOT_INITIALIZED
    WARNING: GigaTIME failed on patch (22528, 22528): cuDNN error: CUDNN_STATUS_NOT_INITIALIZED
    WARNING: GigaTIME failed on patch (22528, 23552): cuDNN error: CUDNN_STATUS_NOT_INITIALIZED
    WARNING: GigaTIME failed on patch (22528, 24576): cuDNN error: CUDNN_STATUS_NOT_INITIALIZED
    WARNING: GigaTIME failed on patch (22528, 25600): cuDNN error: CUDNN_STATUS_NOT_INITIALIZED
    WARNING: GigaTIME failed on patch (22528, 26624): cuDNN error: CUDNN_STATUS_NOT_INITIALIZED
    WARNING: GigaTIME failed on patch (22528, 27648): cuDNN error: CUDNN_STATUS_NOT_INITIALIZED
    WARNING: GigaTIME failed on patch (22528, 28672): cuDNN error: CUDNN_STATUS_NOT_INITIALIZED
    WARNING: GigaTIME failed on patch (22528, 29696): cuDNN error: CUDNN_STATUS_NOT_INITIALIZED
    WARNING: GigaTIME failed on patch (22528, 30720): cuDNN error: CUDNN_STATUS_NOT_INITIALIZED
    WARNING: GigaTIME failed on patch (22528, 31744): cuDNN error: CUDNN_STATUS_NOT_INITIALIZED
    WARNING: GigaTIME failed on patch (22528, 32768): cuDNN error: CUDNN_STATUS_NOT_INITIALIZED
    WARNING: GigaTIME failed on patch (22528, 33792): cuDNN error: CUDNN_STATUS_NOT_INITIALIZED
    WARNING: GigaTIME failed on patch (22528, 34816): cuDNN error: CUDNN_STATUS_NOT_INITIALIZED
    WARNING: GigaTIME failed on patch (22528, 35840): cuDNN error: CUDNN_STATUS_NOT_INITIALIZED
    WARNING: GigaTIME failed on patch (22528, 36864): cuDNN error: CUDNN_STATUS_NOT_INITIALIZED
    WARNING: GigaTIME failed on patch (22528, 37888): cuDNN error: CUDNN_STATUS_NOT_INITIALIZED
    WARNING: GigaTIME failed on patch (22528, 38912): cuDNN error: CUDNN_STATUS_NOT_INITIALIZED
    WARNING: GigaTIME failed on patch (22528, 39936): cuDNN error: CUDNN_STATUS_NOT_INITIALIZED
    WARNING: GigaTIME failed on patch (22528, 40960): cuDNN error: CUDNN_STATUS_NOT_INITIALIZED
    WARNING: GigaTIME failed on patch (22528, 41984): cuDNN error: CUDNN_STATUS_NOT_INITIALIZED
    WARNING: GigaTIME failed on patch (22528, 43008): cuDNN error: CUDNN_STATUS_NOT_INITIALIZED
    WARNING: GigaTIME failed on patch (22528, 44032): cuDNN error: CUDNN_STATUS_NOT_INITIALIZED
    WARNING: GigaTIME failed on patch (22528, 47104): cuDNN error: CUDNN_STATUS_NOT_INITIALIZED
    WARNING: GigaTIME failed on patch (22528, 48128): cuDNN error: CUDNN_STATUS_NOT_INITIALIZED
    WARNING: GigaTIME failed on patch (22528, 49152): cuDNN error: CUDNN_STATUS_NOT_INITIALIZED
    WARNING: GigaTIME failed on patch (22528, 50176): cuDNN error: CUDNN_STATUS_NOT_INITIALIZED
    WARNING: GigaTIME failed on patch (22528, 51200): cuDNN error: CUDNN_STATUS_NOT_INITIALIZED
    WARNING: GigaTIME failed on patch (22528, 52224): cuDNN error: CUDNN_STATUS_NOT_INITIALIZED
    WARNING: GigaTIME failed on patch (22528, 53248): cuDNN error: CUDNN_STATUS_NOT_INITIALIZED
    WARNING: GigaTIME failed on patch (22528, 54272): cuDNN error: CUDNN_STATUS_NOT_INITIALIZED
    WARNING: GigaTIME failed on patch (22528, 55296): cuDNN error: CUDNN_STATUS_NOT_INITIALIZED
    WARNING: GigaTIME failed on patch (22528, 56320): cuDNN error: CUDNN_STATUS_NOT_INITIALIZED
    WARNING: GigaTIME failed on patch (22528, 57344): cuDNN error: CUDNN_STATUS_NOT_INITIALIZED
    WARNING: GigaTIME failed on patch (22528, 58368): cuDNN error: CUDNN_STATUS_NOT_INITIALIZED
    WARNING: GigaTIME failed on patch (22528, 59392): cuDNN error: CUDNN_STATUS_NOT_INITIALIZED
    WARNING: GigaTIME failed on patch (22528, 60416): cuDNN error: CUDNN_STATUS_NOT_INITIALIZED
    WARNING: GigaTIME failed on patch (22528, 61440): cuDNN error: CUDNN_STATUS_NOT_INITIALIZED
    WARNING: GigaTIME failed on patch (22528, 62464): cuDNN error: CUDNN_STATUS_NOT_INITIALIZED
    WARNING: GigaTIME failed on patch (22528, 63488): cuDNN error: CUDNN_STATUS_NOT_INITIALIZED
    WARNING: GigaTIME failed on patch (22528, 65536): cuDNN error: CUDNN_STATUS_NOT_INITIALIZED
    WARNING: GigaTIME failed on patch (22528, 66560): cuDNN error: CUDNN_STATUS_NOT_INITIALIZED
    WARNING: GigaTIME failed on patch (23552, 10240): cuDNN error: CUDNN_STATUS_NOT_INITIALIZED
    WARNING: GigaTIME failed on patch (23552, 11264): cuDNN error: CUDNN_STATUS_NOT_INITIALIZED
    WARNING: GigaTIME failed on patch (23552, 12288): cuDNN error: CUDNN_STATUS_NOT_INITIALIZED
    WARNING: GigaTIME failed on patch (23552, 13312): cuDNN error: CUDNN_STATUS_NOT_INITIALIZED
    WARNING: GigaTIME failed on patch (23552, 14336): cuDNN error: CUDNN_STATUS_NOT_INITIALIZED
    WARNING: GigaTIME failed on patch (23552, 15360): cuDNN error: CUDNN_STATUS_NOT_INITIALIZED
    WARNING: GigaTIME failed on patch (23552, 16384): cuDNN error: CUDNN_STATUS_NOT_INITIALIZED
    WARNING: GigaTIME failed on patch (23552, 17408): cuDNN error: CUDNN_STATUS_NOT_INITIALIZED
    WARNING: GigaTIME failed on patch (23552, 18432): cuDNN error: CUDNN_STATUS_NOT_INITIALIZED
    WARNING: GigaTIME failed on patch (23552, 19456): cuDNN error: CUDNN_STATUS_NOT_INITIALIZED
    WARNING: GigaTIME failed on patch (23552, 20480): cuDNN error: CUDNN_STATUS_NOT_INITIALIZED
    WARNING: GigaTIME failed on patch (23552, 21504): cuDNN error: CUDNN_STATUS_NOT_INITIALIZED
    WARNING: GigaTIME failed on patch (23552, 22528): cuDNN error: CUDNN_STATUS_NOT_INITIALIZED
    WARNING: GigaTIME failed on patch (23552, 23552): cuDNN error: CUDNN_STATUS_NOT_INITIALIZED
    WARNING: GigaTIME failed on patch (23552, 24576): cuDNN error: CUDNN_STATUS_NOT_INITIALIZED
    WARNING: GigaTIME failed on patch (23552, 25600): cuDNN error: CUDNN_STATUS_NOT_INITIALIZED
    WARNING: GigaTIME failed on patch (23552, 26624): cuDNN error: CUDNN_STATUS_NOT_INITIALIZED
    WARNING: GigaTIME failed on patch (23552, 27648): cuDNN error: CUDNN_STATUS_NOT_INITIALIZED
    WARNING: GigaTIME failed on patch (23552, 28672): cuDNN error: CUDNN_STATUS_NOT_INITIALIZED
    WARNING: GigaTIME failed on patch (23552, 29696): cuDNN error: CUDNN_STATUS_NOT_INITIALIZED
    WARNING: GigaTIME failed on patch (23552, 30720): cuDNN error: CUDNN_STATUS_NOT_INITIALIZED
    WARNING: GigaTIME failed on patch (23552, 31744): cuDNN error: CUDNN_STATUS_NOT_INITIALIZED
    WARNING: GigaTIME failed on patch (23552, 32768): cuDNN error: CUDNN_STATUS_NOT_INITIALIZED
    WARNING: GigaTIME failed on patch (23552, 33792): cuDNN error: CUDNN_STATUS_NOT_INITIALIZED
    WARNING: GigaTIME failed on patch (23552, 34816): cuDNN error: CUDNN_STATUS_NOT_INITIALIZED
    WARNING: GigaTIME failed on patch (23552, 35840): cuDNN error: CUDNN_STATUS_NOT_INITIALIZED
    WARNING: GigaTIME failed on patch (23552, 36864): cuDNN error: CUDNN_STATUS_NOT_INITIALIZED
    WARNING: GigaTIME failed on patch (23552, 37888): cuDNN error: CUDNN_STATUS_NOT_INITIALIZED
    WARNING: GigaTIME failed on patch (23552, 38912): cuDNN error: CUDNN_STATUS_NOT_INITIALIZED
    WARNING: GigaTIME failed on patch (23552, 39936): cuDNN error: CUDNN_STATUS_NOT_INITIALIZED
    WARNING: GigaTIME failed on patch (23552, 40960): cuDNN error: CUDNN_STATUS_NOT_INITIALIZED
    WARNING: GigaTIME failed on patch (23552, 41984): cuDNN error: CUDNN_STATUS_NOT_INITIALIZED
    WARNING: GigaTIME failed on patch (23552, 43008): cuDNN error: CUDNN_STATUS_NOT_INITIALIZED
    WARNING: GigaTIME failed on patch (23552, 44032): cuDNN error: CUDNN_STATUS_NOT_INITIALIZED
    WARNING: GigaTIME failed on patch (23552, 48128): cuDNN error: CUDNN_STATUS_NOT_INITIALIZED
    WARNING: GigaTIME failed on patch (23552, 49152): cuDNN error: CUDNN_STATUS_NOT_INITIALIZED
    WARNING: GigaTIME failed on patch (23552, 50176): cuDNN error: CUDNN_STATUS_NOT_INITIALIZED
    WARNING: GigaTIME failed on patch (23552, 51200): cuDNN error: CUDNN_STATUS_NOT_INITIALIZED
    WARNING: GigaTIME failed on patch (23552, 52224): cuDNN error: CUDNN_STATUS_NOT_INITIALIZED
    WARNING: GigaTIME failed on patch (23552, 53248): cuDNN error: CUDNN_STATUS_NOT_INITIALIZED
    WARNING: GigaTIME failed on patch (23552, 54272): cuDNN error: CUDNN_STATUS_NOT_INITIALIZED
    WARNING: GigaTIME failed on patch (23552, 55296): cuDNN error: CUDNN_STATUS_NOT_INITIALIZED
    WARNING: GigaTIME failed on patch (23552, 56320): cuDNN error: CUDNN_STATUS_NOT_INITIALIZED
    WARNING: GigaTIME failed on patch (23552, 57344): cuDNN error: CUDNN_STATUS_NOT_INITIALIZED
    WARNING: GigaTIME failed on patch (23552, 58368): cuDNN error: CUDNN_STATUS_NOT_INITIALIZED
    WARNING: GigaTIME failed on patch (23552, 59392): cuDNN error: CUDNN_STATUS_NOT_INITIALIZED
    WARNING: GigaTIME failed on patch (23552, 60416): cuDNN error: CUDNN_STATUS_NOT_INITIALIZED
    WARNING: GigaTIME failed on patch (23552, 61440): cuDNN error: CUDNN_STATUS_NOT_INITIALIZED
    WARNING: GigaTIME failed on patch (23552, 62464): cuDNN error: CUDNN_STATUS_NOT_INITIALIZED
    WARNING: GigaTIME failed on patch (23552, 65536): cuDNN error: CUDNN_STATUS_NOT_INITIALIZED
    WARNING: GigaTIME failed on patch (23552, 66560): cuDNN error: CUDNN_STATUS_NOT_INITIALIZED
    WARNING: GigaTIME failed on patch (24576, 14336): cuDNN error: CUDNN_STATUS_NOT_INITIALIZED
    WARNING: GigaTIME failed on patch (24576, 15360): cuDNN error: CUDNN_STATUS_NOT_INITIALIZED
    WARNING: GigaTIME failed on patch (24576, 16384): cuDNN error: CUDNN_STATUS_NOT_INITIALIZED
    WARNING: GigaTIME failed on patch (24576, 17408): cuDNN error: CUDNN_STATUS_NOT_INITIALIZED
    WARNING: GigaTIME failed on patch (24576, 18432): cuDNN error: CUDNN_STATUS_NOT_INITIALIZED
    WARNING: GigaTIME failed on patch (24576, 19456): cuDNN error: CUDNN_STATUS_NOT_INITIALIZED
    WARNING: GigaTIME failed on patch (24576, 20480): cuDNN error: CUDNN_STATUS_NOT_INITIALIZED
    WARNING: GigaTIME failed on patch (24576, 21504): cuDNN error: CUDNN_STATUS_NOT_INITIALIZED
    WARNING: GigaTIME failed on patch (24576, 22528): cuDNN error: CUDNN_STATUS_NOT_INITIALIZED
    WARNING: GigaTIME failed on patch (24576, 23552): cuDNN error: CUDNN_STATUS_NOT_INITIALIZED
    WARNING: GigaTIME failed on patch (24576, 24576): cuDNN error: CUDNN_STATUS_NOT_INITIALIZED
    WARNING: GigaTIME failed on patch (24576, 25600): cuDNN error: CUDNN_STATUS_NOT_INITIALIZED
    WARNING: GigaTIME failed on patch (24576, 26624): cuDNN error: CUDNN_STATUS_NOT_INITIALIZED
    WARNING: GigaTIME failed on patch (24576, 27648): cuDNN error: CUDNN_STATUS_NOT_INITIALIZED
    WARNING: GigaTIME failed on patch (24576, 28672): cuDNN error: CUDNN_STATUS_NOT_INITIALIZED
    WARNING: GigaTIME failed on patch (24576, 29696): cuDNN error: CUDNN_STATUS_NOT_INITIALIZED
    WARNING: GigaTIME failed on patch (24576, 30720): cuDNN error: CUDNN_STATUS_NOT_INITIALIZED
    WARNING: GigaTIME failed on patch (24576, 31744): cuDNN error: CUDNN_STATUS_NOT_INITIALIZED
    WARNING: GigaTIME failed on patch (24576, 32768): cuDNN error: CUDNN_STATUS_NOT_INITIALIZED
    WARNING: GigaTIME failed on patch (24576, 33792): cuDNN error: CUDNN_STATUS_NOT_INITIALIZED
    WARNING: GigaTIME failed on patch (24576, 34816): cuDNN error: CUDNN_STATUS_NOT_INITIALIZED
    WARNING: GigaTIME failed on patch (24576, 35840): cuDNN error: CUDNN_STATUS_NOT_INITIALIZED
    WARNING: GigaTIME failed on patch (24576, 36864): cuDNN error: CUDNN_STATUS_NOT_INITIALIZED
    WARNING: GigaTIME failed on patch (24576, 37888): cuDNN error: CUDNN_STATUS_NOT_INITIALIZED
    WARNING: GigaTIME failed on patch (24576, 38912): cuDNN error: CUDNN_STATUS_NOT_INITIALIZED
    WARNING: GigaTIME failed on patch (24576, 39936): cuDNN error: CUDNN_STATUS_NOT_INITIALIZED
    WARNING: GigaTIME failed on patch (24576, 40960): cuDNN error: CUDNN_STATUS_NOT_INITIALIZED
    WARNING: GigaTIME failed on patch (24576, 41984): cuDNN error: CUDNN_STATUS_NOT_INITIALIZED
    WARNING: GigaTIME failed on patch (24576, 43008): cuDNN error: CUDNN_STATUS_NOT_INITIALIZED
    WARNING: GigaTIME failed on patch (24576, 44032): cuDNN error: CUDNN_STATUS_NOT_INITIALIZED
    WARNING: GigaTIME failed on patch (24576, 48128): cuDNN error: CUDNN_STATUS_NOT_INITIALIZED
    WARNING: GigaTIME failed on patch (24576, 49152): cuDNN error: CUDNN_STATUS_NOT_INITIALIZED
    WARNING: GigaTIME failed on patch (24576, 50176): cuDNN error: CUDNN_STATUS_NOT_INITIALIZED
    WARNING: GigaTIME failed on patch (24576, 51200): cuDNN error: CUDNN_STATUS_NOT_INITIALIZED
    WARNING: GigaTIME failed on patch (24576, 52224): cuDNN error: CUDNN_STATUS_NOT_INITIALIZED
    WARNING: GigaTIME failed on patch (24576, 53248): cuDNN error: CUDNN_STATUS_NOT_INITIALIZED
    WARNING: GigaTIME failed on patch (24576, 54272): cuDNN error: CUDNN_STATUS_NOT_INITIALIZED
    WARNING: GigaTIME failed on patch (24576, 55296): cuDNN error: CUDNN_STATUS_NOT_INITIALIZED
    WARNING: GigaTIME failed on patch (24576, 56320): cuDNN error: CUDNN_STATUS_NOT_INITIALIZED
    WARNING: GigaTIME failed on patch (24576, 57344): cuDNN error: CUDNN_STATUS_NOT_INITIALIZED
    WARNING: GigaTIME failed on patch (24576, 58368): cuDNN error: CUDNN_STATUS_NOT_INITIALIZED
    WARNING: GigaTIME failed on patch (24576, 59392): cuDNN error: CUDNN_STATUS_NOT_INITIALIZED
    WARNING: GigaTIME failed on patch (24576, 60416): cuDNN error: CUDNN_STATUS_NOT_INITIALIZED
    WARNING: GigaTIME failed on patch (24576, 61440): cuDNN error: CUDNN_STATUS_NOT_INITIALIZED
    WARNING: GigaTIME failed on patch (24576, 62464): cuDNN error: CUDNN_STATUS_NOT_INITIALIZED
    WARNING: GigaTIME failed on patch (24576, 65536): cuDNN error: CUDNN_STATUS_NOT_INITIALIZED
    WARNING: GigaTIME failed on patch (24576, 66560): cuDNN error: CUDNN_STATUS_NOT_INITIALIZED
    WARNING: GigaTIME failed on patch (25600, 14336): cuDNN error: CUDNN_STATUS_NOT_INITIALIZED
    WARNING: GigaTIME failed on patch (25600, 15360): cuDNN error: CUDNN_STATUS_NOT_INITIALIZED
    WARNING: GigaTIME failed on patch (25600, 16384): cuDNN error: CUDNN_STATUS_NOT_INITIALIZED
    WARNING: GigaTIME failed on patch (25600, 17408): cuDNN error: CUDNN_STATUS_NOT_INITIALIZED
    WARNING: GigaTIME failed on patch (25600, 18432): cuDNN error: CUDNN_STATUS_NOT_INITIALIZED
    WARNING: GigaTIME failed on patch (25600, 19456): cuDNN error: CUDNN_STATUS_NOT_INITIALIZED
    WARNING: GigaTIME failed on patch (25600, 20480): cuDNN error: CUDNN_STATUS_NOT_INITIALIZED
    WARNING: GigaTIME failed on patch (25600, 21504): cuDNN error: CUDNN_STATUS_NOT_INITIALIZED
    WARNING: GigaTIME failed on patch (25600, 22528): cuDNN error: CUDNN_STATUS_NOT_INITIALIZED
    WARNING: GigaTIME failed on patch (25600, 23552): cuDNN error: CUDNN_STATUS_NOT_INITIALIZED
    WARNING: GigaTIME failed on patch (25600, 24576): cuDNN error: CUDNN_STATUS_NOT_INITIALIZED
    WARNING: GigaTIME failed on patch (25600, 25600): cuDNN error: CUDNN_STATUS_NOT_INITIALIZED
    WARNING: GigaTIME failed on patch (25600, 26624): cuDNN error: CUDNN_STATUS_NOT_INITIALIZED
    WARNING: GigaTIME failed on patch (25600, 27648): cuDNN error: CUDNN_STATUS_NOT_INITIALIZED
    WARNING: GigaTIME failed on patch (25600, 28672): cuDNN error: CUDNN_STATUS_NOT_INITIALIZED
    WARNING: GigaTIME failed on patch (25600, 29696): cuDNN error: CUDNN_STATUS_NOT_INITIALIZED
    WARNING: GigaTIME failed on patch (25600, 30720): cuDNN error: CUDNN_STATUS_NOT_INITIALIZED
    WARNING: GigaTIME failed on patch (25600, 31744): cuDNN error: CUDNN_STATUS_NOT_INITIALIZED
    WARNING: GigaTIME failed on patch (25600, 32768): cuDNN error: CUDNN_STATUS_NOT_INITIALIZED
    WARNING: GigaTIME failed on patch (25600, 33792): cuDNN error: CUDNN_STATUS_NOT_INITIALIZED
    WARNING: GigaTIME failed on patch (25600, 34816): cuDNN error: CUDNN_STATUS_NOT_INITIALIZED
    WARNING: GigaTIME failed on patch (25600, 35840): cuDNN error: CUDNN_STATUS_NOT_INITIALIZED
    WARNING: GigaTIME failed on patch (25600, 36864): cuDNN error: CUDNN_STATUS_NOT_INITIALIZED
    WARNING: GigaTIME failed on patch (25600, 37888): cuDNN error: CUDNN_STATUS_NOT_INITIALIZED
    WARNING: GigaTIME failed on patch (25600, 38912): cuDNN error: CUDNN_STATUS_NOT_INITIALIZED
    WARNING: GigaTIME failed on patch (25600, 39936): cuDNN error: CUDNN_STATUS_NOT_INITIALIZED
    WARNING: GigaTIME failed on patch (25600, 40960): cuDNN error: CUDNN_STATUS_NOT_INITIALIZED
    WARNING: GigaTIME failed on patch (25600, 41984): cuDNN error: CUDNN_STATUS_NOT_INITIALIZED
    WARNING: GigaTIME failed on patch (25600, 43008): cuDNN error: CUDNN_STATUS_NOT_INITIALIZED
    WARNING: GigaTIME failed on patch (25600, 44032): cuDNN error: CUDNN_STATUS_NOT_INITIALIZED
    WARNING: GigaTIME failed on patch (25600, 45056): cuDNN error: CUDNN_STATUS_NOT_INITIALIZED
    WARNING: GigaTIME failed on patch (25600, 47104): cuDNN error: CUDNN_STATUS_NOT_INITIALIZED
    WARNING: GigaTIME failed on patch (25600, 48128): cuDNN error: CUDNN_STATUS_NOT_INITIALIZED
    WARNING: GigaTIME failed on patch (25600, 49152): cuDNN error: CUDNN_STATUS_NOT_INITIALIZED
    WARNING: GigaTIME failed on patch (25600, 50176): cuDNN error: CUDNN_STATUS_NOT_INITIALIZED
    WARNING: GigaTIME failed on patch (25600, 51200): cuDNN error: CUDNN_STATUS_NOT_INITIALIZED
    WARNING: GigaTIME failed on patch (25600, 52224): cuDNN error: CUDNN_STATUS_NOT_INITIALIZED
    WARNING: GigaTIME failed on patch (25600, 53248): cuDNN error: CUDNN_STATUS_NOT_INITIALIZED
    WARNING: GigaTIME failed on patch (25600, 54272): cuDNN error: CUDNN_STATUS_NOT_INITIALIZED
    WARNING: GigaTIME failed on patch (25600, 55296): cuDNN error: CUDNN_STATUS_NOT_INITIALIZED
    WARNING: GigaTIME failed on patch (25600, 56320): cuDNN error: CUDNN_STATUS_NOT_INITIALIZED
    WARNING: GigaTIME failed on patch (25600, 57344): cuDNN error: CUDNN_STATUS_NOT_INITIALIZED
    WARNING: GigaTIME failed on patch (25600, 58368): cuDNN error: CUDNN_STATUS_NOT_INITIALIZED
    WARNING: GigaTIME failed on patch (25600, 59392): cuDNN error: CUDNN_STATUS_NOT_INITIALIZED
    WARNING: GigaTIME failed on patch (25600, 60416): cuDNN error: CUDNN_STATUS_NOT_INITIALIZED
    WARNING: GigaTIME failed on patch (25600, 61440): cuDNN error: CUDNN_STATUS_NOT_INITIALIZED
    WARNING: GigaTIME failed on patch (25600, 62464): cuDNN error: CUDNN_STATUS_NOT_INITIALIZED
    WARNING: GigaTIME failed on patch (25600, 63488): cuDNN error: CUDNN_STATUS_NOT_INITIALIZED
    WARNING: GigaTIME failed on patch (25600, 65536): cuDNN error: CUDNN_STATUS_NOT_INITIALIZED
    WARNING: GigaTIME failed on patch (25600, 66560): cuDNN error: CUDNN_STATUS_NOT_INITIALIZED
    WARNING: GigaTIME failed on patch (26624, 13312): cuDNN error: CUDNN_STATUS_NOT_INITIALIZED
    WARNING: GigaTIME failed on patch (26624, 14336): cuDNN error: CUDNN_STATUS_NOT_INITIALIZED
    WARNING: GigaTIME failed on patch (26624, 15360): cuDNN error: CUDNN_STATUS_NOT_INITIALIZED
    WARNING: GigaTIME failed on patch (26624, 16384): cuDNN error: CUDNN_STATUS_NOT_INITIALIZED
    WARNING: GigaTIME failed on patch (26624, 17408): cuDNN error: CUDNN_STATUS_NOT_INITIALIZED
    WARNING: GigaTIME failed on patch (26624, 18432): cuDNN error: CUDNN_STATUS_NOT_INITIALIZED
    WARNING: GigaTIME failed on patch (26624, 19456): cuDNN error: CUDNN_STATUS_NOT_INITIALIZED
    WARNING: GigaTIME failed on patch (26624, 20480): cuDNN error: CUDNN_STATUS_NOT_INITIALIZED
    WARNING: GigaTIME failed on patch (26624, 21504): cuDNN error: CUDNN_STATUS_NOT_INITIALIZED
    WARNING: GigaTIME failed on patch (26624, 22528): cuDNN error: CUDNN_STATUS_NOT_INITIALIZED
    WARNING: GigaTIME failed on patch (26624, 23552): cuDNN error: CUDNN_STATUS_NOT_INITIALIZED
    WARNING: GigaTIME failed on patch (26624, 24576): cuDNN error: CUDNN_STATUS_NOT_INITIALIZED
    WARNING: GigaTIME failed on patch (26624, 25600): cuDNN error: CUDNN_STATUS_NOT_INITIALIZED
    WARNING: GigaTIME failed on patch (26624, 26624): cuDNN error: CUDNN_STATUS_NOT_INITIALIZED
    WARNING: GigaTIME failed on patch (26624, 27648): cuDNN error: CUDNN_STATUS_NOT_INITIALIZED
    WARNING: GigaTIME failed on patch (26624, 28672): cuDNN error: CUDNN_STATUS_NOT_INITIALIZED
    WARNING: GigaTIME failed on patch (26624, 29696): cuDNN error: CUDNN_STATUS_NOT_INITIALIZED
    WARNING: GigaTIME failed on patch (26624, 30720): cuDNN error: CUDNN_STATUS_NOT_INITIALIZED
    WARNING: GigaTIME failed on patch (26624, 31744): cuDNN error: CUDNN_STATUS_NOT_INITIALIZED
    WARNING: GigaTIME failed on patch (26624, 36864): cuDNN error: CUDNN_STATUS_NOT_INITIALIZED
    WARNING: GigaTIME failed on patch (26624, 37888): cuDNN error: CUDNN_STATUS_NOT_INITIALIZED
    WARNING: GigaTIME failed on patch (26624, 38912): cuDNN error: CUDNN_STATUS_NOT_INITIALIZED
    WARNING: GigaTIME failed on patch (26624, 39936): cuDNN error: CUDNN_STATUS_NOT_INITIALIZED
    WARNING: GigaTIME failed on patch (26624, 40960): cuDNN error: CUDNN_STATUS_NOT_INITIALIZED
    WARNING: GigaTIME failed on patch (26624, 41984): cuDNN error: CUDNN_STATUS_NOT_INITIALIZED
    WARNING: GigaTIME failed on patch (26624, 43008): cuDNN error: CUDNN_STATUS_NOT_INITIALIZED
    WARNING: GigaTIME failed on patch (26624, 44032): cuDNN error: CUDNN_STATUS_NOT_INITIALIZED
    WARNING: GigaTIME failed on patch (26624, 45056): cuDNN error: CUDNN_STATUS_NOT_INITIALIZED
    WARNING: GigaTIME failed on patch (26624, 48128): cuDNN error: CUDNN_STATUS_NOT_INITIALIZED
    WARNING: GigaTIME failed on patch (26624, 49152): cuDNN error: CUDNN_STATUS_NOT_INITIALIZED
    WARNING: GigaTIME failed on patch (26624, 50176): cuDNN error: CUDNN_STATUS_NOT_INITIALIZED
    WARNING: GigaTIME failed on patch (26624, 51200): cuDNN error: CUDNN_STATUS_NOT_INITIALIZED
    WARNING: GigaTIME failed on patch (26624, 52224): cuDNN error: CUDNN_STATUS_NOT_INITIALIZED
    WARNING: GigaTIME failed on patch (26624, 53248): cuDNN error: CUDNN_STATUS_NOT_INITIALIZED
    WARNING: GigaTIME failed on patch (26624, 54272): cuDNN error: CUDNN_STATUS_NOT_INITIALIZED
    WARNING: GigaTIME failed on patch (26624, 55296): cuDNN error: CUDNN_STATUS_NOT_INITIALIZED
    WARNING: GigaTIME failed on patch (26624, 56320): cuDNN error: CUDNN_STATUS_NOT_INITIALIZED
    WARNING: GigaTIME failed on patch (26624, 57344): cuDNN error: CUDNN_STATUS_NOT_INITIALIZED
    WARNING: GigaTIME failed on patch (26624, 58368): cuDNN error: CUDNN_STATUS_NOT_INITIALIZED
    WARNING: GigaTIME failed on patch (26624, 59392): cuDNN error: CUDNN_STATUS_NOT_INITIALIZED
    WARNING: GigaTIME failed on patch (26624, 60416): cuDNN error: CUDNN_STATUS_NOT_INITIALIZED
    WARNING: GigaTIME failed on patch (26624, 61440): cuDNN error: CUDNN_STATUS_NOT_INITIALIZED
    WARNING: GigaTIME failed on patch (26624, 62464): cuDNN error: CUDNN_STATUS_NOT_INITIALIZED
    WARNING: GigaTIME failed on patch (26624, 63488): cuDNN error: CUDNN_STATUS_NOT_INITIALIZED
    WARNING: GigaTIME failed on patch (26624, 64512): cuDNN error: CUDNN_STATUS_NOT_INITIALIZED
    WARNING: GigaTIME failed on patch (26624, 65536): cuDNN error: CUDNN_STATUS_NOT_INITIALIZED
    WARNING: GigaTIME failed on patch (27648, 13312): cuDNN error: CUDNN_STATUS_NOT_INITIALIZED
    WARNING: GigaTIME failed on patch (27648, 14336): cuDNN error: CUDNN_STATUS_NOT_INITIALIZED
    WARNING: GigaTIME failed on patch (27648, 15360): cuDNN error: CUDNN_STATUS_NOT_INITIALIZED
    WARNING: GigaTIME failed on patch (27648, 16384): cuDNN error: CUDNN_STATUS_NOT_INITIALIZED
    WARNING: GigaTIME failed on patch (27648, 17408): cuDNN error: CUDNN_STATUS_NOT_INITIALIZED
    WARNING: GigaTIME failed on patch (27648, 18432): cuDNN error: CUDNN_STATUS_NOT_INITIALIZED
    WARNING: GigaTIME failed on patch (27648, 19456): cuDNN error: CUDNN_STATUS_NOT_INITIALIZED
    WARNING: GigaTIME failed on patch (27648, 20480): cuDNN error: CUDNN_STATUS_NOT_INITIALIZED
    WARNING: GigaTIME failed on patch (27648, 21504): cuDNN error: CUDNN_STATUS_NOT_INITIALIZED
    WARNING: GigaTIME failed on patch (27648, 22528): cuDNN error: CUDNN_STATUS_NOT_INITIALIZED
    WARNING: GigaTIME failed on patch (27648, 23552): cuDNN error: CUDNN_STATUS_NOT_INITIALIZED
    WARNING: GigaTIME failed on patch (27648, 24576): cuDNN error: CUDNN_STATUS_NOT_INITIALIZED
    WARNING: GigaTIME failed on patch (27648, 25600): cuDNN error: CUDNN_STATUS_NOT_INITIALIZED
    WARNING: GigaTIME failed on patch (27648, 26624): cuDNN error: CUDNN_STATUS_NOT_INITIALIZED
    WARNING: GigaTIME failed on patch (27648, 27648): cuDNN error: CUDNN_STATUS_NOT_INITIALIZED
    WARNING: GigaTIME failed on patch (27648, 28672): cuDNN error: CUDNN_STATUS_NOT_INITIALIZED
    WARNING: GigaTIME failed on patch (27648, 29696): cuDNN error: CUDNN_STATUS_NOT_INITIALIZED
    WARNING: GigaTIME failed on patch (27648, 30720): cuDNN error: CUDNN_STATUS_NOT_INITIALIZED
    WARNING: GigaTIME failed on patch (27648, 32768): cuDNN error: CUDNN_STATUS_NOT_INITIALIZED
    WARNING: GigaTIME failed on patch (27648, 33792): cuDNN error: CUDNN_STATUS_NOT_INITIALIZED
    WARNING: GigaTIME failed on patch (27648, 36864): cuDNN error: CUDNN_STATUS_NOT_INITIALIZED
    WARNING: GigaTIME failed on patch (27648, 37888): cuDNN error: CUDNN_STATUS_NOT_INITIALIZED
    WARNING: GigaTIME failed on patch (27648, 38912): cuDNN error: CUDNN_STATUS_NOT_INITIALIZED
    WARNING: GigaTIME failed on patch (27648, 39936): cuDNN error: CUDNN_STATUS_NOT_INITIALIZED
    WARNING: GigaTIME failed on patch (27648, 40960): cuDNN error: CUDNN_STATUS_NOT_INITIALIZED
    WARNING: GigaTIME failed on patch (27648, 41984): cuDNN error: CUDNN_STATUS_NOT_INITIALIZED
    WARNING: GigaTIME failed on patch (27648, 43008): cuDNN error: CUDNN_STATUS_NOT_INITIALIZED
    WARNING: GigaTIME failed on patch (27648, 44032): cuDNN error: CUDNN_STATUS_NOT_INITIALIZED
    WARNING: GigaTIME failed on patch (27648, 45056): cuDNN error: CUDNN_STATUS_NOT_INITIALIZED
    WARNING: GigaTIME failed on patch (27648, 46080): cuDNN error: CUDNN_STATUS_NOT_INITIALIZED
    WARNING: GigaTIME failed on patch (27648, 47104): cuDNN error: CUDNN_STATUS_NOT_INITIALIZED
    WARNING: GigaTIME failed on patch (27648, 48128): cuDNN error: CUDNN_STATUS_NOT_INITIALIZED
    WARNING: GigaTIME failed on patch (27648, 49152): cuDNN error: CUDNN_STATUS_NOT_INITIALIZED
    WARNING: GigaTIME failed on patch (27648, 50176): cuDNN error: CUDNN_STATUS_NOT_INITIALIZED
    WARNING: GigaTIME failed on patch (27648, 51200): cuDNN error: CUDNN_STATUS_NOT_INITIALIZED
    WARNING: GigaTIME failed on patch (27648, 52224): cuDNN error: CUDNN_STATUS_NOT_INITIALIZED
    WARNING: GigaTIME failed on patch (27648, 53248): cuDNN error: CUDNN_STATUS_NOT_INITIALIZED
    WARNING: GigaTIME failed on patch (27648, 59392): cuDNN error: CUDNN_STATUS_NOT_INITIALIZED
    WARNING: GigaTIME failed on patch (27648, 60416): cuDNN error: CUDNN_STATUS_NOT_INITIALIZED
    WARNING: GigaTIME failed on patch (27648, 61440): cuDNN error: CUDNN_STATUS_NOT_INITIALIZED
    WARNING: GigaTIME failed on patch (27648, 62464): cuDNN error: CUDNN_STATUS_NOT_INITIALIZED
    WARNING: GigaTIME failed on patch (27648, 63488): cuDNN error: CUDNN_STATUS_NOT_INITIALIZED
    WARNING: GigaTIME failed on patch (27648, 64512): cuDNN error: CUDNN_STATUS_NOT_INITIALIZED
    WARNING: GigaTIME failed on patch (27648, 65536): cuDNN error: CUDNN_STATUS_NOT_INITIALIZED
    WARNING: GigaTIME failed on patch (28672, 14336): cuDNN error: CUDNN_STATUS_NOT_INITIALIZED
    WARNING: GigaTIME failed on patch (28672, 15360): cuDNN error: CUDNN_STATUS_NOT_INITIALIZED
    WARNING: GigaTIME failed on patch (28672, 16384): cuDNN error: CUDNN_STATUS_NOT_INITIALIZED
    WARNING: GigaTIME failed on patch (28672, 17408): cuDNN error: CUDNN_STATUS_NOT_INITIALIZED
    WARNING: GigaTIME failed on patch (28672, 18432): cuDNN error: CUDNN_STATUS_NOT_INITIALIZED
    WARNING: GigaTIME failed on patch (28672, 19456): cuDNN error: CUDNN_STATUS_NOT_INITIALIZED
    WARNING: GigaTIME failed on patch (28672, 20480): cuDNN error: CUDNN_STATUS_NOT_INITIALIZED
    WARNING: GigaTIME failed on patch (28672, 21504): cuDNN error: CUDNN_STATUS_NOT_INITIALIZED
    WARNING: GigaTIME failed on patch (28672, 22528): cuDNN error: CUDNN_STATUS_NOT_INITIALIZED
    WARNING: GigaTIME failed on patch (28672, 23552): cuDNN error: CUDNN_STATUS_NOT_INITIALIZED
    WARNING: GigaTIME failed on patch (28672, 24576): cuDNN error: CUDNN_STATUS_NOT_INITIALIZED
    WARNING: GigaTIME failed on patch (28672, 25600): cuDNN error: CUDNN_STATUS_NOT_INITIALIZED
    WARNING: GigaTIME failed on patch (28672, 26624): cuDNN error: CUDNN_STATUS_NOT_INITIALIZED
    WARNING: GigaTIME failed on patch (28672, 27648): cuDNN error: CUDNN_STATUS_NOT_INITIALIZED
    WARNING: GigaTIME failed on patch (28672, 28672): cuDNN error: CUDNN_STATUS_NOT_INITIALIZED
    WARNING: GigaTIME failed on patch (28672, 29696): cuDNN error: CUDNN_STATUS_NOT_INITIALIZED
    WARNING: GigaTIME failed on patch (28672, 30720): cuDNN error: CUDNN_STATUS_NOT_INITIALIZED
    WARNING: GigaTIME failed on patch (28672, 31744): cuDNN error: CUDNN_STATUS_NOT_INITIALIZED
    WARNING: GigaTIME failed on patch (28672, 32768): cuDNN error: CUDNN_STATUS_NOT_INITIALIZED
    WARNING: GigaTIME failed on patch (28672, 33792): cuDNN error: CUDNN_STATUS_NOT_INITIALIZED
    WARNING: GigaTIME failed on patch (28672, 34816): cuDNN error: CUDNN_STATUS_NOT_INITIALIZED
    WARNING: GigaTIME failed on patch (28672, 35840): cuDNN error: CUDNN_STATUS_NOT_INITIALIZED
    WARNING: GigaTIME failed on patch (28672, 36864): cuDNN error: CUDNN_STATUS_NOT_INITIALIZED
    WARNING: GigaTIME failed on patch (28672, 37888): cuDNN error: CUDNN_STATUS_NOT_INITIALIZED
    WARNING: GigaTIME failed on patch (28672, 38912): cuDNN error: CUDNN_STATUS_NOT_INITIALIZED
    WARNING: GigaTIME failed on patch (28672, 39936): cuDNN error: CUDNN_STATUS_NOT_INITIALIZED
    WARNING: GigaTIME failed on patch (28672, 40960): cuDNN error: CUDNN_STATUS_NOT_INITIALIZED
    WARNING: GigaTIME failed on patch (28672, 41984): cuDNN error: CUDNN_STATUS_NOT_INITIALIZED
    WARNING: GigaTIME failed on patch (28672, 43008): cuDNN error: CUDNN_STATUS_NOT_INITIALIZED
    WARNING: GigaTIME failed on patch (28672, 44032): cuDNN error: CUDNN_STATUS_NOT_INITIALIZED
    WARNING: GigaTIME failed on patch (28672, 45056): cuDNN error: CUDNN_STATUS_NOT_INITIALIZED
    WARNING: GigaTIME failed on patch (28672, 46080): cuDNN error: CUDNN_STATUS_NOT_INITIALIZED
    WARNING: GigaTIME failed on patch (28672, 47104): cuDNN error: CUDNN_STATUS_NOT_INITIALIZED
    WARNING: GigaTIME failed on patch (28672, 48128): cuDNN error: CUDNN_STATUS_NOT_INITIALIZED
    WARNING: GigaTIME failed on patch (28672, 49152): cuDNN error: CUDNN_STATUS_NOT_INITIALIZED
    WARNING: GigaTIME failed on patch (28672, 50176): cuDNN error: CUDNN_STATUS_NOT_INITIALIZED
    WARNING: GigaTIME failed on patch (28672, 51200): cuDNN error: CUDNN_STATUS_NOT_INITIALIZED
    WARNING: GigaTIME failed on patch (28672, 52224): cuDNN error: CUDNN_STATUS_NOT_INITIALIZED
    WARNING: GigaTIME failed on patch (28672, 53248): cuDNN error: CUDNN_STATUS_NOT_INITIALIZED
    WARNING: GigaTIME failed on patch (28672, 54272): cuDNN error: CUDNN_STATUS_NOT_INITIALIZED
    WARNING: GigaTIME failed on patch (28672, 57344): cuDNN error: CUDNN_STATUS_NOT_INITIALIZED
    WARNING: GigaTIME failed on patch (28672, 58368): cuDNN error: CUDNN_STATUS_NOT_INITIALIZED
    WARNING: GigaTIME failed on patch (28672, 59392): cuDNN error: CUDNN_STATUS_NOT_INITIALIZED
    WARNING: GigaTIME failed on patch (28672, 60416): cuDNN error: CUDNN_STATUS_NOT_INITIALIZED
    WARNING: GigaTIME failed on patch (28672, 61440): cuDNN error: CUDNN_STATUS_NOT_INITIALIZED
    WARNING: GigaTIME failed on patch (28672, 62464): cuDNN error: CUDNN_STATUS_NOT_INITIALIZED
    WARNING: GigaTIME failed on patch (28672, 63488): cuDNN error: CUDNN_STATUS_NOT_INITIALIZED
    WARNING: GigaTIME failed on patch (28672, 64512): cuDNN error: CUDNN_STATUS_NOT_INITIALIZED
    WARNING: GigaTIME failed on patch (28672, 65536): cuDNN error: CUDNN_STATUS_NOT_INITIALIZED
    WARNING: GigaTIME failed on patch (28672, 66560): cuDNN error: CUDNN_STATUS_NOT_INITIALIZED
    WARNING: GigaTIME failed on patch (29696, 14336): cuDNN error: CUDNN_STATUS_NOT_INITIALIZED
    WARNING: GigaTIME failed on patch (29696, 15360): cuDNN error: CUDNN_STATUS_NOT_INITIALIZED
    WARNING: GigaTIME failed on patch (29696, 16384): cuDNN error: CUDNN_STATUS_NOT_INITIALIZED
    WARNING: GigaTIME failed on patch (29696, 17408): cuDNN error: CUDNN_STATUS_NOT_INITIALIZED
    WARNING: GigaTIME failed on patch (29696, 18432): cuDNN error: CUDNN_STATUS_NOT_INITIALIZED
    WARNING: GigaTIME failed on patch (29696, 19456): cuDNN error: CUDNN_STATUS_NOT_INITIALIZED
    WARNING: GigaTIME failed on patch (29696, 20480): cuDNN error: CUDNN_STATUS_NOT_INITIALIZED
    WARNING: GigaTIME failed on patch (29696, 21504): cuDNN error: CUDNN_STATUS_NOT_INITIALIZED
    WARNING: GigaTIME failed on patch (29696, 22528): cuDNN error: CUDNN_STATUS_NOT_INITIALIZED
    WARNING: GigaTIME failed on patch (29696, 23552): cuDNN error: CUDNN_STATUS_NOT_INITIALIZED
    WARNING: GigaTIME failed on patch (29696, 24576): cuDNN error: CUDNN_STATUS_NOT_INITIALIZED
    WARNING: GigaTIME failed on patch (29696, 25600): cuDNN error: CUDNN_STATUS_NOT_INITIALIZED
    WARNING: GigaTIME failed on patch (29696, 26624): cuDNN error: CUDNN_STATUS_NOT_INITIALIZED
    WARNING: GigaTIME failed on patch (29696, 27648): cuDNN error: CUDNN_STATUS_NOT_INITIALIZED
    WARNING: GigaTIME failed on patch (29696, 28672): cuDNN error: CUDNN_STATUS_NOT_INITIALIZED
    WARNING: GigaTIME failed on patch (29696, 29696): cuDNN error: CUDNN_STATUS_NOT_INITIALIZED
    WARNING: GigaTIME failed on patch (29696, 30720): cuDNN error: CUDNN_STATUS_NOT_INITIALIZED
    WARNING: GigaTIME failed on patch (29696, 31744): cuDNN error: CUDNN_STATUS_NOT_INITIALIZED
    WARNING: GigaTIME failed on patch (29696, 32768): cuDNN error: CUDNN_STATUS_NOT_INITIALIZED
    WARNING: GigaTIME failed on patch (29696, 33792): cuDNN error: CUDNN_STATUS_NOT_INITIALIZED
    WARNING: GigaTIME failed on patch (29696, 34816): cuDNN error: CUDNN_STATUS_NOT_INITIALIZED
    WARNING: GigaTIME failed on patch (29696, 35840): cuDNN error: CUDNN_STATUS_NOT_INITIALIZED
    WARNING: GigaTIME failed on patch (29696, 36864): cuDNN error: CUDNN_STATUS_NOT_INITIALIZED
    WARNING: GigaTIME failed on patch (29696, 37888): cuDNN error: CUDNN_STATUS_NOT_INITIALIZED
    WARNING: GigaTIME failed on patch (29696, 38912): cuDNN error: CUDNN_STATUS_NOT_INITIALIZED
    WARNING: GigaTIME failed on patch (29696, 39936): cuDNN error: CUDNN_STATUS_NOT_INITIALIZED
    WARNING: GigaTIME failed on patch (29696, 40960): cuDNN error: CUDNN_STATUS_NOT_INITIALIZED
    WARNING: GigaTIME failed on patch (29696, 41984): cuDNN error: CUDNN_STATUS_NOT_INITIALIZED
    WARNING: GigaTIME failed on patch (29696, 43008): cuDNN error: CUDNN_STATUS_NOT_INITIALIZED
    WARNING: GigaTIME failed on patch (29696, 44032): cuDNN error: CUDNN_STATUS_NOT_INITIALIZED
    WARNING: GigaTIME failed on patch (29696, 45056): cuDNN error: CUDNN_STATUS_NOT_INITIALIZED
    WARNING: GigaTIME failed on patch (29696, 46080): cuDNN error: CUDNN_STATUS_NOT_INITIALIZED
    WARNING: GigaTIME failed on patch (29696, 47104): cuDNN error: CUDNN_STATUS_NOT_INITIALIZED
    WARNING: GigaTIME failed on patch (29696, 48128): cuDNN error: CUDNN_STATUS_NOT_INITIALIZED
    WARNING: GigaTIME failed on patch (29696, 49152): cuDNN error: CUDNN_STATUS_NOT_INITIALIZED
    WARNING: GigaTIME failed on patch (29696, 50176): cuDNN error: CUDNN_STATUS_NOT_INITIALIZED
    WARNING: GigaTIME failed on patch (29696, 51200): cuDNN error: CUDNN_STATUS_NOT_INITIALIZED
    WARNING: GigaTIME failed on patch (29696, 52224): cuDNN error: CUDNN_STATUS_NOT_INITIALIZED
    WARNING: GigaTIME failed on patch (29696, 53248): cuDNN error: CUDNN_STATUS_NOT_INITIALIZED
    WARNING: GigaTIME failed on patch (29696, 54272): cuDNN error: CUDNN_STATUS_NOT_INITIALIZED
    WARNING: GigaTIME failed on patch (29696, 55296): cuDNN error: CUDNN_STATUS_NOT_INITIALIZED
    WARNING: GigaTIME failed on patch (29696, 56320): cuDNN error: CUDNN_STATUS_NOT_INITIALIZED
    WARNING: GigaTIME failed on patch (29696, 57344): cuDNN error: CUDNN_STATUS_NOT_INITIALIZED
    WARNING: GigaTIME failed on patch (29696, 58368): cuDNN error: CUDNN_STATUS_NOT_INITIALIZED
    WARNING: GigaTIME failed on patch (29696, 59392): cuDNN error: CUDNN_STATUS_NOT_INITIALIZED
    WARNING: GigaTIME failed on patch (29696, 60416): cuDNN error: CUDNN_STATUS_NOT_INITIALIZED
    WARNING: GigaTIME failed on patch (29696, 61440): cuDNN error: CUDNN_STATUS_NOT_INITIALIZED
    WARNING: GigaTIME failed on patch (29696, 62464): cuDNN error: CUDNN_STATUS_NOT_INITIALIZED
    WARNING: GigaTIME failed on patch (29696, 63488): cuDNN error: CUDNN_STATUS_NOT_INITIALIZED
    WARNING: GigaTIME failed on patch (29696, 64512): cuDNN error: CUDNN_STATUS_NOT_INITIALIZED
    WARNING: GigaTIME failed on patch (29696, 65536): cuDNN error: CUDNN_STATUS_NOT_INITIALIZED
    WARNING: GigaTIME failed on patch (29696, 66560): cuDNN error: CUDNN_STATUS_NOT_INITIALIZED
    WARNING: GigaTIME failed on patch (30720, 14336): cuDNN error: CUDNN_STATUS_NOT_INITIALIZED
    WARNING: GigaTIME failed on patch (30720, 15360): cuDNN error: CUDNN_STATUS_NOT_INITIALIZED
    WARNING: GigaTIME failed on patch (30720, 16384): cuDNN error: CUDNN_STATUS_NOT_INITIALIZED
    WARNING: GigaTIME failed on patch (30720, 17408): cuDNN error: CUDNN_STATUS_NOT_INITIALIZED
    WARNING: GigaTIME failed on patch (30720, 18432): cuDNN error: CUDNN_STATUS_NOT_INITIALIZED
    WARNING: GigaTIME failed on patch (30720, 19456): cuDNN error: CUDNN_STATUS_NOT_INITIALIZED
    WARNING: GigaTIME failed on patch (30720, 20480): cuDNN error: CUDNN_STATUS_NOT_INITIALIZED
    WARNING: GigaTIME failed on patch (30720, 21504): cuDNN error: CUDNN_STATUS_NOT_INITIALIZED
    WARNING: GigaTIME failed on patch (30720, 22528): cuDNN error: CUDNN_STATUS_NOT_INITIALIZED
    WARNING: GigaTIME failed on patch (30720, 23552): cuDNN error: CUDNN_STATUS_NOT_INITIALIZED
    WARNING: GigaTIME failed on patch (30720, 24576): cuDNN error: CUDNN_STATUS_NOT_INITIALIZED
    WARNING: GigaTIME failed on patch (30720, 25600): cuDNN error: CUDNN_STATUS_NOT_INITIALIZED
    WARNING: GigaTIME failed on patch (30720, 26624): cuDNN error: CUDNN_STATUS_NOT_INITIALIZED
    WARNING: GigaTIME failed on patch (30720, 27648): cuDNN error: CUDNN_STATUS_NOT_INITIALIZED
    WARNING: GigaTIME failed on patch (30720, 28672): cuDNN error: CUDNN_STATUS_NOT_INITIALIZED
    WARNING: GigaTIME failed on patch (30720, 29696): cuDNN error: CUDNN_STATUS_NOT_INITIALIZED
    WARNING: GigaTIME failed on patch (30720, 30720): cuDNN error: CUDNN_STATUS_NOT_INITIALIZED
    WARNING: GigaTIME failed on patch (30720, 31744): cuDNN error: CUDNN_STATUS_NOT_INITIALIZED
    WARNING: GigaTIME failed on patch (30720, 32768): cuDNN error: CUDNN_STATUS_NOT_INITIALIZED
    WARNING: GigaTIME failed on patch (30720, 33792): cuDNN error: CUDNN_STATUS_NOT_INITIALIZED
    WARNING: GigaTIME failed on patch (30720, 34816): cuDNN error: CUDNN_STATUS_NOT_INITIALIZED
    WARNING: GigaTIME failed on patch (30720, 35840): cuDNN error: CUDNN_STATUS_NOT_INITIALIZED
    WARNING: GigaTIME failed on patch (30720, 36864): cuDNN error: CUDNN_STATUS_NOT_INITIALIZED
    WARNING: GigaTIME failed on patch (30720, 37888): cuDNN error: CUDNN_STATUS_NOT_INITIALIZED
    WARNING: GigaTIME failed on patch (30720, 38912): cuDNN error: CUDNN_STATUS_NOT_INITIALIZED
    WARNING: GigaTIME failed on patch (30720, 39936): cuDNN error: CUDNN_STATUS_NOT_INITIALIZED
    WARNING: GigaTIME failed on patch (30720, 40960): cuDNN error: CUDNN_STATUS_NOT_INITIALIZED
    WARNING: GigaTIME failed on patch (30720, 41984): cuDNN error: CUDNN_STATUS_NOT_INITIALIZED
    WARNING: GigaTIME failed on patch (30720, 43008): cuDNN error: CUDNN_STATUS_NOT_INITIALIZED
    WARNING: GigaTIME failed on patch (30720, 44032): cuDNN error: CUDNN_STATUS_NOT_INITIALIZED
    WARNING: GigaTIME failed on patch (30720, 45056): cuDNN error: CUDNN_STATUS_NOT_INITIALIZED
    WARNING: GigaTIME failed on patch (30720, 46080): cuDNN error: CUDNN_STATUS_NOT_INITIALIZED
    WARNING: GigaTIME failed on patch (30720, 47104): cuDNN error: CUDNN_STATUS_NOT_INITIALIZED
    WARNING: GigaTIME failed on patch (30720, 48128): cuDNN error: CUDNN_STATUS_NOT_INITIALIZED
    WARNING: GigaTIME failed on patch (30720, 51200): cuDNN error: CUDNN_STATUS_NOT_INITIALIZED
    WARNING: GigaTIME failed on patch (30720, 52224): cuDNN error: CUDNN_STATUS_NOT_INITIALIZED
    WARNING: GigaTIME failed on patch (30720, 53248): cuDNN error: CUDNN_STATUS_NOT_INITIALIZED
    WARNING: GigaTIME failed on patch (30720, 54272): cuDNN error: CUDNN_STATUS_NOT_INITIALIZED
    WARNING: GigaTIME failed on patch (30720, 55296): cuDNN error: CUDNN_STATUS_NOT_INITIALIZED
    WARNING: GigaTIME failed on patch (30720, 56320): cuDNN error: CUDNN_STATUS_NOT_INITIALIZED
    WARNING: GigaTIME failed on patch (30720, 57344): cuDNN error: CUDNN_STATUS_NOT_INITIALIZED
    WARNING: GigaTIME failed on patch (30720, 58368): cuDNN error: CUDNN_STATUS_NOT_INITIALIZED
    WARNING: GigaTIME failed on patch (30720, 59392): cuDNN error: CUDNN_STATUS_NOT_INITIALIZED
    WARNING: GigaTIME failed on patch (30720, 60416): cuDNN error: CUDNN_STATUS_NOT_INITIALIZED
    WARNING: GigaTIME failed on patch (30720, 61440): cuDNN error: CUDNN_STATUS_NOT_INITIALIZED
    WARNING: GigaTIME failed on patch (30720, 62464): cuDNN error: CUDNN_STATUS_NOT_INITIALIZED
    WARNING: GigaTIME failed on patch (30720, 63488): cuDNN error: CUDNN_STATUS_NOT_INITIALIZED
    WARNING: GigaTIME failed on patch (30720, 64512): cuDNN error: CUDNN_STATUS_NOT_INITIALIZED
    WARNING: GigaTIME failed on patch (30720, 65536): cuDNN error: CUDNN_STATUS_NOT_INITIALIZED
    WARNING: GigaTIME failed on patch (31744, 16384): cuDNN error: CUDNN_STATUS_NOT_INITIALIZED
    WARNING: GigaTIME failed on patch (31744, 17408): cuDNN error: CUDNN_STATUS_NOT_INITIALIZED
    WARNING: GigaTIME failed on patch (31744, 18432): cuDNN error: CUDNN_STATUS_NOT_INITIALIZED
    WARNING: GigaTIME failed on patch (31744, 19456): cuDNN error: CUDNN_STATUS_NOT_INITIALIZED
    WARNING: GigaTIME failed on patch (31744, 20480): cuDNN error: CUDNN_STATUS_NOT_INITIALIZED
    WARNING: GigaTIME failed on patch (31744, 21504): cuDNN error: CUDNN_STATUS_NOT_INITIALIZED
    WARNING: GigaTIME failed on patch (31744, 22528): cuDNN error: CUDNN_STATUS_NOT_INITIALIZED
    WARNING: GigaTIME failed on patch (31744, 23552): cuDNN error: CUDNN_STATUS_NOT_INITIALIZED
    WARNING: GigaTIME failed on patch (31744, 24576): cuDNN error: CUDNN_STATUS_NOT_INITIALIZED
    WARNING: GigaTIME failed on patch (31744, 25600): cuDNN error: CUDNN_STATUS_NOT_INITIALIZED
    WARNING: GigaTIME failed on patch (31744, 26624): cuDNN error: CUDNN_STATUS_NOT_INITIALIZED
    WARNING: GigaTIME failed on patch (31744, 27648): cuDNN error: CUDNN_STATUS_NOT_INITIALIZED
    WARNING: GigaTIME failed on patch (31744, 28672): cuDNN error: CUDNN_STATUS_NOT_INITIALIZED
    WARNING: GigaTIME failed on patch (31744, 29696): cuDNN error: CUDNN_STATUS_NOT_INITIALIZED
    WARNING: GigaTIME failed on patch (31744, 30720): cuDNN error: CUDNN_STATUS_NOT_INITIALIZED
    WARNING: GigaTIME failed on patch (31744, 31744): cuDNN error: CUDNN_STATUS_NOT_INITIALIZED
    WARNING: GigaTIME failed on patch (31744, 32768): cuDNN error: CUDNN_STATUS_NOT_INITIALIZED
    WARNING: GigaTIME failed on patch (31744, 33792): cuDNN error: CUDNN_STATUS_NOT_INITIALIZED
    WARNING: GigaTIME failed on patch (31744, 34816): cuDNN error: CUDNN_STATUS_NOT_INITIALIZED
    WARNING: GigaTIME failed on patch (31744, 35840): cuDNN error: CUDNN_STATUS_NOT_INITIALIZED
    WARNING: GigaTIME failed on patch (31744, 36864): cuDNN error: CUDNN_STATUS_NOT_INITIALIZED
    WARNING: GigaTIME failed on patch (31744, 37888): cuDNN error: CUDNN_STATUS_NOT_INITIALIZED
    WARNING: GigaTIME failed on patch (31744, 38912): cuDNN error: CUDNN_STATUS_NOT_INITIALIZED
    WARNING: GigaTIME failed on patch (31744, 39936): cuDNN error: CUDNN_STATUS_NOT_INITIALIZED
    WARNING: GigaTIME failed on patch (31744, 40960): cuDNN error: CUDNN_STATUS_NOT_INITIALIZED
    WARNING: GigaTIME failed on patch (31744, 41984): cuDNN error: CUDNN_STATUS_NOT_INITIALIZED
    WARNING: GigaTIME failed on patch (31744, 43008): cuDNN error: CUDNN_STATUS_NOT_INITIALIZED
    WARNING: GigaTIME failed on patch (31744, 44032): cuDNN error: CUDNN_STATUS_NOT_INITIALIZED
    WARNING: GigaTIME failed on patch (31744, 45056): cuDNN error: CUDNN_STATUS_NOT_INITIALIZED
    WARNING: GigaTIME failed on patch (31744, 46080): cuDNN error: CUDNN_STATUS_NOT_INITIALIZED
    WARNING: GigaTIME failed on patch (31744, 47104): cuDNN error: CUDNN_STATUS_NOT_INITIALIZED
    WARNING: GigaTIME failed on patch (31744, 48128): cuDNN error: CUDNN_STATUS_NOT_INITIALIZED
    WARNING: GigaTIME failed on patch (31744, 52224): cuDNN error: CUDNN_STATUS_NOT_INITIALIZED
    WARNING: GigaTIME failed on patch (31744, 53248): cuDNN error: CUDNN_STATUS_NOT_INITIALIZED
    WARNING: GigaTIME failed on patch (31744, 54272): cuDNN error: CUDNN_STATUS_NOT_INITIALIZED
    WARNING: GigaTIME failed on patch (31744, 55296): cuDNN error: CUDNN_STATUS_NOT_INITIALIZED
    WARNING: GigaTIME failed on patch (31744, 56320): cuDNN error: CUDNN_STATUS_NOT_INITIALIZED
    WARNING: GigaTIME failed on patch (31744, 57344): cuDNN error: CUDNN_STATUS_NOT_INITIALIZED
    WARNING: GigaTIME failed on patch (31744, 58368): cuDNN error: CUDNN_STATUS_NOT_INITIALIZED
    WARNING: GigaTIME failed on patch (31744, 59392): cuDNN error: CUDNN_STATUS_NOT_INITIALIZED
    WARNING: GigaTIME failed on patch (31744, 60416): cuDNN error: CUDNN_STATUS_NOT_INITIALIZED
    WARNING: GigaTIME failed on patch (31744, 61440): cuDNN error: CUDNN_STATUS_NOT_INITIALIZED
    WARNING: GigaTIME failed on patch (31744, 62464): cuDNN error: CUDNN_STATUS_NOT_INITIALIZED
    WARNING: GigaTIME failed on patch (31744, 63488): cuDNN error: CUDNN_STATUS_NOT_INITIALIZED
    WARNING: GigaTIME failed on patch (31744, 64512): cuDNN error: CUDNN_STATUS_NOT_INITIALIZED
    WARNING: GigaTIME failed on patch (31744, 65536): cuDNN error: CUDNN_STATUS_NOT_INITIALIZED
    WARNING: GigaTIME failed on patch (32768, 17408): cuDNN error: CUDNN_STATUS_NOT_INITIALIZED
    WARNING: GigaTIME failed on patch (32768, 18432): cuDNN error: CUDNN_STATUS_NOT_INITIALIZED
    WARNING: GigaTIME failed on patch (32768, 19456): cuDNN error: CUDNN_STATUS_NOT_INITIALIZED
    WARNING: GigaTIME failed on patch (32768, 20480): cuDNN error: CUDNN_STATUS_NOT_INITIALIZED
    WARNING: GigaTIME failed on patch (32768, 21504): cuDNN error: CUDNN_STATUS_NOT_INITIALIZED
    WARNING: GigaTIME failed on patch (32768, 22528): cuDNN error: CUDNN_STATUS_NOT_INITIALIZED
    WARNING: GigaTIME failed on patch (32768, 23552): cuDNN error: CUDNN_STATUS_NOT_INITIALIZED
    WARNING: GigaTIME failed on patch (32768, 24576): cuDNN error: CUDNN_STATUS_NOT_INITIALIZED
    WARNING: GigaTIME failed on patch (32768, 25600): cuDNN error: CUDNN_STATUS_NOT_INITIALIZED
    WARNING: GigaTIME failed on patch (32768, 26624): cuDNN error: CUDNN_STATUS_NOT_INITIALIZED
    WARNING: GigaTIME failed on patch (32768, 27648): cuDNN error: CUDNN_STATUS_NOT_INITIALIZED
    WARNING: GigaTIME failed on patch (32768, 28672): cuDNN error: CUDNN_STATUS_NOT_INITIALIZED
    WARNING: GigaTIME failed on patch (32768, 29696): cuDNN error: CUDNN_STATUS_NOT_INITIALIZED
    WARNING: GigaTIME failed on patch (32768, 30720): cuDNN error: CUDNN_STATUS_NOT_INITIALIZED
    WARNING: GigaTIME failed on patch (32768, 31744): cuDNN error: CUDNN_STATUS_NOT_INITIALIZED
    WARNING: GigaTIME failed on patch (32768, 32768): cuDNN error: CUDNN_STATUS_NOT_INITIALIZED
    WARNING: GigaTIME failed on patch (32768, 33792): cuDNN error: CUDNN_STATUS_NOT_INITIALIZED
    WARNING: GigaTIME failed on patch (32768, 34816): cuDNN error: CUDNN_STATUS_NOT_INITIALIZED
    WARNING: GigaTIME failed on patch (32768, 35840): cuDNN error: CUDNN_STATUS_NOT_INITIALIZED
    WARNING: GigaTIME failed on patch (32768, 36864): cuDNN error: CUDNN_STATUS_NOT_INITIALIZED
    WARNING: GigaTIME failed on patch (32768, 37888): cuDNN error: CUDNN_STATUS_NOT_INITIALIZED
    WARNING: GigaTIME failed on patch (32768, 38912): cuDNN error: CUDNN_STATUS_NOT_INITIALIZED
    WARNING: GigaTIME failed on patch (32768, 39936): cuDNN error: CUDNN_STATUS_NOT_INITIALIZED
    WARNING: GigaTIME failed on patch (32768, 40960): cuDNN error: CUDNN_STATUS_NOT_INITIALIZED
    WARNING: GigaTIME failed on patch (32768, 41984): cuDNN error: CUDNN_STATUS_NOT_INITIALIZED
    WARNING: GigaTIME failed on patch (32768, 43008): cuDNN error: CUDNN_STATUS_NOT_INITIALIZED
    WARNING: GigaTIME failed on patch (32768, 44032): cuDNN error: CUDNN_STATUS_NOT_INITIALIZED
    WARNING: GigaTIME failed on patch (32768, 45056): cuDNN error: CUDNN_STATUS_NOT_INITIALIZED
    WARNING: GigaTIME failed on patch (32768, 46080): cuDNN error: CUDNN_STATUS_NOT_INITIALIZED
    WARNING: GigaTIME failed on patch (32768, 47104): cuDNN error: CUDNN_STATUS_NOT_INITIALIZED
    WARNING: GigaTIME failed on patch (32768, 48128): cuDNN error: CUDNN_STATUS_NOT_INITIALIZED
    WARNING: GigaTIME failed on patch (32768, 50176): cuDNN error: CUDNN_STATUS_NOT_INITIALIZED
    WARNING: GigaTIME failed on patch (32768, 51200): cuDNN error: CUDNN_STATUS_NOT_INITIALIZED
    WARNING: GigaTIME failed on patch (32768, 52224): cuDNN error: CUDNN_STATUS_NOT_INITIALIZED
    WARNING: GigaTIME failed on patch (32768, 53248): cuDNN error: CUDNN_STATUS_NOT_INITIALIZED
    WARNING: GigaTIME failed on patch (32768, 54272): cuDNN error: CUDNN_STATUS_NOT_INITIALIZED
    WARNING: GigaTIME failed on patch (32768, 55296): cuDNN error: CUDNN_STATUS_NOT_INITIALIZED
    WARNING: GigaTIME failed on patch (32768, 56320): cuDNN error: CUDNN_STATUS_NOT_INITIALIZED
    WARNING: GigaTIME failed on patch (32768, 57344): cuDNN error: CUDNN_STATUS_NOT_INITIALIZED
    WARNING: GigaTIME failed on patch (32768, 58368): cuDNN error: CUDNN_STATUS_NOT_INITIALIZED
    WARNING: GigaTIME failed on patch (32768, 59392): cuDNN error: CUDNN_STATUS_NOT_INITIALIZED
    WARNING: GigaTIME failed on patch (32768, 60416): cuDNN error: CUDNN_STATUS_NOT_INITIALIZED
    WARNING: GigaTIME failed on patch (32768, 61440): cuDNN error: CUDNN_STATUS_NOT_INITIALIZED
    WARNING: GigaTIME failed on patch (32768, 62464): cuDNN error: CUDNN_STATUS_NOT_INITIALIZED
    WARNING: GigaTIME failed on patch (32768, 63488): cuDNN error: CUDNN_STATUS_NOT_INITIALIZED
    WARNING: GigaTIME failed on patch (32768, 64512): cuDNN error: CUDNN_STATUS_NOT_INITIALIZED
    WARNING: GigaTIME failed on patch (32768, 65536): cuDNN error: CUDNN_STATUS_NOT_INITIALIZED
    WARNING: GigaTIME failed on patch (32768, 66560): cuDNN error: CUDNN_STATUS_NOT_INITIALIZED
    WARNING: GigaTIME failed on patch (33792, 17408): cuDNN error: CUDNN_STATUS_NOT_INITIALIZED
    WARNING: GigaTIME failed on patch (33792, 18432): cuDNN error: CUDNN_STATUS_NOT_INITIALIZED
    WARNING: GigaTIME failed on patch (33792, 19456): cuDNN error: CUDNN_STATUS_NOT_INITIALIZED
    WARNING: GigaTIME failed on patch (33792, 20480): cuDNN error: CUDNN_STATUS_NOT_INITIALIZED
    WARNING: GigaTIME failed on patch (33792, 21504): cuDNN error: CUDNN_STATUS_NOT_INITIALIZED
    WARNING: GigaTIME failed on patch (33792, 22528): cuDNN error: CUDNN_STATUS_NOT_INITIALIZED
    WARNING: GigaTIME failed on patch (33792, 23552): cuDNN error: CUDNN_STATUS_NOT_INITIALIZED
    WARNING: GigaTIME failed on patch (33792, 24576): cuDNN error: CUDNN_STATUS_NOT_INITIALIZED
    WARNING: GigaTIME failed on patch (33792, 25600): cuDNN error: CUDNN_STATUS_NOT_INITIALIZED
    WARNING: GigaTIME failed on patch (33792, 26624): cuDNN error: CUDNN_STATUS_NOT_INITIALIZED
    WARNING: GigaTIME failed on patch (33792, 27648): cuDNN error: CUDNN_STATUS_NOT_INITIALIZED
    WARNING: GigaTIME failed on patch (33792, 28672): cuDNN error: CUDNN_STATUS_NOT_INITIALIZED
    WARNING: GigaTIME failed on patch (33792, 29696): cuDNN error: CUDNN_STATUS_NOT_INITIALIZED
    WARNING: GigaTIME failed on patch (33792, 30720): cuDNN error: CUDNN_STATUS_NOT_INITIALIZED
    WARNING: GigaTIME failed on patch (33792, 31744): cuDNN error: CUDNN_STATUS_NOT_INITIALIZED
    WARNING: GigaTIME failed on patch (33792, 32768): cuDNN error: CUDNN_STATUS_NOT_INITIALIZED
    WARNING: GigaTIME failed on patch (33792, 33792): cuDNN error: CUDNN_STATUS_NOT_INITIALIZED
    WARNING: GigaTIME failed on patch (33792, 34816): cuDNN error: CUDNN_STATUS_NOT_INITIALIZED
    WARNING: GigaTIME failed on patch (33792, 35840): cuDNN error: CUDNN_STATUS_NOT_INITIALIZED
    WARNING: GigaTIME failed on patch (33792, 36864): cuDNN error: CUDNN_STATUS_NOT_INITIALIZED
    WARNING: GigaTIME failed on patch (33792, 37888): cuDNN error: CUDNN_STATUS_NOT_INITIALIZED
    WARNING: GigaTIME failed on patch (33792, 38912): cuDNN error: CUDNN_STATUS_NOT_INITIALIZED
    WARNING: GigaTIME failed on patch (33792, 39936): cuDNN error: CUDNN_STATUS_NOT_INITIALIZED
    WARNING: GigaTIME failed on patch (33792, 40960): cuDNN error: CUDNN_STATUS_NOT_INITIALIZED
    WARNING: GigaTIME failed on patch (33792, 41984): cuDNN error: CUDNN_STATUS_NOT_INITIALIZED
    WARNING: GigaTIME failed on patch (33792, 43008): cuDNN error: CUDNN_STATUS_NOT_INITIALIZED
    WARNING: GigaTIME failed on patch (33792, 44032): cuDNN error: CUDNN_STATUS_NOT_INITIALIZED
    WARNING: GigaTIME failed on patch (33792, 45056): cuDNN error: CUDNN_STATUS_NOT_INITIALIZED
    WARNING: GigaTIME failed on patch (33792, 46080): cuDNN error: CUDNN_STATUS_NOT_INITIALIZED
    WARNING: GigaTIME failed on patch (33792, 47104): cuDNN error: CUDNN_STATUS_NOT_INITIALIZED
    WARNING: GigaTIME failed on patch (33792, 48128): cuDNN error: CUDNN_STATUS_NOT_INITIALIZED
    WARNING: GigaTIME failed on patch (33792, 49152): cuDNN error: CUDNN_STATUS_NOT_INITIALIZED
    WARNING: GigaTIME failed on patch (33792, 50176): cuDNN error: CUDNN_STATUS_NOT_INITIALIZED
    WARNING: GigaTIME failed on patch (33792, 51200): cuDNN error: CUDNN_STATUS_NOT_INITIALIZED
    WARNING: GigaTIME failed on patch (33792, 52224): cuDNN error: CUDNN_STATUS_NOT_INITIALIZED
    WARNING: GigaTIME failed on patch (33792, 53248): cuDNN error: CUDNN_STATUS_NOT_INITIALIZED
    WARNING: GigaTIME failed on patch (33792, 54272): cuDNN error: CUDNN_STATUS_NOT_INITIALIZED
    WARNING: GigaTIME failed on patch (33792, 55296): cuDNN error: CUDNN_STATUS_NOT_INITIALIZED
    WARNING: GigaTIME failed on patch (33792, 56320): cuDNN error: CUDNN_STATUS_NOT_INITIALIZED
    WARNING: GigaTIME failed on patch (33792, 57344): cuDNN error: CUDNN_STATUS_NOT_INITIALIZED
    WARNING: GigaTIME failed on patch (33792, 58368): cuDNN error: CUDNN_STATUS_NOT_INITIALIZED
    WARNING: GigaTIME failed on patch (33792, 59392): cuDNN error: CUDNN_STATUS_NOT_INITIALIZED
    WARNING: GigaTIME failed on patch (33792, 60416): cuDNN error: CUDNN_STATUS_NOT_INITIALIZED
    WARNING: GigaTIME failed on patch (33792, 61440): cuDNN error: CUDNN_STATUS_NOT_INITIALIZED
    WARNING: GigaTIME failed on patch (33792, 62464): cuDNN error: CUDNN_STATUS_NOT_INITIALIZED
    WARNING: GigaTIME failed on patch (33792, 63488): cuDNN error: CUDNN_STATUS_NOT_INITIALIZED
    WARNING: GigaTIME failed on patch (33792, 64512): cuDNN error: CUDNN_STATUS_NOT_INITIALIZED
    WARNING: GigaTIME failed on patch (33792, 65536): cuDNN error: CUDNN_STATUS_NOT_INITIALIZED
    WARNING: GigaTIME failed on patch (33792, 66560): cuDNN error: CUDNN_STATUS_NOT_INITIALIZED
    WARNING: GigaTIME failed on patch (34816, 17408): cuDNN error: CUDNN_STATUS_NOT_INITIALIZED
    WARNING: GigaTIME failed on patch (34816, 18432): cuDNN error: CUDNN_STATUS_NOT_INITIALIZED
    WARNING: GigaTIME failed on patch (34816, 19456): cuDNN error: CUDNN_STATUS_NOT_INITIALIZED
    WARNING: GigaTIME failed on patch (34816, 20480): cuDNN error: CUDNN_STATUS_NOT_INITIALIZED
    WARNING: GigaTIME failed on patch (34816, 21504): cuDNN error: CUDNN_STATUS_NOT_INITIALIZED
    WARNING: GigaTIME failed on patch (34816, 22528): cuDNN error: CUDNN_STATUS_NOT_INITIALIZED
    WARNING: GigaTIME failed on patch (34816, 23552): cuDNN error: CUDNN_STATUS_NOT_INITIALIZED
    WARNING: GigaTIME failed on patch (34816, 24576): cuDNN error: CUDNN_STATUS_NOT_INITIALIZED
    WARNING: GigaTIME failed on patch (34816, 25600): cuDNN error: CUDNN_STATUS_NOT_INITIALIZED
    WARNING: GigaTIME failed on patch (34816, 26624): cuDNN error: CUDNN_STATUS_NOT_INITIALIZED
    WARNING: GigaTIME failed on patch (34816, 27648): cuDNN error: CUDNN_STATUS_NOT_INITIALIZED
    WARNING: GigaTIME failed on patch (34816, 28672): cuDNN error: CUDNN_STATUS_NOT_INITIALIZED
    WARNING: GigaTIME failed on patch (34816, 29696): cuDNN error: CUDNN_STATUS_NOT_INITIALIZED
    WARNING: GigaTIME failed on patch (34816, 30720): cuDNN error: CUDNN_STATUS_NOT_INITIALIZED
    WARNING: GigaTIME failed on patch (34816, 31744): cuDNN error: CUDNN_STATUS_NOT_INITIALIZED
    WARNING: GigaTIME failed on patch (34816, 32768): cuDNN error: CUDNN_STATUS_NOT_INITIALIZED
    WARNING: GigaTIME failed on patch (34816, 33792): cuDNN error: CUDNN_STATUS_NOT_INITIALIZED
    WARNING: GigaTIME failed on patch (34816, 34816): cuDNN error: CUDNN_STATUS_NOT_INITIALIZED
    WARNING: GigaTIME failed on patch (34816, 35840): cuDNN error: CUDNN_STATUS_NOT_INITIALIZED
    WARNING: GigaTIME failed on patch (34816, 36864): cuDNN error: CUDNN_STATUS_NOT_INITIALIZED
    WARNING: GigaTIME failed on patch (34816, 37888): cuDNN error: CUDNN_STATUS_NOT_INITIALIZED
    WARNING: GigaTIME failed on patch (34816, 38912): cuDNN error: CUDNN_STATUS_NOT_INITIALIZED
    WARNING: GigaTIME failed on patch (34816, 39936): cuDNN error: CUDNN_STATUS_NOT_INITIALIZED
    WARNING: GigaTIME failed on patch (34816, 40960): cuDNN error: CUDNN_STATUS_NOT_INITIALIZED
    WARNING: GigaTIME failed on patch (34816, 41984): cuDNN error: CUDNN_STATUS_NOT_INITIALIZED
    WARNING: GigaTIME failed on patch (34816, 43008): cuDNN error: CUDNN_STATUS_NOT_INITIALIZED
    WARNING: GigaTIME failed on patch (34816, 44032): cuDNN error: CUDNN_STATUS_NOT_INITIALIZED
    WARNING: GigaTIME failed on patch (34816, 45056): cuDNN error: CUDNN_STATUS_NOT_INITIALIZED
    WARNING: GigaTIME failed on patch (34816, 46080): cuDNN error: CUDNN_STATUS_NOT_INITIALIZED
    WARNING: GigaTIME failed on patch (34816, 47104): cuDNN error: CUDNN_STATUS_NOT_INITIALIZED
    WARNING: GigaTIME failed on patch (34816, 48128): cuDNN error: CUDNN_STATUS_NOT_INITIALIZED
    WARNING: GigaTIME failed on patch (34816, 49152): cuDNN error: CUDNN_STATUS_NOT_INITIALIZED
    WARNING: GigaTIME failed on patch (34816, 50176): cuDNN error: CUDNN_STATUS_NOT_INITIALIZED
    WARNING: GigaTIME failed on patch (34816, 51200): cuDNN error: CUDNN_STATUS_NOT_INITIALIZED
    WARNING: GigaTIME failed on patch (34816, 52224): cuDNN error: CUDNN_STATUS_NOT_INITIALIZED
    WARNING: GigaTIME failed on patch (34816, 53248): cuDNN error: CUDNN_STATUS_NOT_INITIALIZED
    WARNING: GigaTIME failed on patch (34816, 54272): cuDNN error: CUDNN_STATUS_NOT_INITIALIZED
    WARNING: GigaTIME failed on patch (34816, 55296): cuDNN error: CUDNN_STATUS_NOT_INITIALIZED
    WARNING: GigaTIME failed on patch (34816, 56320): cuDNN error: CUDNN_STATUS_NOT_INITIALIZED
    WARNING: GigaTIME failed on patch (34816, 57344): cuDNN error: CUDNN_STATUS_NOT_INITIALIZED
    WARNING: GigaTIME failed on patch (34816, 58368): cuDNN error: CUDNN_STATUS_NOT_INITIALIZED
    WARNING: GigaTIME failed on patch (34816, 59392): cuDNN error: CUDNN_STATUS_NOT_INITIALIZED
    WARNING: GigaTIME failed on patch (34816, 60416): cuDNN error: CUDNN_STATUS_NOT_INITIALIZED
    WARNING: GigaTIME failed on patch (34816, 61440): cuDNN error: CUDNN_STATUS_NOT_INITIALIZED
    WARNING: GigaTIME failed on patch (34816, 62464): cuDNN error: CUDNN_STATUS_NOT_INITIALIZED
    WARNING: GigaTIME failed on patch (34816, 63488): cuDNN error: CUDNN_STATUS_NOT_INITIALIZED
    WARNING: GigaTIME failed on patch (34816, 64512): cuDNN error: CUDNN_STATUS_NOT_INITIALIZED
    WARNING: GigaTIME failed on patch (34816, 65536): cuDNN error: CUDNN_STATUS_NOT_INITIALIZED
    WARNING: GigaTIME failed on patch (34816, 66560): cuDNN error: CUDNN_STATUS_NOT_INITIALIZED
    WARNING: GigaTIME failed on patch (35840, 18432): cuDNN error: CUDNN_STATUS_NOT_INITIALIZED
    WARNING: GigaTIME failed on patch (35840, 19456): cuDNN error: CUDNN_STATUS_NOT_INITIALIZED
    WARNING: GigaTIME failed on patch (35840, 20480): cuDNN error: CUDNN_STATUS_NOT_INITIALIZED
    WARNING: GigaTIME failed on patch (35840, 21504): cuDNN error: CUDNN_STATUS_NOT_INITIALIZED
    WARNING: GigaTIME failed on patch (35840, 22528): cuDNN error: CUDNN_STATUS_NOT_INITIALIZED
    WARNING: GigaTIME failed on patch (35840, 23552): cuDNN error: CUDNN_STATUS_NOT_INITIALIZED
    WARNING: GigaTIME failed on patch (35840, 24576): cuDNN error: CUDNN_STATUS_NOT_INITIALIZED
    WARNING: GigaTIME failed on patch (35840, 25600): cuDNN error: CUDNN_STATUS_NOT_INITIALIZED
    WARNING: GigaTIME failed on patch (35840, 26624): cuDNN error: CUDNN_STATUS_NOT_INITIALIZED
    WARNING: GigaTIME failed on patch (35840, 27648): cuDNN error: CUDNN_STATUS_NOT_INITIALIZED
    WARNING: GigaTIME failed on patch (35840, 28672): cuDNN error: CUDNN_STATUS_NOT_INITIALIZED
    WARNING: GigaTIME failed on patch (35840, 29696): cuDNN error: CUDNN_STATUS_NOT_INITIALIZED
    WARNING: GigaTIME failed on patch (35840, 30720): cuDNN error: CUDNN_STATUS_NOT_INITIALIZED
    WARNING: GigaTIME failed on patch (35840, 31744): cuDNN error: CUDNN_STATUS_NOT_INITIALIZED
    WARNING: GigaTIME failed on patch (35840, 32768): cuDNN error: CUDNN_STATUS_NOT_INITIALIZED
    WARNING: GigaTIME failed on patch (35840, 33792): cuDNN error: CUDNN_STATUS_NOT_INITIALIZED
    WARNING: GigaTIME failed on patch (35840, 34816): cuDNN error: CUDNN_STATUS_NOT_INITIALIZED
    WARNING: GigaTIME failed on patch (35840, 35840): cuDNN error: CUDNN_STATUS_NOT_INITIALIZED
    WARNING: GigaTIME failed on patch (35840, 36864): cuDNN error: CUDNN_STATUS_NOT_INITIALIZED
    WARNING: GigaTIME failed on patch (35840, 37888): cuDNN error: CUDNN_STATUS_NOT_INITIALIZED
    WARNING: GigaTIME failed on patch (35840, 38912): cuDNN error: CUDNN_STATUS_NOT_INITIALIZED
    WARNING: GigaTIME failed on patch (35840, 39936): cuDNN error: CUDNN_STATUS_NOT_INITIALIZED
    WARNING: GigaTIME failed on patch (35840, 40960): cuDNN error: CUDNN_STATUS_NOT_INITIALIZED
    WARNING: GigaTIME failed on patch (35840, 41984): cuDNN error: CUDNN_STATUS_NOT_INITIALIZED
    WARNING: GigaTIME failed on patch (35840, 43008): cuDNN error: CUDNN_STATUS_NOT_INITIALIZED
    WARNING: GigaTIME failed on patch (35840, 44032): cuDNN error: CUDNN_STATUS_NOT_INITIALIZED
    WARNING: GigaTIME failed on patch (35840, 45056): cuDNN error: CUDNN_STATUS_NOT_INITIALIZED
    WARNING: GigaTIME failed on patch (35840, 46080): cuDNN error: CUDNN_STATUS_NOT_INITIALIZED
    WARNING: GigaTIME failed on patch (35840, 47104): cuDNN error: CUDNN_STATUS_NOT_INITIALIZED
    WARNING: GigaTIME failed on patch (35840, 48128): cuDNN error: CUDNN_STATUS_NOT_INITIALIZED
    WARNING: GigaTIME failed on patch (35840, 49152): cuDNN error: CUDNN_STATUS_NOT_INITIALIZED
    WARNING: GigaTIME failed on patch (35840, 50176): cuDNN error: CUDNN_STATUS_NOT_INITIALIZED
    WARNING: GigaTIME failed on patch (35840, 51200): cuDNN error: CUDNN_STATUS_NOT_INITIALIZED
    WARNING: GigaTIME failed on patch (35840, 52224): cuDNN error: CUDNN_STATUS_NOT_INITIALIZED
    WARNING: GigaTIME failed on patch (35840, 53248): cuDNN error: CUDNN_STATUS_NOT_INITIALIZED
    WARNING: GigaTIME failed on patch (35840, 54272): cuDNN error: CUDNN_STATUS_NOT_INITIALIZED
    WARNING: GigaTIME failed on patch (35840, 55296): cuDNN error: CUDNN_STATUS_NOT_INITIALIZED
    WARNING: GigaTIME failed on patch (35840, 56320): cuDNN error: CUDNN_STATUS_NOT_INITIALIZED
    WARNING: GigaTIME failed on patch (35840, 57344): cuDNN error: CUDNN_STATUS_NOT_INITIALIZED
    WARNING: GigaTIME failed on patch (35840, 58368): cuDNN error: CUDNN_STATUS_NOT_INITIALIZED
    WARNING: GigaTIME failed on patch (35840, 59392): cuDNN error: CUDNN_STATUS_NOT_INITIALIZED
    WARNING: GigaTIME failed on patch (35840, 60416): cuDNN error: CUDNN_STATUS_NOT_INITIALIZED
    WARNING: GigaTIME failed on patch (35840, 61440): cuDNN error: CUDNN_STATUS_NOT_INITIALIZED
    WARNING: GigaTIME failed on patch (35840, 62464): cuDNN error: CUDNN_STATUS_NOT_INITIALIZED
    WARNING: GigaTIME failed on patch (35840, 63488): cuDNN error: CUDNN_STATUS_NOT_INITIALIZED
    WARNING: GigaTIME failed on patch (35840, 64512): cuDNN error: CUDNN_STATUS_NOT_INITIALIZED
    WARNING: GigaTIME failed on patch (35840, 65536): cuDNN error: CUDNN_STATUS_NOT_INITIALIZED
    WARNING: GigaTIME failed on patch (36864, 18432): cuDNN error: CUDNN_STATUS_NOT_INITIALIZED
    WARNING: GigaTIME failed on patch (36864, 19456): cuDNN error: CUDNN_STATUS_NOT_INITIALIZED
    WARNING: GigaTIME failed on patch (36864, 20480): cuDNN error: CUDNN_STATUS_NOT_INITIALIZED
    WARNING: GigaTIME failed on patch (36864, 21504): cuDNN error: CUDNN_STATUS_NOT_INITIALIZED
    WARNING: GigaTIME failed on patch (36864, 22528): cuDNN error: CUDNN_STATUS_NOT_INITIALIZED
    WARNING: GigaTIME failed on patch (36864, 23552): cuDNN error: CUDNN_STATUS_NOT_INITIALIZED
    WARNING: GigaTIME failed on patch (36864, 24576): cuDNN error: CUDNN_STATUS_NOT_INITIALIZED
    WARNING: GigaTIME failed on patch (36864, 25600): cuDNN error: CUDNN_STATUS_NOT_INITIALIZED
    WARNING: GigaTIME failed on patch (36864, 26624): cuDNN error: CUDNN_STATUS_NOT_INITIALIZED
    WARNING: GigaTIME failed on patch (36864, 27648): cuDNN error: CUDNN_STATUS_NOT_INITIALIZED
    WARNING: GigaTIME failed on patch (36864, 28672): cuDNN error: CUDNN_STATUS_NOT_INITIALIZED
    WARNING: GigaTIME failed on patch (36864, 29696): cuDNN error: CUDNN_STATUS_NOT_INITIALIZED
    WARNING: GigaTIME failed on patch (36864, 30720): cuDNN error: CUDNN_STATUS_NOT_INITIALIZED
    WARNING: GigaTIME failed on patch (36864, 31744): cuDNN error: CUDNN_STATUS_NOT_INITIALIZED
    WARNING: GigaTIME failed on patch (36864, 32768): cuDNN error: CUDNN_STATUS_NOT_INITIALIZED
    WARNING: GigaTIME failed on patch (36864, 33792): cuDNN error: CUDNN_STATUS_NOT_INITIALIZED
    WARNING: GigaTIME failed on patch (36864, 34816): cuDNN error: CUDNN_STATUS_NOT_INITIALIZED
    WARNING: GigaTIME failed on patch (36864, 35840): cuDNN error: CUDNN_STATUS_NOT_INITIALIZED
    WARNING: GigaTIME failed on patch (36864, 36864): cuDNN error: CUDNN_STATUS_NOT_INITIALIZED
    WARNING: GigaTIME failed on patch (36864, 37888): cuDNN error: CUDNN_STATUS_NOT_INITIALIZED
    WARNING: GigaTIME failed on patch (36864, 38912): cuDNN error: CUDNN_STATUS_NOT_INITIALIZED
    WARNING: GigaTIME failed on patch (36864, 39936): cuDNN error: CUDNN_STATUS_NOT_INITIALIZED
    WARNING: GigaTIME failed on patch (36864, 40960): cuDNN error: CUDNN_STATUS_NOT_INITIALIZED
    WARNING: GigaTIME failed on patch (36864, 41984): cuDNN error: CUDNN_STATUS_NOT_INITIALIZED
    WARNING: GigaTIME failed on patch (36864, 43008): cuDNN error: CUDNN_STATUS_NOT_INITIALIZED
    WARNING: GigaTIME failed on patch (36864, 44032): cuDNN error: CUDNN_STATUS_NOT_INITIALIZED
    WARNING: GigaTIME failed on patch (36864, 45056): cuDNN error: CUDNN_STATUS_NOT_INITIALIZED
    WARNING: GigaTIME failed on patch (36864, 46080): cuDNN error: CUDNN_STATUS_NOT_INITIALIZED
    WARNING: GigaTIME failed on patch (36864, 47104): cuDNN error: CUDNN_STATUS_NOT_INITIALIZED
    WARNING: GigaTIME failed on patch (36864, 48128): cuDNN error: CUDNN_STATUS_NOT_INITIALIZED
    WARNING: GigaTIME failed on patch (36864, 50176): cuDNN error: CUDNN_STATUS_NOT_INITIALIZED
    WARNING: GigaTIME failed on patch (36864, 51200): cuDNN error: CUDNN_STATUS_NOT_INITIALIZED
    WARNING: GigaTIME failed on patch (36864, 52224): cuDNN error: CUDNN_STATUS_NOT_INITIALIZED
    WARNING: GigaTIME failed on patch (36864, 53248): cuDNN error: CUDNN_STATUS_NOT_INITIALIZED
    WARNING: GigaTIME failed on patch (36864, 54272): cuDNN error: CUDNN_STATUS_NOT_INITIALIZED
    WARNING: GigaTIME failed on patch (36864, 55296): cuDNN error: CUDNN_STATUS_NOT_INITIALIZED
    WARNING: GigaTIME failed on patch (36864, 56320): cuDNN error: CUDNN_STATUS_NOT_INITIALIZED
    WARNING: GigaTIME failed on patch (36864, 57344): cuDNN error: CUDNN_STATUS_NOT_INITIALIZED
    WARNING: GigaTIME failed on patch (36864, 58368): cuDNN error: CUDNN_STATUS_NOT_INITIALIZED
    WARNING: GigaTIME failed on patch (36864, 59392): cuDNN error: CUDNN_STATUS_NOT_INITIALIZED
    WARNING: GigaTIME failed on patch (36864, 60416): cuDNN error: CUDNN_STATUS_NOT_INITIALIZED
    WARNING: GigaTIME failed on patch (36864, 61440): cuDNN error: CUDNN_STATUS_NOT_INITIALIZED
    WARNING: GigaTIME failed on patch (36864, 62464): cuDNN error: CUDNN_STATUS_NOT_INITIALIZED
    WARNING: GigaTIME failed on patch (36864, 63488): cuDNN error: CUDNN_STATUS_NOT_INITIALIZED
    WARNING: GigaTIME failed on patch (36864, 64512): cuDNN error: CUDNN_STATUS_NOT_INITIALIZED
    WARNING: GigaTIME failed on patch (36864, 65536): cuDNN error: CUDNN_STATUS_NOT_INITIALIZED
    WARNING: GigaTIME failed on patch (36864, 66560): cuDNN error: CUDNN_STATUS_NOT_INITIALIZED
    WARNING: GigaTIME failed on patch (37888, 19456): cuDNN error: CUDNN_STATUS_NOT_INITIALIZED
    WARNING: GigaTIME failed on patch (37888, 20480): cuDNN error: CUDNN_STATUS_NOT_INITIALIZED
    WARNING: GigaTIME failed on patch (37888, 21504): cuDNN error: CUDNN_STATUS_NOT_INITIALIZED
    WARNING: GigaTIME failed on patch (37888, 22528): cuDNN error: CUDNN_STATUS_NOT_INITIALIZED
    WARNING: GigaTIME failed on patch (37888, 23552): cuDNN error: CUDNN_STATUS_NOT_INITIALIZED
    WARNING: GigaTIME failed on patch (37888, 24576): cuDNN error: CUDNN_STATUS_NOT_INITIALIZED
    WARNING: GigaTIME failed on patch (37888, 25600): cuDNN error: CUDNN_STATUS_NOT_INITIALIZED
    WARNING: GigaTIME failed on patch (37888, 26624): cuDNN error: CUDNN_STATUS_NOT_INITIALIZED
    WARNING: GigaTIME failed on patch (37888, 27648): cuDNN error: CUDNN_STATUS_NOT_INITIALIZED
    WARNING: GigaTIME failed on patch (37888, 28672): cuDNN error: CUDNN_STATUS_NOT_INITIALIZED
    WARNING: GigaTIME failed on patch (37888, 29696): cuDNN error: CUDNN_STATUS_NOT_INITIALIZED
    WARNING: GigaTIME failed on patch (37888, 30720): cuDNN error: CUDNN_STATUS_NOT_INITIALIZED
    WARNING: GigaTIME failed on patch (37888, 31744): cuDNN error: CUDNN_STATUS_NOT_INITIALIZED
    WARNING: GigaTIME failed on patch (37888, 32768): cuDNN error: CUDNN_STATUS_NOT_INITIALIZED
    WARNING: GigaTIME failed on patch (37888, 33792): cuDNN error: CUDNN_STATUS_NOT_INITIALIZED
    WARNING: GigaTIME failed on patch (37888, 34816): cuDNN error: CUDNN_STATUS_NOT_INITIALIZED
    WARNING: GigaTIME failed on patch (37888, 35840): cuDNN error: CUDNN_STATUS_NOT_INITIALIZED
    WARNING: GigaTIME failed on patch (37888, 36864): cuDNN error: CUDNN_STATUS_NOT_INITIALIZED
    WARNING: GigaTIME failed on patch (37888, 37888): cuDNN error: CUDNN_STATUS_NOT_INITIALIZED
    WARNING: GigaTIME failed on patch (37888, 38912): cuDNN error: CUDNN_STATUS_NOT_INITIALIZED
    WARNING: GigaTIME failed on patch (37888, 39936): cuDNN error: CUDNN_STATUS_NOT_INITIALIZED
    WARNING: GigaTIME failed on patch (37888, 40960): cuDNN error: CUDNN_STATUS_NOT_INITIALIZED
    WARNING: GigaTIME failed on patch (37888, 41984): cuDNN error: CUDNN_STATUS_NOT_INITIALIZED
    WARNING: GigaTIME failed on patch (37888, 43008): cuDNN error: CUDNN_STATUS_NOT_INITIALIZED
    WARNING: GigaTIME failed on patch (37888, 44032): cuDNN error: CUDNN_STATUS_NOT_INITIALIZED
    WARNING: GigaTIME failed on patch (37888, 45056): cuDNN error: CUDNN_STATUS_NOT_INITIALIZED
    WARNING: GigaTIME failed on patch (37888, 46080): cuDNN error: CUDNN_STATUS_NOT_INITIALIZED
    WARNING: GigaTIME failed on patch (37888, 47104): cuDNN error: CUDNN_STATUS_NOT_INITIALIZED
    WARNING: GigaTIME failed on patch (37888, 48128): cuDNN error: CUDNN_STATUS_NOT_INITIALIZED
    WARNING: GigaTIME failed on patch (37888, 51200): cuDNN error: CUDNN_STATUS_NOT_INITIALIZED
    WARNING: GigaTIME failed on patch (37888, 52224): cuDNN error: CUDNN_STATUS_NOT_INITIALIZED
    WARNING: GigaTIME failed on patch (37888, 53248): cuDNN error: CUDNN_STATUS_NOT_INITIALIZED
    WARNING: GigaTIME failed on patch (37888, 54272): cuDNN error: CUDNN_STATUS_NOT_INITIALIZED
    WARNING: GigaTIME failed on patch (37888, 55296): cuDNN error: CUDNN_STATUS_NOT_INITIALIZED
    WARNING: GigaTIME failed on patch (37888, 56320): cuDNN error: CUDNN_STATUS_NOT_INITIALIZED
    WARNING: GigaTIME failed on patch (37888, 57344): cuDNN error: CUDNN_STATUS_NOT_INITIALIZED
    WARNING: GigaTIME failed on patch (37888, 58368): cuDNN error: CUDNN_STATUS_NOT_INITIALIZED
    WARNING: GigaTIME failed on patch (37888, 59392): cuDNN error: CUDNN_STATUS_NOT_INITIALIZED
    WARNING: GigaTIME failed on patch (37888, 60416): cuDNN error: CUDNN_STATUS_NOT_INITIALIZED
    WARNING: GigaTIME failed on patch (37888, 61440): cuDNN error: CUDNN_STATUS_NOT_INITIALIZED
    WARNING: GigaTIME failed on patch (37888, 62464): cuDNN error: CUDNN_STATUS_NOT_INITIALIZED
    WARNING: GigaTIME failed on patch (37888, 63488): cuDNN error: CUDNN_STATUS_NOT_INITIALIZED
    WARNING: GigaTIME failed on patch (37888, 64512): cuDNN error: CUDNN_STATUS_NOT_INITIALIZED
    WARNING: GigaTIME failed on patch (37888, 65536): cuDNN error: CUDNN_STATUS_NOT_INITIALIZED
    WARNING: GigaTIME failed on patch (38912, 20480): cuDNN error: CUDNN_STATUS_NOT_INITIALIZED
    WARNING: GigaTIME failed on patch (38912, 21504): cuDNN error: CUDNN_STATUS_NOT_INITIALIZED
    WARNING: GigaTIME failed on patch (38912, 22528): cuDNN error: CUDNN_STATUS_NOT_INITIALIZED
    WARNING: GigaTIME failed on patch (38912, 23552): cuDNN error: CUDNN_STATUS_NOT_INITIALIZED
    WARNING: GigaTIME failed on patch (38912, 24576): cuDNN error: CUDNN_STATUS_NOT_INITIALIZED
    WARNING: GigaTIME failed on patch (38912, 25600): cuDNN error: CUDNN_STATUS_NOT_INITIALIZED
    WARNING: GigaTIME failed on patch (38912, 26624): cuDNN error: CUDNN_STATUS_NOT_INITIALIZED
    WARNING: GigaTIME failed on patch (38912, 27648): cuDNN error: CUDNN_STATUS_NOT_INITIALIZED
    WARNING: GigaTIME failed on patch (38912, 28672): cuDNN error: CUDNN_STATUS_NOT_INITIALIZED
    WARNING: GigaTIME failed on patch (38912, 29696): cuDNN error: CUDNN_STATUS_NOT_INITIALIZED
    WARNING: GigaTIME failed on patch (38912, 30720): cuDNN error: CUDNN_STATUS_NOT_INITIALIZED
    WARNING: GigaTIME failed on patch (38912, 31744): cuDNN error: CUDNN_STATUS_NOT_INITIALIZED
    WARNING: GigaTIME failed on patch (38912, 32768): cuDNN error: CUDNN_STATUS_NOT_INITIALIZED
    WARNING: GigaTIME failed on patch (38912, 33792): cuDNN error: CUDNN_STATUS_NOT_INITIALIZED
    WARNING: GigaTIME failed on patch (38912, 34816): cuDNN error: CUDNN_STATUS_NOT_INITIALIZED
    WARNING: GigaTIME failed on patch (38912, 35840): cuDNN error: CUDNN_STATUS_NOT_INITIALIZED
    WARNING: GigaTIME failed on patch (38912, 37888): cuDNN error: CUDNN_STATUS_NOT_INITIALIZED
    WARNING: GigaTIME failed on patch (38912, 38912): cuDNN error: CUDNN_STATUS_NOT_INITIALIZED
    WARNING: GigaTIME failed on patch (38912, 39936): cuDNN error: CUDNN_STATUS_NOT_INITIALIZED
    WARNING: GigaTIME failed on patch (38912, 40960): cuDNN error: CUDNN_STATUS_NOT_INITIALIZED
    WARNING: GigaTIME failed on patch (38912, 41984): cuDNN error: CUDNN_STATUS_NOT_INITIALIZED
    WARNING: GigaTIME failed on patch (38912, 43008): cuDNN error: CUDNN_STATUS_NOT_INITIALIZED
    WARNING: GigaTIME failed on patch (38912, 44032): cuDNN error: CUDNN_STATUS_NOT_INITIALIZED
    WARNING: GigaTIME failed on patch (38912, 45056): cuDNN error: CUDNN_STATUS_NOT_INITIALIZED
    WARNING: GigaTIME failed on patch (38912, 46080): cuDNN error: CUDNN_STATUS_NOT_INITIALIZED
    WARNING: GigaTIME failed on patch (38912, 47104): cuDNN error: CUDNN_STATUS_NOT_INITIALIZED
    WARNING: GigaTIME failed on patch (38912, 48128): cuDNN error: CUDNN_STATUS_NOT_INITIALIZED
    WARNING: GigaTIME failed on patch (38912, 51200): cuDNN error: CUDNN_STATUS_NOT_INITIALIZED
    WARNING: GigaTIME failed on patch (38912, 52224): cuDNN error: CUDNN_STATUS_NOT_INITIALIZED
    WARNING: GigaTIME failed on patch (38912, 53248): cuDNN error: CUDNN_STATUS_NOT_INITIALIZED
    WARNING: GigaTIME failed on patch (38912, 54272): cuDNN error: CUDNN_STATUS_NOT_INITIALIZED
    WARNING: GigaTIME failed on patch (38912, 55296): cuDNN error: CUDNN_STATUS_NOT_INITIALIZED
    WARNING: GigaTIME failed on patch (38912, 56320): cuDNN error: CUDNN_STATUS_NOT_INITIALIZED
    WARNING: GigaTIME failed on patch (38912, 57344): cuDNN error: CUDNN_STATUS_NOT_INITIALIZED
    WARNING: GigaTIME failed on patch (38912, 58368): cuDNN error: CUDNN_STATUS_NOT_INITIALIZED
    WARNING: GigaTIME failed on patch (38912, 59392): cuDNN error: CUDNN_STATUS_NOT_INITIALIZED
    WARNING: GigaTIME failed on patch (38912, 60416): cuDNN error: CUDNN_STATUS_NOT_INITIALIZED
    WARNING: GigaTIME failed on patch (38912, 61440): cuDNN error: CUDNN_STATUS_NOT_INITIALIZED
    WARNING: GigaTIME failed on patch (38912, 62464): cuDNN error: CUDNN_STATUS_NOT_INITIALIZED
    WARNING: GigaTIME failed on patch (38912, 63488): cuDNN error: CUDNN_STATUS_NOT_INITIALIZED
    WARNING: GigaTIME failed on patch (38912, 64512): cuDNN error: CUDNN_STATUS_NOT_INITIALIZED
    WARNING: GigaTIME failed on patch (38912, 65536): cuDNN error: CUDNN_STATUS_NOT_INITIALIZED
    WARNING: GigaTIME failed on patch (39936, 20480): cuDNN error: CUDNN_STATUS_NOT_INITIALIZED
    WARNING: GigaTIME failed on patch (39936, 21504): cuDNN error: CUDNN_STATUS_NOT_INITIALIZED
    WARNING: GigaTIME failed on patch (39936, 22528): cuDNN error: CUDNN_STATUS_NOT_INITIALIZED
    WARNING: GigaTIME failed on patch (39936, 23552): cuDNN error: CUDNN_STATUS_NOT_INITIALIZED
    WARNING: GigaTIME failed on patch (39936, 24576): cuDNN error: CUDNN_STATUS_NOT_INITIALIZED
    WARNING: GigaTIME failed on patch (39936, 25600): cuDNN error: CUDNN_STATUS_NOT_INITIALIZED
    WARNING: GigaTIME failed on patch (39936, 26624): cuDNN error: CUDNN_STATUS_NOT_INITIALIZED
    WARNING: GigaTIME failed on patch (39936, 27648): cuDNN error: CUDNN_STATUS_NOT_INITIALIZED
    WARNING: GigaTIME failed on patch (39936, 28672): cuDNN error: CUDNN_STATUS_NOT_INITIALIZED
    WARNING: GigaTIME failed on patch (39936, 29696): cuDNN error: CUDNN_STATUS_NOT_INITIALIZED
    WARNING: GigaTIME failed on patch (39936, 30720): cuDNN error: CUDNN_STATUS_NOT_INITIALIZED
    WARNING: GigaTIME failed on patch (39936, 31744): cuDNN error: CUDNN_STATUS_NOT_INITIALIZED
    WARNING: GigaTIME failed on patch (39936, 32768): cuDNN error: CUDNN_STATUS_NOT_INITIALIZED
    WARNING: GigaTIME failed on patch (39936, 33792): cuDNN error: CUDNN_STATUS_NOT_INITIALIZED
    WARNING: GigaTIME failed on patch (39936, 34816): cuDNN error: CUDNN_STATUS_NOT_INITIALIZED
    WARNING: GigaTIME failed on patch (39936, 38912): cuDNN error: CUDNN_STATUS_NOT_INITIALIZED
    WARNING: GigaTIME failed on patch (39936, 39936): cuDNN error: CUDNN_STATUS_NOT_INITIALIZED
    WARNING: GigaTIME failed on patch (39936, 40960): cuDNN error: CUDNN_STATUS_NOT_INITIALIZED
    WARNING: GigaTIME failed on patch (39936, 41984): cuDNN error: CUDNN_STATUS_NOT_INITIALIZED
    WARNING: GigaTIME failed on patch (39936, 43008): cuDNN error: CUDNN_STATUS_NOT_INITIALIZED
    WARNING: GigaTIME failed on patch (39936, 44032): cuDNN error: CUDNN_STATUS_NOT_INITIALIZED
    WARNING: GigaTIME failed on patch (39936, 45056): cuDNN error: CUDNN_STATUS_NOT_INITIALIZED
    WARNING: GigaTIME failed on patch (39936, 46080): cuDNN error: CUDNN_STATUS_NOT_INITIALIZED
    WARNING: GigaTIME failed on patch (39936, 47104): cuDNN error: CUDNN_STATUS_NOT_INITIALIZED
    WARNING: GigaTIME failed on patch (39936, 48128): cuDNN error: CUDNN_STATUS_NOT_INITIALIZED
    WARNING: GigaTIME failed on patch (39936, 50176): cuDNN error: CUDNN_STATUS_NOT_INITIALIZED
    WARNING: GigaTIME failed on patch (39936, 51200): cuDNN error: CUDNN_STATUS_NOT_INITIALIZED
    WARNING: GigaTIME failed on patch (39936, 52224): cuDNN error: CUDNN_STATUS_NOT_INITIALIZED
    WARNING: GigaTIME failed on patch (39936, 53248): cuDNN error: CUDNN_STATUS_NOT_INITIALIZED
    WARNING: GigaTIME failed on patch (39936, 54272): cuDNN error: CUDNN_STATUS_NOT_INITIALIZED
    WARNING: GigaTIME failed on patch (39936, 55296): cuDNN error: CUDNN_STATUS_NOT_INITIALIZED
    WARNING: GigaTIME failed on patch (39936, 56320): cuDNN error: CUDNN_STATUS_NOT_INITIALIZED
    WARNING: GigaTIME failed on patch (39936, 57344): cuDNN error: CUDNN_STATUS_NOT_INITIALIZED
    WARNING: GigaTIME failed on patch (39936, 58368): cuDNN error: CUDNN_STATUS_NOT_INITIALIZED
    WARNING: GigaTIME failed on patch (39936, 59392): cuDNN error: CUDNN_STATUS_NOT_INITIALIZED
    WARNING: GigaTIME failed on patch (39936, 60416): cuDNN error: CUDNN_STATUS_NOT_INITIALIZED
    WARNING: GigaTIME failed on patch (39936, 61440): cuDNN error: CUDNN_STATUS_NOT_INITIALIZED
    WARNING: GigaTIME failed on patch (39936, 62464): cuDNN error: CUDNN_STATUS_NOT_INITIALIZED
    WARNING: GigaTIME failed on patch (39936, 63488): cuDNN error: CUDNN_STATUS_NOT_INITIALIZED
    WARNING: GigaTIME failed on patch (39936, 64512): cuDNN error: CUDNN_STATUS_NOT_INITIALIZED
    WARNING: GigaTIME failed on patch (39936, 65536): cuDNN error: CUDNN_STATUS_NOT_INITIALIZED
    WARNING: GigaTIME failed on patch (40960, 21504): cuDNN error: CUDNN_STATUS_NOT_INITIALIZED
    WARNING: GigaTIME failed on patch (40960, 22528): cuDNN error: CUDNN_STATUS_NOT_INITIALIZED
    WARNING: GigaTIME failed on patch (40960, 23552): cuDNN error: CUDNN_STATUS_NOT_INITIALIZED
    WARNING: GigaTIME failed on patch (40960, 24576): cuDNN error: CUDNN_STATUS_NOT_INITIALIZED
    WARNING: GigaTIME failed on patch (40960, 25600): cuDNN error: CUDNN_STATUS_NOT_INITIALIZED
    WARNING: GigaTIME failed on patch (40960, 26624): cuDNN error: CUDNN_STATUS_NOT_INITIALIZED
    WARNING: GigaTIME failed on patch (40960, 27648): cuDNN error: CUDNN_STATUS_NOT_INITIALIZED
    WARNING: GigaTIME failed on patch (40960, 28672): cuDNN error: CUDNN_STATUS_NOT_INITIALIZED
    WARNING: GigaTIME failed on patch (40960, 29696): cuDNN error: CUDNN_STATUS_NOT_INITIALIZED
    WARNING: GigaTIME failed on patch (40960, 30720): cuDNN error: CUDNN_STATUS_NOT_INITIALIZED
    WARNING: GigaTIME failed on patch (40960, 31744): cuDNN error: CUDNN_STATUS_NOT_INITIALIZED
    WARNING: GigaTIME failed on patch (40960, 32768): cuDNN error: CUDNN_STATUS_NOT_INITIALIZED
    WARNING: GigaTIME failed on patch (40960, 33792): cuDNN error: CUDNN_STATUS_NOT_INITIALIZED
    WARNING: GigaTIME failed on patch (40960, 34816): cuDNN error: CUDNN_STATUS_NOT_INITIALIZED
    WARNING: GigaTIME failed on patch (40960, 35840): cuDNN error: CUDNN_STATUS_NOT_INITIALIZED
    WARNING: GigaTIME failed on patch (40960, 36864): cuDNN error: CUDNN_STATUS_NOT_INITIALIZED
    WARNING: GigaTIME failed on patch (40960, 37888): cuDNN error: CUDNN_STATUS_NOT_INITIALIZED
    WARNING: GigaTIME failed on patch (40960, 38912): cuDNN error: CUDNN_STATUS_NOT_INITIALIZED
    WARNING: GigaTIME failed on patch (40960, 39936): cuDNN error: CUDNN_STATUS_NOT_INITIALIZED
    WARNING: GigaTIME failed on patch (40960, 40960): cuDNN error: CUDNN_STATUS_NOT_INITIALIZED
    WARNING: GigaTIME failed on patch (40960, 41984): cuDNN error: CUDNN_STATUS_NOT_INITIALIZED
    WARNING: GigaTIME failed on patch (40960, 43008): cuDNN error: CUDNN_STATUS_NOT_INITIALIZED
    WARNING: GigaTIME failed on patch (40960, 44032): cuDNN error: CUDNN_STATUS_NOT_INITIALIZED
    WARNING: GigaTIME failed on patch (40960, 45056): cuDNN error: CUDNN_STATUS_NOT_INITIALIZED
    WARNING: GigaTIME failed on patch (40960, 46080): cuDNN error: CUDNN_STATUS_NOT_INITIALIZED
    WARNING: GigaTIME failed on patch (40960, 47104): cuDNN error: CUDNN_STATUS_NOT_INITIALIZED
    WARNING: GigaTIME failed on patch (40960, 48128): cuDNN error: CUDNN_STATUS_NOT_INITIALIZED
    WARNING: GigaTIME failed on patch (40960, 49152): cuDNN error: CUDNN_STATUS_NOT_INITIALIZED
    WARNING: GigaTIME failed on patch (40960, 50176): cuDNN error: CUDNN_STATUS_NOT_INITIALIZED
    WARNING: GigaTIME failed on patch (40960, 51200): cuDNN error: CUDNN_STATUS_NOT_INITIALIZED
    WARNING: GigaTIME failed on patch (40960, 52224): cuDNN error: CUDNN_STATUS_NOT_INITIALIZED
    WARNING: GigaTIME failed on patch (40960, 53248): cuDNN error: CUDNN_STATUS_NOT_INITIALIZED
    WARNING: GigaTIME failed on patch (40960, 54272): cuDNN error: CUDNN_STATUS_NOT_INITIALIZED
    WARNING: GigaTIME failed on patch (40960, 55296): cuDNN error: CUDNN_STATUS_NOT_INITIALIZED
    WARNING: GigaTIME failed on patch (40960, 56320): cuDNN error: CUDNN_STATUS_NOT_INITIALIZED
    WARNING: GigaTIME failed on patch (40960, 57344): cuDNN error: CUDNN_STATUS_NOT_INITIALIZED
    WARNING: GigaTIME failed on patch (40960, 58368): cuDNN error: CUDNN_STATUS_NOT_INITIALIZED
    WARNING: GigaTIME failed on patch (40960, 59392): cuDNN error: CUDNN_STATUS_NOT_INITIALIZED
    WARNING: GigaTIME failed on patch (40960, 60416): cuDNN error: CUDNN_STATUS_NOT_INITIALIZED
    WARNING: GigaTIME failed on patch (40960, 61440): cuDNN error: CUDNN_STATUS_NOT_INITIALIZED
    WARNING: GigaTIME failed on patch (40960, 62464): cuDNN error: CUDNN_STATUS_NOT_INITIALIZED
    WARNING: GigaTIME failed on patch (40960, 63488): cuDNN error: CUDNN_STATUS_NOT_INITIALIZED
    WARNING: GigaTIME failed on patch (40960, 64512): cuDNN error: CUDNN_STATUS_NOT_INITIALIZED
    WARNING: GigaTIME failed on patch (40960, 65536): cuDNN error: CUDNN_STATUS_NOT_INITIALIZED
    WARNING: GigaTIME failed on patch (41984, 23552): cuDNN error: CUDNN_STATUS_NOT_INITIALIZED
    WARNING: GigaTIME failed on patch (41984, 24576): cuDNN error: CUDNN_STATUS_NOT_INITIALIZED
    WARNING: GigaTIME failed on patch (41984, 25600): cuDNN error: CUDNN_STATUS_NOT_INITIALIZED
    WARNING: GigaTIME failed on patch (41984, 26624): cuDNN error: CUDNN_STATUS_NOT_INITIALIZED
    WARNING: GigaTIME failed on patch (41984, 27648): cuDNN error: CUDNN_STATUS_NOT_INITIALIZED
    WARNING: GigaTIME failed on patch (41984, 28672): cuDNN error: CUDNN_STATUS_NOT_INITIALIZED
    WARNING: GigaTIME failed on patch (41984, 29696): cuDNN error: CUDNN_STATUS_NOT_INITIALIZED
    WARNING: GigaTIME failed on patch (41984, 30720): cuDNN error: CUDNN_STATUS_NOT_INITIALIZED
    WARNING: GigaTIME failed on patch (41984, 31744): cuDNN error: CUDNN_STATUS_NOT_INITIALIZED
    WARNING: GigaTIME failed on patch (41984, 32768): cuDNN error: CUDNN_STATUS_NOT_INITIALIZED
    WARNING: GigaTIME failed on patch (41984, 33792): cuDNN error: CUDNN_STATUS_NOT_INITIALIZED
    WARNING: GigaTIME failed on patch (41984, 34816): cuDNN error: CUDNN_STATUS_NOT_INITIALIZED
    WARNING: GigaTIME failed on patch (41984, 35840): cuDNN error: CUDNN_STATUS_NOT_INITIALIZED
    WARNING: GigaTIME failed on patch (41984, 36864): cuDNN error: CUDNN_STATUS_NOT_INITIALIZED
    WARNING: GigaTIME failed on patch (41984, 37888): cuDNN error: CUDNN_STATUS_NOT_INITIALIZED
    WARNING: GigaTIME failed on patch (41984, 38912): cuDNN error: CUDNN_STATUS_NOT_INITIALIZED
    WARNING: GigaTIME failed on patch (41984, 39936): cuDNN error: CUDNN_STATUS_NOT_INITIALIZED
    WARNING: GigaTIME failed on patch (41984, 40960): cuDNN error: CUDNN_STATUS_NOT_INITIALIZED
    WARNING: GigaTIME failed on patch (41984, 41984): cuDNN error: CUDNN_STATUS_NOT_INITIALIZED
    WARNING: GigaTIME failed on patch (41984, 43008): cuDNN error: CUDNN_STATUS_NOT_INITIALIZED
    WARNING: GigaTIME failed on patch (41984, 44032): cuDNN error: CUDNN_STATUS_NOT_INITIALIZED
    WARNING: GigaTIME failed on patch (41984, 45056): cuDNN error: CUDNN_STATUS_NOT_INITIALIZED
    WARNING: GigaTIME failed on patch (41984, 46080): cuDNN error: CUDNN_STATUS_NOT_INITIALIZED
    WARNING: GigaTIME failed on patch (41984, 47104): cuDNN error: CUDNN_STATUS_NOT_INITIALIZED
    WARNING: GigaTIME failed on patch (41984, 48128): cuDNN error: CUDNN_STATUS_NOT_INITIALIZED
    WARNING: GigaTIME failed on patch (41984, 49152): cuDNN error: CUDNN_STATUS_NOT_INITIALIZED
    WARNING: GigaTIME failed on patch (41984, 50176): cuDNN error: CUDNN_STATUS_NOT_INITIALIZED
    WARNING: GigaTIME failed on patch (41984, 51200): cuDNN error: CUDNN_STATUS_NOT_INITIALIZED
    WARNING: GigaTIME failed on patch (41984, 52224): cuDNN error: CUDNN_STATUS_NOT_INITIALIZED
    WARNING: GigaTIME failed on patch (41984, 53248): cuDNN error: CUDNN_STATUS_NOT_INITIALIZED
    WARNING: GigaTIME failed on patch (41984, 54272): cuDNN error: CUDNN_STATUS_NOT_INITIALIZED
    WARNING: GigaTIME failed on patch (41984, 55296): cuDNN error: CUDNN_STATUS_NOT_INITIALIZED
    WARNING: GigaTIME failed on patch (41984, 56320): cuDNN error: CUDNN_STATUS_NOT_INITIALIZED
    WARNING: GigaTIME failed on patch (41984, 57344): cuDNN error: CUDNN_STATUS_NOT_INITIALIZED
    WARNING: GigaTIME failed on patch (41984, 58368): cuDNN error: CUDNN_STATUS_NOT_INITIALIZED
    WARNING: GigaTIME failed on patch (41984, 59392): cuDNN error: CUDNN_STATUS_NOT_INITIALIZED
    WARNING: GigaTIME failed on patch (41984, 60416): cuDNN error: CUDNN_STATUS_NOT_INITIALIZED
    WARNING: GigaTIME failed on patch (41984, 61440): cuDNN error: CUDNN_STATUS_NOT_INITIALIZED
    WARNING: GigaTIME failed on patch (41984, 62464): cuDNN error: CUDNN_STATUS_NOT_INITIALIZED
    WARNING: GigaTIME failed on patch (41984, 63488): cuDNN error: CUDNN_STATUS_NOT_INITIALIZED
    WARNING: GigaTIME failed on patch (41984, 64512): cuDNN error: CUDNN_STATUS_NOT_INITIALIZED
    WARNING: GigaTIME failed on patch (41984, 65536): cuDNN error: CUDNN_STATUS_NOT_INITIALIZED
    WARNING: GigaTIME failed on patch (43008, 22528): cuDNN error: CUDNN_STATUS_NOT_INITIALIZED
    WARNING: GigaTIME failed on patch (43008, 24576): cuDNN error: CUDNN_STATUS_NOT_INITIALIZED
    WARNING: GigaTIME failed on patch (43008, 25600): cuDNN error: CUDNN_STATUS_NOT_INITIALIZED
    WARNING: GigaTIME failed on patch (43008, 26624): cuDNN error: CUDNN_STATUS_NOT_INITIALIZED
    WARNING: GigaTIME failed on patch (43008, 27648): cuDNN error: CUDNN_STATUS_NOT_INITIALIZED
    WARNING: GigaTIME failed on patch (43008, 28672): cuDNN error: CUDNN_STATUS_NOT_INITIALIZED
    WARNING: GigaTIME failed on patch (43008, 29696): cuDNN error: CUDNN_STATUS_NOT_INITIALIZED
    WARNING: GigaTIME failed on patch (43008, 30720): cuDNN error: CUDNN_STATUS_NOT_INITIALIZED
    WARNING: GigaTIME failed on patch (43008, 31744): cuDNN error: CUDNN_STATUS_NOT_INITIALIZED
    WARNING: GigaTIME failed on patch (43008, 32768): cuDNN error: CUDNN_STATUS_NOT_INITIALIZED
    WARNING: GigaTIME failed on patch (43008, 33792): cuDNN error: CUDNN_STATUS_NOT_INITIALIZED
    WARNING: GigaTIME failed on patch (43008, 34816): cuDNN error: CUDNN_STATUS_NOT_INITIALIZED
    WARNING: GigaTIME failed on patch (43008, 35840): cuDNN error: CUDNN_STATUS_NOT_INITIALIZED
    WARNING: GigaTIME failed on patch (43008, 36864): cuDNN error: CUDNN_STATUS_NOT_INITIALIZED
    WARNING: GigaTIME failed on patch (43008, 37888): cuDNN error: CUDNN_STATUS_NOT_INITIALIZED
    WARNING: GigaTIME failed on patch (43008, 38912): cuDNN error: CUDNN_STATUS_NOT_INITIALIZED
    WARNING: GigaTIME failed on patch (43008, 39936): cuDNN error: CUDNN_STATUS_NOT_INITIALIZED
    WARNING: GigaTIME failed on patch (43008, 40960): cuDNN error: CUDNN_STATUS_NOT_INITIALIZED
    WARNING: GigaTIME failed on patch (43008, 41984): cuDNN error: CUDNN_STATUS_NOT_INITIALIZED
    WARNING: GigaTIME failed on patch (43008, 43008): cuDNN error: CUDNN_STATUS_NOT_INITIALIZED
    WARNING: GigaTIME failed on patch (43008, 44032): cuDNN error: CUDNN_STATUS_NOT_INITIALIZED
    WARNING: GigaTIME failed on patch (43008, 45056): cuDNN error: CUDNN_STATUS_NOT_INITIALIZED
    WARNING: GigaTIME failed on patch (43008, 46080): cuDNN error: CUDNN_STATUS_NOT_INITIALIZED
    WARNING: GigaTIME failed on patch (43008, 49152): cuDNN error: CUDNN_STATUS_NOT_INITIALIZED
    WARNING: GigaTIME failed on patch (43008, 50176): cuDNN error: CUDNN_STATUS_NOT_INITIALIZED
    WARNING: GigaTIME failed on patch (43008, 51200): cuDNN error: CUDNN_STATUS_NOT_INITIALIZED
    WARNING: GigaTIME failed on patch (43008, 52224): cuDNN error: CUDNN_STATUS_NOT_INITIALIZED
    WARNING: GigaTIME failed on patch (43008, 53248): cuDNN error: CUDNN_STATUS_NOT_INITIALIZED
    WARNING: GigaTIME failed on patch (43008, 54272): cuDNN error: CUDNN_STATUS_NOT_INITIALIZED
    WARNING: GigaTIME failed on patch (43008, 55296): cuDNN error: CUDNN_STATUS_NOT_INITIALIZED
    WARNING: GigaTIME failed on patch (43008, 56320): cuDNN error: CUDNN_STATUS_NOT_INITIALIZED
    WARNING: GigaTIME failed on patch (43008, 57344): cuDNN error: CUDNN_STATUS_NOT_INITIALIZED
    WARNING: GigaTIME failed on patch (43008, 58368): cuDNN error: CUDNN_STATUS_NOT_INITIALIZED
    WARNING: GigaTIME failed on patch (43008, 59392): cuDNN error: CUDNN_STATUS_NOT_INITIALIZED
    WARNING: GigaTIME failed on patch (43008, 60416): cuDNN error: CUDNN_STATUS_NOT_INITIALIZED
    WARNING: GigaTIME failed on patch (43008, 61440): cuDNN error: CUDNN_STATUS_NOT_INITIALIZED
    WARNING: GigaTIME failed on patch (43008, 62464): cuDNN error: CUDNN_STATUS_NOT_INITIALIZED
    WARNING: GigaTIME failed on patch (43008, 63488): cuDNN error: CUDNN_STATUS_NOT_INITIALIZED
    WARNING: GigaTIME failed on patch (43008, 64512): cuDNN error: CUDNN_STATUS_NOT_INITIALIZED
    WARNING: GigaTIME failed on patch (43008, 65536): cuDNN error: CUDNN_STATUS_NOT_INITIALIZED
    WARNING: GigaTIME failed on patch (44032, 22528): cuDNN error: CUDNN_STATUS_NOT_INITIALIZED
    WARNING: GigaTIME failed on patch (44032, 24576): cuDNN error: CUDNN_STATUS_NOT_INITIALIZED
    WARNING: GigaTIME failed on patch (44032, 25600): cuDNN error: CUDNN_STATUS_NOT_INITIALIZED
    WARNING: GigaTIME failed on patch (44032, 26624): cuDNN error: CUDNN_STATUS_NOT_INITIALIZED
    WARNING: GigaTIME failed on patch (44032, 27648): cuDNN error: CUDNN_STATUS_NOT_INITIALIZED
    WARNING: GigaTIME failed on patch (44032, 28672): cuDNN error: CUDNN_STATUS_NOT_INITIALIZED
    WARNING: GigaTIME failed on patch (44032, 29696): cuDNN error: CUDNN_STATUS_NOT_INITIALIZED
    WARNING: GigaTIME failed on patch (44032, 30720): cuDNN error: CUDNN_STATUS_NOT_INITIALIZED
    WARNING: GigaTIME failed on patch (44032, 31744): cuDNN error: CUDNN_STATUS_NOT_INITIALIZED
    WARNING: GigaTIME failed on patch (44032, 32768): cuDNN error: CUDNN_STATUS_NOT_INITIALIZED
    WARNING: GigaTIME failed on patch (44032, 33792): cuDNN error: CUDNN_STATUS_NOT_INITIALIZED
    WARNING: GigaTIME failed on patch (44032, 34816): cuDNN error: CUDNN_STATUS_NOT_INITIALIZED
    WARNING: GigaTIME failed on patch (44032, 35840): cuDNN error: CUDNN_STATUS_NOT_INITIALIZED
    WARNING: GigaTIME failed on patch (44032, 36864): cuDNN error: CUDNN_STATUS_NOT_INITIALIZED
    WARNING: GigaTIME failed on patch (44032, 37888): cuDNN error: CUDNN_STATUS_NOT_INITIALIZED
    WARNING: GigaTIME failed on patch (44032, 38912): cuDNN error: CUDNN_STATUS_NOT_INITIALIZED
    WARNING: GigaTIME failed on patch (44032, 39936): cuDNN error: CUDNN_STATUS_NOT_INITIALIZED
    WARNING: GigaTIME failed on patch (44032, 40960): cuDNN error: CUDNN_STATUS_NOT_INITIALIZED
    WARNING: GigaTIME failed on patch (44032, 41984): cuDNN error: CUDNN_STATUS_NOT_INITIALIZED
    WARNING: GigaTIME failed on patch (44032, 43008): cuDNN error: CUDNN_STATUS_NOT_INITIALIZED
    WARNING: GigaTIME failed on patch (44032, 44032): cuDNN error: CUDNN_STATUS_NOT_INITIALIZED
    WARNING: GigaTIME failed on patch (44032, 45056): cuDNN error: CUDNN_STATUS_NOT_INITIALIZED
    WARNING: GigaTIME failed on patch (44032, 46080): cuDNN error: CUDNN_STATUS_NOT_INITIALIZED
    WARNING: GigaTIME failed on patch (44032, 50176): cuDNN error: CUDNN_STATUS_NOT_INITIALIZED
    WARNING: GigaTIME failed on patch (44032, 51200): cuDNN error: CUDNN_STATUS_NOT_INITIALIZED
    WARNING: GigaTIME failed on patch (44032, 52224): cuDNN error: CUDNN_STATUS_NOT_INITIALIZED
    WARNING: GigaTIME failed on patch (44032, 53248): cuDNN error: CUDNN_STATUS_NOT_INITIALIZED
    WARNING: GigaTIME failed on patch (44032, 54272): cuDNN error: CUDNN_STATUS_NOT_INITIALIZED
    WARNING: GigaTIME failed on patch (44032, 55296): cuDNN error: CUDNN_STATUS_NOT_INITIALIZED
    WARNING: GigaTIME failed on patch (44032, 56320): cuDNN error: CUDNN_STATUS_NOT_INITIALIZED
    WARNING: GigaTIME failed on patch (44032, 57344): cuDNN error: CUDNN_STATUS_NOT_INITIALIZED
    WARNING: GigaTIME failed on patch (44032, 58368): cuDNN error: CUDNN_STATUS_NOT_INITIALIZED
    WARNING: GigaTIME failed on patch (44032, 59392): cuDNN error: CUDNN_STATUS_NOT_INITIALIZED
    WARNING: GigaTIME failed on patch (44032, 60416): cuDNN error: CUDNN_STATUS_NOT_INITIALIZED
    WARNING: GigaTIME failed on patch (44032, 61440): cuDNN error: CUDNN_STATUS_NOT_INITIALIZED
    WARNING: GigaTIME failed on patch (44032, 62464): cuDNN error: CUDNN_STATUS_NOT_INITIALIZED
    WARNING: GigaTIME failed on patch (44032, 63488): cuDNN error: CUDNN_STATUS_NOT_INITIALIZED
    WARNING: GigaTIME failed on patch (44032, 64512): cuDNN error: CUDNN_STATUS_NOT_INITIALIZED
    WARNING: GigaTIME failed on patch (44032, 65536): cuDNN error: CUDNN_STATUS_NOT_INITIALIZED
    WARNING: GigaTIME failed on patch (45056, 25600): cuDNN error: CUDNN_STATUS_NOT_INITIALIZED
    WARNING: GigaTIME failed on patch (45056, 26624): cuDNN error: CUDNN_STATUS_NOT_INITIALIZED
    WARNING: GigaTIME failed on patch (45056, 27648): cuDNN error: CUDNN_STATUS_NOT_INITIALIZED
    WARNING: GigaTIME failed on patch (45056, 28672): cuDNN error: CUDNN_STATUS_NOT_INITIALIZED
    WARNING: GigaTIME failed on patch (45056, 29696): cuDNN error: CUDNN_STATUS_NOT_INITIALIZED
    WARNING: GigaTIME failed on patch (45056, 30720): cuDNN error: CUDNN_STATUS_NOT_INITIALIZED
    WARNING: GigaTIME failed on patch (45056, 31744): cuDNN error: CUDNN_STATUS_NOT_INITIALIZED
    WARNING: GigaTIME failed on patch (45056, 32768): cuDNN error: CUDNN_STATUS_NOT_INITIALIZED
    WARNING: GigaTIME failed on patch (45056, 33792): cuDNN error: CUDNN_STATUS_NOT_INITIALIZED
    WARNING: GigaTIME failed on patch (45056, 34816): cuDNN error: CUDNN_STATUS_NOT_INITIALIZED
    WARNING: GigaTIME failed on patch (45056, 35840): cuDNN error: CUDNN_STATUS_NOT_INITIALIZED
    WARNING: GigaTIME failed on patch (45056, 36864): cuDNN error: CUDNN_STATUS_NOT_INITIALIZED
    WARNING: GigaTIME failed on patch (45056, 37888): cuDNN error: CUDNN_STATUS_NOT_INITIALIZED
    WARNING: GigaTIME failed on patch (45056, 38912): cuDNN error: CUDNN_STATUS_NOT_INITIALIZED
    WARNING: GigaTIME failed on patch (45056, 39936): cuDNN error: CUDNN_STATUS_NOT_INITIALIZED
    WARNING: GigaTIME failed on patch (45056, 40960): cuDNN error: CUDNN_STATUS_NOT_INITIALIZED
    WARNING: GigaTIME failed on patch (45056, 41984): cuDNN error: CUDNN_STATUS_NOT_INITIALIZED
    WARNING: GigaTIME failed on patch (45056, 43008): cuDNN error: CUDNN_STATUS_NOT_INITIALIZED
    WARNING: GigaTIME failed on patch (45056, 44032): cuDNN error: CUDNN_STATUS_NOT_INITIALIZED
    WARNING: GigaTIME failed on patch (45056, 45056): cuDNN error: CUDNN_STATUS_NOT_INITIALIZED
    WARNING: GigaTIME failed on patch (45056, 46080): cuDNN error: CUDNN_STATUS_NOT_INITIALIZED
    WARNING: GigaTIME failed on patch (45056, 47104): cuDNN error: CUDNN_STATUS_NOT_INITIALIZED
    WARNING: GigaTIME failed on patch (45056, 48128): cuDNN error: CUDNN_STATUS_NOT_INITIALIZED
    WARNING: GigaTIME failed on patch (45056, 49152): cuDNN error: CUDNN_STATUS_NOT_INITIALIZED
    WARNING: GigaTIME failed on patch (45056, 50176): cuDNN error: CUDNN_STATUS_NOT_INITIALIZED
    WARNING: GigaTIME failed on patch (45056, 51200): cuDNN error: CUDNN_STATUS_NOT_INITIALIZED
    WARNING: GigaTIME failed on patch (45056, 52224): cuDNN error: CUDNN_STATUS_NOT_INITIALIZED
    WARNING: GigaTIME failed on patch (45056, 53248): cuDNN error: CUDNN_STATUS_NOT_INITIALIZED
    WARNING: GigaTIME failed on patch (45056, 54272): cuDNN error: CUDNN_STATUS_NOT_INITIALIZED
    WARNING: GigaTIME failed on patch (45056, 55296): cuDNN error: CUDNN_STATUS_NOT_INITIALIZED
    WARNING: GigaTIME failed on patch (45056, 56320): cuDNN error: CUDNN_STATUS_NOT_INITIALIZED
    WARNING: GigaTIME failed on patch (45056, 57344): cuDNN error: CUDNN_STATUS_NOT_INITIALIZED
    WARNING: GigaTIME failed on patch (45056, 58368): cuDNN error: CUDNN_STATUS_NOT_INITIALIZED
    WARNING: GigaTIME failed on patch (45056, 59392): cuDNN error: CUDNN_STATUS_NOT_INITIALIZED
    WARNING: GigaTIME failed on patch (45056, 60416): cuDNN error: CUDNN_STATUS_NOT_INITIALIZED
    WARNING: GigaTIME failed on patch (45056, 61440): cuDNN error: CUDNN_STATUS_NOT_INITIALIZED
    WARNING: GigaTIME failed on patch (45056, 62464): cuDNN error: CUDNN_STATUS_NOT_INITIALIZED
    WARNING: GigaTIME failed on patch (45056, 63488): cuDNN error: CUDNN_STATUS_NOT_INITIALIZED
    WARNING: GigaTIME failed on patch (45056, 64512): cuDNN error: CUDNN_STATUS_NOT_INITIALIZED
    WARNING: GigaTIME failed on patch (45056, 65536): cuDNN error: CUDNN_STATUS_NOT_INITIALIZED
    WARNING: GigaTIME failed on patch (46080, 26624): cuDNN error: CUDNN_STATUS_NOT_INITIALIZED
    WARNING: GigaTIME failed on patch (46080, 27648): cuDNN error: CUDNN_STATUS_NOT_INITIALIZED
    WARNING: GigaTIME failed on patch (46080, 28672): cuDNN error: CUDNN_STATUS_NOT_INITIALIZED
    WARNING: GigaTIME failed on patch (46080, 29696): cuDNN error: CUDNN_STATUS_NOT_INITIALIZED
    WARNING: GigaTIME failed on patch (46080, 30720): cuDNN error: CUDNN_STATUS_NOT_INITIALIZED
    WARNING: GigaTIME failed on patch (46080, 31744): cuDNN error: CUDNN_STATUS_NOT_INITIALIZED
    WARNING: GigaTIME failed on patch (46080, 32768): cuDNN error: CUDNN_STATUS_NOT_INITIALIZED
    WARNING: GigaTIME failed on patch (46080, 33792): cuDNN error: CUDNN_STATUS_NOT_INITIALIZED
    WARNING: GigaTIME failed on patch (46080, 34816): cuDNN error: CUDNN_STATUS_NOT_INITIALIZED
    WARNING: GigaTIME failed on patch (46080, 35840): cuDNN error: CUDNN_STATUS_NOT_INITIALIZED
    WARNING: GigaTIME failed on patch (46080, 36864): cuDNN error: CUDNN_STATUS_NOT_INITIALIZED
    WARNING: GigaTIME failed on patch (46080, 37888): cuDNN error: CUDNN_STATUS_NOT_INITIALIZED
    WARNING: GigaTIME failed on patch (46080, 38912): cuDNN error: CUDNN_STATUS_NOT_INITIALIZED
    WARNING: GigaTIME failed on patch (46080, 39936): cuDNN error: CUDNN_STATUS_NOT_INITIALIZED
    WARNING: GigaTIME failed on patch (46080, 40960): cuDNN error: CUDNN_STATUS_NOT_INITIALIZED
    WARNING: GigaTIME failed on patch (46080, 41984): cuDNN error: CUDNN_STATUS_NOT_INITIALIZED
    WARNING: GigaTIME failed on patch (46080, 43008): cuDNN error: CUDNN_STATUS_NOT_INITIALIZED
    WARNING: GigaTIME failed on patch (46080, 44032): cuDNN error: CUDNN_STATUS_NOT_INITIALIZED
    WARNING: GigaTIME failed on patch (46080, 45056): cuDNN error: CUDNN_STATUS_NOT_INITIALIZED
    WARNING: GigaTIME failed on patch (46080, 46080): cuDNN error: CUDNN_STATUS_NOT_INITIALIZED
    WARNING: GigaTIME failed on patch (46080, 47104): cuDNN error: CUDNN_STATUS_NOT_INITIALIZED
    WARNING: GigaTIME failed on patch (46080, 48128): cuDNN error: CUDNN_STATUS_NOT_INITIALIZED
    WARNING: GigaTIME failed on patch (46080, 49152): cuDNN error: CUDNN_STATUS_NOT_INITIALIZED
    WARNING: GigaTIME failed on patch (46080, 50176): cuDNN error: CUDNN_STATUS_NOT_INITIALIZED
    WARNING: GigaTIME failed on patch (46080, 51200): cuDNN error: CUDNN_STATUS_NOT_INITIALIZED
    WARNING: GigaTIME failed on patch (46080, 52224): cuDNN error: CUDNN_STATUS_NOT_INITIALIZED
    WARNING: GigaTIME failed on patch (46080, 53248): cuDNN error: CUDNN_STATUS_NOT_INITIALIZED
    WARNING: GigaTIME failed on patch (46080, 54272): cuDNN error: CUDNN_STATUS_NOT_INITIALIZED
    WARNING: GigaTIME failed on patch (46080, 55296): cuDNN error: CUDNN_STATUS_NOT_INITIALIZED
    WARNING: GigaTIME failed on patch (46080, 56320): cuDNN error: CUDNN_STATUS_NOT_INITIALIZED
    WARNING: GigaTIME failed on patch (46080, 57344): cuDNN error: CUDNN_STATUS_NOT_INITIALIZED
    WARNING: GigaTIME failed on patch (46080, 58368): cuDNN error: CUDNN_STATUS_NOT_INITIALIZED
    WARNING: GigaTIME failed on patch (46080, 59392): cuDNN error: CUDNN_STATUS_NOT_INITIALIZED
    WARNING: GigaTIME failed on patch (46080, 60416): cuDNN error: CUDNN_STATUS_NOT_INITIALIZED
    WARNING: GigaTIME failed on patch (46080, 61440): cuDNN error: CUDNN_STATUS_NOT_INITIALIZED
    WARNING: GigaTIME failed on patch (46080, 62464): cuDNN error: CUDNN_STATUS_NOT_INITIALIZED
    WARNING: GigaTIME failed on patch (46080, 63488): cuDNN error: CUDNN_STATUS_NOT_INITIALIZED
    WARNING: GigaTIME failed on patch (46080, 64512): cuDNN error: CUDNN_STATUS_NOT_INITIALIZED
    WARNING: GigaTIME failed on patch (46080, 65536): cuDNN error: CUDNN_STATUS_NOT_INITIALIZED
    WARNING: GigaTIME failed on patch (47104, 24576): cuDNN error: CUDNN_STATUS_NOT_INITIALIZED
    WARNING: GigaTIME failed on patch (47104, 25600): cuDNN error: CUDNN_STATUS_NOT_INITIALIZED
    WARNING: GigaTIME failed on patch (47104, 26624): cuDNN error: CUDNN_STATUS_NOT_INITIALIZED
    WARNING: GigaTIME failed on patch (47104, 27648): cuDNN error: CUDNN_STATUS_NOT_INITIALIZED
    WARNING: GigaTIME failed on patch (47104, 28672): cuDNN error: CUDNN_STATUS_NOT_INITIALIZED
    WARNING: GigaTIME failed on patch (47104, 29696): cuDNN error: CUDNN_STATUS_NOT_INITIALIZED
    WARNING: GigaTIME failed on patch (47104, 30720): cuDNN error: CUDNN_STATUS_NOT_INITIALIZED
    WARNING: GigaTIME failed on patch (47104, 31744): cuDNN error: CUDNN_STATUS_NOT_INITIALIZED
    WARNING: GigaTIME failed on patch (47104, 32768): cuDNN error: CUDNN_STATUS_NOT_INITIALIZED
    WARNING: GigaTIME failed on patch (47104, 33792): cuDNN error: CUDNN_STATUS_NOT_INITIALIZED
    WARNING: GigaTIME failed on patch (47104, 34816): cuDNN error: CUDNN_STATUS_NOT_INITIALIZED
    WARNING: GigaTIME failed on patch (47104, 35840): cuDNN error: CUDNN_STATUS_NOT_INITIALIZED
    WARNING: GigaTIME failed on patch (47104, 36864): cuDNN error: CUDNN_STATUS_NOT_INITIALIZED
    WARNING: GigaTIME failed on patch (47104, 37888): cuDNN error: CUDNN_STATUS_NOT_INITIALIZED
    WARNING: GigaTIME failed on patch (47104, 38912): cuDNN error: CUDNN_STATUS_NOT_INITIALIZED
    WARNING: GigaTIME failed on patch (47104, 39936): cuDNN error: CUDNN_STATUS_NOT_INITIALIZED
    WARNING: GigaTIME failed on patch (47104, 40960): cuDNN error: CUDNN_STATUS_NOT_INITIALIZED
    WARNING: GigaTIME failed on patch (47104, 41984): cuDNN error: CUDNN_STATUS_NOT_INITIALIZED
    WARNING: GigaTIME failed on patch (47104, 43008): cuDNN error: CUDNN_STATUS_NOT_INITIALIZED
    WARNING: GigaTIME failed on patch (47104, 44032): cuDNN error: CUDNN_STATUS_NOT_INITIALIZED
    WARNING: GigaTIME failed on patch (47104, 45056): cuDNN error: CUDNN_STATUS_NOT_INITIALIZED
    WARNING: GigaTIME failed on patch (47104, 46080): cuDNN error: CUDNN_STATUS_NOT_INITIALIZED
    WARNING: GigaTIME failed on patch (47104, 47104): cuDNN error: CUDNN_STATUS_NOT_INITIALIZED
    WARNING: GigaTIME failed on patch (47104, 48128): cuDNN error: CUDNN_STATUS_NOT_INITIALIZED
    WARNING: GigaTIME failed on patch (47104, 49152): cuDNN error: CUDNN_STATUS_NOT_INITIALIZED
    WARNING: GigaTIME failed on patch (47104, 50176): cuDNN error: CUDNN_STATUS_NOT_INITIALIZED
    WARNING: GigaTIME failed on patch (47104, 51200): cuDNN error: CUDNN_STATUS_NOT_INITIALIZED
    WARNING: GigaTIME failed on patch (47104, 52224): cuDNN error: CUDNN_STATUS_NOT_INITIALIZED
    WARNING: GigaTIME failed on patch (47104, 53248): cuDNN error: CUDNN_STATUS_NOT_INITIALIZED
    WARNING: GigaTIME failed on patch (47104, 54272): cuDNN error: CUDNN_STATUS_NOT_INITIALIZED
    WARNING: GigaTIME failed on patch (47104, 55296): cuDNN error: CUDNN_STATUS_NOT_INITIALIZED
    WARNING: GigaTIME failed on patch (47104, 56320): cuDNN error: CUDNN_STATUS_NOT_INITIALIZED
    WARNING: GigaTIME failed on patch (47104, 57344): cuDNN error: CUDNN_STATUS_NOT_INITIALIZED
    WARNING: GigaTIME failed on patch (47104, 58368): cuDNN error: CUDNN_STATUS_NOT_INITIALIZED
    WARNING: GigaTIME failed on patch (47104, 59392): cuDNN error: CUDNN_STATUS_NOT_INITIALIZED
    WARNING: GigaTIME failed on patch (47104, 60416): cuDNN error: CUDNN_STATUS_NOT_INITIALIZED
    WARNING: GigaTIME failed on patch (47104, 61440): cuDNN error: CUDNN_STATUS_NOT_INITIALIZED
    WARNING: GigaTIME failed on patch (47104, 62464): cuDNN error: CUDNN_STATUS_NOT_INITIALIZED
    WARNING: GigaTIME failed on patch (47104, 63488): cuDNN error: CUDNN_STATUS_NOT_INITIALIZED
    WARNING: GigaTIME failed on patch (47104, 64512): cuDNN error: CUDNN_STATUS_NOT_INITIALIZED
    WARNING: GigaTIME failed on patch (47104, 65536): cuDNN error: CUDNN_STATUS_NOT_INITIALIZED
    WARNING: GigaTIME failed on patch (48128, 24576): cuDNN error: CUDNN_STATUS_NOT_INITIALIZED
    WARNING: GigaTIME failed on patch (48128, 25600): cuDNN error: CUDNN_STATUS_NOT_INITIALIZED
    WARNING: GigaTIME failed on patch (48128, 26624): cuDNN error: CUDNN_STATUS_NOT_INITIALIZED
    WARNING: GigaTIME failed on patch (48128, 27648): cuDNN error: CUDNN_STATUS_NOT_INITIALIZED
    WARNING: GigaTIME failed on patch (48128, 28672): cuDNN error: CUDNN_STATUS_NOT_INITIALIZED
    WARNING: GigaTIME failed on patch (48128, 29696): cuDNN error: CUDNN_STATUS_NOT_INITIALIZED
    WARNING: GigaTIME failed on patch (48128, 30720): cuDNN error: CUDNN_STATUS_NOT_INITIALIZED
    WARNING: GigaTIME failed on patch (48128, 31744): cuDNN error: CUDNN_STATUS_NOT_INITIALIZED
    WARNING: GigaTIME failed on patch (48128, 32768): cuDNN error: CUDNN_STATUS_NOT_INITIALIZED
    WARNING: GigaTIME failed on patch (48128, 33792): cuDNN error: CUDNN_STATUS_NOT_INITIALIZED
    WARNING: GigaTIME failed on patch (48128, 34816): cuDNN error: CUDNN_STATUS_NOT_INITIALIZED
    WARNING: GigaTIME failed on patch (48128, 35840): cuDNN error: CUDNN_STATUS_NOT_INITIALIZED
    WARNING: GigaTIME failed on patch (48128, 36864): cuDNN error: CUDNN_STATUS_NOT_INITIALIZED
    WARNING: GigaTIME failed on patch (48128, 37888): cuDNN error: CUDNN_STATUS_NOT_INITIALIZED
    WARNING: GigaTIME failed on patch (48128, 38912): cuDNN error: CUDNN_STATUS_NOT_INITIALIZED
    WARNING: GigaTIME failed on patch (48128, 39936): cuDNN error: CUDNN_STATUS_NOT_INITIALIZED
    WARNING: GigaTIME failed on patch (48128, 40960): cuDNN error: CUDNN_STATUS_NOT_INITIALIZED
    WARNING: GigaTIME failed on patch (48128, 41984): cuDNN error: CUDNN_STATUS_NOT_INITIALIZED
    WARNING: GigaTIME failed on patch (48128, 43008): cuDNN error: CUDNN_STATUS_NOT_INITIALIZED
    WARNING: GigaTIME failed on patch (48128, 44032): cuDNN error: CUDNN_STATUS_NOT_INITIALIZED
    WARNING: GigaTIME failed on patch (48128, 45056): cuDNN error: CUDNN_STATUS_NOT_INITIALIZED
    WARNING: GigaTIME failed on patch (48128, 46080): cuDNN error: CUDNN_STATUS_NOT_INITIALIZED
    WARNING: GigaTIME failed on patch (48128, 47104): cuDNN error: CUDNN_STATUS_NOT_INITIALIZED
    WARNING: GigaTIME failed on patch (48128, 48128): cuDNN error: CUDNN_STATUS_NOT_INITIALIZED
    WARNING: GigaTIME failed on patch (48128, 49152): cuDNN error: CUDNN_STATUS_NOT_INITIALIZED
    WARNING: GigaTIME failed on patch (48128, 50176): cuDNN error: CUDNN_STATUS_NOT_INITIALIZED
    WARNING: GigaTIME failed on patch (48128, 51200): cuDNN error: CUDNN_STATUS_NOT_INITIALIZED
    WARNING: GigaTIME failed on patch (48128, 52224): cuDNN error: CUDNN_STATUS_NOT_INITIALIZED
    WARNING: GigaTIME failed on patch (48128, 53248): cuDNN error: CUDNN_STATUS_NOT_INITIALIZED
    WARNING: GigaTIME failed on patch (48128, 54272): cuDNN error: CUDNN_STATUS_NOT_INITIALIZED
    WARNING: GigaTIME failed on patch (48128, 55296): cuDNN error: CUDNN_STATUS_NOT_INITIALIZED
    WARNING: GigaTIME failed on patch (48128, 56320): cuDNN error: CUDNN_STATUS_NOT_INITIALIZED
    WARNING: GigaTIME failed on patch (48128, 57344): cuDNN error: CUDNN_STATUS_NOT_INITIALIZED
    WARNING: GigaTIME failed on patch (48128, 58368): cuDNN error: CUDNN_STATUS_NOT_INITIALIZED
    WARNING: GigaTIME failed on patch (48128, 59392): cuDNN error: CUDNN_STATUS_NOT_INITIALIZED
    WARNING: GigaTIME failed on patch (48128, 60416): cuDNN error: CUDNN_STATUS_NOT_INITIALIZED
    WARNING: GigaTIME failed on patch (48128, 61440): cuDNN error: CUDNN_STATUS_NOT_INITIALIZED
    WARNING: GigaTIME failed on patch (48128, 62464): cuDNN error: CUDNN_STATUS_NOT_INITIALIZED
    WARNING: GigaTIME failed on patch (48128, 63488): cuDNN error: CUDNN_STATUS_NOT_INITIALIZED
    WARNING: GigaTIME failed on patch (48128, 64512): cuDNN error: CUDNN_STATUS_NOT_INITIALIZED
    WARNING: GigaTIME failed on patch (48128, 65536): cuDNN error: CUDNN_STATUS_NOT_INITIALIZED
    WARNING: GigaTIME failed on patch (49152, 24576): cuDNN error: CUDNN_STATUS_NOT_INITIALIZED
    WARNING: GigaTIME failed on patch (49152, 25600): cuDNN error: CUDNN_STATUS_NOT_INITIALIZED
    WARNING: GigaTIME failed on patch (49152, 26624): cuDNN error: CUDNN_STATUS_NOT_INITIALIZED
    WARNING: GigaTIME failed on patch (49152, 27648): cuDNN error: CUDNN_STATUS_NOT_INITIALIZED
    WARNING: GigaTIME failed on patch (49152, 28672): cuDNN error: CUDNN_STATUS_NOT_INITIALIZED
    WARNING: GigaTIME failed on patch (49152, 29696): cuDNN error: CUDNN_STATUS_NOT_INITIALIZED
    WARNING: GigaTIME failed on patch (49152, 30720): cuDNN error: CUDNN_STATUS_NOT_INITIALIZED
    WARNING: GigaTIME failed on patch (49152, 31744): cuDNN error: CUDNN_STATUS_NOT_INITIALIZED
    WARNING: GigaTIME failed on patch (49152, 32768): cuDNN error: CUDNN_STATUS_NOT_INITIALIZED
    WARNING: GigaTIME failed on patch (49152, 33792): cuDNN error: CUDNN_STATUS_NOT_INITIALIZED
    WARNING: GigaTIME failed on patch (49152, 34816): cuDNN error: CUDNN_STATUS_NOT_INITIALIZED
    WARNING: GigaTIME failed on patch (49152, 35840): cuDNN error: CUDNN_STATUS_NOT_INITIALIZED
    WARNING: GigaTIME failed on patch (49152, 36864): cuDNN error: CUDNN_STATUS_NOT_INITIALIZED
    WARNING: GigaTIME failed on patch (49152, 37888): cuDNN error: CUDNN_STATUS_NOT_INITIALIZED
    WARNING: GigaTIME failed on patch (49152, 38912): cuDNN error: CUDNN_STATUS_NOT_INITIALIZED
    WARNING: GigaTIME failed on patch (49152, 39936): cuDNN error: CUDNN_STATUS_NOT_INITIALIZED
    WARNING: GigaTIME failed on patch (49152, 40960): cuDNN error: CUDNN_STATUS_NOT_INITIALIZED
    WARNING: GigaTIME failed on patch (49152, 41984): cuDNN error: CUDNN_STATUS_NOT_INITIALIZED
    WARNING: GigaTIME failed on patch (49152, 43008): cuDNN error: CUDNN_STATUS_NOT_INITIALIZED
    WARNING: GigaTIME failed on patch (49152, 44032): cuDNN error: CUDNN_STATUS_NOT_INITIALIZED
    WARNING: GigaTIME failed on patch (49152, 45056): cuDNN error: CUDNN_STATUS_NOT_INITIALIZED
    WARNING: GigaTIME failed on patch (49152, 46080): cuDNN error: CUDNN_STATUS_NOT_INITIALIZED
    WARNING: GigaTIME failed on patch (49152, 47104): cuDNN error: CUDNN_STATUS_NOT_INITIALIZED
    WARNING: GigaTIME failed on patch (49152, 48128): cuDNN error: CUDNN_STATUS_NOT_INITIALIZED
    WARNING: GigaTIME failed on patch (49152, 49152): cuDNN error: CUDNN_STATUS_NOT_INITIALIZED
    WARNING: GigaTIME failed on patch (49152, 50176): cuDNN error: CUDNN_STATUS_NOT_INITIALIZED
    WARNING: GigaTIME failed on patch (49152, 51200): cuDNN error: CUDNN_STATUS_NOT_INITIALIZED
    WARNING: GigaTIME failed on patch (49152, 52224): cuDNN error: CUDNN_STATUS_NOT_INITIALIZED
    WARNING: GigaTIME failed on patch (49152, 53248): cuDNN error: CUDNN_STATUS_NOT_INITIALIZED
    WARNING: GigaTIME failed on patch (49152, 54272): cuDNN error: CUDNN_STATUS_NOT_INITIALIZED
    WARNING: GigaTIME failed on patch (49152, 55296): cuDNN error: CUDNN_STATUS_NOT_INITIALIZED
    WARNING: GigaTIME failed on patch (49152, 56320): cuDNN error: CUDNN_STATUS_NOT_INITIALIZED
    WARNING: GigaTIME failed on patch (49152, 57344): cuDNN error: CUDNN_STATUS_NOT_INITIALIZED
    WARNING: GigaTIME failed on patch (49152, 58368): cuDNN error: CUDNN_STATUS_NOT_INITIALIZED
    WARNING: GigaTIME failed on patch (49152, 59392): cuDNN error: CUDNN_STATUS_NOT_INITIALIZED
    WARNING: GigaTIME failed on patch (49152, 60416): cuDNN error: CUDNN_STATUS_NOT_INITIALIZED
    WARNING: GigaTIME failed on patch (49152, 61440): cuDNN error: CUDNN_STATUS_NOT_INITIALIZED
    WARNING: GigaTIME failed on patch (49152, 62464): cuDNN error: CUDNN_STATUS_NOT_INITIALIZED
    WARNING: GigaTIME failed on patch (49152, 63488): cuDNN error: CUDNN_STATUS_NOT_INITIALIZED
    WARNING: GigaTIME failed on patch (49152, 64512): cuDNN error: CUDNN_STATUS_NOT_INITIALIZED
    WARNING: GigaTIME failed on patch (50176, 26624): cuDNN error: CUDNN_STATUS_NOT_INITIALIZED
    WARNING: GigaTIME failed on patch (50176, 27648): cuDNN error: CUDNN_STATUS_NOT_INITIALIZED
    WARNING: GigaTIME failed on patch (50176, 28672): cuDNN error: CUDNN_STATUS_NOT_INITIALIZED
    WARNING: GigaTIME failed on patch (50176, 29696): cuDNN error: CUDNN_STATUS_NOT_INITIALIZED
    WARNING: GigaTIME failed on patch (50176, 30720): cuDNN error: CUDNN_STATUS_NOT_INITIALIZED
    WARNING: GigaTIME failed on patch (50176, 31744): cuDNN error: CUDNN_STATUS_NOT_INITIALIZED
    WARNING: GigaTIME failed on patch (50176, 32768): cuDNN error: CUDNN_STATUS_NOT_INITIALIZED
    WARNING: GigaTIME failed on patch (50176, 33792): cuDNN error: CUDNN_STATUS_NOT_INITIALIZED
    WARNING: GigaTIME failed on patch (50176, 34816): cuDNN error: CUDNN_STATUS_NOT_INITIALIZED
    WARNING: GigaTIME failed on patch (50176, 35840): cuDNN error: CUDNN_STATUS_NOT_INITIALIZED
    WARNING: GigaTIME failed on patch (50176, 36864): cuDNN error: CUDNN_STATUS_NOT_INITIALIZED
    WARNING: GigaTIME failed on patch (50176, 37888): cuDNN error: CUDNN_STATUS_NOT_INITIALIZED
    WARNING: GigaTIME failed on patch (50176, 38912): cuDNN error: CUDNN_STATUS_NOT_INITIALIZED
    WARNING: GigaTIME failed on patch (50176, 39936): cuDNN error: CUDNN_STATUS_NOT_INITIALIZED
    WARNING: GigaTIME failed on patch (50176, 40960): cuDNN error: CUDNN_STATUS_NOT_INITIALIZED
    WARNING: GigaTIME failed on patch (50176, 41984): cuDNN error: CUDNN_STATUS_NOT_INITIALIZED
    WARNING: GigaTIME failed on patch (50176, 43008): cuDNN error: CUDNN_STATUS_NOT_INITIALIZED
    WARNING: GigaTIME failed on patch (50176, 44032): cuDNN error: CUDNN_STATUS_NOT_INITIALIZED
    WARNING: GigaTIME failed on patch (50176, 45056): cuDNN error: CUDNN_STATUS_NOT_INITIALIZED
    WARNING: GigaTIME failed on patch (50176, 46080): cuDNN error: CUDNN_STATUS_NOT_INITIALIZED
    WARNING: GigaTIME failed on patch (50176, 47104): cuDNN error: CUDNN_STATUS_NOT_INITIALIZED
    WARNING: GigaTIME failed on patch (50176, 48128): cuDNN error: CUDNN_STATUS_NOT_INITIALIZED
    WARNING: GigaTIME failed on patch (50176, 49152): cuDNN error: CUDNN_STATUS_NOT_INITIALIZED
    WARNING: GigaTIME failed on patch (50176, 50176): cuDNN error: CUDNN_STATUS_NOT_INITIALIZED
    WARNING: GigaTIME failed on patch (50176, 51200): cuDNN error: CUDNN_STATUS_NOT_INITIALIZED
    WARNING: GigaTIME failed on patch (50176, 52224): cuDNN error: CUDNN_STATUS_NOT_INITIALIZED
    WARNING: GigaTIME failed on patch (50176, 53248): cuDNN error: CUDNN_STATUS_NOT_INITIALIZED
    WARNING: GigaTIME failed on patch (50176, 54272): cuDNN error: CUDNN_STATUS_NOT_INITIALIZED
    WARNING: GigaTIME failed on patch (50176, 55296): cuDNN error: CUDNN_STATUS_NOT_INITIALIZED
    WARNING: GigaTIME failed on patch (50176, 56320): cuDNN error: CUDNN_STATUS_NOT_INITIALIZED
    WARNING: GigaTIME failed on patch (50176, 57344): cuDNN error: CUDNN_STATUS_NOT_INITIALIZED
    WARNING: GigaTIME failed on patch (50176, 58368): cuDNN error: CUDNN_STATUS_NOT_INITIALIZED
    WARNING: GigaTIME failed on patch (50176, 59392): cuDNN error: CUDNN_STATUS_NOT_INITIALIZED
    WARNING: GigaTIME failed on patch (50176, 60416): cuDNN error: CUDNN_STATUS_NOT_INITIALIZED
    WARNING: GigaTIME failed on patch (50176, 61440): cuDNN error: CUDNN_STATUS_NOT_INITIALIZED
    WARNING: GigaTIME failed on patch (50176, 62464): cuDNN error: CUDNN_STATUS_NOT_INITIALIZED
    WARNING: GigaTIME failed on patch (50176, 63488): cuDNN error: CUDNN_STATUS_NOT_INITIALIZED
    WARNING: GigaTIME failed on patch (50176, 64512): cuDNN error: CUDNN_STATUS_NOT_INITIALIZED
    WARNING: GigaTIME failed on patch (51200, 25600): cuDNN error: CUDNN_STATUS_NOT_INITIALIZED
    WARNING: GigaTIME failed on patch (51200, 26624): cuDNN error: CUDNN_STATUS_NOT_INITIALIZED
    WARNING: GigaTIME failed on patch (51200, 28672): cuDNN error: CUDNN_STATUS_NOT_INITIALIZED
    WARNING: GigaTIME failed on patch (51200, 29696): cuDNN error: CUDNN_STATUS_NOT_INITIALIZED
    WARNING: GigaTIME failed on patch (51200, 30720): cuDNN error: CUDNN_STATUS_NOT_INITIALIZED
    WARNING: GigaTIME failed on patch (51200, 31744): cuDNN error: CUDNN_STATUS_NOT_INITIALIZED
    WARNING: GigaTIME failed on patch (51200, 32768): cuDNN error: CUDNN_STATUS_NOT_INITIALIZED
    WARNING: GigaTIME failed on patch (51200, 33792): cuDNN error: CUDNN_STATUS_NOT_INITIALIZED
    WARNING: GigaTIME failed on patch (51200, 34816): cuDNN error: CUDNN_STATUS_NOT_INITIALIZED
    WARNING: GigaTIME failed on patch (51200, 35840): cuDNN error: CUDNN_STATUS_NOT_INITIALIZED
    WARNING: GigaTIME failed on patch (51200, 36864): cuDNN error: CUDNN_STATUS_NOT_INITIALIZED
    WARNING: GigaTIME failed on patch (51200, 37888): cuDNN error: CUDNN_STATUS_NOT_INITIALIZED
    WARNING: GigaTIME failed on patch (51200, 38912): cuDNN error: CUDNN_STATUS_NOT_INITIALIZED
    WARNING: GigaTIME failed on patch (51200, 39936): cuDNN error: CUDNN_STATUS_NOT_INITIALIZED
    WARNING: GigaTIME failed on patch (51200, 40960): cuDNN error: CUDNN_STATUS_NOT_INITIALIZED
    WARNING: GigaTIME failed on patch (51200, 41984): cuDNN error: CUDNN_STATUS_NOT_INITIALIZED
    WARNING: GigaTIME failed on patch (51200, 43008): cuDNN error: CUDNN_STATUS_NOT_INITIALIZED
    WARNING: GigaTIME failed on patch (51200, 44032): cuDNN error: CUDNN_STATUS_NOT_INITIALIZED
    WARNING: GigaTIME failed on patch (51200, 45056): cuDNN error: CUDNN_STATUS_NOT_INITIALIZED
    WARNING: GigaTIME failed on patch (51200, 46080): cuDNN error: CUDNN_STATUS_NOT_INITIALIZED
    WARNING: GigaTIME failed on patch (51200, 47104): cuDNN error: CUDNN_STATUS_NOT_INITIALIZED
    WARNING: GigaTIME failed on patch (51200, 48128): cuDNN error: CUDNN_STATUS_NOT_INITIALIZED
    WARNING: GigaTIME failed on patch (51200, 49152): cuDNN error: CUDNN_STATUS_NOT_INITIALIZED
    WARNING: GigaTIME failed on patch (51200, 50176): cuDNN error: CUDNN_STATUS_NOT_INITIALIZED
    WARNING: GigaTIME failed on patch (51200, 51200): cuDNN error: CUDNN_STATUS_NOT_INITIALIZED
    WARNING: GigaTIME failed on patch (51200, 52224): cuDNN error: CUDNN_STATUS_NOT_INITIALIZED
    WARNING: GigaTIME failed on patch (51200, 53248): cuDNN error: CUDNN_STATUS_NOT_INITIALIZED
    WARNING: GigaTIME failed on patch (51200, 54272): cuDNN error: CUDNN_STATUS_NOT_INITIALIZED
    WARNING: GigaTIME failed on patch (51200, 55296): cuDNN error: CUDNN_STATUS_NOT_INITIALIZED
    WARNING: GigaTIME failed on patch (51200, 56320): cuDNN error: CUDNN_STATUS_NOT_INITIALIZED
    WARNING: GigaTIME failed on patch (51200, 57344): cuDNN error: CUDNN_STATUS_NOT_INITIALIZED
    WARNING: GigaTIME failed on patch (51200, 58368): cuDNN error: CUDNN_STATUS_NOT_INITIALIZED
    WARNING: GigaTIME failed on patch (51200, 59392): cuDNN error: CUDNN_STATUS_NOT_INITIALIZED
    WARNING: GigaTIME failed on patch (51200, 60416): cuDNN error: CUDNN_STATUS_NOT_INITIALIZED
    WARNING: GigaTIME failed on patch (51200, 61440): cuDNN error: CUDNN_STATUS_NOT_INITIALIZED
    WARNING: GigaTIME failed on patch (51200, 62464): cuDNN error: CUDNN_STATUS_NOT_INITIALIZED
    WARNING: GigaTIME failed on patch (51200, 63488): cuDNN error: CUDNN_STATUS_NOT_INITIALIZED
    WARNING: GigaTIME failed on patch (51200, 64512): cuDNN error: CUDNN_STATUS_NOT_INITIALIZED
    WARNING: GigaTIME failed on patch (52224, 29696): cuDNN error: CUDNN_STATUS_NOT_INITIALIZED
    WARNING: GigaTIME failed on patch (52224, 30720): cuDNN error: CUDNN_STATUS_NOT_INITIALIZED
    WARNING: GigaTIME failed on patch (52224, 31744): cuDNN error: CUDNN_STATUS_NOT_INITIALIZED
    WARNING: GigaTIME failed on patch (52224, 32768): cuDNN error: CUDNN_STATUS_NOT_INITIALIZED
    WARNING: GigaTIME failed on patch (52224, 33792): cuDNN error: CUDNN_STATUS_NOT_INITIALIZED
    WARNING: GigaTIME failed on patch (52224, 34816): cuDNN error: CUDNN_STATUS_NOT_INITIALIZED
    WARNING: GigaTIME failed on patch (52224, 35840): cuDNN error: CUDNN_STATUS_NOT_INITIALIZED
    WARNING: GigaTIME failed on patch (52224, 36864): cuDNN error: CUDNN_STATUS_NOT_INITIALIZED
    WARNING: GigaTIME failed on patch (52224, 37888): cuDNN error: CUDNN_STATUS_NOT_INITIALIZED
    WARNING: GigaTIME failed on patch (52224, 38912): cuDNN error: CUDNN_STATUS_NOT_INITIALIZED
    WARNING: GigaTIME failed on patch (52224, 39936): cuDNN error: CUDNN_STATUS_NOT_INITIALIZED
    WARNING: GigaTIME failed on patch (52224, 40960): cuDNN error: CUDNN_STATUS_NOT_INITIALIZED
    WARNING: GigaTIME failed on patch (52224, 41984): cuDNN error: CUDNN_STATUS_NOT_INITIALIZED
    WARNING: GigaTIME failed on patch (52224, 43008): cuDNN error: CUDNN_STATUS_NOT_INITIALIZED
    WARNING: GigaTIME failed on patch (52224, 44032): cuDNN error: CUDNN_STATUS_NOT_INITIALIZED
    WARNING: GigaTIME failed on patch (52224, 45056): cuDNN error: CUDNN_STATUS_NOT_INITIALIZED
    WARNING: GigaTIME failed on patch (52224, 46080): cuDNN error: CUDNN_STATUS_NOT_INITIALIZED
    WARNING: GigaTIME failed on patch (52224, 47104): cuDNN error: CUDNN_STATUS_NOT_INITIALIZED
    WARNING: GigaTIME failed on patch (52224, 48128): cuDNN error: CUDNN_STATUS_NOT_INITIALIZED
    WARNING: GigaTIME failed on patch (52224, 49152): cuDNN error: CUDNN_STATUS_NOT_INITIALIZED
    WARNING: GigaTIME failed on patch (52224, 50176): cuDNN error: CUDNN_STATUS_NOT_INITIALIZED
    WARNING: GigaTIME failed on patch (52224, 51200): cuDNN error: CUDNN_STATUS_NOT_INITIALIZED
    WARNING: GigaTIME failed on patch (52224, 52224): cuDNN error: CUDNN_STATUS_NOT_INITIALIZED
    WARNING: GigaTIME failed on patch (52224, 53248): cuDNN error: CUDNN_STATUS_NOT_INITIALIZED
    WARNING: GigaTIME failed on patch (52224, 54272): cuDNN error: CUDNN_STATUS_NOT_INITIALIZED
    WARNING: GigaTIME failed on patch (52224, 55296): cuDNN error: CUDNN_STATUS_NOT_INITIALIZED
    WARNING: GigaTIME failed on patch (52224, 56320): cuDNN error: CUDNN_STATUS_NOT_INITIALIZED
    WARNING: GigaTIME failed on patch (52224, 57344): cuDNN error: CUDNN_STATUS_NOT_INITIALIZED
    WARNING: GigaTIME failed on patch (52224, 58368): cuDNN error: CUDNN_STATUS_NOT_INITIALIZED
    WARNING: GigaTIME failed on patch (52224, 59392): cuDNN error: CUDNN_STATUS_NOT_INITIALIZED
    WARNING: GigaTIME failed on patch (52224, 60416): cuDNN error: CUDNN_STATUS_NOT_INITIALIZED
    WARNING: GigaTIME failed on patch (52224, 61440): cuDNN error: CUDNN_STATUS_NOT_INITIALIZED
    WARNING: GigaTIME failed on patch (52224, 62464): cuDNN error: CUDNN_STATUS_NOT_INITIALIZED
    WARNING: GigaTIME failed on patch (52224, 63488): cuDNN error: CUDNN_STATUS_NOT_INITIALIZED
    WARNING: GigaTIME failed on patch (52224, 64512): cuDNN error: CUDNN_STATUS_NOT_INITIALIZED
    WARNING: GigaTIME failed on patch (53248, 29696): cuDNN error: CUDNN_STATUS_NOT_INITIALIZED
    WARNING: GigaTIME failed on patch (53248, 30720): cuDNN error: CUDNN_STATUS_NOT_INITIALIZED
    WARNING: GigaTIME failed on patch (53248, 31744): cuDNN error: CUDNN_STATUS_NOT_INITIALIZED
    WARNING: GigaTIME failed on patch (53248, 32768): cuDNN error: CUDNN_STATUS_NOT_INITIALIZED
    WARNING: GigaTIME failed on patch (53248, 33792): cuDNN error: CUDNN_STATUS_NOT_INITIALIZED
    WARNING: GigaTIME failed on patch (53248, 34816): cuDNN error: CUDNN_STATUS_NOT_INITIALIZED
    WARNING: GigaTIME failed on patch (53248, 35840): cuDNN error: CUDNN_STATUS_NOT_INITIALIZED
    WARNING: GigaTIME failed on patch (53248, 36864): cuDNN error: CUDNN_STATUS_NOT_INITIALIZED
    WARNING: GigaTIME failed on patch (53248, 37888): cuDNN error: CUDNN_STATUS_NOT_INITIALIZED
    WARNING: GigaTIME failed on patch (53248, 38912): cuDNN error: CUDNN_STATUS_NOT_INITIALIZED
    WARNING: GigaTIME failed on patch (53248, 39936): cuDNN error: CUDNN_STATUS_NOT_INITIALIZED
    WARNING: GigaTIME failed on patch (53248, 40960): cuDNN error: CUDNN_STATUS_NOT_INITIALIZED
    WARNING: GigaTIME failed on patch (53248, 41984): cuDNN error: CUDNN_STATUS_NOT_INITIALIZED
    WARNING: GigaTIME failed on patch (53248, 43008): cuDNN error: CUDNN_STATUS_NOT_INITIALIZED
    WARNING: GigaTIME failed on patch (53248, 44032): cuDNN error: CUDNN_STATUS_NOT_INITIALIZED
    WARNING: GigaTIME failed on patch (53248, 45056): cuDNN error: CUDNN_STATUS_NOT_INITIALIZED
    WARNING: GigaTIME failed on patch (53248, 46080): cuDNN error: CUDNN_STATUS_NOT_INITIALIZED
    WARNING: GigaTIME failed on patch (53248, 47104): cuDNN error: CUDNN_STATUS_NOT_INITIALIZED
    WARNING: GigaTIME failed on patch (53248, 48128): cuDNN error: CUDNN_STATUS_NOT_INITIALIZED
    WARNING: GigaTIME failed on patch (53248, 49152): cuDNN error: CUDNN_STATUS_NOT_INITIALIZED
    WARNING: GigaTIME failed on patch (53248, 50176): cuDNN error: CUDNN_STATUS_NOT_INITIALIZED
    WARNING: GigaTIME failed on patch (53248, 51200): cuDNN error: CUDNN_STATUS_NOT_INITIALIZED
    WARNING: GigaTIME failed on patch (53248, 52224): cuDNN error: CUDNN_STATUS_NOT_INITIALIZED
    WARNING: GigaTIME failed on patch (53248, 53248): cuDNN error: CUDNN_STATUS_NOT_INITIALIZED
    WARNING: GigaTIME failed on patch (53248, 54272): cuDNN error: CUDNN_STATUS_NOT_INITIALIZED
    WARNING: GigaTIME failed on patch (53248, 55296): cuDNN error: CUDNN_STATUS_NOT_INITIALIZED
    WARNING: GigaTIME failed on patch (53248, 56320): cuDNN error: CUDNN_STATUS_NOT_INITIALIZED
    WARNING: GigaTIME failed on patch (53248, 57344): cuDNN error: CUDNN_STATUS_NOT_INITIALIZED
    WARNING: GigaTIME failed on patch (53248, 58368): cuDNN error: CUDNN_STATUS_NOT_INITIALIZED
    WARNING: GigaTIME failed on patch (53248, 59392): cuDNN error: CUDNN_STATUS_NOT_INITIALIZED
    WARNING: GigaTIME failed on patch (53248, 60416): cuDNN error: CUDNN_STATUS_NOT_INITIALIZED
    WARNING: GigaTIME failed on patch (53248, 61440): cuDNN error: CUDNN_STATUS_NOT_INITIALIZED
    WARNING: GigaTIME failed on patch (53248, 62464): cuDNN error: CUDNN_STATUS_NOT_INITIALIZED
    WARNING: GigaTIME failed on patch (53248, 63488): cuDNN error: CUDNN_STATUS_NOT_INITIALIZED
    WARNING: GigaTIME failed on patch (53248, 64512): cuDNN error: CUDNN_STATUS_NOT_INITIALIZED
    WARNING: GigaTIME failed on patch (54272, 28672): cuDNN error: CUDNN_STATUS_NOT_INITIALIZED
    WARNING: GigaTIME failed on patch (54272, 29696): cuDNN error: CUDNN_STATUS_NOT_INITIALIZED
    WARNING: GigaTIME failed on patch (54272, 30720): cuDNN error: CUDNN_STATUS_NOT_INITIALIZED
    WARNING: GigaTIME failed on patch (54272, 31744): cuDNN error: CUDNN_STATUS_NOT_INITIALIZED
    WARNING: GigaTIME failed on patch (54272, 32768): cuDNN error: CUDNN_STATUS_NOT_INITIALIZED
    WARNING: GigaTIME failed on patch (54272, 33792): cuDNN error: CUDNN_STATUS_NOT_INITIALIZED
    WARNING: GigaTIME failed on patch (54272, 34816): cuDNN error: CUDNN_STATUS_NOT_INITIALIZED
    WARNING: GigaTIME failed on patch (54272, 35840): cuDNN error: CUDNN_STATUS_NOT_INITIALIZED
    WARNING: GigaTIME failed on patch (54272, 36864): cuDNN error: CUDNN_STATUS_NOT_INITIALIZED
    WARNING: GigaTIME failed on patch (54272, 37888): cuDNN error: CUDNN_STATUS_NOT_INITIALIZED
    WARNING: GigaTIME failed on patch (54272, 38912): cuDNN error: CUDNN_STATUS_NOT_INITIALIZED
    WARNING: GigaTIME failed on patch (54272, 39936): cuDNN error: CUDNN_STATUS_NOT_INITIALIZED
    WARNING: GigaTIME failed on patch (54272, 40960): cuDNN error: CUDNN_STATUS_NOT_INITIALIZED
    WARNING: GigaTIME failed on patch (54272, 41984): cuDNN error: CUDNN_STATUS_NOT_INITIALIZED
    WARNING: GigaTIME failed on patch (54272, 43008): cuDNN error: CUDNN_STATUS_NOT_INITIALIZED
    WARNING: GigaTIME failed on patch (54272, 44032): cuDNN error: CUDNN_STATUS_NOT_INITIALIZED
    WARNING: GigaTIME failed on patch (54272, 45056): cuDNN error: CUDNN_STATUS_NOT_INITIALIZED
    WARNING: GigaTIME failed on patch (54272, 46080): cuDNN error: CUDNN_STATUS_NOT_INITIALIZED
    WARNING: GigaTIME failed on patch (54272, 47104): cuDNN error: CUDNN_STATUS_NOT_INITIALIZED
    WARNING: GigaTIME failed on patch (54272, 48128): cuDNN error: CUDNN_STATUS_NOT_INITIALIZED
    WARNING: GigaTIME failed on patch (54272, 49152): cuDNN error: CUDNN_STATUS_NOT_INITIALIZED
    WARNING: GigaTIME failed on patch (54272, 50176): cuDNN error: CUDNN_STATUS_NOT_INITIALIZED
    WARNING: GigaTIME failed on patch (54272, 51200): cuDNN error: CUDNN_STATUS_NOT_INITIALIZED
    WARNING: GigaTIME failed on patch (54272, 52224): cuDNN error: CUDNN_STATUS_NOT_INITIALIZED
    WARNING: GigaTIME failed on patch (54272, 53248): cuDNN error: CUDNN_STATUS_NOT_INITIALIZED
    WARNING: GigaTIME failed on patch (54272, 54272): cuDNN error: CUDNN_STATUS_NOT_INITIALIZED
    WARNING: GigaTIME failed on patch (54272, 55296): cuDNN error: CUDNN_STATUS_NOT_INITIALIZED
    WARNING: GigaTIME failed on patch (54272, 56320): cuDNN error: CUDNN_STATUS_NOT_INITIALIZED
    WARNING: GigaTIME failed on patch (54272, 57344): cuDNN error: CUDNN_STATUS_NOT_INITIALIZED
    WARNING: GigaTIME failed on patch (54272, 58368): cuDNN error: CUDNN_STATUS_NOT_INITIALIZED
    WARNING: GigaTIME failed on patch (54272, 59392): cuDNN error: CUDNN_STATUS_NOT_INITIALIZED
    WARNING: GigaTIME failed on patch (54272, 60416): cuDNN error: CUDNN_STATUS_NOT_INITIALIZED
    WARNING: GigaTIME failed on patch (54272, 61440): cuDNN error: CUDNN_STATUS_NOT_INITIALIZED
    WARNING: GigaTIME failed on patch (54272, 62464): cuDNN error: CUDNN_STATUS_NOT_INITIALIZED
    WARNING: GigaTIME failed on patch (54272, 63488): cuDNN error: CUDNN_STATUS_NOT_INITIALIZED
    WARNING: GigaTIME failed on patch (54272, 64512): cuDNN error: CUDNN_STATUS_NOT_INITIALIZED
    WARNING: GigaTIME failed on patch (55296, 27648): cuDNN error: CUDNN_STATUS_NOT_INITIALIZED
    WARNING: GigaTIME failed on patch (55296, 28672): cuDNN error: CUDNN_STATUS_NOT_INITIALIZED
    WARNING: GigaTIME failed on patch (55296, 29696): cuDNN error: CUDNN_STATUS_NOT_INITIALIZED
    WARNING: GigaTIME failed on patch (55296, 30720): cuDNN error: CUDNN_STATUS_NOT_INITIALIZED
    WARNING: GigaTIME failed on patch (55296, 31744): cuDNN error: CUDNN_STATUS_NOT_INITIALIZED
    WARNING: GigaTIME failed on patch (55296, 32768): cuDNN error: CUDNN_STATUS_NOT_INITIALIZED
    WARNING: GigaTIME failed on patch (55296, 33792): cuDNN error: CUDNN_STATUS_NOT_INITIALIZED
    WARNING: GigaTIME failed on patch (55296, 34816): cuDNN error: CUDNN_STATUS_NOT_INITIALIZED
    WARNING: GigaTIME failed on patch (55296, 35840): cuDNN error: CUDNN_STATUS_NOT_INITIALIZED
    WARNING: GigaTIME failed on patch (55296, 36864): cuDNN error: CUDNN_STATUS_NOT_INITIALIZED
    WARNING: GigaTIME failed on patch (55296, 37888): cuDNN error: CUDNN_STATUS_NOT_INITIALIZED
    WARNING: GigaTIME failed on patch (55296, 38912): cuDNN error: CUDNN_STATUS_NOT_INITIALIZED
    WARNING: GigaTIME failed on patch (55296, 39936): cuDNN error: CUDNN_STATUS_NOT_INITIALIZED
    WARNING: GigaTIME failed on patch (55296, 40960): cuDNN error: CUDNN_STATUS_NOT_INITIALIZED
    WARNING: GigaTIME failed on patch (55296, 41984): cuDNN error: CUDNN_STATUS_NOT_INITIALIZED
    WARNING: GigaTIME failed on patch (55296, 43008): cuDNN error: CUDNN_STATUS_NOT_INITIALIZED
    WARNING: GigaTIME failed on patch (55296, 44032): cuDNN error: CUDNN_STATUS_NOT_INITIALIZED
    WARNING: GigaTIME failed on patch (55296, 45056): cuDNN error: CUDNN_STATUS_NOT_INITIALIZED
    WARNING: GigaTIME failed on patch (55296, 46080): cuDNN error: CUDNN_STATUS_NOT_INITIALIZED
    WARNING: GigaTIME failed on patch (55296, 47104): cuDNN error: CUDNN_STATUS_NOT_INITIALIZED
    WARNING: GigaTIME failed on patch (55296, 48128): cuDNN error: CUDNN_STATUS_NOT_INITIALIZED
    WARNING: GigaTIME failed on patch (55296, 49152): cuDNN error: CUDNN_STATUS_NOT_INITIALIZED
    WARNING: GigaTIME failed on patch (55296, 50176): cuDNN error: CUDNN_STATUS_NOT_INITIALIZED
    WARNING: GigaTIME failed on patch (55296, 51200): cuDNN error: CUDNN_STATUS_NOT_INITIALIZED
    WARNING: GigaTIME failed on patch (55296, 52224): cuDNN error: CUDNN_STATUS_NOT_INITIALIZED
    WARNING: GigaTIME failed on patch (55296, 53248): cuDNN error: CUDNN_STATUS_NOT_INITIALIZED
    WARNING: GigaTIME failed on patch (55296, 54272): cuDNN error: CUDNN_STATUS_NOT_INITIALIZED
    WARNING: GigaTIME failed on patch (55296, 55296): cuDNN error: CUDNN_STATUS_NOT_INITIALIZED
    WARNING: GigaTIME failed on patch (55296, 56320): cuDNN error: CUDNN_STATUS_NOT_INITIALIZED
    WARNING: GigaTIME failed on patch (55296, 57344): cuDNN error: CUDNN_STATUS_NOT_INITIALIZED
    WARNING: GigaTIME failed on patch (55296, 58368): cuDNN error: CUDNN_STATUS_NOT_INITIALIZED
    WARNING: GigaTIME failed on patch (55296, 59392): cuDNN error: CUDNN_STATUS_NOT_INITIALIZED
    WARNING: GigaTIME failed on patch (55296, 60416): cuDNN error: CUDNN_STATUS_NOT_INITIALIZED
    WARNING: GigaTIME failed on patch (55296, 61440): cuDNN error: CUDNN_STATUS_NOT_INITIALIZED
    WARNING: GigaTIME failed on patch (55296, 62464): cuDNN error: CUDNN_STATUS_NOT_INITIALIZED
    WARNING: GigaTIME failed on patch (55296, 63488): cuDNN error: CUDNN_STATUS_NOT_INITIALIZED
    WARNING: GigaTIME failed on patch (55296, 64512): cuDNN error: CUDNN_STATUS_NOT_INITIALIZED
    WARNING: GigaTIME failed on patch (55296, 65536): cuDNN error: CUDNN_STATUS_NOT_INITIALIZED
    WARNING: GigaTIME failed on patch (56320, 26624): cuDNN error: CUDNN_STATUS_NOT_INITIALIZED
    WARNING: GigaTIME failed on patch (56320, 27648): cuDNN error: CUDNN_STATUS_NOT_INITIALIZED
    WARNING: GigaTIME failed on patch (56320, 28672): cuDNN error: CUDNN_STATUS_NOT_INITIALIZED
    WARNING: GigaTIME failed on patch (56320, 29696): cuDNN error: CUDNN_STATUS_NOT_INITIALIZED
    WARNING: GigaTIME failed on patch (56320, 30720): cuDNN error: CUDNN_STATUS_NOT_INITIALIZED
    WARNING: GigaTIME failed on patch (56320, 31744): cuDNN error: CUDNN_STATUS_NOT_INITIALIZED
    WARNING: GigaTIME failed on patch (56320, 32768): cuDNN error: CUDNN_STATUS_NOT_INITIALIZED
    WARNING: GigaTIME failed on patch (56320, 33792): cuDNN error: CUDNN_STATUS_NOT_INITIALIZED
    WARNING: GigaTIME failed on patch (56320, 34816): cuDNN error: CUDNN_STATUS_NOT_INITIALIZED
    WARNING: GigaTIME failed on patch (56320, 35840): cuDNN error: CUDNN_STATUS_NOT_INITIALIZED
    WARNING: GigaTIME failed on patch (56320, 36864): cuDNN error: CUDNN_STATUS_NOT_INITIALIZED
    WARNING: GigaTIME failed on patch (56320, 37888): cuDNN error: CUDNN_STATUS_NOT_INITIALIZED
    WARNING: GigaTIME failed on patch (56320, 38912): cuDNN error: CUDNN_STATUS_NOT_INITIALIZED
    WARNING: GigaTIME failed on patch (56320, 39936): cuDNN error: CUDNN_STATUS_NOT_INITIALIZED
    WARNING: GigaTIME failed on patch (56320, 40960): cuDNN error: CUDNN_STATUS_NOT_INITIALIZED
    WARNING: GigaTIME failed on patch (56320, 41984): cuDNN error: CUDNN_STATUS_NOT_INITIALIZED
    WARNING: GigaTIME failed on patch (56320, 43008): cuDNN error: CUDNN_STATUS_NOT_INITIALIZED
    WARNING: GigaTIME failed on patch (56320, 44032): cuDNN error: CUDNN_STATUS_NOT_INITIALIZED
    WARNING: GigaTIME failed on patch (56320, 45056): cuDNN error: CUDNN_STATUS_NOT_INITIALIZED
    WARNING: GigaTIME failed on patch (56320, 46080): cuDNN error: CUDNN_STATUS_NOT_INITIALIZED
    WARNING: GigaTIME failed on patch (56320, 47104): cuDNN error: CUDNN_STATUS_NOT_INITIALIZED
    WARNING: GigaTIME failed on patch (56320, 48128): cuDNN error: CUDNN_STATUS_NOT_INITIALIZED
    WARNING: GigaTIME failed on patch (56320, 49152): cuDNN error: CUDNN_STATUS_NOT_INITIALIZED
    WARNING: GigaTIME failed on patch (56320, 50176): cuDNN error: CUDNN_STATUS_NOT_INITIALIZED
    WARNING: GigaTIME failed on patch (56320, 51200): cuDNN error: CUDNN_STATUS_NOT_INITIALIZED
    WARNING: GigaTIME failed on patch (56320, 52224): cuDNN error: CUDNN_STATUS_NOT_INITIALIZED
    WARNING: GigaTIME failed on patch (56320, 53248): cuDNN error: CUDNN_STATUS_NOT_INITIALIZED
    WARNING: GigaTIME failed on patch (56320, 54272): cuDNN error: CUDNN_STATUS_NOT_INITIALIZED
    WARNING: GigaTIME failed on patch (56320, 55296): cuDNN error: CUDNN_STATUS_NOT_INITIALIZED
    WARNING: GigaTIME failed on patch (56320, 56320): cuDNN error: CUDNN_STATUS_NOT_INITIALIZED
    WARNING: GigaTIME failed on patch (56320, 57344): cuDNN error: CUDNN_STATUS_NOT_INITIALIZED
    WARNING: GigaTIME failed on patch (56320, 58368): cuDNN error: CUDNN_STATUS_NOT_INITIALIZED
    WARNING: GigaTIME failed on patch (56320, 59392): cuDNN error: CUDNN_STATUS_NOT_INITIALIZED
    WARNING: GigaTIME failed on patch (56320, 60416): cuDNN error: CUDNN_STATUS_NOT_INITIALIZED
    WARNING: GigaTIME failed on patch (56320, 61440): cuDNN error: CUDNN_STATUS_NOT_INITIALIZED
    WARNING: GigaTIME failed on patch (56320, 62464): cuDNN error: CUDNN_STATUS_NOT_INITIALIZED
    WARNING: GigaTIME failed on patch (56320, 63488): cuDNN error: CUDNN_STATUS_NOT_INITIALIZED
    WARNING: GigaTIME failed on patch (56320, 64512): cuDNN error: CUDNN_STATUS_NOT_INITIALIZED
    WARNING: GigaTIME failed on patch (56320, 65536): cuDNN error: CUDNN_STATUS_NOT_INITIALIZED
    WARNING: GigaTIME failed on patch (57344, 26624): cuDNN error: CUDNN_STATUS_NOT_INITIALIZED
    WARNING: GigaTIME failed on patch (57344, 27648): cuDNN error: CUDNN_STATUS_NOT_INITIALIZED
    WARNING: GigaTIME failed on patch (57344, 28672): cuDNN error: CUDNN_STATUS_NOT_INITIALIZED
    WARNING: GigaTIME failed on patch (57344, 29696): cuDNN error: CUDNN_STATUS_NOT_INITIALIZED
    WARNING: GigaTIME failed on patch (57344, 30720): cuDNN error: CUDNN_STATUS_NOT_INITIALIZED
    WARNING: GigaTIME failed on patch (57344, 31744): cuDNN error: CUDNN_STATUS_NOT_INITIALIZED
    WARNING: GigaTIME failed on patch (57344, 32768): cuDNN error: CUDNN_STATUS_NOT_INITIALIZED
    WARNING: GigaTIME failed on patch (57344, 33792): cuDNN error: CUDNN_STATUS_NOT_INITIALIZED
    WARNING: GigaTIME failed on patch (57344, 34816): cuDNN error: CUDNN_STATUS_NOT_INITIALIZED
    WARNING: GigaTIME failed on patch (57344, 35840): cuDNN error: CUDNN_STATUS_NOT_INITIALIZED
    WARNING: GigaTIME failed on patch (57344, 36864): cuDNN error: CUDNN_STATUS_NOT_INITIALIZED
    WARNING: GigaTIME failed on patch (57344, 37888): cuDNN error: CUDNN_STATUS_NOT_INITIALIZED
    WARNING: GigaTIME failed on patch (57344, 38912): cuDNN error: CUDNN_STATUS_NOT_INITIALIZED
    WARNING: GigaTIME failed on patch (57344, 39936): cuDNN error: CUDNN_STATUS_NOT_INITIALIZED
    WARNING: GigaTIME failed on patch (57344, 40960): cuDNN error: CUDNN_STATUS_NOT_INITIALIZED
    WARNING: GigaTIME failed on patch (57344, 41984): cuDNN error: CUDNN_STATUS_NOT_INITIALIZED
    WARNING: GigaTIME failed on patch (57344, 43008): cuDNN error: CUDNN_STATUS_NOT_INITIALIZED
    WARNING: GigaTIME failed on patch (57344, 44032): cuDNN error: CUDNN_STATUS_NOT_INITIALIZED
    WARNING: GigaTIME failed on patch (57344, 45056): cuDNN error: CUDNN_STATUS_NOT_INITIALIZED
    WARNING: GigaTIME failed on patch (57344, 46080): cuDNN error: CUDNN_STATUS_NOT_INITIALIZED
    WARNING: GigaTIME failed on patch (57344, 47104): cuDNN error: CUDNN_STATUS_NOT_INITIALIZED
    WARNING: GigaTIME failed on patch (57344, 48128): cuDNN error: CUDNN_STATUS_NOT_INITIALIZED
    WARNING: GigaTIME failed on patch (57344, 49152): cuDNN error: CUDNN_STATUS_NOT_INITIALIZED
    WARNING: GigaTIME failed on patch (57344, 50176): cuDNN error: CUDNN_STATUS_NOT_INITIALIZED
    WARNING: GigaTIME failed on patch (57344, 51200): cuDNN error: CUDNN_STATUS_NOT_INITIALIZED
    WARNING: GigaTIME failed on patch (57344, 52224): cuDNN error: CUDNN_STATUS_NOT_INITIALIZED
    WARNING: GigaTIME failed on patch (57344, 53248): cuDNN error: CUDNN_STATUS_NOT_INITIALIZED
    WARNING: GigaTIME failed on patch (57344, 54272): cuDNN error: CUDNN_STATUS_NOT_INITIALIZED
    WARNING: GigaTIME failed on patch (57344, 55296): cuDNN error: CUDNN_STATUS_NOT_INITIALIZED
    WARNING: GigaTIME failed on patch (57344, 56320): cuDNN error: CUDNN_STATUS_NOT_INITIALIZED
    WARNING: GigaTIME failed on patch (57344, 57344): cuDNN error: CUDNN_STATUS_NOT_INITIALIZED
    WARNING: GigaTIME failed on patch (57344, 58368): cuDNN error: CUDNN_STATUS_NOT_INITIALIZED
    WARNING: GigaTIME failed on patch (57344, 59392): cuDNN error: CUDNN_STATUS_NOT_INITIALIZED
    WARNING: GigaTIME failed on patch (57344, 60416): cuDNN error: CUDNN_STATUS_NOT_INITIALIZED
    WARNING: GigaTIME failed on patch (57344, 61440): cuDNN error: CUDNN_STATUS_NOT_INITIALIZED
    WARNING: GigaTIME failed on patch (57344, 62464): cuDNN error: CUDNN_STATUS_NOT_INITIALIZED
    WARNING: GigaTIME failed on patch (57344, 63488): cuDNN error: CUDNN_STATUS_NOT_INITIALIZED
    WARNING: GigaTIME failed on patch (57344, 64512): cuDNN error: CUDNN_STATUS_NOT_INITIALIZED
    WARNING: GigaTIME failed on patch (58368, 26624): cuDNN error: CUDNN_STATUS_NOT_INITIALIZED
    WARNING: GigaTIME failed on patch (58368, 27648): cuDNN error: CUDNN_STATUS_NOT_INITIALIZED
    WARNING: GigaTIME failed on patch (58368, 28672): cuDNN error: CUDNN_STATUS_NOT_INITIALIZED
    WARNING: GigaTIME failed on patch (58368, 29696): cuDNN error: CUDNN_STATUS_NOT_INITIALIZED
    WARNING: GigaTIME failed on patch (58368, 30720): cuDNN error: CUDNN_STATUS_NOT_INITIALIZED
    WARNING: GigaTIME failed on patch (58368, 31744): cuDNN error: CUDNN_STATUS_NOT_INITIALIZED
    WARNING: GigaTIME failed on patch (58368, 32768): cuDNN error: CUDNN_STATUS_NOT_INITIALIZED
    WARNING: GigaTIME failed on patch (58368, 33792): cuDNN error: CUDNN_STATUS_NOT_INITIALIZED
    WARNING: GigaTIME failed on patch (58368, 34816): cuDNN error: CUDNN_STATUS_NOT_INITIALIZED
    WARNING: GigaTIME failed on patch (58368, 35840): cuDNN error: CUDNN_STATUS_NOT_INITIALIZED
    WARNING: GigaTIME failed on patch (58368, 36864): cuDNN error: CUDNN_STATUS_NOT_INITIALIZED
    WARNING: GigaTIME failed on patch (58368, 37888): cuDNN error: CUDNN_STATUS_NOT_INITIALIZED
    WARNING: GigaTIME failed on patch (58368, 38912): cuDNN error: CUDNN_STATUS_NOT_INITIALIZED
    WARNING: GigaTIME failed on patch (58368, 39936): cuDNN error: CUDNN_STATUS_NOT_INITIALIZED
    WARNING: GigaTIME failed on patch (58368, 40960): cuDNN error: CUDNN_STATUS_NOT_INITIALIZED
    WARNING: GigaTIME failed on patch (58368, 41984): cuDNN error: CUDNN_STATUS_NOT_INITIALIZED
    WARNING: GigaTIME failed on patch (58368, 43008): cuDNN error: CUDNN_STATUS_NOT_INITIALIZED
    WARNING: GigaTIME failed on patch (58368, 44032): cuDNN error: CUDNN_STATUS_NOT_INITIALIZED
    WARNING: GigaTIME failed on patch (58368, 45056): cuDNN error: CUDNN_STATUS_NOT_INITIALIZED
    WARNING: GigaTIME failed on patch (58368, 46080): cuDNN error: CUDNN_STATUS_NOT_INITIALIZED
    WARNING: GigaTIME failed on patch (58368, 47104): cuDNN error: CUDNN_STATUS_NOT_INITIALIZED
    WARNING: GigaTIME failed on patch (58368, 48128): cuDNN error: CUDNN_STATUS_NOT_INITIALIZED
    WARNING: GigaTIME failed on patch (58368, 49152): cuDNN error: CUDNN_STATUS_NOT_INITIALIZED
    WARNING: GigaTIME failed on patch (58368, 50176): cuDNN error: CUDNN_STATUS_NOT_INITIALIZED
    WARNING: GigaTIME failed on patch (58368, 51200): cuDNN error: CUDNN_STATUS_NOT_INITIALIZED
    WARNING: GigaTIME failed on patch (58368, 52224): cuDNN error: CUDNN_STATUS_NOT_INITIALIZED
    WARNING: GigaTIME failed on patch (58368, 53248): cuDNN error: CUDNN_STATUS_NOT_INITIALIZED
    WARNING: GigaTIME failed on patch (58368, 54272): cuDNN error: CUDNN_STATUS_NOT_INITIALIZED
    WARNING: GigaTIME failed on patch (58368, 55296): cuDNN error: CUDNN_STATUS_NOT_INITIALIZED
    WARNING: GigaTIME failed on patch (58368, 56320): cuDNN error: CUDNN_STATUS_NOT_INITIALIZED
    WARNING: GigaTIME failed on patch (58368, 57344): cuDNN error: CUDNN_STATUS_NOT_INITIALIZED
    WARNING: GigaTIME failed on patch (58368, 58368): cuDNN error: CUDNN_STATUS_NOT_INITIALIZED
    WARNING: GigaTIME failed on patch (58368, 59392): cuDNN error: CUDNN_STATUS_NOT_INITIALIZED
    WARNING: GigaTIME failed on patch (58368, 60416): cuDNN error: CUDNN_STATUS_NOT_INITIALIZED
    WARNING: GigaTIME failed on patch (58368, 61440): cuDNN error: CUDNN_STATUS_NOT_INITIALIZED
    WARNING: GigaTIME failed on patch (58368, 62464): cuDNN error: CUDNN_STATUS_NOT_INITIALIZED
    WARNING: GigaTIME failed on patch (58368, 63488): cuDNN error: CUDNN_STATUS_NOT_INITIALIZED
    WARNING: GigaTIME failed on patch (58368, 64512): cuDNN error: CUDNN_STATUS_NOT_INITIALIZED
    WARNING: GigaTIME failed on patch (59392, 27648): cuDNN error: CUDNN_STATUS_NOT_INITIALIZED
    WARNING: GigaTIME failed on patch (59392, 28672): cuDNN error: CUDNN_STATUS_NOT_INITIALIZED
    WARNING: GigaTIME failed on patch (59392, 29696): cuDNN error: CUDNN_STATUS_NOT_INITIALIZED
    WARNING: GigaTIME failed on patch (59392, 30720): cuDNN error: CUDNN_STATUS_NOT_INITIALIZED
    WARNING: GigaTIME failed on patch (59392, 31744): cuDNN error: CUDNN_STATUS_NOT_INITIALIZED
    WARNING: GigaTIME failed on patch (59392, 32768): cuDNN error: CUDNN_STATUS_NOT_INITIALIZED
    WARNING: GigaTIME failed on patch (59392, 33792): cuDNN error: CUDNN_STATUS_NOT_INITIALIZED
    WARNING: GigaTIME failed on patch (59392, 34816): cuDNN error: CUDNN_STATUS_NOT_INITIALIZED
    WARNING: GigaTIME failed on patch (59392, 35840): cuDNN error: CUDNN_STATUS_NOT_INITIALIZED
    WARNING: GigaTIME failed on patch (59392, 36864): cuDNN error: CUDNN_STATUS_NOT_INITIALIZED
    WARNING: GigaTIME failed on patch (59392, 37888): cuDNN error: CUDNN_STATUS_NOT_INITIALIZED
    WARNING: GigaTIME failed on patch (59392, 38912): cuDNN error: CUDNN_STATUS_NOT_INITIALIZED
    WARNING: GigaTIME failed on patch (59392, 39936): cuDNN error: CUDNN_STATUS_NOT_INITIALIZED
    WARNING: GigaTIME failed on patch (59392, 40960): cuDNN error: CUDNN_STATUS_NOT_INITIALIZED
    WARNING: GigaTIME failed on patch (59392, 41984): cuDNN error: CUDNN_STATUS_NOT_INITIALIZED
    WARNING: GigaTIME failed on patch (59392, 43008): cuDNN error: CUDNN_STATUS_NOT_INITIALIZED
    WARNING: GigaTIME failed on patch (59392, 44032): cuDNN error: CUDNN_STATUS_NOT_INITIALIZED
    WARNING: GigaTIME failed on patch (59392, 45056): cuDNN error: CUDNN_STATUS_NOT_INITIALIZED
    WARNING: GigaTIME failed on patch (59392, 46080): cuDNN error: CUDNN_STATUS_NOT_INITIALIZED
    WARNING: GigaTIME failed on patch (59392, 47104): cuDNN error: CUDNN_STATUS_NOT_INITIALIZED
    WARNING: GigaTIME failed on patch (59392, 48128): cuDNN error: CUDNN_STATUS_NOT_INITIALIZED
    WARNING: GigaTIME failed on patch (59392, 49152): cuDNN error: CUDNN_STATUS_NOT_INITIALIZED
    WARNING: GigaTIME failed on patch (59392, 50176): cuDNN error: CUDNN_STATUS_NOT_INITIALIZED
    WARNING: GigaTIME failed on patch (59392, 51200): cuDNN error: CUDNN_STATUS_NOT_INITIALIZED
    WARNING: GigaTIME failed on patch (59392, 52224): cuDNN error: CUDNN_STATUS_NOT_INITIALIZED
    WARNING: GigaTIME failed on patch (59392, 53248): cuDNN error: CUDNN_STATUS_NOT_INITIALIZED
    WARNING: GigaTIME failed on patch (59392, 54272): cuDNN error: CUDNN_STATUS_NOT_INITIALIZED
    WARNING: GigaTIME failed on patch (59392, 55296): cuDNN error: CUDNN_STATUS_NOT_INITIALIZED
    WARNING: GigaTIME failed on patch (59392, 56320): cuDNN error: CUDNN_STATUS_NOT_INITIALIZED
    WARNING: GigaTIME failed on patch (59392, 57344): cuDNN error: CUDNN_STATUS_NOT_INITIALIZED
    WARNING: GigaTIME failed on patch (59392, 58368): cuDNN error: CUDNN_STATUS_NOT_INITIALIZED
    WARNING: GigaTIME failed on patch (59392, 59392): cuDNN error: CUDNN_STATUS_NOT_INITIALIZED
    WARNING: GigaTIME failed on patch (59392, 60416): cuDNN error: CUDNN_STATUS_NOT_INITIALIZED
    WARNING: GigaTIME failed on patch (59392, 61440): cuDNN error: CUDNN_STATUS_NOT_INITIALIZED
    WARNING: GigaTIME failed on patch (59392, 62464): cuDNN error: CUDNN_STATUS_NOT_INITIALIZED
    WARNING: GigaTIME failed on patch (59392, 63488): cuDNN error: CUDNN_STATUS_NOT_INITIALIZED
    WARNING: GigaTIME failed on patch (59392, 64512): cuDNN error: CUDNN_STATUS_NOT_INITIALIZED
    WARNING: GigaTIME failed on patch (60416, 28672): cuDNN error: CUDNN_STATUS_NOT_INITIALIZED
    WARNING: GigaTIME failed on patch (60416, 29696): cuDNN error: CUDNN_STATUS_NOT_INITIALIZED
    WARNING: GigaTIME failed on patch (60416, 32768): cuDNN error: CUDNN_STATUS_NOT_INITIALIZED
    WARNING: GigaTIME failed on patch (60416, 33792): cuDNN error: CUDNN_STATUS_NOT_INITIALIZED
    WARNING: GigaTIME failed on patch (60416, 34816): cuDNN error: CUDNN_STATUS_NOT_INITIALIZED
    WARNING: GigaTIME failed on patch (60416, 35840): cuDNN error: CUDNN_STATUS_NOT_INITIALIZED
    WARNING: GigaTIME failed on patch (60416, 36864): cuDNN error: CUDNN_STATUS_NOT_INITIALIZED
    WARNING: GigaTIME failed on patch (60416, 37888): cuDNN error: CUDNN_STATUS_NOT_INITIALIZED
    WARNING: GigaTIME failed on patch (60416, 38912): cuDNN error: CUDNN_STATUS_NOT_INITIALIZED
    WARNING: GigaTIME failed on patch (60416, 39936): cuDNN error: CUDNN_STATUS_NOT_INITIALIZED
    WARNING: GigaTIME failed on patch (60416, 40960): cuDNN error: CUDNN_STATUS_NOT_INITIALIZED
    WARNING: GigaTIME failed on patch (60416, 41984): cuDNN error: CUDNN_STATUS_NOT_INITIALIZED
    WARNING: GigaTIME failed on patch (60416, 43008): cuDNN error: CUDNN_STATUS_NOT_INITIALIZED
    WARNING: GigaTIME failed on patch (60416, 44032): cuDNN error: CUDNN_STATUS_NOT_INITIALIZED
    WARNING: GigaTIME failed on patch (60416, 45056): cuDNN error: CUDNN_STATUS_NOT_INITIALIZED
    WARNING: GigaTIME failed on patch (60416, 46080): cuDNN error: CUDNN_STATUS_NOT_INITIALIZED
    WARNING: GigaTIME failed on patch (60416, 47104): cuDNN error: CUDNN_STATUS_NOT_INITIALIZED
    WARNING: GigaTIME failed on patch (60416, 48128): cuDNN error: CUDNN_STATUS_NOT_INITIALIZED
    WARNING: GigaTIME failed on patch (60416, 49152): cuDNN error: CUDNN_STATUS_NOT_INITIALIZED
    WARNING: GigaTIME failed on patch (60416, 50176): cuDNN error: CUDNN_STATUS_NOT_INITIALIZED
    WARNING: GigaTIME failed on patch (60416, 51200): cuDNN error: CUDNN_STATUS_NOT_INITIALIZED
    WARNING: GigaTIME failed on patch (60416, 52224): cuDNN error: CUDNN_STATUS_NOT_INITIALIZED
    WARNING: GigaTIME failed on patch (60416, 53248): cuDNN error: CUDNN_STATUS_NOT_INITIALIZED
    WARNING: GigaTIME failed on patch (60416, 54272): cuDNN error: CUDNN_STATUS_NOT_INITIALIZED
    WARNING: GigaTIME failed on patch (60416, 55296): cuDNN error: CUDNN_STATUS_NOT_INITIALIZED
    WARNING: GigaTIME failed on patch (60416, 56320): cuDNN error: CUDNN_STATUS_NOT_INITIALIZED
    WARNING: GigaTIME failed on patch (60416, 57344): cuDNN error: CUDNN_STATUS_NOT_INITIALIZED
    WARNING: GigaTIME failed on patch (60416, 58368): cuDNN error: CUDNN_STATUS_NOT_INITIALIZED
    WARNING: GigaTIME failed on patch (60416, 59392): cuDNN error: CUDNN_STATUS_NOT_INITIALIZED
    WARNING: GigaTIME failed on patch (60416, 60416): cuDNN error: CUDNN_STATUS_NOT_INITIALIZED
    WARNING: GigaTIME failed on patch (60416, 61440): cuDNN error: CUDNN_STATUS_NOT_INITIALIZED
    WARNING: GigaTIME failed on patch (60416, 62464): cuDNN error: CUDNN_STATUS_NOT_INITIALIZED
    WARNING: GigaTIME failed on patch (60416, 63488): cuDNN error: CUDNN_STATUS_NOT_INITIALIZED
    WARNING: GigaTIME failed on patch (60416, 64512): cuDNN error: CUDNN_STATUS_NOT_INITIALIZED
    WARNING: GigaTIME failed on patch (61440, 28672): cuDNN error: CUDNN_STATUS_NOT_INITIALIZED
    WARNING: GigaTIME failed on patch (61440, 29696): cuDNN error: CUDNN_STATUS_NOT_INITIALIZED
    WARNING: GigaTIME failed on patch (61440, 32768): cuDNN error: CUDNN_STATUS_NOT_INITIALIZED
    WARNING: GigaTIME failed on patch (61440, 33792): cuDNN error: CUDNN_STATUS_NOT_INITIALIZED
    WARNING: GigaTIME failed on patch (61440, 34816): cuDNN error: CUDNN_STATUS_NOT_INITIALIZED
    WARNING: GigaTIME failed on patch (61440, 35840): cuDNN error: CUDNN_STATUS_NOT_INITIALIZED
    WARNING: GigaTIME failed on patch (61440, 36864): cuDNN error: CUDNN_STATUS_NOT_INITIALIZED
    WARNING: GigaTIME failed on patch (61440, 37888): cuDNN error: CUDNN_STATUS_NOT_INITIALIZED
    WARNING: GigaTIME failed on patch (61440, 38912): cuDNN error: CUDNN_STATUS_NOT_INITIALIZED
    WARNING: GigaTIME failed on patch (61440, 39936): cuDNN error: CUDNN_STATUS_NOT_INITIALIZED
    WARNING: GigaTIME failed on patch (61440, 40960): cuDNN error: CUDNN_STATUS_NOT_INITIALIZED
    WARNING: GigaTIME failed on patch (61440, 41984): cuDNN error: CUDNN_STATUS_NOT_INITIALIZED
    WARNING: GigaTIME failed on patch (61440, 43008): cuDNN error: CUDNN_STATUS_NOT_INITIALIZED
    WARNING: GigaTIME failed on patch (61440, 44032): cuDNN error: CUDNN_STATUS_NOT_INITIALIZED
    WARNING: GigaTIME failed on patch (61440, 45056): cuDNN error: CUDNN_STATUS_NOT_INITIALIZED
    WARNING: GigaTIME failed on patch (61440, 46080): cuDNN error: CUDNN_STATUS_NOT_INITIALIZED
    WARNING: GigaTIME failed on patch (61440, 47104): cuDNN error: CUDNN_STATUS_NOT_INITIALIZED
    WARNING: GigaTIME failed on patch (61440, 48128): cuDNN error: CUDNN_STATUS_NOT_INITIALIZED
    WARNING: GigaTIME failed on patch (61440, 49152): cuDNN error: CUDNN_STATUS_NOT_INITIALIZED
    WARNING: GigaTIME failed on patch (61440, 50176): cuDNN error: CUDNN_STATUS_NOT_INITIALIZED
    WARNING: GigaTIME failed on patch (61440, 51200): cuDNN error: CUDNN_STATUS_NOT_INITIALIZED
    WARNING: GigaTIME failed on patch (61440, 52224): cuDNN error: CUDNN_STATUS_NOT_INITIALIZED
    WARNING: GigaTIME failed on patch (61440, 53248): cuDNN error: CUDNN_STATUS_NOT_INITIALIZED
    WARNING: GigaTIME failed on patch (61440, 54272): cuDNN error: CUDNN_STATUS_NOT_INITIALIZED
    WARNING: GigaTIME failed on patch (61440, 55296): cuDNN error: CUDNN_STATUS_NOT_INITIALIZED
    WARNING: GigaTIME failed on patch (61440, 56320): cuDNN error: CUDNN_STATUS_NOT_INITIALIZED
    WARNING: GigaTIME failed on patch (61440, 57344): cuDNN error: CUDNN_STATUS_NOT_INITIALIZED
    WARNING: GigaTIME failed on patch (61440, 58368): cuDNN error: CUDNN_STATUS_NOT_INITIALIZED
    WARNING: GigaTIME failed on patch (61440, 59392): cuDNN error: CUDNN_STATUS_NOT_INITIALIZED
    WARNING: GigaTIME failed on patch (61440, 60416): cuDNN error: CUDNN_STATUS_NOT_INITIALIZED
    WARNING: GigaTIME failed on patch (61440, 61440): cuDNN error: CUDNN_STATUS_NOT_INITIALIZED
    WARNING: GigaTIME failed on patch (61440, 62464): cuDNN error: CUDNN_STATUS_NOT_INITIALIZED
    WARNING: GigaTIME failed on patch (61440, 63488): cuDNN error: CUDNN_STATUS_NOT_INITIALIZED
    WARNING: GigaTIME failed on patch (61440, 64512): cuDNN error: CUDNN_STATUS_NOT_INITIALIZED
    WARNING: GigaTIME failed on patch (62464, 29696): cuDNN error: CUDNN_STATUS_NOT_INITIALIZED
    WARNING: GigaTIME failed on patch (62464, 30720): cuDNN error: CUDNN_STATUS_NOT_INITIALIZED
    WARNING: GigaTIME failed on patch (62464, 32768): cuDNN error: CUDNN_STATUS_NOT_INITIALIZED
    WARNING: GigaTIME failed on patch (62464, 33792): cuDNN error: CUDNN_STATUS_NOT_INITIALIZED
    WARNING: GigaTIME failed on patch (62464, 34816): cuDNN error: CUDNN_STATUS_NOT_INITIALIZED
    WARNING: GigaTIME failed on patch (62464, 35840): cuDNN error: CUDNN_STATUS_NOT_INITIALIZED
    WARNING: GigaTIME failed on patch (62464, 36864): cuDNN error: CUDNN_STATUS_NOT_INITIALIZED
    WARNING: GigaTIME failed on patch (62464, 37888): cuDNN error: CUDNN_STATUS_NOT_INITIALIZED
    WARNING: GigaTIME failed on patch (62464, 38912): cuDNN error: CUDNN_STATUS_NOT_INITIALIZED
    WARNING: GigaTIME failed on patch (62464, 39936): cuDNN error: CUDNN_STATUS_NOT_INITIALIZED
    WARNING: GigaTIME failed on patch (62464, 40960): cuDNN error: CUDNN_STATUS_NOT_INITIALIZED
    WARNING: GigaTIME failed on patch (62464, 41984): cuDNN error: CUDNN_STATUS_NOT_INITIALIZED
    WARNING: GigaTIME failed on patch (62464, 43008): cuDNN error: CUDNN_STATUS_NOT_INITIALIZED
    WARNING: GigaTIME failed on patch (62464, 44032): cuDNN error: CUDNN_STATUS_NOT_INITIALIZED
    WARNING: GigaTIME failed on patch (62464, 45056): cuDNN error: CUDNN_STATUS_NOT_INITIALIZED
    WARNING: GigaTIME failed on patch (62464, 46080): cuDNN error: CUDNN_STATUS_NOT_INITIALIZED
    WARNING: GigaTIME failed on patch (62464, 47104): cuDNN error: CUDNN_STATUS_NOT_INITIALIZED
    WARNING: GigaTIME failed on patch (62464, 48128): cuDNN error: CUDNN_STATUS_NOT_INITIALIZED
    WARNING: GigaTIME failed on patch (62464, 49152): cuDNN error: CUDNN_STATUS_NOT_INITIALIZED
    WARNING: GigaTIME failed on patch (62464, 50176): cuDNN error: CUDNN_STATUS_NOT_INITIALIZED
    WARNING: GigaTIME failed on patch (62464, 51200): cuDNN error: CUDNN_STATUS_NOT_INITIALIZED
    WARNING: GigaTIME failed on patch (62464, 52224): cuDNN error: CUDNN_STATUS_NOT_INITIALIZED
    WARNING: GigaTIME failed on patch (62464, 53248): cuDNN error: CUDNN_STATUS_NOT_INITIALIZED
    WARNING: GigaTIME failed on patch (62464, 54272): cuDNN error: CUDNN_STATUS_NOT_INITIALIZED
    WARNING: GigaTIME failed on patch (62464, 55296): cuDNN error: CUDNN_STATUS_NOT_INITIALIZED
    WARNING: GigaTIME failed on patch (62464, 56320): cuDNN error: CUDNN_STATUS_NOT_INITIALIZED
    WARNING: GigaTIME failed on patch (62464, 57344): cuDNN error: CUDNN_STATUS_NOT_INITIALIZED
    WARNING: GigaTIME failed on patch (62464, 58368): cuDNN error: CUDNN_STATUS_NOT_INITIALIZED
    WARNING: GigaTIME failed on patch (62464, 59392): cuDNN error: CUDNN_STATUS_NOT_INITIALIZED
    WARNING: GigaTIME failed on patch (62464, 60416): cuDNN error: CUDNN_STATUS_NOT_INITIALIZED
    WARNING: GigaTIME failed on patch (62464, 61440): cuDNN error: CUDNN_STATUS_NOT_INITIALIZED
    WARNING: GigaTIME failed on patch (62464, 62464): cuDNN error: CUDNN_STATUS_NOT_INITIALIZED
    WARNING: GigaTIME failed on patch (62464, 63488): cuDNN error: CUDNN_STATUS_NOT_INITIALIZED
    WARNING: GigaTIME failed on patch (62464, 64512): cuDNN error: CUDNN_STATUS_NOT_INITIALIZED
    WARNING: GigaTIME failed on patch (63488, 29696): cuDNN error: CUDNN_STATUS_NOT_INITIALIZED
    WARNING: GigaTIME failed on patch (63488, 30720): cuDNN error: CUDNN_STATUS_NOT_INITIALIZED
    WARNING: GigaTIME failed on patch (63488, 31744): cuDNN error: CUDNN_STATUS_NOT_INITIALIZED
    WARNING: GigaTIME failed on patch (63488, 32768): cuDNN error: CUDNN_STATUS_NOT_INITIALIZED
    WARNING: GigaTIME failed on patch (63488, 33792): cuDNN error: CUDNN_STATUS_NOT_INITIALIZED
    WARNING: GigaTIME failed on patch (63488, 34816): cuDNN error: CUDNN_STATUS_NOT_INITIALIZED
    WARNING: GigaTIME failed on patch (63488, 35840): cuDNN error: CUDNN_STATUS_NOT_INITIALIZED
    WARNING: GigaTIME failed on patch (63488, 36864): cuDNN error: CUDNN_STATUS_NOT_INITIALIZED
    WARNING: GigaTIME failed on patch (63488, 37888): cuDNN error: CUDNN_STATUS_NOT_INITIALIZED
    WARNING: GigaTIME failed on patch (63488, 38912): cuDNN error: CUDNN_STATUS_NOT_INITIALIZED
    WARNING: GigaTIME failed on patch (63488, 39936): cuDNN error: CUDNN_STATUS_NOT_INITIALIZED
    WARNING: GigaTIME failed on patch (63488, 40960): cuDNN error: CUDNN_STATUS_NOT_INITIALIZED
    WARNING: GigaTIME failed on patch (63488, 41984): cuDNN error: CUDNN_STATUS_NOT_INITIALIZED
    WARNING: GigaTIME failed on patch (63488, 43008): cuDNN error: CUDNN_STATUS_NOT_INITIALIZED
    WARNING: GigaTIME failed on patch (63488, 44032): cuDNN error: CUDNN_STATUS_NOT_INITIALIZED
    WARNING: GigaTIME failed on patch (63488, 45056): cuDNN error: CUDNN_STATUS_NOT_INITIALIZED
    WARNING: GigaTIME failed on patch (63488, 46080): cuDNN error: CUDNN_STATUS_NOT_INITIALIZED
    WARNING: GigaTIME failed on patch (63488, 47104): cuDNN error: CUDNN_STATUS_NOT_INITIALIZED
    WARNING: GigaTIME failed on patch (63488, 48128): cuDNN error: CUDNN_STATUS_NOT_INITIALIZED
    WARNING: GigaTIME failed on patch (63488, 49152): cuDNN error: CUDNN_STATUS_NOT_INITIALIZED
    WARNING: GigaTIME failed on patch (63488, 50176): cuDNN error: CUDNN_STATUS_NOT_INITIALIZED
    WARNING: GigaTIME failed on patch (63488, 51200): cuDNN error: CUDNN_STATUS_NOT_INITIALIZED
    WARNING: GigaTIME failed on patch (63488, 52224): cuDNN error: CUDNN_STATUS_NOT_INITIALIZED
    WARNING: GigaTIME failed on patch (63488, 53248): cuDNN error: CUDNN_STATUS_NOT_INITIALIZED
    WARNING: GigaTIME failed on patch (63488, 54272): cuDNN error: CUDNN_STATUS_NOT_INITIALIZED
    WARNING: GigaTIME failed on patch (63488, 55296): cuDNN error: CUDNN_STATUS_NOT_INITIALIZED
    WARNING: GigaTIME failed on patch (63488, 56320): cuDNN error: CUDNN_STATUS_NOT_INITIALIZED
    WARNING: GigaTIME failed on patch (63488, 57344): cuDNN error: CUDNN_STATUS_NOT_INITIALIZED
    WARNING: GigaTIME failed on patch (63488, 58368): cuDNN error: CUDNN_STATUS_NOT_INITIALIZED
    WARNING: GigaTIME failed on patch (63488, 59392): cuDNN error: CUDNN_STATUS_NOT_INITIALIZED
    WARNING: GigaTIME failed on patch (63488, 60416): cuDNN error: CUDNN_STATUS_NOT_INITIALIZED
    WARNING: GigaTIME failed on patch (63488, 61440): cuDNN error: CUDNN_STATUS_NOT_INITIALIZED
    WARNING: GigaTIME failed on patch (63488, 62464): cuDNN error: CUDNN_STATUS_NOT_INITIALIZED
    WARNING: GigaTIME failed on patch (63488, 63488): cuDNN error: CUDNN_STATUS_NOT_INITIALIZED
    WARNING: GigaTIME failed on patch (63488, 64512): cuDNN error: CUDNN_STATUS_NOT_INITIALIZED
    WARNING: GigaTIME failed on patch (64512, 30720): cuDNN error: CUDNN_STATUS_NOT_INITIALIZED
    WARNING: GigaTIME failed on patch (64512, 31744): cuDNN error: CUDNN_STATUS_NOT_INITIALIZED
    WARNING: GigaTIME failed on patch (64512, 32768): cuDNN error: CUDNN_STATUS_NOT_INITIALIZED
    WARNING: GigaTIME failed on patch (64512, 33792): cuDNN error: CUDNN_STATUS_NOT_INITIALIZED
    WARNING: GigaTIME failed on patch (64512, 34816): cuDNN error: CUDNN_STATUS_NOT_INITIALIZED
    WARNING: GigaTIME failed on patch (64512, 35840): cuDNN error: CUDNN_STATUS_NOT_INITIALIZED
    WARNING: GigaTIME failed on patch (64512, 36864): cuDNN error: CUDNN_STATUS_NOT_INITIALIZED
    WARNING: GigaTIME failed on patch (64512, 37888): cuDNN error: CUDNN_STATUS_NOT_INITIALIZED
    WARNING: GigaTIME failed on patch (64512, 38912): cuDNN error: CUDNN_STATUS_NOT_INITIALIZED
    WARNING: GigaTIME failed on patch (64512, 39936): cuDNN error: CUDNN_STATUS_NOT_INITIALIZED
    WARNING: GigaTIME failed on patch (64512, 40960): cuDNN error: CUDNN_STATUS_NOT_INITIALIZED
    WARNING: GigaTIME failed on patch (64512, 41984): cuDNN error: CUDNN_STATUS_NOT_INITIALIZED
    WARNING: GigaTIME failed on patch (64512, 43008): cuDNN error: CUDNN_STATUS_NOT_INITIALIZED
    WARNING: GigaTIME failed on patch (64512, 44032): cuDNN error: CUDNN_STATUS_NOT_INITIALIZED
    WARNING: GigaTIME failed on patch (64512, 45056): cuDNN error: CUDNN_STATUS_NOT_INITIALIZED
    WARNING: GigaTIME failed on patch (64512, 46080): cuDNN error: CUDNN_STATUS_NOT_INITIALIZED
    WARNING: GigaTIME failed on patch (64512, 47104): cuDNN error: CUDNN_STATUS_NOT_INITIALIZED
    WARNING: GigaTIME failed on patch (64512, 48128): cuDNN error: CUDNN_STATUS_NOT_INITIALIZED
    WARNING: GigaTIME failed on patch (64512, 49152): cuDNN error: CUDNN_STATUS_NOT_INITIALIZED
    WARNING: GigaTIME failed on patch (64512, 50176): cuDNN error: CUDNN_STATUS_NOT_INITIALIZED
    WARNING: GigaTIME failed on patch (64512, 51200): cuDNN error: CUDNN_STATUS_NOT_INITIALIZED
    WARNING: GigaTIME failed on patch (64512, 52224): cuDNN error: CUDNN_STATUS_NOT_INITIALIZED
    WARNING: GigaTIME failed on patch (64512, 53248): cuDNN error: CUDNN_STATUS_NOT_INITIALIZED
    WARNING: GigaTIME failed on patch (64512, 54272): cuDNN error: CUDNN_STATUS_NOT_INITIALIZED
    WARNING: GigaTIME failed on patch (64512, 55296): cuDNN error: CUDNN_STATUS_NOT_INITIALIZED
    WARNING: GigaTIME failed on patch (64512, 56320): cuDNN error: CUDNN_STATUS_NOT_INITIALIZED
    WARNING: GigaTIME failed on patch (64512, 57344): cuDNN error: CUDNN_STATUS_NOT_INITIALIZED
    WARNING: GigaTIME failed on patch (64512, 58368): cuDNN error: CUDNN_STATUS_NOT_INITIALIZED
    WARNING: GigaTIME failed on patch (64512, 59392): cuDNN error: CUDNN_STATUS_NOT_INITIALIZED
    WARNING: GigaTIME failed on patch (64512, 60416): cuDNN error: CUDNN_STATUS_NOT_INITIALIZED
    WARNING: GigaTIME failed on patch (64512, 61440): cuDNN error: CUDNN_STATUS_NOT_INITIALIZED
    WARNING: GigaTIME failed on patch (64512, 62464): cuDNN error: CUDNN_STATUS_NOT_INITIALIZED
    WARNING: GigaTIME failed on patch (64512, 63488): cuDNN error: CUDNN_STATUS_NOT_INITIALIZED
    WARNING: GigaTIME failed on patch (64512, 64512): cuDNN error: CUDNN_STATUS_NOT_INITIALIZED
    WARNING: GigaTIME failed on patch (65536, 31744): cuDNN error: CUDNN_STATUS_NOT_INITIALIZED
    WARNING: GigaTIME failed on patch (65536, 32768): cuDNN error: CUDNN_STATUS_NOT_INITIALIZED
    WARNING: GigaTIME failed on patch (65536, 33792): cuDNN error: CUDNN_STATUS_NOT_INITIALIZED
    WARNING: GigaTIME failed on patch (65536, 34816): cuDNN error: CUDNN_STATUS_NOT_INITIALIZED
    WARNING: GigaTIME failed on patch (65536, 35840): cuDNN error: CUDNN_STATUS_NOT_INITIALIZED
    WARNING: GigaTIME failed on patch (65536, 36864): cuDNN error: CUDNN_STATUS_NOT_INITIALIZED
    WARNING: GigaTIME failed on patch (65536, 37888): cuDNN error: CUDNN_STATUS_NOT_INITIALIZED
    WARNING: GigaTIME failed on patch (65536, 38912): cuDNN error: CUDNN_STATUS_NOT_INITIALIZED
    WARNING: GigaTIME failed on patch (65536, 39936): cuDNN error: CUDNN_STATUS_NOT_INITIALIZED
    WARNING: GigaTIME failed on patch (65536, 40960): cuDNN error: CUDNN_STATUS_NOT_INITIALIZED
    WARNING: GigaTIME failed on patch (65536, 41984): cuDNN error: CUDNN_STATUS_NOT_INITIALIZED
    WARNING: GigaTIME failed on patch (65536, 43008): cuDNN error: CUDNN_STATUS_NOT_INITIALIZED
    WARNING: GigaTIME failed on patch (65536, 44032): cuDNN error: CUDNN_STATUS_NOT_INITIALIZED
    WARNING: GigaTIME failed on patch (65536, 45056): cuDNN error: CUDNN_STATUS_NOT_INITIALIZED
    WARNING: GigaTIME failed on patch (65536, 46080): cuDNN error: CUDNN_STATUS_NOT_INITIALIZED
    WARNING: GigaTIME failed on patch (65536, 47104): cuDNN error: CUDNN_STATUS_NOT_INITIALIZED
    WARNING: GigaTIME failed on patch (65536, 48128): cuDNN error: CUDNN_STATUS_NOT_INITIALIZED
    WARNING: GigaTIME failed on patch (65536, 49152): cuDNN error: CUDNN_STATUS_NOT_INITIALIZED
    WARNING: GigaTIME failed on patch (65536, 50176): cuDNN error: CUDNN_STATUS_NOT_INITIALIZED
    WARNING: GigaTIME failed on patch (65536, 51200): cuDNN error: CUDNN_STATUS_NOT_INITIALIZED
    WARNING: GigaTIME failed on patch (65536, 52224): cuDNN error: CUDNN_STATUS_NOT_INITIALIZED
    WARNING: GigaTIME failed on patch (65536, 53248): cuDNN error: CUDNN_STATUS_NOT_INITIALIZED
    WARNING: GigaTIME failed on patch (65536, 54272): cuDNN error: CUDNN_STATUS_NOT_INITIALIZED
    WARNING: GigaTIME failed on patch (65536, 55296): cuDNN error: CUDNN_STATUS_NOT_INITIALIZED
    WARNING: GigaTIME failed on patch (65536, 56320): cuDNN error: CUDNN_STATUS_NOT_INITIALIZED
    WARNING: GigaTIME failed on patch (65536, 57344): cuDNN error: CUDNN_STATUS_NOT_INITIALIZED
    WARNING: GigaTIME failed on patch (65536, 58368): cuDNN error: CUDNN_STATUS_NOT_INITIALIZED
    WARNING: GigaTIME failed on patch (65536, 59392): cuDNN error: CUDNN_STATUS_NOT_INITIALIZED
    WARNING: GigaTIME failed on patch (65536, 60416): cuDNN error: CUDNN_STATUS_NOT_INITIALIZED
    WARNING: GigaTIME failed on patch (65536, 61440): cuDNN error: CUDNN_STATUS_NOT_INITIALIZED
    WARNING: GigaTIME failed on patch (65536, 62464): cuDNN error: CUDNN_STATUS_NOT_INITIALIZED
    WARNING: GigaTIME failed on patch (65536, 63488): cuDNN error: CUDNN_STATUS_NOT_INITIALIZED
    WARNING: GigaTIME failed on patch (65536, 64512): cuDNN error: CUDNN_STATUS_NOT_INITIALIZED
    WARNING: GigaTIME failed on patch (66560, 31744): cuDNN error: CUDNN_STATUS_NOT_INITIALIZED
    WARNING: GigaTIME failed on patch (66560, 32768): cuDNN error: CUDNN_STATUS_NOT_INITIALIZED
    WARNING: GigaTIME failed on patch (66560, 33792): cuDNN error: CUDNN_STATUS_NOT_INITIALIZED
    WARNING: GigaTIME failed on patch (66560, 34816): cuDNN error: CUDNN_STATUS_NOT_INITIALIZED
    WARNING: GigaTIME failed on patch (66560, 35840): cuDNN error: CUDNN_STATUS_NOT_INITIALIZED
    WARNING: GigaTIME failed on patch (66560, 36864): cuDNN error: CUDNN_STATUS_NOT_INITIALIZED
    WARNING: GigaTIME failed on patch (66560, 37888): cuDNN error: CUDNN_STATUS_NOT_INITIALIZED
    WARNING: GigaTIME failed on patch (66560, 38912): cuDNN error: CUDNN_STATUS_NOT_INITIALIZED
    WARNING: GigaTIME failed on patch (66560, 39936): cuDNN error: CUDNN_STATUS_NOT_INITIALIZED
    WARNING: GigaTIME failed on patch (66560, 40960): cuDNN error: CUDNN_STATUS_NOT_INITIALIZED
    WARNING: GigaTIME failed on patch (66560, 41984): cuDNN error: CUDNN_STATUS_NOT_INITIALIZED
    WARNING: GigaTIME failed on patch (66560, 43008): cuDNN error: CUDNN_STATUS_NOT_INITIALIZED
    WARNING: GigaTIME failed on patch (66560, 44032): cuDNN error: CUDNN_STATUS_NOT_INITIALIZED
    WARNING: GigaTIME failed on patch (66560, 45056): cuDNN error: CUDNN_STATUS_NOT_INITIALIZED
    WARNING: GigaTIME failed on patch (66560, 46080): cuDNN error: CUDNN_STATUS_NOT_INITIALIZED
    WARNING: GigaTIME failed on patch (66560, 47104): cuDNN error: CUDNN_STATUS_NOT_INITIALIZED
    WARNING: GigaTIME failed on patch (66560, 48128): cuDNN error: CUDNN_STATUS_NOT_INITIALIZED
    WARNING: GigaTIME failed on patch (66560, 49152): cuDNN error: CUDNN_STATUS_NOT_INITIALIZED
    WARNING: GigaTIME failed on patch (66560, 50176): cuDNN error: CUDNN_STATUS_NOT_INITIALIZED
    WARNING: GigaTIME failed on patch (66560, 51200): cuDNN error: CUDNN_STATUS_NOT_INITIALIZED
    WARNING: GigaTIME failed on patch (66560, 52224): cuDNN error: CUDNN_STATUS_NOT_INITIALIZED
    WARNING: GigaTIME failed on patch (66560, 53248): cuDNN error: CUDNN_STATUS_NOT_INITIALIZED
    WARNING: GigaTIME failed on patch (66560, 54272): cuDNN error: CUDNN_STATUS_NOT_INITIALIZED
    WARNING: GigaTIME failed on patch (66560, 55296): cuDNN error: CUDNN_STATUS_NOT_INITIALIZED
    WARNING: GigaTIME failed on patch (66560, 56320): cuDNN error: CUDNN_STATUS_NOT_INITIALIZED
    WARNING: GigaTIME failed on patch (66560, 57344): cuDNN error: CUDNN_STATUS_NOT_INITIALIZED
    WARNING: GigaTIME failed on patch (66560, 58368): cuDNN error: CUDNN_STATUS_NOT_INITIALIZED
    WARNING: GigaTIME failed on patch (66560, 59392): cuDNN error: CUDNN_STATUS_NOT_INITIALIZED
    WARNING: GigaTIME failed on patch (66560, 60416): cuDNN error: CUDNN_STATUS_NOT_INITIALIZED
    WARNING: GigaTIME failed on patch (66560, 61440): cuDNN error: CUDNN_STATUS_NOT_INITIALIZED
    WARNING: GigaTIME failed on patch (66560, 62464): cuDNN error: CUDNN_STATUS_NOT_INITIALIZED
    WARNING: GigaTIME failed on patch (66560, 63488): cuDNN error: CUDNN_STATUS_NOT_INITIALIZED
    WARNING: GigaTIME failed on patch (66560, 64512): cuDNN error: CUDNN_STATUS_NOT_INITIALIZED
    WARNING: GigaTIME failed on patch (67584, 32768): cuDNN error: CUDNN_STATUS_NOT_INITIALIZED
    WARNING: GigaTIME failed on patch (67584, 33792): cuDNN error: CUDNN_STATUS_NOT_INITIALIZED
    WARNING: GigaTIME failed on patch (67584, 34816): cuDNN error: CUDNN_STATUS_NOT_INITIALIZED
    WARNING: GigaTIME failed on patch (67584, 35840): cuDNN error: CUDNN_STATUS_NOT_INITIALIZED
    WARNING: GigaTIME failed on patch (67584, 36864): cuDNN error: CUDNN_STATUS_NOT_INITIALIZED
    WARNING: GigaTIME failed on patch (67584, 37888): cuDNN error: CUDNN_STATUS_NOT_INITIALIZED
    WARNING: GigaTIME failed on patch (67584, 38912): cuDNN error: CUDNN_STATUS_NOT_INITIALIZED
    WARNING: GigaTIME failed on patch (67584, 39936): cuDNN error: CUDNN_STATUS_NOT_INITIALIZED
    WARNING: GigaTIME failed on patch (67584, 40960): cuDNN error: CUDNN_STATUS_NOT_INITIALIZED
    WARNING: GigaTIME failed on patch (67584, 41984): cuDNN error: CUDNN_STATUS_NOT_INITIALIZED
    WARNING: GigaTIME failed on patch (67584, 43008): cuDNN error: CUDNN_STATUS_NOT_INITIALIZED
    WARNING: GigaTIME failed on patch (67584, 44032): cuDNN error: CUDNN_STATUS_NOT_INITIALIZED
    WARNING: GigaTIME failed on patch (67584, 45056): cuDNN error: CUDNN_STATUS_NOT_INITIALIZED
    WARNING: GigaTIME failed on patch (67584, 46080): cuDNN error: CUDNN_STATUS_NOT_INITIALIZED
    WARNING: GigaTIME failed on patch (67584, 47104): cuDNN error: CUDNN_STATUS_NOT_INITIALIZED
    WARNING: GigaTIME failed on patch (67584, 51200): cuDNN error: CUDNN_STATUS_NOT_INITIALIZED
    WARNING: GigaTIME failed on patch (67584, 52224): cuDNN error: CUDNN_STATUS_NOT_INITIALIZED
    WARNING: GigaTIME failed on patch (67584, 53248): cuDNN error: CUDNN_STATUS_NOT_INITIALIZED
    WARNING: GigaTIME failed on patch (67584, 54272): cuDNN error: CUDNN_STATUS_NOT_INITIALIZED
    WARNING: GigaTIME failed on patch (67584, 55296): cuDNN error: CUDNN_STATUS_NOT_INITIALIZED
    WARNING: GigaTIME failed on patch (67584, 56320): cuDNN error: CUDNN_STATUS_NOT_INITIALIZED
    WARNING: GigaTIME failed on patch (67584, 57344): cuDNN error: CUDNN_STATUS_NOT_INITIALIZED
    WARNING: GigaTIME failed on patch (67584, 58368): cuDNN error: CUDNN_STATUS_NOT_INITIALIZED
    WARNING: GigaTIME failed on patch (67584, 59392): cuDNN error: CUDNN_STATUS_NOT_INITIALIZED
    WARNING: GigaTIME failed on patch (67584, 60416): cuDNN error: CUDNN_STATUS_NOT_INITIALIZED
    WARNING: GigaTIME failed on patch (67584, 61440): cuDNN error: CUDNN_STATUS_NOT_INITIALIZED
    WARNING: GigaTIME failed on patch (67584, 62464): cuDNN error: CUDNN_STATUS_NOT_INITIALIZED
    WARNING: GigaTIME failed on patch (67584, 63488): cuDNN error: CUDNN_STATUS_NOT_INITIALIZED
    WARNING: GigaTIME failed on patch (67584, 64512): cuDNN error: CUDNN_STATUS_NOT_INITIALIZED
    WARNING: GigaTIME failed on patch (68608, 34816): cuDNN error: CUDNN_STATUS_NOT_INITIALIZED
    WARNING: GigaTIME failed on patch (68608, 35840): cuDNN error: CUDNN_STATUS_NOT_INITIALIZED
    WARNING: GigaTIME failed on patch (68608, 36864): cuDNN error: CUDNN_STATUS_NOT_INITIALIZED
    WARNING: GigaTIME failed on patch (68608, 37888): cuDNN error: CUDNN_STATUS_NOT_INITIALIZED
    WARNING: GigaTIME failed on patch (68608, 38912): cuDNN error: CUDNN_STATUS_NOT_INITIALIZED
    WARNING: GigaTIME failed on patch (68608, 39936): cuDNN error: CUDNN_STATUS_NOT_INITIALIZED
    WARNING: GigaTIME failed on patch (68608, 40960): cuDNN error: CUDNN_STATUS_NOT_INITIALIZED
    WARNING: GigaTIME failed on patch (68608, 45056): cuDNN error: CUDNN_STATUS_NOT_INITIALIZED
    WARNING: GigaTIME failed on patch (68608, 46080): cuDNN error: CUDNN_STATUS_NOT_INITIALIZED
    WARNING: GigaTIME failed on patch (68608, 52224): cuDNN error: CUDNN_STATUS_NOT_INITIALIZED
    WARNING: GigaTIME failed on patch (68608, 53248): cuDNN error: CUDNN_STATUS_NOT_INITIALIZED
    WARNING: GigaTIME failed on patch (68608, 54272): cuDNN error: CUDNN_STATUS_NOT_INITIALIZED
    WARNING: GigaTIME failed on patch (68608, 55296): cuDNN error: CUDNN_STATUS_NOT_INITIALIZED
    WARNING: GigaTIME failed on patch (68608, 56320): cuDNN error: CUDNN_STATUS_NOT_INITIALIZED
    WARNING: GigaTIME failed on patch (68608, 57344): cuDNN error: CUDNN_STATUS_NOT_INITIALIZED
    WARNING: GigaTIME failed on patch (68608, 58368): cuDNN error: CUDNN_STATUS_NOT_INITIALIZED
    WARNING: GigaTIME failed on patch (68608, 59392): cuDNN error: CUDNN_STATUS_NOT_INITIALIZED
    WARNING: GigaTIME failed on patch (68608, 60416): cuDNN error: CUDNN_STATUS_NOT_INITIALIZED
    WARNING: GigaTIME failed on patch (68608, 61440): cuDNN error: CUDNN_STATUS_NOT_INITIALIZED
    WARNING: GigaTIME failed on patch (68608, 62464): cuDNN error: CUDNN_STATUS_NOT_INITIALIZED
    WARNING: GigaTIME failed on patch (68608, 63488): cuDNN error: CUDNN_STATUS_NOT_INITIALIZED
    WARNING: GigaTIME failed on patch (68608, 64512): cuDNN error: CUDNN_STATUS_NOT_INITIALIZED
    WARNING: GigaTIME failed on patch (69632, 35840): cuDNN error: CUDNN_STATUS_NOT_INITIALIZED
    WARNING: GigaTIME failed on patch (69632, 36864): cuDNN error: CUDNN_STATUS_NOT_INITIALIZED
    WARNING: GigaTIME failed on patch (69632, 37888): cuDNN error: CUDNN_STATUS_NOT_INITIALIZED
    WARNING: GigaTIME failed on patch (69632, 38912): cuDNN error: CUDNN_STATUS_NOT_INITIALIZED
    WARNING: GigaTIME failed on patch (69632, 40960): cuDNN error: CUDNN_STATUS_NOT_INITIALIZED
    WARNING: GigaTIME failed on patch (69632, 52224): cuDNN error: CUDNN_STATUS_NOT_INITIALIZED
    WARNING: GigaTIME failed on patch (69632, 53248): cuDNN error: CUDNN_STATUS_NOT_INITIALIZED
    WARNING: GigaTIME failed on patch (69632, 54272): cuDNN error: CUDNN_STATUS_NOT_INITIALIZED
    WARNING: GigaTIME failed on patch (69632, 55296): cuDNN error: CUDNN_STATUS_NOT_INITIALIZED
    WARNING: GigaTIME failed on patch (69632, 57344): cuDNN error: CUDNN_STATUS_NOT_INITIALIZED
    WARNING: GigaTIME failed on patch (69632, 58368): cuDNN error: CUDNN_STATUS_NOT_INITIALIZED
    WARNING: GigaTIME failed on patch (69632, 59392): cuDNN error: CUDNN_STATUS_NOT_INITIALIZED
    WARNING: GigaTIME failed on patch (69632, 60416): cuDNN error: CUDNN_STATUS_NOT_INITIALIZED
    WARNING: GigaTIME failed on patch (69632, 61440): cuDNN error: CUDNN_STATUS_NOT_INITIALIZED
    WARNING: GigaTIME failed on patch (69632, 62464): cuDNN error: CUDNN_STATUS_NOT_INITIALIZED
    WARNING: GigaTIME failed on patch (70656, 52224): cuDNN error: CUDNN_STATUS_NOT_INITIALIZED
    WARNING: GigaTIME failed on patch (70656, 53248): cuDNN error: CUDNN_STATUS_NOT_INITIALIZED
    WARNING: GigaTIME failed on patch (70656, 54272): cuDNN error: CUDNN_STATUS_NOT_INITIALIZED
    WARNING: GigaTIME failed on patch (70656, 55296): cuDNN error: CUDNN_STATUS_NOT_INITIALIZED
    WARNING: GigaTIME failed on patch (70656, 59392): cuDNN error: CUDNN_STATUS_NOT_INITIALIZED
    WARNING: GigaTIME failed on patch (70656, 60416): cuDNN error: CUDNN_STATUS_NOT_INITIALIZED
    WARNING: GigaTIME failed on patch (70656, 61440): cuDNN error: CUDNN_STATUS_NOT_INITIALIZED
    WARNING: GigaTIME failed on patch (70656, 62464): cuDNN error: CUDNN_STATUS_NOT_INITIALIZED
    WARNING: GigaTIME failed on patch (71680, 52224): cuDNN error: CUDNN_STATUS_NOT_INITIALIZED
    WARNING: GigaTIME failed on patch (71680, 53248): cuDNN error: CUDNN_STATUS_NOT_INITIALIZED
    WARNING: GigaTIME failed on patch (71680, 54272): cuDNN error: CUDNN_STATUS_NOT_INITIALIZED
    WARNING: GigaTIME failed on patch (71680, 56320): cuDNN error: CUDNN_STATUS_NOT_INITIALIZED
    WARNING: GigaTIME failed on patch (92160, 55296): cuDNN error: CUDNN_STATUS_NOT_INITIALIZED
    WARNING: GigaTIME failed on patch (92160, 56320): cuDNN error: CUDNN_STATUS_NOT_INITIALIZED
    WARNING: GigaTIME failed on patch (92160, 57344): cuDNN error: CUDNN_STATUS_NOT_INITIALIZED
    WARNING: GigaTIME failed on patch (93184, 50176): cuDNN error: CUDNN_STATUS_NOT_INITIALIZED
    WARNING: GigaTIME failed on patch (93184, 56320): cuDNN error: CUDNN_STATUS_NOT_INITIALIZED
    WARNING: GigaTIME failed on patch (93184, 57344): cuDNN error: CUDNN_STATUS_NOT_INITIALIZED
    WARNING: GigaTIME failed on patch (93184, 58368): cuDNN error: CUDNN_STATUS_NOT_INITIALIZED
    WARNING: GigaTIME failed on patch (93184, 59392): cuDNN error: CUDNN_STATUS_NOT_INITIALIZED
    WARNING: GigaTIME failed on patch (94208, 51200): cuDNN error: CUDNN_STATUS_NOT_INITIALIZED
    WARNING: GigaTIME failed on patch (94208, 52224): cuDNN error: CUDNN_STATUS_NOT_INITIALIZED
    WARNING: GigaTIME failed on patch (94208, 55296): cuDNN error: CUDNN_STATUS_NOT_INITIALIZED
    WARNING: GigaTIME failed on patch (94208, 56320): cuDNN error: CUDNN_STATUS_NOT_INITIALIZED
    WARNING: GigaTIME failed on patch (94208, 57344): cuDNN error: CUDNN_STATUS_NOT_INITIALIZED
    WARNING: GigaTIME failed on patch (94208, 58368): cuDNN error: CUDNN_STATUS_NOT_INITIALIZED
    WARNING: GigaTIME failed on patch (94208, 59392): cuDNN error: CUDNN_STATUS_NOT_INITIALIZED
    WARNING: GigaTIME failed on patch (94208, 60416): cuDNN error: CUDNN_STATUS_NOT_INITIALIZED
    WARNING: GigaTIME failed on patch (95232, 51200): cuDNN error: CUDNN_STATUS_NOT_INITIALIZED
    WARNING: GigaTIME failed on patch (95232, 52224): cuDNN error: CUDNN_STATUS_NOT_INITIALIZED
    WARNING: GigaTIME failed on patch (95232, 53248): cuDNN error: CUDNN_STATUS_NOT_INITIALIZED
    WARNING: GigaTIME failed on patch (95232, 54272): cuDNN error: CUDNN_STATUS_NOT_INITIALIZED
    WARNING: GigaTIME failed on patch (95232, 55296): cuDNN error: CUDNN_STATUS_NOT_INITIALIZED
    WARNING: GigaTIME failed on patch (95232, 56320): cuDNN error: CUDNN_STATUS_NOT_INITIALIZED
    WARNING: GigaTIME failed on patch (95232, 57344): cuDNN error: CUDNN_STATUS_NOT_INITIALIZED
    WARNING: GigaTIME failed on patch (95232, 58368): cuDNN error: CUDNN_STATUS_NOT_INITIALIZED
    WARNING: GigaTIME failed on patch (95232, 59392): cuDNN error: CUDNN_STATUS_NOT_INITIALIZED
    WARNING: GigaTIME failed on patch (95232, 60416): cuDNN error: CUDNN_STATUS_NOT_INITIALIZED
    WARNING: GigaTIME failed on patch (96256, 53248): cuDNN error: CUDNN_STATUS_NOT_INITIALIZED
    WARNING: GigaTIME failed on patch (96256, 54272): cuDNN error: CUDNN_STATUS_NOT_INITIALIZED
    WARNING: GigaTIME failed on patch (96256, 55296): cuDNN error: CUDNN_STATUS_NOT_INITIALIZED
    WARNING: GigaTIME failed on patch (96256, 56320): cuDNN error: CUDNN_STATUS_NOT_INITIALIZED
    WARNING: GigaTIME failed on patch (96256, 57344): cuDNN error: CUDNN_STATUS_NOT_INITIALIZED
    WARNING: GigaTIME failed on patch (96256, 59392): cuDNN error: CUDNN_STATUS_NOT_INITIALIZED
    WARNING: GigaTIME failed on patch (97280, 57344): cuDNN error: CUDNN_STATUS_NOT_INITIALIZED
    WARNING: GigaTIME failed on patch (97280, 58368): cuDNN error: CUDNN_STATUS_NOT_INITIALIZED
    WARNING: GigaTIME failed on patch (97280, 59392): cuDNN error: CUDNN_STATUS_NOT_INITIALIZED
    WARNING: GigaTIME failed on patch (98304, 55296): cuDNN error: CUDNN_STATUS_NOT_INITIALIZED
    WARNING: GigaTIME failed on patch (98304, 56320): cuDNN error: CUDNN_STATUS_NOT_INITIALIZED
    WARNING: GigaTIME failed on patch (98304, 60416): cuDNN error: CUDNN_STATUS_NOT_INITIALIZED
    WARNING: GigaTIME failed on patch (99328, 51200): cuDNN error: CUDNN_STATUS_NOT_INITIALIZED
    WARNING: GigaTIME failed on patch (99328, 52224): cuDNN error: CUDNN_STATUS_NOT_INITIALIZED
    WARNING: GigaTIME failed on patch (99328, 53248): cuDNN error: CUDNN_STATUS_NOT_INITIALIZED
    WARNING: GigaTIME failed on patch (99328, 54272): cuDNN error: CUDNN_STATUS_NOT_INITIALIZED
    WARNING: GigaTIME failed on patch (99328, 55296): cuDNN error: CUDNN_STATUS_NOT_INITIALIZED
    WARNING: GigaTIME failed on patch (99328, 60416): cuDNN error: CUDNN_STATUS_NOT_INITIALIZED
    WARNING: GigaTIME failed on patch (100352, 50176): cuDNN error: CUDNN_STATUS_NOT_INITIALIZED
    WARNING: GigaTIME failed on patch (100352, 51200): cuDNN error: CUDNN_STATUS_NOT_INITIALIZED
    WARNING: GigaTIME failed on patch (100352, 52224): cuDNN error: CUDNN_STATUS_NOT_INITIALIZED
    WARNING: GigaTIME failed on patch (100352, 53248): cuDNN error: CUDNN_STATUS_NOT_INITIALIZED
    WARNING: GigaTIME failed on patch (100352, 54272): cuDNN error: CUDNN_STATUS_NOT_INITIALIZED
    WARNING: GigaTIME failed on patch (100352, 59392): cuDNN error: CUDNN_STATUS_NOT_INITIALIZED
    WARNING: GigaTIME failed on patch (100352, 60416): cuDNN error: CUDNN_STATUS_NOT_INITIALIZED
    WARNING: GigaTIME failed on patch (101376, 35840): cuDNN error: CUDNN_STATUS_NOT_INITIALIZED
    WARNING: GigaTIME failed on patch (101376, 50176): cuDNN error: CUDNN_STATUS_NOT_INITIALIZED
    WARNING: GigaTIME failed on patch (101376, 51200): cuDNN error: CUDNN_STATUS_NOT_INITIALIZED
    WARNING: GigaTIME failed on patch (101376, 52224): cuDNN error: CUDNN_STATUS_NOT_INITIALIZED
    WARNING: GigaTIME failed on patch (101376, 53248): cuDNN error: CUDNN_STATUS_NOT_INITIALIZED
    WARNING: GigaTIME failed on patch (101376, 54272): cuDNN error: CUDNN_STATUS_NOT_INITIALIZED
    WARNING: GigaTIME failed on patch (101376, 58368): cuDNN error: CUDNN_STATUS_NOT_INITIALIZED
    WARNING: GigaTIME failed on patch (101376, 59392): cuDNN error: CUDNN_STATUS_NOT_INITIALIZED
    WARNING: GigaTIME failed on patch (101376, 60416): cuDNN error: CUDNN_STATUS_NOT_INITIALIZED
    WARNING: GigaTIME failed on patch (102400, 32768): cuDNN error: CUDNN_STATUS_NOT_INITIALIZED
    WARNING: GigaTIME failed on patch (102400, 33792): cuDNN error: CUDNN_STATUS_NOT_INITIALIZED
    WARNING: GigaTIME failed on patch (102400, 34816): cuDNN error: CUDNN_STATUS_NOT_INITIALIZED
    WARNING: GigaTIME failed on patch (102400, 35840): cuDNN error: CUDNN_STATUS_NOT_INITIALIZED
    WARNING: GigaTIME failed on patch (102400, 49152): cuDNN error: CUDNN_STATUS_NOT_INITIALIZED
    WARNING: GigaTIME failed on patch (102400, 50176): cuDNN error: CUDNN_STATUS_NOT_INITIALIZED
    WARNING: GigaTIME failed on patch (102400, 51200): cuDNN error: CUDNN_STATUS_NOT_INITIALIZED
    WARNING: GigaTIME failed on patch (102400, 52224): cuDNN error: CUDNN_STATUS_NOT_INITIALIZED
    WARNING: GigaTIME failed on patch (102400, 56320): cuDNN error: CUDNN_STATUS_NOT_INITIALIZED
    WARNING: GigaTIME failed on patch (102400, 57344): cuDNN error: CUDNN_STATUS_NOT_INITIALIZED
    WARNING: GigaTIME failed on patch (102400, 58368): cuDNN error: CUDNN_STATUS_NOT_INITIALIZED
    WARNING: GigaTIME failed on patch (102400, 59392): cuDNN error: CUDNN_STATUS_NOT_INITIALIZED
    WARNING: GigaTIME failed on patch (102400, 60416): cuDNN error: CUDNN_STATUS_NOT_INITIALIZED
    WARNING: GigaTIME failed on patch (103424, 28672): cuDNN error: CUDNN_STATUS_NOT_INITIALIZED
    WARNING: GigaTIME failed on patch (103424, 29696): cuDNN error: CUDNN_STATUS_NOT_INITIALIZED
    WARNING: GigaTIME failed on patch (103424, 30720): cuDNN error: CUDNN_STATUS_NOT_INITIALIZED
    WARNING: GigaTIME failed on patch (103424, 31744): cuDNN error: CUDNN_STATUS_NOT_INITIALIZED
    WARNING: GigaTIME failed on patch (103424, 32768): cuDNN error: CUDNN_STATUS_NOT_INITIALIZED
    WARNING: GigaTIME failed on patch (103424, 33792): cuDNN error: CUDNN_STATUS_NOT_INITIALIZED
    WARNING: GigaTIME failed on patch (103424, 34816): cuDNN error: CUDNN_STATUS_NOT_INITIALIZED
    WARNING: GigaTIME failed on patch (103424, 35840): cuDNN error: CUDNN_STATUS_NOT_INITIALIZED
    WARNING: GigaTIME failed on patch (103424, 49152): cuDNN error: CUDNN_STATUS_NOT_INITIALIZED
    WARNING: GigaTIME failed on patch (103424, 50176): cuDNN error: CUDNN_STATUS_NOT_INITIALIZED
    WARNING: GigaTIME failed on patch (103424, 51200): cuDNN error: CUDNN_STATUS_NOT_INITIALIZED
    WARNING: GigaTIME failed on patch (103424, 54272): cuDNN error: CUDNN_STATUS_NOT_INITIALIZED
    WARNING: GigaTIME failed on patch (103424, 55296): cuDNN error: CUDNN_STATUS_NOT_INITIALIZED
    WARNING: GigaTIME failed on patch (103424, 56320): cuDNN error: CUDNN_STATUS_NOT_INITIALIZED
    WARNING: GigaTIME failed on patch (103424, 57344): cuDNN error: CUDNN_STATUS_NOT_INITIALIZED
    WARNING: GigaTIME failed on patch (103424, 58368): cuDNN error: CUDNN_STATUS_NOT_INITIALIZED
    WARNING: GigaTIME failed on patch (103424, 59392): cuDNN error: CUDNN_STATUS_NOT_INITIALIZED
    WARNING: GigaTIME failed on patch (104448, 18432): cuDNN error: CUDNN_STATUS_NOT_INITIALIZED
    WARNING: GigaTIME failed on patch (104448, 24576): cuDNN error: CUDNN_STATUS_NOT_INITIALIZED
    WARNING: GigaTIME failed on patch (104448, 25600): cuDNN error: CUDNN_STATUS_NOT_INITIALIZED
    WARNING: GigaTIME failed on patch (104448, 26624): cuDNN error: CUDNN_STATUS_NOT_INITIALIZED
    WARNING: GigaTIME failed on patch (104448, 27648): cuDNN error: CUDNN_STATUS_NOT_INITIALIZED
    WARNING: GigaTIME failed on patch (104448, 28672): cuDNN error: CUDNN_STATUS_NOT_INITIALIZED
    WARNING: GigaTIME failed on patch (104448, 29696): cuDNN error: CUDNN_STATUS_NOT_INITIALIZED
    WARNING: GigaTIME failed on patch (104448, 30720): cuDNN error: CUDNN_STATUS_NOT_INITIALIZED
    WARNING: GigaTIME failed on patch (104448, 31744): cuDNN error: CUDNN_STATUS_NOT_INITIALIZED
    WARNING: GigaTIME failed on patch (104448, 32768): cuDNN error: CUDNN_STATUS_NOT_INITIALIZED
    WARNING: GigaTIME failed on patch (104448, 33792): cuDNN error: CUDNN_STATUS_NOT_INITIALIZED
    WARNING: GigaTIME failed on patch (104448, 34816): cuDNN error: CUDNN_STATUS_NOT_INITIALIZED
    WARNING: GigaTIME failed on patch (104448, 36864): cuDNN error: CUDNN_STATUS_NOT_INITIALIZED
    WARNING: GigaTIME failed on patch (104448, 41984): cuDNN error: CUDNN_STATUS_NOT_INITIALIZED
    WARNING: GigaTIME failed on patch (104448, 43008): cuDNN error: CUDNN_STATUS_NOT_INITIALIZED
    WARNING: GigaTIME failed on patch (104448, 44032): cuDNN error: CUDNN_STATUS_NOT_INITIALIZED
    WARNING: GigaTIME failed on patch (104448, 46080): cuDNN error: CUDNN_STATUS_NOT_INITIALIZED
    WARNING: GigaTIME failed on patch (104448, 47104): cuDNN error: CUDNN_STATUS_NOT_INITIALIZED
    WARNING: GigaTIME failed on patch (104448, 48128): cuDNN error: CUDNN_STATUS_NOT_INITIALIZED
    WARNING: GigaTIME failed on patch (104448, 49152): cuDNN error: CUDNN_STATUS_NOT_INITIALIZED
    WARNING: GigaTIME failed on patch (104448, 50176): cuDNN error: CUDNN_STATUS_NOT_INITIALIZED
    WARNING: GigaTIME failed on patch (104448, 52224): cuDNN error: CUDNN_STATUS_NOT_INITIALIZED
    WARNING: GigaTIME failed on patch (104448, 53248): cuDNN error: CUDNN_STATUS_NOT_INITIALIZED
    WARNING: GigaTIME failed on patch (104448, 54272): cuDNN error: CUDNN_STATUS_NOT_INITIALIZED
    WARNING: GigaTIME failed on patch (104448, 55296): cuDNN error: CUDNN_STATUS_NOT_INITIALIZED
    WARNING: GigaTIME failed on patch (104448, 56320): cuDNN error: CUDNN_STATUS_NOT_INITIALIZED
    WARNING: GigaTIME failed on patch (104448, 57344): cuDNN error: CUDNN_STATUS_NOT_INITIALIZED
    WARNING: GigaTIME failed on patch (104448, 58368): cuDNN error: CUDNN_STATUS_NOT_INITIALIZED
    WARNING: GigaTIME failed on patch (104448, 59392): cuDNN error: CUDNN_STATUS_NOT_INITIALIZED
    WARNING: GigaTIME failed on patch (104448, 60416): cuDNN error: CUDNN_STATUS_NOT_INITIALIZED
    WARNING: GigaTIME failed on patch (105472, 18432): cuDNN error: CUDNN_STATUS_NOT_INITIALIZED
    WARNING: GigaTIME failed on patch (105472, 19456): cuDNN error: CUDNN_STATUS_NOT_INITIALIZED
    WARNING: GigaTIME failed on patch (105472, 20480): cuDNN error: CUDNN_STATUS_NOT_INITIALIZED
    WARNING: GigaTIME failed on patch (105472, 23552): cuDNN error: CUDNN_STATUS_NOT_INITIALIZED
    WARNING: GigaTIME failed on patch (105472, 24576): cuDNN error: CUDNN_STATUS_NOT_INITIALIZED
    WARNING: GigaTIME failed on patch (105472, 25600): cuDNN error: CUDNN_STATUS_NOT_INITIALIZED
    WARNING: GigaTIME failed on patch (105472, 26624): cuDNN error: CUDNN_STATUS_NOT_INITIALIZED
    WARNING: GigaTIME failed on patch (105472, 27648): cuDNN error: CUDNN_STATUS_NOT_INITIALIZED
    WARNING: GigaTIME failed on patch (105472, 28672): cuDNN error: CUDNN_STATUS_NOT_INITIALIZED
    WARNING: GigaTIME failed on patch (105472, 29696): cuDNN error: CUDNN_STATUS_NOT_INITIALIZED
    WARNING: GigaTIME failed on patch (105472, 30720): cuDNN error: CUDNN_STATUS_NOT_INITIALIZED
    WARNING: GigaTIME failed on patch (105472, 31744): cuDNN error: CUDNN_STATUS_NOT_INITIALIZED
    WARNING: GigaTIME failed on patch (105472, 32768): cuDNN error: CUDNN_STATUS_NOT_INITIALIZED
    WARNING: GigaTIME failed on patch (105472, 33792): cuDNN error: CUDNN_STATUS_NOT_INITIALIZED
    WARNING: GigaTIME failed on patch (105472, 34816): cuDNN error: CUDNN_STATUS_NOT_INITIALIZED
    WARNING: GigaTIME failed on patch (105472, 35840): cuDNN error: CUDNN_STATUS_NOT_INITIALIZED
    WARNING: GigaTIME failed on patch (105472, 36864): cuDNN error: CUDNN_STATUS_NOT_INITIALIZED
    WARNING: GigaTIME failed on patch (105472, 37888): cuDNN error: CUDNN_STATUS_NOT_INITIALIZED
    WARNING: GigaTIME failed on patch (105472, 38912): cuDNN error: CUDNN_STATUS_NOT_INITIALIZED
    WARNING: GigaTIME failed on patch (105472, 39936): cuDNN error: CUDNN_STATUS_NOT_INITIALIZED
    WARNING: GigaTIME failed on patch (105472, 40960): cuDNN error: CUDNN_STATUS_NOT_INITIALIZED
    WARNING: GigaTIME failed on patch (105472, 41984): cuDNN error: CUDNN_STATUS_NOT_INITIALIZED
    WARNING: GigaTIME failed on patch (105472, 43008): cuDNN error: CUDNN_STATUS_NOT_INITIALIZED
    WARNING: GigaTIME failed on patch (105472, 44032): cuDNN error: CUDNN_STATUS_NOT_INITIALIZED
    WARNING: GigaTIME failed on patch (105472, 45056): cuDNN error: CUDNN_STATUS_NOT_INITIALIZED
    WARNING: GigaTIME failed on patch (105472, 46080): cuDNN error: CUDNN_STATUS_NOT_INITIALIZED
    WARNING: GigaTIME failed on patch (105472, 47104): cuDNN error: CUDNN_STATUS_NOT_INITIALIZED
    WARNING: GigaTIME failed on patch (105472, 48128): cuDNN error: CUDNN_STATUS_NOT_INITIALIZED
    WARNING: GigaTIME failed on patch (105472, 49152): cuDNN error: CUDNN_STATUS_NOT_INITIALIZED
    WARNING: GigaTIME failed on patch (105472, 51200): cuDNN error: CUDNN_STATUS_NOT_INITIALIZED
    WARNING: GigaTIME failed on patch (105472, 52224): cuDNN error: CUDNN_STATUS_NOT_INITIALIZED
    WARNING: GigaTIME failed on patch (105472, 53248): cuDNN error: CUDNN_STATUS_NOT_INITIALIZED
    WARNING: GigaTIME failed on patch (105472, 54272): cuDNN error: CUDNN_STATUS_NOT_INITIALIZED
    WARNING: GigaTIME failed on patch (105472, 55296): cuDNN error: CUDNN_STATUS_NOT_INITIALIZED
    WARNING: GigaTIME failed on patch (105472, 56320): cuDNN error: CUDNN_STATUS_NOT_INITIALIZED
    WARNING: GigaTIME failed on patch (105472, 57344): cuDNN error: CUDNN_STATUS_NOT_INITIALIZED
    WARNING: GigaTIME failed on patch (105472, 58368): cuDNN error: CUDNN_STATUS_NOT_INITIALIZED
    WARNING: GigaTIME failed on patch (105472, 59392): cuDNN error: CUDNN_STATUS_NOT_INITIALIZED
    WARNING: GigaTIME failed on patch (105472, 60416): cuDNN error: CUDNN_STATUS_NOT_INITIALIZED
    WARNING: GigaTIME failed on patch (106496, 15360): cuDNN error: CUDNN_STATUS_NOT_INITIALIZED
    WARNING: GigaTIME failed on patch (106496, 17408): cuDNN error: CUDNN_STATUS_NOT_INITIALIZED
    WARNING: GigaTIME failed on patch (106496, 18432): cuDNN error: CUDNN_STATUS_NOT_INITIALIZED
    WARNING: GigaTIME failed on patch (106496, 19456): cuDNN error: CUDNN_STATUS_NOT_INITIALIZED
    WARNING: GigaTIME failed on patch (106496, 20480): cuDNN error: CUDNN_STATUS_NOT_INITIALIZED
    WARNING: GigaTIME failed on patch (106496, 21504): cuDNN error: CUDNN_STATUS_NOT_INITIALIZED
    WARNING: GigaTIME failed on patch (106496, 22528): cuDNN error: CUDNN_STATUS_NOT_INITIALIZED
    WARNING: GigaTIME failed on patch (106496, 23552): cuDNN error: CUDNN_STATUS_NOT_INITIALIZED
    WARNING: GigaTIME failed on patch (106496, 24576): cuDNN error: CUDNN_STATUS_NOT_INITIALIZED
    WARNING: GigaTIME failed on patch (106496, 25600): cuDNN error: CUDNN_STATUS_NOT_INITIALIZED
    WARNING: GigaTIME failed on patch (106496, 26624): cuDNN error: CUDNN_STATUS_NOT_INITIALIZED
    WARNING: GigaTIME failed on patch (106496, 27648): cuDNN error: CUDNN_STATUS_NOT_INITIALIZED
    WARNING: GigaTIME failed on patch (106496, 28672): cuDNN error: CUDNN_STATUS_NOT_INITIALIZED
    WARNING: GigaTIME failed on patch (106496, 29696): cuDNN error: CUDNN_STATUS_NOT_INITIALIZED
    WARNING: GigaTIME failed on patch (106496, 30720): cuDNN error: CUDNN_STATUS_NOT_INITIALIZED
    WARNING: GigaTIME failed on patch (106496, 31744): cuDNN error: CUDNN_STATUS_NOT_INITIALIZED
    WARNING: GigaTIME failed on patch (106496, 32768): cuDNN error: CUDNN_STATUS_NOT_INITIALIZED
    WARNING: GigaTIME failed on patch (106496, 33792): cuDNN error: CUDNN_STATUS_NOT_INITIALIZED
    WARNING: GigaTIME failed on patch (106496, 34816): cuDNN error: CUDNN_STATUS_NOT_INITIALIZED
    WARNING: GigaTIME failed on patch (106496, 35840): cuDNN error: CUDNN_STATUS_NOT_INITIALIZED
    WARNING: GigaTIME failed on patch (106496, 36864): cuDNN error: CUDNN_STATUS_NOT_INITIALIZED
    WARNING: GigaTIME failed on patch (106496, 37888): cuDNN error: CUDNN_STATUS_NOT_INITIALIZED
    WARNING: GigaTIME failed on patch (106496, 38912): cuDNN error: CUDNN_STATUS_NOT_INITIALIZED
    WARNING: GigaTIME failed on patch (106496, 39936): cuDNN error: CUDNN_STATUS_NOT_INITIALIZED
    WARNING: GigaTIME failed on patch (106496, 40960): cuDNN error: CUDNN_STATUS_NOT_INITIALIZED
    WARNING: GigaTIME failed on patch (106496, 41984): cuDNN error: CUDNN_STATUS_NOT_INITIALIZED
    WARNING: GigaTIME failed on patch (106496, 43008): cuDNN error: CUDNN_STATUS_NOT_INITIALIZED
    WARNING: GigaTIME failed on patch (106496, 44032): cuDNN error: CUDNN_STATUS_NOT_INITIALIZED
    WARNING: GigaTIME failed on patch (106496, 45056): cuDNN error: CUDNN_STATUS_NOT_INITIALIZED
    WARNING: GigaTIME failed on patch (106496, 46080): cuDNN error: CUDNN_STATUS_NOT_INITIALIZED
    WARNING: GigaTIME failed on patch (106496, 47104): cuDNN error: CUDNN_STATUS_NOT_INITIALIZED
    WARNING: GigaTIME failed on patch (106496, 50176): cuDNN error: CUDNN_STATUS_NOT_INITIALIZED
    WARNING: GigaTIME failed on patch (106496, 51200): cuDNN error: CUDNN_STATUS_NOT_INITIALIZED
    WARNING: GigaTIME failed on patch (106496, 52224): cuDNN error: CUDNN_STATUS_NOT_INITIALIZED
    WARNING: GigaTIME failed on patch (106496, 53248): cuDNN error: CUDNN_STATUS_NOT_INITIALIZED
    WARNING: GigaTIME failed on patch (106496, 54272): cuDNN error: CUDNN_STATUS_NOT_INITIALIZED
    WARNING: GigaTIME failed on patch (106496, 55296): cuDNN error: CUDNN_STATUS_NOT_INITIALIZED
    WARNING: GigaTIME failed on patch (106496, 56320): cuDNN error: CUDNN_STATUS_NOT_INITIALIZED
    WARNING: GigaTIME failed on patch (106496, 57344): cuDNN error: CUDNN_STATUS_NOT_INITIALIZED
    WARNING: GigaTIME failed on patch (106496, 58368): cuDNN error: CUDNN_STATUS_NOT_INITIALIZED
    WARNING: GigaTIME failed on patch (106496, 59392): cuDNN error: CUDNN_STATUS_NOT_INITIALIZED
    WARNING: GigaTIME failed on patch (106496, 60416): cuDNN error: CUDNN_STATUS_NOT_INITIALIZED
    WARNING: GigaTIME failed on patch (106496, 61440): cuDNN error: CUDNN_STATUS_NOT_INITIALIZED
    WARNING: GigaTIME failed on patch (106496, 62464): cuDNN error: CUDNN_STATUS_NOT_INITIALIZED
    WARNING: GigaTIME failed on patch (107520, 15360): cuDNN error: CUDNN_STATUS_NOT_INITIALIZED
    WARNING: GigaTIME failed on patch (107520, 16384): cuDNN error: CUDNN_STATUS_NOT_INITIALIZED
    WARNING: GigaTIME failed on patch (107520, 17408): cuDNN error: CUDNN_STATUS_NOT_INITIALIZED
    WARNING: GigaTIME failed on patch (107520, 18432): cuDNN error: CUDNN_STATUS_NOT_INITIALIZED
    WARNING: GigaTIME failed on patch (107520, 19456): cuDNN error: CUDNN_STATUS_NOT_INITIALIZED
    WARNING: GigaTIME failed on patch (107520, 20480): cuDNN error: CUDNN_STATUS_NOT_INITIALIZED
    WARNING: GigaTIME failed on patch (107520, 21504): cuDNN error: CUDNN_STATUS_NOT_INITIALIZED
    WARNING: GigaTIME failed on patch (107520, 22528): cuDNN error: CUDNN_STATUS_NOT_INITIALIZED
    WARNING: GigaTIME failed on patch (107520, 23552): cuDNN error: CUDNN_STATUS_NOT_INITIALIZED
    WARNING: GigaTIME failed on patch (107520, 24576): cuDNN error: CUDNN_STATUS_NOT_INITIALIZED
    WARNING: GigaTIME failed on patch (107520, 25600): cuDNN error: CUDNN_STATUS_NOT_INITIALIZED
    WARNING: GigaTIME failed on patch (107520, 26624): cuDNN error: CUDNN_STATUS_NOT_INITIALIZED
    WARNING: GigaTIME failed on patch (107520, 27648): cuDNN error: CUDNN_STATUS_NOT_INITIALIZED
    WARNING: GigaTIME failed on patch (107520, 28672): cuDNN error: CUDNN_STATUS_NOT_INITIALIZED
    WARNING: GigaTIME failed on patch (107520, 29696): cuDNN error: CUDNN_STATUS_NOT_INITIALIZED
    WARNING: GigaTIME failed on patch (107520, 30720): cuDNN error: CUDNN_STATUS_NOT_INITIALIZED
    WARNING: GigaTIME failed on patch (107520, 31744): cuDNN error: CUDNN_STATUS_NOT_INITIALIZED
    WARNING: GigaTIME failed on patch (107520, 32768): cuDNN error: CUDNN_STATUS_NOT_INITIALIZED
    WARNING: GigaTIME failed on patch (107520, 33792): cuDNN error: CUDNN_STATUS_NOT_INITIALIZED
    WARNING: GigaTIME failed on patch (107520, 34816): cuDNN error: CUDNN_STATUS_NOT_INITIALIZED
    WARNING: GigaTIME failed on patch (107520, 35840): cuDNN error: CUDNN_STATUS_NOT_INITIALIZED
    WARNING: GigaTIME failed on patch (107520, 36864): cuDNN error: CUDNN_STATUS_NOT_INITIALIZED
    WARNING: GigaTIME failed on patch (107520, 37888): cuDNN error: CUDNN_STATUS_NOT_INITIALIZED
    WARNING: GigaTIME failed on patch (107520, 38912): cuDNN error: CUDNN_STATUS_NOT_INITIALIZED
    WARNING: GigaTIME failed on patch (107520, 39936): cuDNN error: CUDNN_STATUS_NOT_INITIALIZED
    WARNING: GigaTIME failed on patch (107520, 40960): cuDNN error: CUDNN_STATUS_NOT_INITIALIZED
    WARNING: GigaTIME failed on patch (107520, 41984): cuDNN error: CUDNN_STATUS_NOT_INITIALIZED
    WARNING: GigaTIME failed on patch (107520, 43008): cuDNN error: CUDNN_STATUS_NOT_INITIALIZED
    WARNING: GigaTIME failed on patch (107520, 44032): cuDNN error: CUDNN_STATUS_NOT_INITIALIZED
    WARNING: GigaTIME failed on patch (107520, 45056): cuDNN error: CUDNN_STATUS_NOT_INITIALIZED
    WARNING: GigaTIME failed on patch (107520, 46080): cuDNN error: CUDNN_STATUS_NOT_INITIALIZED
    WARNING: GigaTIME failed on patch (107520, 47104): cuDNN error: CUDNN_STATUS_NOT_INITIALIZED
    WARNING: GigaTIME failed on patch (107520, 48128): cuDNN error: CUDNN_STATUS_NOT_INITIALIZED
    WARNING: GigaTIME failed on patch (107520, 49152): cuDNN error: CUDNN_STATUS_NOT_INITIALIZED
    WARNING: GigaTIME failed on patch (107520, 50176): cuDNN error: CUDNN_STATUS_NOT_INITIALIZED
    WARNING: GigaTIME failed on patch (107520, 51200): cuDNN error: CUDNN_STATUS_NOT_INITIALIZED
    WARNING: GigaTIME failed on patch (107520, 52224): cuDNN error: CUDNN_STATUS_NOT_INITIALIZED
    WARNING: GigaTIME failed on patch (107520, 53248): cuDNN error: CUDNN_STATUS_NOT_INITIALIZED
    WARNING: GigaTIME failed on patch (107520, 54272): cuDNN error: CUDNN_STATUS_NOT_INITIALIZED
    WARNING: GigaTIME failed on patch (107520, 55296): cuDNN error: CUDNN_STATUS_NOT_INITIALIZED
    WARNING: GigaTIME failed on patch (107520, 56320): cuDNN error: CUDNN_STATUS_NOT_INITIALIZED
    WARNING: GigaTIME failed on patch (107520, 57344): cuDNN error: CUDNN_STATUS_NOT_INITIALIZED
    WARNING: GigaTIME failed on patch (107520, 58368): cuDNN error: CUDNN_STATUS_NOT_INITIALIZED
    WARNING: GigaTIME failed on patch (107520, 59392): cuDNN error: CUDNN_STATUS_NOT_INITIALIZED
    WARNING: GigaTIME failed on patch (107520, 60416): cuDNN error: CUDNN_STATUS_NOT_INITIALIZED
    WARNING: GigaTIME failed on patch (107520, 61440): cuDNN error: CUDNN_STATUS_NOT_INITIALIZED
    WARNING: GigaTIME failed on patch (107520, 62464): cuDNN error: CUDNN_STATUS_NOT_INITIALIZED
    WARNING: GigaTIME failed on patch (107520, 63488): cuDNN error: CUDNN_STATUS_NOT_INITIALIZED
    WARNING: GigaTIME failed on patch (108544, 15360): cuDNN error: CUDNN_STATUS_NOT_INITIALIZED
    WARNING: GigaTIME failed on patch (108544, 16384): cuDNN error: CUDNN_STATUS_NOT_INITIALIZED
    WARNING: GigaTIME failed on patch (108544, 17408): cuDNN error: CUDNN_STATUS_NOT_INITIALIZED
    WARNING: GigaTIME failed on patch (108544, 18432): cuDNN error: CUDNN_STATUS_NOT_INITIALIZED
    WARNING: GigaTIME failed on patch (108544, 19456): cuDNN error: CUDNN_STATUS_NOT_INITIALIZED
    WARNING: GigaTIME failed on patch (108544, 20480): cuDNN error: CUDNN_STATUS_NOT_INITIALIZED
    WARNING: GigaTIME failed on patch (108544, 21504): cuDNN error: CUDNN_STATUS_NOT_INITIALIZED
    WARNING: GigaTIME failed on patch (108544, 22528): cuDNN error: CUDNN_STATUS_NOT_INITIALIZED
    WARNING: GigaTIME failed on patch (108544, 23552): cuDNN error: CUDNN_STATUS_NOT_INITIALIZED
    WARNING: GigaTIME failed on patch (108544, 24576): cuDNN error: CUDNN_STATUS_NOT_INITIALIZED
    WARNING: GigaTIME failed on patch (108544, 25600): cuDNN error: CUDNN_STATUS_NOT_INITIALIZED
    WARNING: GigaTIME failed on patch (108544, 26624): cuDNN error: CUDNN_STATUS_NOT_INITIALIZED
    WARNING: GigaTIME failed on patch (108544, 27648): cuDNN error: CUDNN_STATUS_NOT_INITIALIZED
    WARNING: GigaTIME failed on patch (108544, 28672): cuDNN error: CUDNN_STATUS_NOT_INITIALIZED
    WARNING: GigaTIME failed on patch (108544, 29696): cuDNN error: CUDNN_STATUS_NOT_INITIALIZED
    WARNING: GigaTIME failed on patch (108544, 30720): cuDNN error: CUDNN_STATUS_NOT_INITIALIZED
    WARNING: GigaTIME failed on patch (108544, 31744): cuDNN error: CUDNN_STATUS_NOT_INITIALIZED
    WARNING: GigaTIME failed on patch (108544, 32768): cuDNN error: CUDNN_STATUS_NOT_INITIALIZED
    WARNING: GigaTIME failed on patch (108544, 33792): cuDNN error: CUDNN_STATUS_NOT_INITIALIZED
    WARNING: GigaTIME failed on patch (108544, 34816): cuDNN error: CUDNN_STATUS_NOT_INITIALIZED
    WARNING: GigaTIME failed on patch (108544, 35840): cuDNN error: CUDNN_STATUS_NOT_INITIALIZED
    WARNING: GigaTIME failed on patch (108544, 36864): cuDNN error: CUDNN_STATUS_NOT_INITIALIZED
    WARNING: GigaTIME failed on patch (108544, 37888): cuDNN error: CUDNN_STATUS_NOT_INITIALIZED
    WARNING: GigaTIME failed on patch (108544, 38912): cuDNN error: CUDNN_STATUS_NOT_INITIALIZED
    WARNING: GigaTIME failed on patch (108544, 39936): cuDNN error: CUDNN_STATUS_NOT_INITIALIZED
    WARNING: GigaTIME failed on patch (108544, 40960): cuDNN error: CUDNN_STATUS_NOT_INITIALIZED
    WARNING: GigaTIME failed on patch (108544, 41984): cuDNN error: CUDNN_STATUS_NOT_INITIALIZED
    WARNING: GigaTIME failed on patch (108544, 43008): cuDNN error: CUDNN_STATUS_NOT_INITIALIZED
    WARNING: GigaTIME failed on patch (108544, 45056): cuDNN error: CUDNN_STATUS_NOT_INITIALIZED
    WARNING: GigaTIME failed on patch (108544, 46080): cuDNN error: CUDNN_STATUS_NOT_INITIALIZED
    WARNING: GigaTIME failed on patch (108544, 47104): cuDNN error: CUDNN_STATUS_NOT_INITIALIZED
    WARNING: GigaTIME failed on patch (108544, 48128): cuDNN error: CUDNN_STATUS_NOT_INITIALIZED
    WARNING: GigaTIME failed on patch (108544, 49152): cuDNN error: CUDNN_STATUS_NOT_INITIALIZED
    WARNING: GigaTIME failed on patch (108544, 50176): cuDNN error: CUDNN_STATUS_NOT_INITIALIZED
    WARNING: GigaTIME failed on patch (108544, 51200): cuDNN error: CUDNN_STATUS_NOT_INITIALIZED
    WARNING: GigaTIME failed on patch (108544, 52224): cuDNN error: CUDNN_STATUS_NOT_INITIALIZED
    WARNING: GigaTIME failed on patch (108544, 53248): cuDNN error: CUDNN_STATUS_NOT_INITIALIZED
    WARNING: GigaTIME failed on patch (108544, 54272): cuDNN error: CUDNN_STATUS_NOT_INITIALIZED
    WARNING: GigaTIME failed on patch (108544, 55296): cuDNN error: CUDNN_STATUS_NOT_INITIALIZED
    WARNING: GigaTIME failed on patch (108544, 56320): cuDNN error: CUDNN_STATUS_NOT_INITIALIZED
    WARNING: GigaTIME failed on patch (108544, 57344): cuDNN error: CUDNN_STATUS_NOT_INITIALIZED
    WARNING: GigaTIME failed on patch (108544, 58368): cuDNN error: CUDNN_STATUS_NOT_INITIALIZED
    WARNING: GigaTIME failed on patch (108544, 59392): cuDNN error: CUDNN_STATUS_NOT_INITIALIZED
    WARNING: GigaTIME failed on patch (108544, 60416): cuDNN error: CUDNN_STATUS_NOT_INITIALIZED
    WARNING: GigaTIME failed on patch (108544, 61440): cuDNN error: CUDNN_STATUS_NOT_INITIALIZED
    WARNING: GigaTIME failed on patch (108544, 62464): cuDNN error: CUDNN_STATUS_NOT_INITIALIZED
    WARNING: GigaTIME failed on patch (108544, 63488): cuDNN error: CUDNN_STATUS_NOT_INITIALIZED
    WARNING: GigaTIME failed on patch (109568, 14336): cuDNN error: CUDNN_STATUS_NOT_INITIALIZED
    WARNING: GigaTIME failed on patch (109568, 15360): cuDNN error: CUDNN_STATUS_NOT_INITIALIZED
    WARNING: GigaTIME failed on patch (109568, 16384): cuDNN error: CUDNN_STATUS_NOT_INITIALIZED
    WARNING: GigaTIME failed on patch (109568, 17408): cuDNN error: CUDNN_STATUS_NOT_INITIALIZED
    WARNING: GigaTIME failed on patch (109568, 18432): cuDNN error: CUDNN_STATUS_NOT_INITIALIZED
    WARNING: GigaTIME failed on patch (109568, 19456): cuDNN error: CUDNN_STATUS_NOT_INITIALIZED
    WARNING: GigaTIME failed on patch (109568, 20480): cuDNN error: CUDNN_STATUS_NOT_INITIALIZED
    WARNING: GigaTIME failed on patch (109568, 21504): cuDNN error: CUDNN_STATUS_NOT_INITIALIZED
    WARNING: GigaTIME failed on patch (109568, 22528): cuDNN error: CUDNN_STATUS_NOT_INITIALIZED
    WARNING: GigaTIME failed on patch (109568, 23552): cuDNN error: CUDNN_STATUS_NOT_INITIALIZED
    WARNING: GigaTIME failed on patch (109568, 24576): cuDNN error: CUDNN_STATUS_NOT_INITIALIZED
    WARNING: GigaTIME failed on patch (109568, 25600): cuDNN error: CUDNN_STATUS_NOT_INITIALIZED
    WARNING: GigaTIME failed on patch (109568, 26624): cuDNN error: CUDNN_STATUS_NOT_INITIALIZED
    WARNING: GigaTIME failed on patch (109568, 27648): cuDNN error: CUDNN_STATUS_NOT_INITIALIZED
    WARNING: GigaTIME failed on patch (109568, 28672): cuDNN error: CUDNN_STATUS_NOT_INITIALIZED
    WARNING: GigaTIME failed on patch (109568, 29696): cuDNN error: CUDNN_STATUS_NOT_INITIALIZED
    WARNING: GigaTIME failed on patch (109568, 30720): cuDNN error: CUDNN_STATUS_NOT_INITIALIZED
    WARNING: GigaTIME failed on patch (109568, 31744): cuDNN error: CUDNN_STATUS_NOT_INITIALIZED
    WARNING: GigaTIME failed on patch (109568, 32768): cuDNN error: CUDNN_STATUS_NOT_INITIALIZED
    WARNING: GigaTIME failed on patch (109568, 33792): cuDNN error: CUDNN_STATUS_NOT_INITIALIZED
    WARNING: GigaTIME failed on patch (109568, 34816): cuDNN error: CUDNN_STATUS_NOT_INITIALIZED
    WARNING: GigaTIME failed on patch (109568, 35840): cuDNN error: CUDNN_STATUS_NOT_INITIALIZED
    WARNING: GigaTIME failed on patch (109568, 36864): cuDNN error: CUDNN_STATUS_NOT_INITIALIZED
    WARNING: GigaTIME failed on patch (109568, 37888): cuDNN error: CUDNN_STATUS_NOT_INITIALIZED
    WARNING: GigaTIME failed on patch (109568, 38912): cuDNN error: CUDNN_STATUS_NOT_INITIALIZED
    WARNING: GigaTIME failed on patch (109568, 39936): cuDNN error: CUDNN_STATUS_NOT_INITIALIZED
    WARNING: GigaTIME failed on patch (109568, 40960): cuDNN error: CUDNN_STATUS_NOT_INITIALIZED
    WARNING: GigaTIME failed on patch (109568, 41984): cuDNN error: CUDNN_STATUS_NOT_INITIALIZED
    WARNING: GigaTIME failed on patch (109568, 43008): cuDNN error: CUDNN_STATUS_NOT_INITIALIZED
    WARNING: GigaTIME failed on patch (109568, 44032): cuDNN error: CUDNN_STATUS_NOT_INITIALIZED
    WARNING: GigaTIME failed on patch (109568, 45056): cuDNN error: CUDNN_STATUS_NOT_INITIALIZED
    WARNING: GigaTIME failed on patch (109568, 46080): cuDNN error: CUDNN_STATUS_NOT_INITIALIZED
    WARNING: GigaTIME failed on patch (109568, 47104): cuDNN error: CUDNN_STATUS_NOT_INITIALIZED
    WARNING: GigaTIME failed on patch (109568, 48128): cuDNN error: CUDNN_STATUS_NOT_INITIALIZED
    WARNING: GigaTIME failed on patch (109568, 49152): cuDNN error: CUDNN_STATUS_NOT_INITIALIZED
    WARNING: GigaTIME failed on patch (109568, 50176): cuDNN error: CUDNN_STATUS_NOT_INITIALIZED
    WARNING: GigaTIME failed on patch (109568, 51200): cuDNN error: CUDNN_STATUS_NOT_INITIALIZED
    WARNING: GigaTIME failed on patch (109568, 52224): cuDNN error: CUDNN_STATUS_NOT_INITIALIZED
    WARNING: GigaTIME failed on patch (109568, 53248): cuDNN error: CUDNN_STATUS_NOT_INITIALIZED
    WARNING: GigaTIME failed on patch (109568, 54272): cuDNN error: CUDNN_STATUS_NOT_INITIALIZED
    WARNING: GigaTIME failed on patch (109568, 55296): cuDNN error: CUDNN_STATUS_NOT_INITIALIZED
    WARNING: GigaTIME failed on patch (109568, 56320): cuDNN error: CUDNN_STATUS_NOT_INITIALIZED
    WARNING: GigaTIME failed on patch (109568, 57344): cuDNN error: CUDNN_STATUS_NOT_INITIALIZED
    WARNING: GigaTIME failed on patch (109568, 58368): cuDNN error: CUDNN_STATUS_NOT_INITIALIZED
    WARNING: GigaTIME failed on patch (109568, 59392): cuDNN error: CUDNN_STATUS_NOT_INITIALIZED
    WARNING: GigaTIME failed on patch (109568, 60416): cuDNN error: CUDNN_STATUS_NOT_INITIALIZED
    WARNING: GigaTIME failed on patch (109568, 61440): cuDNN error: CUDNN_STATUS_NOT_INITIALIZED
    WARNING: GigaTIME failed on patch (109568, 62464): cuDNN error: CUDNN_STATUS_NOT_INITIALIZED
    WARNING: GigaTIME failed on patch (110592, 14336): cuDNN error: CUDNN_STATUS_NOT_INITIALIZED
    WARNING: GigaTIME failed on patch (110592, 15360): cuDNN error: CUDNN_STATUS_NOT_INITIALIZED
    WARNING: GigaTIME failed on patch (110592, 16384): cuDNN error: CUDNN_STATUS_NOT_INITIALIZED
    WARNING: GigaTIME failed on patch (110592, 17408): cuDNN error: CUDNN_STATUS_NOT_INITIALIZED
    WARNING: GigaTIME failed on patch (110592, 18432): cuDNN error: CUDNN_STATUS_NOT_INITIALIZED
    WARNING: GigaTIME failed on patch (110592, 19456): cuDNN error: CUDNN_STATUS_NOT_INITIALIZED
    WARNING: GigaTIME failed on patch (110592, 20480): cuDNN error: CUDNN_STATUS_NOT_INITIALIZED
    WARNING: GigaTIME failed on patch (110592, 21504): cuDNN error: CUDNN_STATUS_NOT_INITIALIZED
    WARNING: GigaTIME failed on patch (110592, 22528): cuDNN error: CUDNN_STATUS_NOT_INITIALIZED
    WARNING: GigaTIME failed on patch (110592, 23552): cuDNN error: CUDNN_STATUS_NOT_INITIALIZED
    WARNING: GigaTIME failed on patch (110592, 24576): cuDNN error: CUDNN_STATUS_NOT_INITIALIZED
    WARNING: GigaTIME failed on patch (110592, 25600): cuDNN error: CUDNN_STATUS_NOT_INITIALIZED
    WARNING: GigaTIME failed on patch (110592, 26624): cuDNN error: CUDNN_STATUS_NOT_INITIALIZED
    WARNING: GigaTIME failed on patch (110592, 27648): cuDNN error: CUDNN_STATUS_NOT_INITIALIZED
    WARNING: GigaTIME failed on patch (110592, 30720): cuDNN error: CUDNN_STATUS_NOT_INITIALIZED
    WARNING: GigaTIME failed on patch (110592, 31744): cuDNN error: CUDNN_STATUS_NOT_INITIALIZED
    WARNING: GigaTIME failed on patch (110592, 32768): cuDNN error: CUDNN_STATUS_NOT_INITIALIZED
    WARNING: GigaTIME failed on patch (110592, 33792): cuDNN error: CUDNN_STATUS_NOT_INITIALIZED
    WARNING: GigaTIME failed on patch (110592, 34816): cuDNN error: CUDNN_STATUS_NOT_INITIALIZED
    WARNING: GigaTIME failed on patch (110592, 35840): cuDNN error: CUDNN_STATUS_NOT_INITIALIZED
    WARNING: GigaTIME failed on patch (110592, 36864): cuDNN error: CUDNN_STATUS_NOT_INITIALIZED
    WARNING: GigaTIME failed on patch (110592, 37888): cuDNN error: CUDNN_STATUS_NOT_INITIALIZED
    WARNING: GigaTIME failed on patch (110592, 38912): cuDNN error: CUDNN_STATUS_NOT_INITIALIZED
    WARNING: GigaTIME failed on patch (110592, 39936): cuDNN error: CUDNN_STATUS_NOT_INITIALIZED
    WARNING: GigaTIME failed on patch (110592, 40960): cuDNN error: CUDNN_STATUS_NOT_INITIALIZED
    WARNING: GigaTIME failed on patch (110592, 41984): cuDNN error: CUDNN_STATUS_NOT_INITIALIZED
    WARNING: GigaTIME failed on patch (110592, 43008): cuDNN error: CUDNN_STATUS_NOT_INITIALIZED
    WARNING: GigaTIME failed on patch (110592, 44032): cuDNN error: CUDNN_STATUS_NOT_INITIALIZED
    WARNING: GigaTIME failed on patch (110592, 45056): cuDNN error: CUDNN_STATUS_NOT_INITIALIZED
    WARNING: GigaTIME failed on patch (110592, 46080): cuDNN error: CUDNN_STATUS_NOT_INITIALIZED
    WARNING: GigaTIME failed on patch (110592, 47104): cuDNN error: CUDNN_STATUS_NOT_INITIALIZED
    WARNING: GigaTIME failed on patch (110592, 48128): cuDNN error: CUDNN_STATUS_NOT_INITIALIZED
    WARNING: GigaTIME failed on patch (110592, 49152): cuDNN error: CUDNN_STATUS_NOT_INITIALIZED
    WARNING: GigaTIME failed on patch (110592, 50176): cuDNN error: CUDNN_STATUS_NOT_INITIALIZED
    WARNING: GigaTIME failed on patch (110592, 51200): cuDNN error: CUDNN_STATUS_NOT_INITIALIZED
    WARNING: GigaTIME failed on patch (110592, 52224): cuDNN error: CUDNN_STATUS_NOT_INITIALIZED
    WARNING: GigaTIME failed on patch (110592, 53248): cuDNN error: CUDNN_STATUS_NOT_INITIALIZED
    WARNING: GigaTIME failed on patch (110592, 54272): cuDNN error: CUDNN_STATUS_NOT_INITIALIZED
    WARNING: GigaTIME failed on patch (110592, 55296): cuDNN error: CUDNN_STATUS_NOT_INITIALIZED
    WARNING: GigaTIME failed on patch (110592, 56320): cuDNN error: CUDNN_STATUS_NOT_INITIALIZED
    WARNING: GigaTIME failed on patch (110592, 57344): cuDNN error: CUDNN_STATUS_NOT_INITIALIZED
    WARNING: GigaTIME failed on patch (110592, 58368): cuDNN error: CUDNN_STATUS_NOT_INITIALIZED
    WARNING: GigaTIME failed on patch (110592, 59392): cuDNN error: CUDNN_STATUS_NOT_INITIALIZED
    WARNING: GigaTIME failed on patch (110592, 60416): cuDNN error: CUDNN_STATUS_NOT_INITIALIZED
    WARNING: GigaTIME failed on patch (110592, 61440): cuDNN error: CUDNN_STATUS_NOT_INITIALIZED
    WARNING: GigaTIME failed on patch (110592, 62464): cuDNN error: CUDNN_STATUS_NOT_INITIALIZED
    WARNING: GigaTIME failed on patch (111616, 14336): cuDNN error: CUDNN_STATUS_NOT_INITIALIZED
    WARNING: GigaTIME failed on patch (111616, 15360): cuDNN error: CUDNN_STATUS_NOT_INITIALIZED
    WARNING: GigaTIME failed on patch (111616, 16384): cuDNN error: CUDNN_STATUS_NOT_INITIALIZED
    WARNING: GigaTIME failed on patch (111616, 17408): cuDNN error: CUDNN_STATUS_NOT_INITIALIZED
    WARNING: GigaTIME failed on patch (111616, 18432): cuDNN error: CUDNN_STATUS_NOT_INITIALIZED
    WARNING: GigaTIME failed on patch (111616, 19456): cuDNN error: CUDNN_STATUS_NOT_INITIALIZED
    WARNING: GigaTIME failed on patch (111616, 20480): cuDNN error: CUDNN_STATUS_NOT_INITIALIZED
    WARNING: GigaTIME failed on patch (111616, 21504): cuDNN error: CUDNN_STATUS_NOT_INITIALIZED
    WARNING: GigaTIME failed on patch (111616, 22528): cuDNN error: CUDNN_STATUS_NOT_INITIALIZED
    WARNING: GigaTIME failed on patch (111616, 24576): cuDNN error: CUDNN_STATUS_NOT_INITIALIZED
    WARNING: GigaTIME failed on patch (111616, 25600): cuDNN error: CUDNN_STATUS_NOT_INITIALIZED
    WARNING: GigaTIME failed on patch (111616, 27648): cuDNN error: CUDNN_STATUS_NOT_INITIALIZED
    WARNING: GigaTIME failed on patch (111616, 30720): cuDNN error: CUDNN_STATUS_NOT_INITIALIZED
    WARNING: GigaTIME failed on patch (111616, 31744): cuDNN error: CUDNN_STATUS_NOT_INITIALIZED
    WARNING: GigaTIME failed on patch (111616, 32768): cuDNN error: CUDNN_STATUS_NOT_INITIALIZED
    WARNING: GigaTIME failed on patch (111616, 33792): cuDNN error: CUDNN_STATUS_NOT_INITIALIZED
    WARNING: GigaTIME failed on patch (111616, 34816): cuDNN error: CUDNN_STATUS_NOT_INITIALIZED
    WARNING: GigaTIME failed on patch (111616, 35840): cuDNN error: CUDNN_STATUS_NOT_INITIALIZED
    WARNING: GigaTIME failed on patch (111616, 36864): cuDNN error: CUDNN_STATUS_NOT_INITIALIZED
    WARNING: GigaTIME failed on patch (111616, 37888): cuDNN error: CUDNN_STATUS_NOT_INITIALIZED
    WARNING: GigaTIME failed on patch (111616, 38912): cuDNN error: CUDNN_STATUS_NOT_INITIALIZED
    WARNING: GigaTIME failed on patch (111616, 39936): cuDNN error: CUDNN_STATUS_NOT_INITIALIZED
    WARNING: GigaTIME failed on patch (111616, 40960): cuDNN error: CUDNN_STATUS_NOT_INITIALIZED
    WARNING: GigaTIME failed on patch (111616, 41984): cuDNN error: CUDNN_STATUS_NOT_INITIALIZED
    WARNING: GigaTIME failed on patch (111616, 43008): cuDNN error: CUDNN_STATUS_NOT_INITIALIZED
    WARNING: GigaTIME failed on patch (111616, 44032): cuDNN error: CUDNN_STATUS_NOT_INITIALIZED
    WARNING: GigaTIME failed on patch (111616, 45056): cuDNN error: CUDNN_STATUS_NOT_INITIALIZED
    WARNING: GigaTIME failed on patch (111616, 46080): cuDNN error: CUDNN_STATUS_NOT_INITIALIZED
    WARNING: GigaTIME failed on patch (111616, 47104): cuDNN error: CUDNN_STATUS_NOT_INITIALIZED
    WARNING: GigaTIME failed on patch (111616, 48128): cuDNN error: CUDNN_STATUS_NOT_INITIALIZED
    WARNING: GigaTIME failed on patch (111616, 49152): cuDNN error: CUDNN_STATUS_NOT_INITIALIZED
    WARNING: GigaTIME failed on patch (111616, 50176): cuDNN error: CUDNN_STATUS_NOT_INITIALIZED
    WARNING: GigaTIME failed on patch (111616, 51200): cuDNN error: CUDNN_STATUS_NOT_INITIALIZED
    WARNING: GigaTIME failed on patch (111616, 52224): cuDNN error: CUDNN_STATUS_NOT_INITIALIZED
    WARNING: GigaTIME failed on patch (111616, 53248): cuDNN error: CUDNN_STATUS_NOT_INITIALIZED
    WARNING: GigaTIME failed on patch (111616, 54272): cuDNN error: CUDNN_STATUS_NOT_INITIALIZED
    WARNING: GigaTIME failed on patch (111616, 55296): cuDNN error: CUDNN_STATUS_NOT_INITIALIZED
    WARNING: GigaTIME failed on patch (111616, 56320): cuDNN error: CUDNN_STATUS_NOT_INITIALIZED
    WARNING: GigaTIME failed on patch (111616, 57344): cuDNN error: CUDNN_STATUS_NOT_INITIALIZED
    WARNING: GigaTIME failed on patch (111616, 58368): cuDNN error: CUDNN_STATUS_NOT_INITIALIZED
    WARNING: GigaTIME failed on patch (111616, 59392): cuDNN error: CUDNN_STATUS_NOT_INITIALIZED
    WARNING: GigaTIME failed on patch (111616, 60416): cuDNN error: CUDNN_STATUS_NOT_INITIALIZED
    WARNING: GigaTIME failed on patch (111616, 61440): cuDNN error: CUDNN_STATUS_NOT_INITIALIZED
    WARNING: GigaTIME failed on patch (111616, 62464): cuDNN error: CUDNN_STATUS_NOT_INITIALIZED
    WARNING: GigaTIME failed on patch (112640, 13312): cuDNN error: CUDNN_STATUS_NOT_INITIALIZED
    WARNING: GigaTIME failed on patch (112640, 14336): cuDNN error: CUDNN_STATUS_NOT_INITIALIZED
    WARNING: GigaTIME failed on patch (112640, 15360): cuDNN error: CUDNN_STATUS_NOT_INITIALIZED
    WARNING: GigaTIME failed on patch (112640, 16384): cuDNN error: CUDNN_STATUS_NOT_INITIALIZED
    WARNING: GigaTIME failed on patch (112640, 17408): cuDNN error: CUDNN_STATUS_NOT_INITIALIZED
    WARNING: GigaTIME failed on patch (112640, 18432): cuDNN error: CUDNN_STATUS_NOT_INITIALIZED
    WARNING: GigaTIME failed on patch (112640, 19456): cuDNN error: CUDNN_STATUS_NOT_INITIALIZED
    WARNING: GigaTIME failed on patch (112640, 20480): cuDNN error: CUDNN_STATUS_NOT_INITIALIZED
    WARNING: GigaTIME failed on patch (112640, 21504): cuDNN error: CUDNN_STATUS_NOT_INITIALIZED
    WARNING: GigaTIME failed on patch (112640, 22528): cuDNN error: CUDNN_STATUS_NOT_INITIALIZED
    WARNING: GigaTIME failed on patch (112640, 26624): cuDNN error: CUDNN_STATUS_NOT_INITIALIZED
    WARNING: GigaTIME failed on patch (112640, 27648): cuDNN error: CUDNN_STATUS_NOT_INITIALIZED
    WARNING: GigaTIME failed on patch (112640, 28672): cuDNN error: CUDNN_STATUS_NOT_INITIALIZED
    WARNING: GigaTIME failed on patch (112640, 29696): cuDNN error: CUDNN_STATUS_NOT_INITIALIZED
    WARNING: GigaTIME failed on patch (112640, 30720): cuDNN error: CUDNN_STATUS_NOT_INITIALIZED
    WARNING: GigaTIME failed on patch (112640, 31744): cuDNN error: CUDNN_STATUS_NOT_INITIALIZED
    WARNING: GigaTIME failed on patch (112640, 32768): cuDNN error: CUDNN_STATUS_NOT_INITIALIZED
    WARNING: GigaTIME failed on patch (112640, 33792): cuDNN error: CUDNN_STATUS_NOT_INITIALIZED
    WARNING: GigaTIME failed on patch (112640, 34816): cuDNN error: CUDNN_STATUS_NOT_INITIALIZED
    WARNING: GigaTIME failed on patch (112640, 35840): cuDNN error: CUDNN_STATUS_NOT_INITIALIZED
    WARNING: GigaTIME failed on patch (112640, 36864): cuDNN error: CUDNN_STATUS_NOT_INITIALIZED
    WARNING: GigaTIME failed on patch (112640, 37888): cuDNN error: CUDNN_STATUS_NOT_INITIALIZED
    WARNING: GigaTIME failed on patch (112640, 38912): cuDNN error: CUDNN_STATUS_NOT_INITIALIZED
    WARNING: GigaTIME failed on patch (112640, 39936): cuDNN error: CUDNN_STATUS_NOT_INITIALIZED
    WARNING: GigaTIME failed on patch (112640, 40960): cuDNN error: CUDNN_STATUS_NOT_INITIALIZED
    WARNING: GigaTIME failed on patch (112640, 41984): cuDNN error: CUDNN_STATUS_NOT_INITIALIZED
    WARNING: GigaTIME failed on patch (112640, 43008): cuDNN error: CUDNN_STATUS_NOT_INITIALIZED
    WARNING: GigaTIME failed on patch (112640, 44032): cuDNN error: CUDNN_STATUS_NOT_INITIALIZED
    WARNING: GigaTIME failed on patch (112640, 45056): cuDNN error: CUDNN_STATUS_NOT_INITIALIZED
    WARNING: GigaTIME failed on patch (112640, 46080): cuDNN error: CUDNN_STATUS_NOT_INITIALIZED
    WARNING: GigaTIME failed on patch (112640, 47104): cuDNN error: CUDNN_STATUS_NOT_INITIALIZED
    WARNING: GigaTIME failed on patch (112640, 48128): cuDNN error: CUDNN_STATUS_NOT_INITIALIZED
    WARNING: GigaTIME failed on patch (112640, 49152): cuDNN error: CUDNN_STATUS_NOT_INITIALIZED
    WARNING: GigaTIME failed on patch (112640, 50176): cuDNN error: CUDNN_STATUS_NOT_INITIALIZED
    WARNING: GigaTIME failed on patch (112640, 51200): cuDNN error: CUDNN_STATUS_NOT_INITIALIZED
    WARNING: GigaTIME failed on patch (112640, 52224): cuDNN error: CUDNN_STATUS_NOT_INITIALIZED
    WARNING: GigaTIME failed on patch (112640, 53248): cuDNN error: CUDNN_STATUS_NOT_INITIALIZED
    WARNING: GigaTIME failed on patch (112640, 54272): cuDNN error: CUDNN_STATUS_NOT_INITIALIZED
    WARNING: GigaTIME failed on patch (112640, 55296): cuDNN error: CUDNN_STATUS_NOT_INITIALIZED
    WARNING: GigaTIME failed on patch (112640, 56320): cuDNN error: CUDNN_STATUS_NOT_INITIALIZED
    WARNING: GigaTIME failed on patch (112640, 57344): cuDNN error: CUDNN_STATUS_NOT_INITIALIZED
    WARNING: GigaTIME failed on patch (112640, 58368): cuDNN error: CUDNN_STATUS_NOT_INITIALIZED
    WARNING: GigaTIME failed on patch (112640, 59392): cuDNN error: CUDNN_STATUS_NOT_INITIALIZED
    WARNING: GigaTIME failed on patch (112640, 60416): cuDNN error: CUDNN_STATUS_NOT_INITIALIZED
    WARNING: GigaTIME failed on patch (112640, 61440): cuDNN error: CUDNN_STATUS_NOT_INITIALIZED
    WARNING: GigaTIME failed on patch (112640, 62464): cuDNN error: CUDNN_STATUS_NOT_INITIALIZED
    WARNING: GigaTIME failed on patch (113664, 13312): cuDNN error: CUDNN_STATUS_NOT_INITIALIZED
    WARNING: GigaTIME failed on patch (113664, 14336): cuDNN error: CUDNN_STATUS_NOT_INITIALIZED
    WARNING: GigaTIME failed on patch (113664, 15360): cuDNN error: CUDNN_STATUS_NOT_INITIALIZED
    WARNING: GigaTIME failed on patch (113664, 16384): cuDNN error: CUDNN_STATUS_NOT_INITIALIZED
    WARNING: GigaTIME failed on patch (113664, 17408): cuDNN error: CUDNN_STATUS_NOT_INITIALIZED
    WARNING: GigaTIME failed on patch (113664, 18432): cuDNN error: CUDNN_STATUS_NOT_INITIALIZED
    WARNING: GigaTIME failed on patch (113664, 19456): cuDNN error: CUDNN_STATUS_NOT_INITIALIZED
    WARNING: GigaTIME failed on patch (113664, 20480): cuDNN error: CUDNN_STATUS_NOT_INITIALIZED
    WARNING: GigaTIME failed on patch (113664, 21504): cuDNN error: CUDNN_STATUS_NOT_INITIALIZED
    WARNING: GigaTIME failed on patch (113664, 22528): cuDNN error: CUDNN_STATUS_NOT_INITIALIZED
    WARNING: GigaTIME failed on patch (113664, 25600): cuDNN error: CUDNN_STATUS_NOT_INITIALIZED
    WARNING: GigaTIME failed on patch (113664, 26624): cuDNN error: CUDNN_STATUS_NOT_INITIALIZED
    WARNING: GigaTIME failed on patch (113664, 27648): cuDNN error: CUDNN_STATUS_NOT_INITIALIZED
    WARNING: GigaTIME failed on patch (113664, 28672): cuDNN error: CUDNN_STATUS_NOT_INITIALIZED
    WARNING: GigaTIME failed on patch (113664, 29696): cuDNN error: CUDNN_STATUS_NOT_INITIALIZED
    WARNING: GigaTIME failed on patch (113664, 30720): cuDNN error: CUDNN_STATUS_NOT_INITIALIZED
    WARNING: GigaTIME failed on patch (113664, 31744): cuDNN error: CUDNN_STATUS_NOT_INITIALIZED
    WARNING: GigaTIME failed on patch (113664, 32768): cuDNN error: CUDNN_STATUS_NOT_INITIALIZED
    WARNING: GigaTIME failed on patch (113664, 33792): cuDNN error: CUDNN_STATUS_NOT_INITIALIZED
    WARNING: GigaTIME failed on patch (113664, 34816): cuDNN error: CUDNN_STATUS_NOT_INITIALIZED
    WARNING: GigaTIME failed on patch (113664, 35840): cuDNN error: CUDNN_STATUS_NOT_INITIALIZED
    WARNING: GigaTIME failed on patch (113664, 36864): cuDNN error: CUDNN_STATUS_NOT_INITIALIZED
    WARNING: GigaTIME failed on patch (113664, 37888): cuDNN error: CUDNN_STATUS_NOT_INITIALIZED
    WARNING: GigaTIME failed on patch (113664, 38912): cuDNN error: CUDNN_STATUS_NOT_INITIALIZED
    WARNING: GigaTIME failed on patch (113664, 39936): cuDNN error: CUDNN_STATUS_NOT_INITIALIZED
    WARNING: GigaTIME failed on patch (113664, 40960): cuDNN error: CUDNN_STATUS_NOT_INITIALIZED
    WARNING: GigaTIME failed on patch (113664, 41984): cuDNN error: CUDNN_STATUS_NOT_INITIALIZED
    WARNING: GigaTIME failed on patch (113664, 43008): cuDNN error: CUDNN_STATUS_NOT_INITIALIZED
    WARNING: GigaTIME failed on patch (113664, 44032): cuDNN error: CUDNN_STATUS_NOT_INITIALIZED
    WARNING: GigaTIME failed on patch (113664, 45056): cuDNN error: CUDNN_STATUS_NOT_INITIALIZED
    WARNING: GigaTIME failed on patch (113664, 46080): cuDNN error: CUDNN_STATUS_NOT_INITIALIZED
    WARNING: GigaTIME failed on patch (113664, 47104): cuDNN error: CUDNN_STATUS_NOT_INITIALIZED
    WARNING: GigaTIME failed on patch (113664, 48128): cuDNN error: CUDNN_STATUS_NOT_INITIALIZED
    WARNING: GigaTIME failed on patch (113664, 49152): cuDNN error: CUDNN_STATUS_NOT_INITIALIZED
    WARNING: GigaTIME failed on patch (113664, 50176): cuDNN error: CUDNN_STATUS_NOT_INITIALIZED
    WARNING: GigaTIME failed on patch (113664, 51200): cuDNN error: CUDNN_STATUS_NOT_INITIALIZED
    WARNING: GigaTIME failed on patch (113664, 52224): cuDNN error: CUDNN_STATUS_NOT_INITIALIZED
    WARNING: GigaTIME failed on patch (113664, 53248): cuDNN error: CUDNN_STATUS_NOT_INITIALIZED
    WARNING: GigaTIME failed on patch (113664, 54272): cuDNN error: CUDNN_STATUS_NOT_INITIALIZED
    WARNING: GigaTIME failed on patch (113664, 55296): cuDNN error: CUDNN_STATUS_NOT_INITIALIZED
    WARNING: GigaTIME failed on patch (113664, 56320): cuDNN error: CUDNN_STATUS_NOT_INITIALIZED
    WARNING: GigaTIME failed on patch (113664, 57344): cuDNN error: CUDNN_STATUS_NOT_INITIALIZED
    WARNING: GigaTIME failed on patch (113664, 58368): cuDNN error: CUDNN_STATUS_NOT_INITIALIZED
    WARNING: GigaTIME failed on patch (113664, 59392): cuDNN error: CUDNN_STATUS_NOT_INITIALIZED
    WARNING: GigaTIME failed on patch (113664, 60416): cuDNN error: CUDNN_STATUS_NOT_INITIALIZED
    WARNING: GigaTIME failed on patch (113664, 61440): cuDNN error: CUDNN_STATUS_NOT_INITIALIZED
    WARNING: GigaTIME failed on patch (113664, 62464): cuDNN error: CUDNN_STATUS_NOT_INITIALIZED
    WARNING: GigaTIME failed on patch (114688, 13312): cuDNN error: CUDNN_STATUS_NOT_INITIALIZED
    WARNING: GigaTIME failed on patch (114688, 14336): cuDNN error: CUDNN_STATUS_NOT_INITIALIZED
    WARNING: GigaTIME failed on patch (114688, 15360): cuDNN error: CUDNN_STATUS_NOT_INITIALIZED
    WARNING: GigaTIME failed on patch (114688, 16384): cuDNN error: CUDNN_STATUS_NOT_INITIALIZED
    WARNING: GigaTIME failed on patch (114688, 17408): cuDNN error: CUDNN_STATUS_NOT_INITIALIZED
    WARNING: GigaTIME failed on patch (114688, 18432): cuDNN error: CUDNN_STATUS_NOT_INITIALIZED
    WARNING: GigaTIME failed on patch (114688, 19456): cuDNN error: CUDNN_STATUS_NOT_INITIALIZED
    WARNING: GigaTIME failed on patch (114688, 20480): cuDNN error: CUDNN_STATUS_NOT_INITIALIZED
    WARNING: GigaTIME failed on patch (114688, 21504): cuDNN error: CUDNN_STATUS_NOT_INITIALIZED
    WARNING: GigaTIME failed on patch (114688, 22528): cuDNN error: CUDNN_STATUS_NOT_INITIALIZED
    WARNING: GigaTIME failed on patch (114688, 23552): cuDNN error: CUDNN_STATUS_NOT_INITIALIZED
    WARNING: GigaTIME failed on patch (114688, 24576): cuDNN error: CUDNN_STATUS_NOT_INITIALIZED
    WARNING: GigaTIME failed on patch (114688, 25600): cuDNN error: CUDNN_STATUS_NOT_INITIALIZED
    WARNING: GigaTIME failed on patch (114688, 26624): cuDNN error: CUDNN_STATUS_NOT_INITIALIZED
    WARNING: GigaTIME failed on patch (114688, 27648): cuDNN error: CUDNN_STATUS_NOT_INITIALIZED
    WARNING: GigaTIME failed on patch (114688, 28672): cuDNN error: CUDNN_STATUS_NOT_INITIALIZED
    WARNING: GigaTIME failed on patch (114688, 29696): cuDNN error: CUDNN_STATUS_NOT_INITIALIZED
    WARNING: GigaTIME failed on patch (114688, 30720): cuDNN error: CUDNN_STATUS_NOT_INITIALIZED
    WARNING: GigaTIME failed on patch (114688, 31744): cuDNN error: CUDNN_STATUS_NOT_INITIALIZED
    WARNING: GigaTIME failed on patch (114688, 32768): cuDNN error: CUDNN_STATUS_NOT_INITIALIZED
    WARNING: GigaTIME failed on patch (114688, 33792): cuDNN error: CUDNN_STATUS_NOT_INITIALIZED
    WARNING: GigaTIME failed on patch (114688, 34816): cuDNN error: CUDNN_STATUS_NOT_INITIALIZED
    WARNING: GigaTIME failed on patch (114688, 35840): cuDNN error: CUDNN_STATUS_NOT_INITIALIZED
    WARNING: GigaTIME failed on patch (114688, 36864): cuDNN error: CUDNN_STATUS_NOT_INITIALIZED
    WARNING: GigaTIME failed on patch (114688, 37888): cuDNN error: CUDNN_STATUS_NOT_INITIALIZED
    WARNING: GigaTIME failed on patch (114688, 38912): cuDNN error: CUDNN_STATUS_NOT_INITIALIZED
    WARNING: GigaTIME failed on patch (114688, 39936): cuDNN error: CUDNN_STATUS_NOT_INITIALIZED
    WARNING: GigaTIME failed on patch (114688, 40960): cuDNN error: CUDNN_STATUS_NOT_INITIALIZED
    WARNING: GigaTIME failed on patch (114688, 41984): cuDNN error: CUDNN_STATUS_NOT_INITIALIZED
    WARNING: GigaTIME failed on patch (114688, 43008): cuDNN error: CUDNN_STATUS_NOT_INITIALIZED
    WARNING: GigaTIME failed on patch (114688, 44032): cuDNN error: CUDNN_STATUS_NOT_INITIALIZED
    WARNING: GigaTIME failed on patch (114688, 45056): cuDNN error: CUDNN_STATUS_NOT_INITIALIZED
    WARNING: GigaTIME failed on patch (114688, 46080): cuDNN error: CUDNN_STATUS_NOT_INITIALIZED
    WARNING: GigaTIME failed on patch (114688, 47104): cuDNN error: CUDNN_STATUS_NOT_INITIALIZED
    WARNING: GigaTIME failed on patch (114688, 48128): cuDNN error: CUDNN_STATUS_NOT_INITIALIZED
    WARNING: GigaTIME failed on patch (114688, 49152): cuDNN error: CUDNN_STATUS_NOT_INITIALIZED
    WARNING: GigaTIME failed on patch (114688, 50176): cuDNN error: CUDNN_STATUS_NOT_INITIALIZED
    WARNING: GigaTIME failed on patch (114688, 51200): cuDNN error: CUDNN_STATUS_NOT_INITIALIZED
    WARNING: GigaTIME failed on patch (114688, 52224): cuDNN error: CUDNN_STATUS_NOT_INITIALIZED
    WARNING: GigaTIME failed on patch (114688, 53248): cuDNN error: CUDNN_STATUS_NOT_INITIALIZED
    WARNING: GigaTIME failed on patch (114688, 54272): cuDNN error: CUDNN_STATUS_NOT_INITIALIZED
    WARNING: GigaTIME failed on patch (114688, 55296): cuDNN error: CUDNN_STATUS_NOT_INITIALIZED
    WARNING: GigaTIME failed on patch (114688, 56320): cuDNN error: CUDNN_STATUS_NOT_INITIALIZED
    WARNING: GigaTIME failed on patch (114688, 57344): cuDNN error: CUDNN_STATUS_NOT_INITIALIZED
    WARNING: GigaTIME failed on patch (114688, 58368): cuDNN error: CUDNN_STATUS_NOT_INITIALIZED
    WARNING: GigaTIME failed on patch (114688, 59392): cuDNN error: CUDNN_STATUS_NOT_INITIALIZED
    WARNING: GigaTIME failed on patch (114688, 60416): cuDNN error: CUDNN_STATUS_NOT_INITIALIZED
    WARNING: GigaTIME failed on patch (114688, 61440): cuDNN error: CUDNN_STATUS_NOT_INITIALIZED
    WARNING: GigaTIME failed on patch (114688, 62464): cuDNN error: CUDNN_STATUS_NOT_INITIALIZED
    WARNING: GigaTIME failed on patch (115712, 12288): cuDNN error: CUDNN_STATUS_NOT_INITIALIZED
    WARNING: GigaTIME failed on patch (115712, 13312): cuDNN error: CUDNN_STATUS_NOT_INITIALIZED
    WARNING: GigaTIME failed on patch (115712, 14336): cuDNN error: CUDNN_STATUS_NOT_INITIALIZED
    WARNING: GigaTIME failed on patch (115712, 15360): cuDNN error: CUDNN_STATUS_NOT_INITIALIZED
    WARNING: GigaTIME failed on patch (115712, 16384): cuDNN error: CUDNN_STATUS_NOT_INITIALIZED
    WARNING: GigaTIME failed on patch (115712, 17408): cuDNN error: CUDNN_STATUS_NOT_INITIALIZED
    WARNING: GigaTIME failed on patch (115712, 18432): cuDNN error: CUDNN_STATUS_NOT_INITIALIZED
    WARNING: GigaTIME failed on patch (115712, 19456): cuDNN error: CUDNN_STATUS_NOT_INITIALIZED
    WARNING: GigaTIME failed on patch (115712, 20480): cuDNN error: CUDNN_STATUS_NOT_INITIALIZED
    WARNING: GigaTIME failed on patch (115712, 21504): cuDNN error: CUDNN_STATUS_NOT_INITIALIZED
    WARNING: GigaTIME failed on patch (115712, 22528): cuDNN error: CUDNN_STATUS_NOT_INITIALIZED
    WARNING: GigaTIME failed on patch (115712, 23552): cuDNN error: CUDNN_STATUS_NOT_INITIALIZED
    WARNING: GigaTIME failed on patch (115712, 24576): cuDNN error: CUDNN_STATUS_NOT_INITIALIZED
    WARNING: GigaTIME failed on patch (115712, 25600): cuDNN error: CUDNN_STATUS_NOT_INITIALIZED
    WARNING: GigaTIME failed on patch (115712, 26624): cuDNN error: CUDNN_STATUS_NOT_INITIALIZED
    WARNING: GigaTIME failed on patch (115712, 27648): cuDNN error: CUDNN_STATUS_NOT_INITIALIZED
    WARNING: GigaTIME failed on patch (115712, 28672): cuDNN error: CUDNN_STATUS_NOT_INITIALIZED
    WARNING: GigaTIME failed on patch (115712, 29696): cuDNN error: CUDNN_STATUS_NOT_INITIALIZED
    WARNING: GigaTIME failed on patch (115712, 30720): cuDNN error: CUDNN_STATUS_NOT_INITIALIZED
    WARNING: GigaTIME failed on patch (115712, 31744): cuDNN error: CUDNN_STATUS_NOT_INITIALIZED
    WARNING: GigaTIME failed on patch (115712, 32768): cuDNN error: CUDNN_STATUS_NOT_INITIALIZED
    WARNING: GigaTIME failed on patch (115712, 33792): cuDNN error: CUDNN_STATUS_NOT_INITIALIZED
    WARNING: GigaTIME failed on patch (115712, 34816): cuDNN error: CUDNN_STATUS_NOT_INITIALIZED
    WARNING: GigaTIME failed on patch (115712, 35840): cuDNN error: CUDNN_STATUS_NOT_INITIALIZED
    WARNING: GigaTIME failed on patch (115712, 36864): cuDNN error: CUDNN_STATUS_NOT_INITIALIZED
    WARNING: GigaTIME failed on patch (115712, 37888): cuDNN error: CUDNN_STATUS_NOT_INITIALIZED
    WARNING: GigaTIME failed on patch (115712, 38912): cuDNN error: CUDNN_STATUS_NOT_INITIALIZED
    WARNING: GigaTIME failed on patch (115712, 39936): cuDNN error: CUDNN_STATUS_NOT_INITIALIZED
    WARNING: GigaTIME failed on patch (115712, 40960): cuDNN error: CUDNN_STATUS_NOT_INITIALIZED
    WARNING: GigaTIME failed on patch (115712, 41984): cuDNN error: CUDNN_STATUS_NOT_INITIALIZED
    WARNING: GigaTIME failed on patch (115712, 43008): cuDNN error: CUDNN_STATUS_NOT_INITIALIZED
    WARNING: GigaTIME failed on patch (115712, 44032): cuDNN error: CUDNN_STATUS_NOT_INITIALIZED
    WARNING: GigaTIME failed on patch (115712, 45056): cuDNN error: CUDNN_STATUS_NOT_INITIALIZED
    WARNING: GigaTIME failed on patch (115712, 46080): cuDNN error: CUDNN_STATUS_NOT_INITIALIZED
    WARNING: GigaTIME failed on patch (115712, 47104): cuDNN error: CUDNN_STATUS_NOT_INITIALIZED
    WARNING: GigaTIME failed on patch (115712, 48128): cuDNN error: CUDNN_STATUS_NOT_INITIALIZED
    WARNING: GigaTIME failed on patch (115712, 49152): cuDNN error: CUDNN_STATUS_NOT_INITIALIZED
    WARNING: GigaTIME failed on patch (115712, 50176): cuDNN error: CUDNN_STATUS_NOT_INITIALIZED
    WARNING: GigaTIME failed on patch (115712, 51200): cuDNN error: CUDNN_STATUS_NOT_INITIALIZED
    WARNING: GigaTIME failed on patch (115712, 52224): cuDNN error: CUDNN_STATUS_NOT_INITIALIZED
    WARNING: GigaTIME failed on patch (115712, 53248): cuDNN error: CUDNN_STATUS_NOT_INITIALIZED
    WARNING: GigaTIME failed on patch (115712, 54272): cuDNN error: CUDNN_STATUS_NOT_INITIALIZED
    WARNING: GigaTIME failed on patch (115712, 55296): cuDNN error: CUDNN_STATUS_NOT_INITIALIZED
    WARNING: GigaTIME failed on patch (115712, 56320): cuDNN error: CUDNN_STATUS_NOT_INITIALIZED
    WARNING: GigaTIME failed on patch (115712, 57344): cuDNN error: CUDNN_STATUS_NOT_INITIALIZED
    WARNING: GigaTIME failed on patch (115712, 58368): cuDNN error: CUDNN_STATUS_NOT_INITIALIZED
    WARNING: GigaTIME failed on patch (115712, 59392): cuDNN error: CUDNN_STATUS_NOT_INITIALIZED
    WARNING: GigaTIME failed on patch (115712, 60416): cuDNN error: CUDNN_STATUS_NOT_INITIALIZED
    WARNING: GigaTIME failed on patch (115712, 61440): cuDNN error: CUDNN_STATUS_NOT_INITIALIZED
    WARNING: GigaTIME failed on patch (115712, 62464): cuDNN error: CUDNN_STATUS_NOT_INITIALIZED
    WARNING: GigaTIME failed on patch (116736, 12288): cuDNN error: CUDNN_STATUS_NOT_INITIALIZED
    WARNING: GigaTIME failed on patch (116736, 13312): cuDNN error: CUDNN_STATUS_NOT_INITIALIZED
    WARNING: GigaTIME failed on patch (116736, 14336): cuDNN error: CUDNN_STATUS_NOT_INITIALIZED
    WARNING: GigaTIME failed on patch (116736, 15360): cuDNN error: CUDNN_STATUS_NOT_INITIALIZED
    WARNING: GigaTIME failed on patch (116736, 16384): cuDNN error: CUDNN_STATUS_NOT_INITIALIZED
    WARNING: GigaTIME failed on patch (116736, 17408): cuDNN error: CUDNN_STATUS_NOT_INITIALIZED
    WARNING: GigaTIME failed on patch (116736, 18432): cuDNN error: CUDNN_STATUS_NOT_INITIALIZED
    WARNING: GigaTIME failed on patch (116736, 19456): cuDNN error: CUDNN_STATUS_NOT_INITIALIZED
    WARNING: GigaTIME failed on patch (116736, 20480): cuDNN error: CUDNN_STATUS_NOT_INITIALIZED
    WARNING: GigaTIME failed on patch (116736, 21504): cuDNN error: CUDNN_STATUS_NOT_INITIALIZED
    WARNING: GigaTIME failed on patch (116736, 22528): cuDNN error: CUDNN_STATUS_NOT_INITIALIZED
    WARNING: GigaTIME failed on patch (116736, 23552): cuDNN error: CUDNN_STATUS_NOT_INITIALIZED
    WARNING: GigaTIME failed on patch (116736, 24576): cuDNN error: CUDNN_STATUS_NOT_INITIALIZED
    WARNING: GigaTIME failed on patch (116736, 25600): cuDNN error: CUDNN_STATUS_NOT_INITIALIZED
    WARNING: GigaTIME failed on patch (116736, 26624): cuDNN error: CUDNN_STATUS_NOT_INITIALIZED
    WARNING: GigaTIME failed on patch (116736, 27648): cuDNN error: CUDNN_STATUS_NOT_INITIALIZED
    WARNING: GigaTIME failed on patch (116736, 28672): cuDNN error: CUDNN_STATUS_NOT_INITIALIZED
    WARNING: GigaTIME failed on patch (116736, 29696): cuDNN error: CUDNN_STATUS_NOT_INITIALIZED
    WARNING: GigaTIME failed on patch (116736, 30720): cuDNN error: CUDNN_STATUS_NOT_INITIALIZED
    WARNING: GigaTIME failed on patch (116736, 31744): cuDNN error: CUDNN_STATUS_NOT_INITIALIZED
    WARNING: GigaTIME failed on patch (116736, 32768): cuDNN error: CUDNN_STATUS_NOT_INITIALIZED
    WARNING: GigaTIME failed on patch (116736, 33792): cuDNN error: CUDNN_STATUS_NOT_INITIALIZED
    WARNING: GigaTIME failed on patch (116736, 34816): cuDNN error: CUDNN_STATUS_NOT_INITIALIZED
    WARNING: GigaTIME failed on patch (116736, 35840): cuDNN error: CUDNN_STATUS_NOT_INITIALIZED
    WARNING: GigaTIME failed on patch (116736, 36864): cuDNN error: CUDNN_STATUS_NOT_INITIALIZED
    WARNING: GigaTIME failed on patch (116736, 37888): cuDNN error: CUDNN_STATUS_NOT_INITIALIZED
    WARNING: GigaTIME failed on patch (116736, 38912): cuDNN error: CUDNN_STATUS_NOT_INITIALIZED
    WARNING: GigaTIME failed on patch (116736, 39936): cuDNN error: CUDNN_STATUS_NOT_INITIALIZED
    WARNING: GigaTIME failed on patch (116736, 40960): cuDNN error: CUDNN_STATUS_NOT_INITIALIZED
    WARNING: GigaTIME failed on patch (116736, 41984): cuDNN error: CUDNN_STATUS_NOT_INITIALIZED
    WARNING: GigaTIME failed on patch (116736, 43008): cuDNN error: CUDNN_STATUS_NOT_INITIALIZED
    WARNING: GigaTIME failed on patch (116736, 44032): cuDNN error: CUDNN_STATUS_NOT_INITIALIZED
    WARNING: GigaTIME failed on patch (116736, 45056): cuDNN error: CUDNN_STATUS_NOT_INITIALIZED
    WARNING: GigaTIME failed on patch (116736, 46080): cuDNN error: CUDNN_STATUS_NOT_INITIALIZED
    WARNING: GigaTIME failed on patch (116736, 47104): cuDNN error: CUDNN_STATUS_NOT_INITIALIZED
    WARNING: GigaTIME failed on patch (116736, 48128): cuDNN error: CUDNN_STATUS_NOT_INITIALIZED
    WARNING: GigaTIME failed on patch (116736, 49152): cuDNN error: CUDNN_STATUS_NOT_INITIALIZED
    WARNING: GigaTIME failed on patch (116736, 50176): cuDNN error: CUDNN_STATUS_NOT_INITIALIZED
    WARNING: GigaTIME failed on patch (116736, 51200): cuDNN error: CUDNN_STATUS_NOT_INITIALIZED
    WARNING: GigaTIME failed on patch (116736, 52224): cuDNN error: CUDNN_STATUS_NOT_INITIALIZED
    WARNING: GigaTIME failed on patch (116736, 53248): cuDNN error: CUDNN_STATUS_NOT_INITIALIZED
    WARNING: GigaTIME failed on patch (116736, 54272): cuDNN error: CUDNN_STATUS_NOT_INITIALIZED
    WARNING: GigaTIME failed on patch (116736, 55296): cuDNN error: CUDNN_STATUS_NOT_INITIALIZED
    WARNING: GigaTIME failed on patch (116736, 56320): cuDNN error: CUDNN_STATUS_NOT_INITIALIZED
    WARNING: GigaTIME failed on patch (116736, 57344): cuDNN error: CUDNN_STATUS_NOT_INITIALIZED
    WARNING: GigaTIME failed on patch (116736, 58368): cuDNN error: CUDNN_STATUS_NOT_INITIALIZED
    WARNING: GigaTIME failed on patch (116736, 59392): cuDNN error: CUDNN_STATUS_NOT_INITIALIZED
    WARNING: GigaTIME failed on patch (116736, 60416): cuDNN error: CUDNN_STATUS_NOT_INITIALIZED
    WARNING: GigaTIME failed on patch (116736, 61440): cuDNN error: CUDNN_STATUS_NOT_INITIALIZED
    WARNING: GigaTIME failed on patch (116736, 62464): cuDNN error: CUDNN_STATUS_NOT_INITIALIZED
    WARNING: GigaTIME failed on patch (117760, 12288): cuDNN error: CUDNN_STATUS_NOT_INITIALIZED
    WARNING: GigaTIME failed on patch (117760, 13312): cuDNN error: CUDNN_STATUS_NOT_INITIALIZED
    WARNING: GigaTIME failed on patch (117760, 14336): cuDNN error: CUDNN_STATUS_NOT_INITIALIZED
    WARNING: GigaTIME failed on patch (117760, 15360): cuDNN error: CUDNN_STATUS_NOT_INITIALIZED
    WARNING: GigaTIME failed on patch (117760, 16384): cuDNN error: CUDNN_STATUS_NOT_INITIALIZED
    WARNING: GigaTIME failed on patch (117760, 17408): cuDNN error: CUDNN_STATUS_NOT_INITIALIZED
    WARNING: GigaTIME failed on patch (117760, 18432): cuDNN error: CUDNN_STATUS_NOT_INITIALIZED
    WARNING: GigaTIME failed on patch (117760, 19456): cuDNN error: CUDNN_STATUS_NOT_INITIALIZED
    WARNING: GigaTIME failed on patch (117760, 20480): cuDNN error: CUDNN_STATUS_NOT_INITIALIZED
    WARNING: GigaTIME failed on patch (117760, 21504): cuDNN error: CUDNN_STATUS_NOT_INITIALIZED
    WARNING: GigaTIME failed on patch (117760, 22528): cuDNN error: CUDNN_STATUS_NOT_INITIALIZED
    WARNING: GigaTIME failed on patch (117760, 23552): cuDNN error: CUDNN_STATUS_NOT_INITIALIZED
    WARNING: GigaTIME failed on patch (117760, 24576): cuDNN error: CUDNN_STATUS_NOT_INITIALIZED
    WARNING: GigaTIME failed on patch (117760, 25600): cuDNN error: CUDNN_STATUS_NOT_INITIALIZED
    WARNING: GigaTIME failed on patch (117760, 26624): cuDNN error: CUDNN_STATUS_NOT_INITIALIZED
    WARNING: GigaTIME failed on patch (117760, 27648): cuDNN error: CUDNN_STATUS_NOT_INITIALIZED
    WARNING: GigaTIME failed on patch (117760, 28672): cuDNN error: CUDNN_STATUS_NOT_INITIALIZED
    WARNING: GigaTIME failed on patch (117760, 29696): cuDNN error: CUDNN_STATUS_NOT_INITIALIZED
    WARNING: GigaTIME failed on patch (117760, 30720): cuDNN error: CUDNN_STATUS_NOT_INITIALIZED
    WARNING: GigaTIME failed on patch (117760, 31744): cuDNN error: CUDNN_STATUS_NOT_INITIALIZED
    WARNING: GigaTIME failed on patch (117760, 32768): cuDNN error: CUDNN_STATUS_NOT_INITIALIZED
    WARNING: GigaTIME failed on patch (117760, 33792): cuDNN error: CUDNN_STATUS_NOT_INITIALIZED
    WARNING: GigaTIME failed on patch (117760, 34816): cuDNN error: CUDNN_STATUS_NOT_INITIALIZED
    WARNING: GigaTIME failed on patch (117760, 35840): cuDNN error: CUDNN_STATUS_NOT_INITIALIZED
    WARNING: GigaTIME failed on patch (117760, 36864): cuDNN error: CUDNN_STATUS_NOT_INITIALIZED
    WARNING: GigaTIME failed on patch (117760, 37888): cuDNN error: CUDNN_STATUS_NOT_INITIALIZED
    WARNING: GigaTIME failed on patch (117760, 38912): cuDNN error: CUDNN_STATUS_NOT_INITIALIZED
    WARNING: GigaTIME failed on patch (117760, 39936): cuDNN error: CUDNN_STATUS_NOT_INITIALIZED
    WARNING: GigaTIME failed on patch (117760, 40960): cuDNN error: CUDNN_STATUS_NOT_INITIALIZED
    WARNING: GigaTIME failed on patch (117760, 41984): cuDNN error: CUDNN_STATUS_NOT_INITIALIZED
    WARNING: GigaTIME failed on patch (117760, 43008): cuDNN error: CUDNN_STATUS_NOT_INITIALIZED
    WARNING: GigaTIME failed on patch (117760, 44032): cuDNN error: CUDNN_STATUS_NOT_INITIALIZED
    WARNING: GigaTIME failed on patch (117760, 45056): cuDNN error: CUDNN_STATUS_NOT_INITIALIZED
    WARNING: GigaTIME failed on patch (117760, 46080): cuDNN error: CUDNN_STATUS_NOT_INITIALIZED
    WARNING: GigaTIME failed on patch (117760, 47104): cuDNN error: CUDNN_STATUS_NOT_INITIALIZED
    WARNING: GigaTIME failed on patch (117760, 48128): cuDNN error: CUDNN_STATUS_NOT_INITIALIZED
    WARNING: GigaTIME failed on patch (117760, 49152): cuDNN error: CUDNN_STATUS_NOT_INITIALIZED
    WARNING: GigaTIME failed on patch (117760, 50176): cuDNN error: CUDNN_STATUS_NOT_INITIALIZED
    WARNING: GigaTIME failed on patch (117760, 51200): cuDNN error: CUDNN_STATUS_NOT_INITIALIZED
    WARNING: GigaTIME failed on patch (117760, 52224): cuDNN error: CUDNN_STATUS_NOT_INITIALIZED
    WARNING: GigaTIME failed on patch (117760, 53248): cuDNN error: CUDNN_STATUS_NOT_INITIALIZED
    WARNING: GigaTIME failed on patch (117760, 54272): cuDNN error: CUDNN_STATUS_NOT_INITIALIZED
    WARNING: GigaTIME failed on patch (117760, 55296): cuDNN error: CUDNN_STATUS_NOT_INITIALIZED
    WARNING: GigaTIME failed on patch (117760, 56320): cuDNN error: CUDNN_STATUS_NOT_INITIALIZED
    WARNING: GigaTIME failed on patch (117760, 57344): cuDNN error: CUDNN_STATUS_NOT_INITIALIZED
    WARNING: GigaTIME failed on patch (117760, 58368): cuDNN error: CUDNN_STATUS_NOT_INITIALIZED
    WARNING: GigaTIME failed on patch (117760, 59392): cuDNN error: CUDNN_STATUS_NOT_INITIALIZED
    WARNING: GigaTIME failed on patch (117760, 60416): cuDNN error: CUDNN_STATUS_NOT_INITIALIZED
    WARNING: GigaTIME failed on patch (117760, 61440): cuDNN error: CUDNN_STATUS_NOT_INITIALIZED
    WARNING: GigaTIME failed on patch (117760, 62464): cuDNN error: CUDNN_STATUS_NOT_INITIALIZED
    WARNING: GigaTIME failed on patch (118784, 11264): cuDNN error: CUDNN_STATUS_NOT_INITIALIZED
    WARNING: GigaTIME failed on patch (118784, 12288): cuDNN error: CUDNN_STATUS_NOT_INITIALIZED
    WARNING: GigaTIME failed on patch (118784, 13312): cuDNN error: CUDNN_STATUS_NOT_INITIALIZED
    WARNING: GigaTIME failed on patch (118784, 14336): cuDNN error: CUDNN_STATUS_NOT_INITIALIZED
    WARNING: GigaTIME failed on patch (118784, 15360): cuDNN error: CUDNN_STATUS_NOT_INITIALIZED
    WARNING: GigaTIME failed on patch (118784, 16384): cuDNN error: CUDNN_STATUS_NOT_INITIALIZED
    WARNING: GigaTIME failed on patch (118784, 20480): cuDNN error: CUDNN_STATUS_NOT_INITIALIZED
    WARNING: GigaTIME failed on patch (118784, 21504): cuDNN error: CUDNN_STATUS_NOT_INITIALIZED
    WARNING: GigaTIME failed on patch (118784, 24576): cuDNN error: CUDNN_STATUS_NOT_INITIALIZED
    WARNING: GigaTIME failed on patch (118784, 25600): cuDNN error: CUDNN_STATUS_NOT_INITIALIZED
    WARNING: GigaTIME failed on patch (118784, 26624): cuDNN error: CUDNN_STATUS_NOT_INITIALIZED
    WARNING: GigaTIME failed on patch (118784, 27648): cuDNN error: CUDNN_STATUS_NOT_INITIALIZED
    WARNING: GigaTIME failed on patch (118784, 28672): cuDNN error: CUDNN_STATUS_NOT_INITIALIZED
    WARNING: GigaTIME failed on patch (118784, 29696): cuDNN error: CUDNN_STATUS_NOT_INITIALIZED
    WARNING: GigaTIME failed on patch (118784, 30720): cuDNN error: CUDNN_STATUS_NOT_INITIALIZED
    WARNING: GigaTIME failed on patch (118784, 31744): cuDNN error: CUDNN_STATUS_NOT_INITIALIZED
    WARNING: GigaTIME failed on patch (118784, 32768): cuDNN error: CUDNN_STATUS_NOT_INITIALIZED
    WARNING: GigaTIME failed on patch (118784, 33792): cuDNN error: CUDNN_STATUS_NOT_INITIALIZED
    WARNING: GigaTIME failed on patch (118784, 34816): cuDNN error: CUDNN_STATUS_NOT_INITIALIZED
    WARNING: GigaTIME failed on patch (118784, 35840): cuDNN error: CUDNN_STATUS_NOT_INITIALIZED
    WARNING: GigaTIME failed on patch (118784, 36864): cuDNN error: CUDNN_STATUS_NOT_INITIALIZED
    WARNING: GigaTIME failed on patch (118784, 37888): cuDNN error: CUDNN_STATUS_NOT_INITIALIZED
    WARNING: GigaTIME failed on patch (118784, 38912): cuDNN error: CUDNN_STATUS_NOT_INITIALIZED
    WARNING: GigaTIME failed on patch (118784, 39936): cuDNN error: CUDNN_STATUS_NOT_INITIALIZED
    WARNING: GigaTIME failed on patch (118784, 40960): cuDNN error: CUDNN_STATUS_NOT_INITIALIZED
    WARNING: GigaTIME failed on patch (118784, 41984): cuDNN error: CUDNN_STATUS_NOT_INITIALIZED
    WARNING: GigaTIME failed on patch (118784, 43008): cuDNN error: CUDNN_STATUS_NOT_INITIALIZED
    WARNING: GigaTIME failed on patch (118784, 44032): cuDNN error: CUDNN_STATUS_NOT_INITIALIZED
    WARNING: GigaTIME failed on patch (118784, 45056): cuDNN error: CUDNN_STATUS_NOT_INITIALIZED
    WARNING: GigaTIME failed on patch (118784, 46080): cuDNN error: CUDNN_STATUS_NOT_INITIALIZED
    WARNING: GigaTIME failed on patch (118784, 47104): cuDNN error: CUDNN_STATUS_NOT_INITIALIZED
    WARNING: GigaTIME failed on patch (118784, 48128): cuDNN error: CUDNN_STATUS_NOT_INITIALIZED
    WARNING: GigaTIME failed on patch (118784, 49152): cuDNN error: CUDNN_STATUS_NOT_INITIALIZED
    WARNING: GigaTIME failed on patch (118784, 50176): cuDNN error: CUDNN_STATUS_NOT_INITIALIZED
    WARNING: GigaTIME failed on patch (118784, 51200): cuDNN error: CUDNN_STATUS_NOT_INITIALIZED
    WARNING: GigaTIME failed on patch (118784, 52224): cuDNN error: CUDNN_STATUS_NOT_INITIALIZED
    WARNING: GigaTIME failed on patch (118784, 53248): cuDNN error: CUDNN_STATUS_NOT_INITIALIZED
    WARNING: GigaTIME failed on patch (118784, 54272): cuDNN error: CUDNN_STATUS_NOT_INITIALIZED
    WARNING: GigaTIME failed on patch (118784, 55296): cuDNN error: CUDNN_STATUS_NOT_INITIALIZED
    WARNING: GigaTIME failed on patch (118784, 56320): cuDNN error: CUDNN_STATUS_NOT_INITIALIZED
    WARNING: GigaTIME failed on patch (118784, 57344): cuDNN error: CUDNN_STATUS_NOT_INITIALIZED
    WARNING: GigaTIME failed on patch (118784, 58368): cuDNN error: CUDNN_STATUS_NOT_INITIALIZED
    WARNING: GigaTIME failed on patch (118784, 59392): cuDNN error: CUDNN_STATUS_NOT_INITIALIZED
    WARNING: GigaTIME failed on patch (118784, 60416): cuDNN error: CUDNN_STATUS_NOT_INITIALIZED
    WARNING: GigaTIME failed on patch (118784, 61440): cuDNN error: CUDNN_STATUS_NOT_INITIALIZED
    WARNING: GigaTIME failed on patch (118784, 62464): cuDNN error: CUDNN_STATUS_NOT_INITIALIZED
    WARNING: GigaTIME failed on patch (119808, 11264): cuDNN error: CUDNN_STATUS_NOT_INITIALIZED
    WARNING: GigaTIME failed on patch (119808, 12288): cuDNN error: CUDNN_STATUS_NOT_INITIALIZED
    WARNING: GigaTIME failed on patch (119808, 13312): cuDNN error: CUDNN_STATUS_NOT_INITIALIZED
    WARNING: GigaTIME failed on patch (119808, 14336): cuDNN error: CUDNN_STATUS_NOT_INITIALIZED
    WARNING: GigaTIME failed on patch (119808, 15360): cuDNN error: CUDNN_STATUS_NOT_INITIALIZED
    WARNING: GigaTIME failed on patch (119808, 24576): cuDNN error: CUDNN_STATUS_NOT_INITIALIZED
    WARNING: GigaTIME failed on patch (119808, 25600): cuDNN error: CUDNN_STATUS_NOT_INITIALIZED
    WARNING: GigaTIME failed on patch (119808, 26624): cuDNN error: CUDNN_STATUS_NOT_INITIALIZED
    WARNING: GigaTIME failed on patch (119808, 27648): cuDNN error: CUDNN_STATUS_NOT_INITIALIZED
    WARNING: GigaTIME failed on patch (119808, 28672): cuDNN error: CUDNN_STATUS_NOT_INITIALIZED
    WARNING: GigaTIME failed on patch (119808, 29696): cuDNN error: CUDNN_STATUS_NOT_INITIALIZED
    WARNING: GigaTIME failed on patch (119808, 30720): cuDNN error: CUDNN_STATUS_NOT_INITIALIZED
    WARNING: GigaTIME failed on patch (119808, 31744): cuDNN error: CUDNN_STATUS_NOT_INITIALIZED
    WARNING: GigaTIME failed on patch (119808, 32768): cuDNN error: CUDNN_STATUS_NOT_INITIALIZED
    WARNING: GigaTIME failed on patch (119808, 33792): cuDNN error: CUDNN_STATUS_NOT_INITIALIZED
    WARNING: GigaTIME failed on patch (119808, 34816): cuDNN error: CUDNN_STATUS_NOT_INITIALIZED
    WARNING: GigaTIME failed on patch (119808, 35840): cuDNN error: CUDNN_STATUS_NOT_INITIALIZED
    WARNING: GigaTIME failed on patch (119808, 36864): cuDNN error: CUDNN_STATUS_NOT_INITIALIZED
    WARNING: GigaTIME failed on patch (119808, 37888): cuDNN error: CUDNN_STATUS_NOT_INITIALIZED
    WARNING: GigaTIME failed on patch (119808, 38912): cuDNN error: CUDNN_STATUS_NOT_INITIALIZED
    WARNING: GigaTIME failed on patch (119808, 39936): cuDNN error: CUDNN_STATUS_NOT_INITIALIZED
    WARNING: GigaTIME failed on patch (119808, 40960): cuDNN error: CUDNN_STATUS_NOT_INITIALIZED
    WARNING: GigaTIME failed on patch (119808, 41984): cuDNN error: CUDNN_STATUS_NOT_INITIALIZED
    WARNING: GigaTIME failed on patch (119808, 43008): cuDNN error: CUDNN_STATUS_NOT_INITIALIZED
    WARNING: GigaTIME failed on patch (119808, 44032): cuDNN error: CUDNN_STATUS_NOT_INITIALIZED
    WARNING: GigaTIME failed on patch (119808, 45056): cuDNN error: CUDNN_STATUS_NOT_INITIALIZED
    WARNING: GigaTIME failed on patch (119808, 46080): cuDNN error: CUDNN_STATUS_NOT_INITIALIZED
    WARNING: GigaTIME failed on patch (119808, 47104): cuDNN error: CUDNN_STATUS_NOT_INITIALIZED
    WARNING: GigaTIME failed on patch (119808, 48128): cuDNN error: CUDNN_STATUS_NOT_INITIALIZED
    WARNING: GigaTIME failed on patch (119808, 49152): cuDNN error: CUDNN_STATUS_NOT_INITIALIZED
    WARNING: GigaTIME failed on patch (119808, 50176): cuDNN error: CUDNN_STATUS_NOT_INITIALIZED
    WARNING: GigaTIME failed on patch (119808, 51200): cuDNN error: CUDNN_STATUS_NOT_INITIALIZED
    WARNING: GigaTIME failed on patch (119808, 52224): cuDNN error: CUDNN_STATUS_NOT_INITIALIZED
    WARNING: GigaTIME failed on patch (119808, 53248): cuDNN error: CUDNN_STATUS_NOT_INITIALIZED
    WARNING: GigaTIME failed on patch (119808, 54272): cuDNN error: CUDNN_STATUS_NOT_INITIALIZED
    WARNING: GigaTIME failed on patch (119808, 55296): cuDNN error: CUDNN_STATUS_NOT_INITIALIZED
    WARNING: GigaTIME failed on patch (119808, 56320): cuDNN error: CUDNN_STATUS_NOT_INITIALIZED
    WARNING: GigaTIME failed on patch (119808, 57344): cuDNN error: CUDNN_STATUS_NOT_INITIALIZED
    WARNING: GigaTIME failed on patch (119808, 58368): cuDNN error: CUDNN_STATUS_NOT_INITIALIZED
    WARNING: GigaTIME failed on patch (119808, 59392): cuDNN error: CUDNN_STATUS_NOT_INITIALIZED
    WARNING: GigaTIME failed on patch (119808, 60416): cuDNN error: CUDNN_STATUS_NOT_INITIALIZED
    WARNING: GigaTIME failed on patch (119808, 61440): cuDNN error: CUDNN_STATUS_NOT_INITIALIZED
    WARNING: GigaTIME failed on patch (119808, 62464): cuDNN error: CUDNN_STATUS_NOT_INITIALIZED
    WARNING: GigaTIME failed on patch (120832, 12288): cuDNN error: CUDNN_STATUS_NOT_INITIALIZED
    WARNING: GigaTIME failed on patch (120832, 13312): cuDNN error: CUDNN_STATUS_NOT_INITIALIZED
    WARNING: GigaTIME failed on patch (120832, 14336): cuDNN error: CUDNN_STATUS_NOT_INITIALIZED
    WARNING: GigaTIME failed on patch (120832, 21504): cuDNN error: CUDNN_STATUS_NOT_INITIALIZED
    WARNING: GigaTIME failed on patch (120832, 22528): cuDNN error: CUDNN_STATUS_NOT_INITIALIZED
    WARNING: GigaTIME failed on patch (120832, 23552): cuDNN error: CUDNN_STATUS_NOT_INITIALIZED
    WARNING: GigaTIME failed on patch (120832, 24576): cuDNN error: CUDNN_STATUS_NOT_INITIALIZED
    WARNING: GigaTIME failed on patch (120832, 25600): cuDNN error: CUDNN_STATUS_NOT_INITIALIZED
    WARNING: GigaTIME failed on patch (120832, 26624): cuDNN error: CUDNN_STATUS_NOT_INITIALIZED
    WARNING: GigaTIME failed on patch (120832, 27648): cuDNN error: CUDNN_STATUS_NOT_INITIALIZED
    WARNING: GigaTIME failed on patch (120832, 28672): cuDNN error: CUDNN_STATUS_NOT_INITIALIZED
    WARNING: GigaTIME failed on patch (120832, 29696): cuDNN error: CUDNN_STATUS_NOT_INITIALIZED
    WARNING: GigaTIME failed on patch (120832, 30720): cuDNN error: CUDNN_STATUS_NOT_INITIALIZED
    WARNING: GigaTIME failed on patch (120832, 31744): cuDNN error: CUDNN_STATUS_NOT_INITIALIZED
    WARNING: GigaTIME failed on patch (120832, 32768): cuDNN error: CUDNN_STATUS_NOT_INITIALIZED
    WARNING: GigaTIME failed on patch (120832, 33792): cuDNN error: CUDNN_STATUS_NOT_INITIALIZED
    WARNING: GigaTIME failed on patch (120832, 34816): cuDNN error: CUDNN_STATUS_NOT_INITIALIZED
    WARNING: GigaTIME failed on patch (120832, 35840): cuDNN error: CUDNN_STATUS_NOT_INITIALIZED
    WARNING: GigaTIME failed on patch (120832, 36864): cuDNN error: CUDNN_STATUS_NOT_INITIALIZED
    WARNING: GigaTIME failed on patch (120832, 37888): cuDNN error: CUDNN_STATUS_NOT_INITIALIZED
    WARNING: GigaTIME failed on patch (120832, 38912): cuDNN error: CUDNN_STATUS_NOT_INITIALIZED
    WARNING: GigaTIME failed on patch (120832, 39936): cuDNN error: CUDNN_STATUS_NOT_INITIALIZED
    WARNING: GigaTIME failed on patch (120832, 40960): cuDNN error: CUDNN_STATUS_NOT_INITIALIZED
    WARNING: GigaTIME failed on patch (120832, 41984): cuDNN error: CUDNN_STATUS_NOT_INITIALIZED
    WARNING: GigaTIME failed on patch (120832, 43008): cuDNN error: CUDNN_STATUS_NOT_INITIALIZED
    WARNING: GigaTIME failed on patch (120832, 44032): cuDNN error: CUDNN_STATUS_NOT_INITIALIZED
    WARNING: GigaTIME failed on patch (120832, 45056): cuDNN error: CUDNN_STATUS_NOT_INITIALIZED
    WARNING: GigaTIME failed on patch (120832, 46080): cuDNN error: CUDNN_STATUS_NOT_INITIALIZED
    WARNING: GigaTIME failed on patch (120832, 47104): cuDNN error: CUDNN_STATUS_NOT_INITIALIZED
    WARNING: GigaTIME failed on patch (120832, 48128): cuDNN error: CUDNN_STATUS_NOT_INITIALIZED
    WARNING: GigaTIME failed on patch (120832, 49152): cuDNN error: CUDNN_STATUS_NOT_INITIALIZED
    WARNING: GigaTIME failed on patch (120832, 50176): cuDNN error: CUDNN_STATUS_NOT_INITIALIZED
    WARNING: GigaTIME failed on patch (120832, 51200): cuDNN error: CUDNN_STATUS_NOT_INITIALIZED
    WARNING: GigaTIME failed on patch (120832, 52224): cuDNN error: CUDNN_STATUS_NOT_INITIALIZED
    WARNING: GigaTIME failed on patch (120832, 53248): cuDNN error: CUDNN_STATUS_NOT_INITIALIZED
    WARNING: GigaTIME failed on patch (120832, 54272): cuDNN error: CUDNN_STATUS_NOT_INITIALIZED
    WARNING: GigaTIME failed on patch (120832, 55296): cuDNN error: CUDNN_STATUS_NOT_INITIALIZED
    WARNING: GigaTIME failed on patch (120832, 56320): cuDNN error: CUDNN_STATUS_NOT_INITIALIZED
    WARNING: GigaTIME failed on patch (120832, 57344): cuDNN error: CUDNN_STATUS_NOT_INITIALIZED
    WARNING: GigaTIME failed on patch (120832, 58368): cuDNN error: CUDNN_STATUS_NOT_INITIALIZED
    WARNING: GigaTIME failed on patch (120832, 59392): cuDNN error: CUDNN_STATUS_NOT_INITIALIZED
    WARNING: GigaTIME failed on patch (120832, 60416): cuDNN error: CUDNN_STATUS_NOT_INITIALIZED
    WARNING: GigaTIME failed on patch (120832, 61440): cuDNN error: CUDNN_STATUS_NOT_INITIALIZED
    WARNING: GigaTIME failed on patch (120832, 62464): cuDNN error: CUDNN_STATUS_NOT_INITIALIZED
    WARNING: GigaTIME failed on patch (121856, 11264): cuDNN error: CUDNN_STATUS_NOT_INITIALIZED
    WARNING: GigaTIME failed on patch (121856, 12288): cuDNN error: CUDNN_STATUS_NOT_INITIALIZED
    WARNING: GigaTIME failed on patch (121856, 13312): cuDNN error: CUDNN_STATUS_NOT_INITIALIZED
    WARNING: GigaTIME failed on patch (121856, 14336): cuDNN error: CUDNN_STATUS_NOT_INITIALIZED
    WARNING: GigaTIME failed on patch (121856, 15360): cuDNN error: CUDNN_STATUS_NOT_INITIALIZED
    WARNING: GigaTIME failed on patch (121856, 19456): cuDNN error: CUDNN_STATUS_NOT_INITIALIZED
    WARNING: GigaTIME failed on patch (121856, 20480): cuDNN error: CUDNN_STATUS_NOT_INITIALIZED
    WARNING: GigaTIME failed on patch (121856, 21504): cuDNN error: CUDNN_STATUS_NOT_INITIALIZED
    WARNING: GigaTIME failed on patch (121856, 22528): cuDNN error: CUDNN_STATUS_NOT_INITIALIZED
    WARNING: GigaTIME failed on patch (121856, 23552): cuDNN error: CUDNN_STATUS_NOT_INITIALIZED
    WARNING: GigaTIME failed on patch (121856, 24576): cuDNN error: CUDNN_STATUS_NOT_INITIALIZED
    WARNING: GigaTIME failed on patch (121856, 25600): cuDNN error: CUDNN_STATUS_NOT_INITIALIZED
    WARNING: GigaTIME failed on patch (121856, 26624): cuDNN error: CUDNN_STATUS_NOT_INITIALIZED
    WARNING: GigaTIME failed on patch (121856, 27648): cuDNN error: CUDNN_STATUS_NOT_INITIALIZED
    WARNING: GigaTIME failed on patch (121856, 28672): cuDNN error: CUDNN_STATUS_NOT_INITIALIZED
    WARNING: GigaTIME failed on patch (121856, 29696): cuDNN error: CUDNN_STATUS_NOT_INITIALIZED
    WARNING: GigaTIME failed on patch (121856, 30720): cuDNN error: CUDNN_STATUS_NOT_INITIALIZED
    WARNING: GigaTIME failed on patch (121856, 31744): cuDNN error: CUDNN_STATUS_NOT_INITIALIZED
    WARNING: GigaTIME failed on patch (121856, 32768): cuDNN error: CUDNN_STATUS_NOT_INITIALIZED
    WARNING: GigaTIME failed on patch (121856, 33792): cuDNN error: CUDNN_STATUS_NOT_INITIALIZED
    WARNING: GigaTIME failed on patch (121856, 34816): cuDNN error: CUDNN_STATUS_NOT_INITIALIZED
    WARNING: GigaTIME failed on patch (121856, 35840): cuDNN error: CUDNN_STATUS_NOT_INITIALIZED
    WARNING: GigaTIME failed on patch (121856, 36864): cuDNN error: CUDNN_STATUS_NOT_INITIALIZED
    WARNING: GigaTIME failed on patch (121856, 37888): cuDNN error: CUDNN_STATUS_NOT_INITIALIZED
    WARNING: GigaTIME failed on patch (121856, 38912): cuDNN error: CUDNN_STATUS_NOT_INITIALIZED
    WARNING: GigaTIME failed on patch (121856, 39936): cuDNN error: CUDNN_STATUS_NOT_INITIALIZED
    WARNING: GigaTIME failed on patch (121856, 40960): cuDNN error: CUDNN_STATUS_NOT_INITIALIZED
    WARNING: GigaTIME failed on patch (121856, 41984): cuDNN error: CUDNN_STATUS_NOT_INITIALIZED
    WARNING: GigaTIME failed on patch (121856, 43008): cuDNN error: CUDNN_STATUS_NOT_INITIALIZED
    WARNING: GigaTIME failed on patch (121856, 44032): cuDNN error: CUDNN_STATUS_NOT_INITIALIZED
    WARNING: GigaTIME failed on patch (121856, 45056): cuDNN error: CUDNN_STATUS_NOT_INITIALIZED
    WARNING: GigaTIME failed on patch (121856, 46080): cuDNN error: CUDNN_STATUS_NOT_INITIALIZED
    WARNING: GigaTIME failed on patch (121856, 47104): cuDNN error: CUDNN_STATUS_NOT_INITIALIZED
    WARNING: GigaTIME failed on patch (121856, 48128): cuDNN error: CUDNN_STATUS_NOT_INITIALIZED
    WARNING: GigaTIME failed on patch (121856, 49152): cuDNN error: CUDNN_STATUS_NOT_INITIALIZED
    WARNING: GigaTIME failed on patch (121856, 50176): cuDNN error: CUDNN_STATUS_NOT_INITIALIZED
    WARNING: GigaTIME failed on patch (121856, 51200): cuDNN error: CUDNN_STATUS_NOT_INITIALIZED
    WARNING: GigaTIME failed on patch (121856, 52224): cuDNN error: CUDNN_STATUS_NOT_INITIALIZED
    WARNING: GigaTIME failed on patch (121856, 53248): cuDNN error: CUDNN_STATUS_NOT_INITIALIZED
    WARNING: GigaTIME failed on patch (121856, 54272): cuDNN error: CUDNN_STATUS_NOT_INITIALIZED
    WARNING: GigaTIME failed on patch (121856, 55296): cuDNN error: CUDNN_STATUS_NOT_INITIALIZED
    WARNING: GigaTIME failed on patch (121856, 56320): cuDNN error: CUDNN_STATUS_NOT_INITIALIZED
    WARNING: GigaTIME failed on patch (121856, 57344): cuDNN error: CUDNN_STATUS_NOT_INITIALIZED
    WARNING: GigaTIME failed on patch (121856, 58368): cuDNN error: CUDNN_STATUS_NOT_INITIALIZED
    WARNING: GigaTIME failed on patch (121856, 59392): cuDNN error: CUDNN_STATUS_NOT_INITIALIZED
    WARNING: GigaTIME failed on patch (121856, 60416): cuDNN error: CUDNN_STATUS_NOT_INITIALIZED
    WARNING: GigaTIME failed on patch (121856, 61440): cuDNN error: CUDNN_STATUS_NOT_INITIALIZED
    WARNING: GigaTIME failed on patch (121856, 62464): cuDNN error: CUDNN_STATUS_NOT_INITIALIZED
    WARNING: GigaTIME failed on patch (122880, 10240): cuDNN error: CUDNN_STATUS_NOT_INITIALIZED
    WARNING: GigaTIME failed on patch (122880, 11264): cuDNN error: CUDNN_STATUS_NOT_INITIALIZED
    WARNING: GigaTIME failed on patch (122880, 12288): cuDNN error: CUDNN_STATUS_NOT_INITIALIZED
    WARNING: GigaTIME failed on patch (122880, 13312): cuDNN error: CUDNN_STATUS_NOT_INITIALIZED
    WARNING: GigaTIME failed on patch (122880, 14336): cuDNN error: CUDNN_STATUS_NOT_INITIALIZED
    WARNING: GigaTIME failed on patch (122880, 15360): cuDNN error: CUDNN_STATUS_NOT_INITIALIZED
    WARNING: GigaTIME failed on patch (122880, 18432): cuDNN error: CUDNN_STATUS_NOT_INITIALIZED
    WARNING: GigaTIME failed on patch (122880, 19456): cuDNN error: CUDNN_STATUS_NOT_INITIALIZED
    WARNING: GigaTIME failed on patch (122880, 20480): cuDNN error: CUDNN_STATUS_NOT_INITIALIZED
    WARNING: GigaTIME failed on patch (122880, 21504): cuDNN error: CUDNN_STATUS_NOT_INITIALIZED
    WARNING: GigaTIME failed on patch (122880, 22528): cuDNN error: CUDNN_STATUS_NOT_INITIALIZED
    WARNING: GigaTIME failed on patch (122880, 23552): cuDNN error: CUDNN_STATUS_NOT_INITIALIZED
    WARNING: GigaTIME failed on patch (122880, 24576): cuDNN error: CUDNN_STATUS_NOT_INITIALIZED
    WARNING: GigaTIME failed on patch (122880, 25600): cuDNN error: CUDNN_STATUS_NOT_INITIALIZED
    WARNING: GigaTIME failed on patch (122880, 26624): cuDNN error: CUDNN_STATUS_NOT_INITIALIZED
    WARNING: GigaTIME failed on patch (122880, 27648): cuDNN error: CUDNN_STATUS_NOT_INITIALIZED
    WARNING: GigaTIME failed on patch (122880, 28672): cuDNN error: CUDNN_STATUS_NOT_INITIALIZED
    WARNING: GigaTIME failed on patch (122880, 29696): cuDNN error: CUDNN_STATUS_NOT_INITIALIZED
    WARNING: GigaTIME failed on patch (122880, 30720): cuDNN error: CUDNN_STATUS_NOT_INITIALIZED
    WARNING: GigaTIME failed on patch (122880, 31744): cuDNN error: CUDNN_STATUS_NOT_INITIALIZED
    WARNING: GigaTIME failed on patch (122880, 32768): cuDNN error: CUDNN_STATUS_NOT_INITIALIZED
    WARNING: GigaTIME failed on patch (122880, 33792): cuDNN error: CUDNN_STATUS_NOT_INITIALIZED
    WARNING: GigaTIME failed on patch (122880, 34816): cuDNN error: CUDNN_STATUS_NOT_INITIALIZED
    WARNING: GigaTIME failed on patch (122880, 35840): cuDNN error: CUDNN_STATUS_NOT_INITIALIZED
    WARNING: GigaTIME failed on patch (122880, 36864): cuDNN error: CUDNN_STATUS_NOT_INITIALIZED
    WARNING: GigaTIME failed on patch (122880, 37888): cuDNN error: CUDNN_STATUS_NOT_INITIALIZED
    WARNING: GigaTIME failed on patch (122880, 38912): cuDNN error: CUDNN_STATUS_NOT_INITIALIZED
    WARNING: GigaTIME failed on patch (122880, 39936): cuDNN error: CUDNN_STATUS_NOT_INITIALIZED
    WARNING: GigaTIME failed on patch (122880, 40960): cuDNN error: CUDNN_STATUS_NOT_INITIALIZED
    WARNING: GigaTIME failed on patch (122880, 41984): cuDNN error: CUDNN_STATUS_NOT_INITIALIZED
    WARNING: GigaTIME failed on patch (122880, 43008): cuDNN error: CUDNN_STATUS_NOT_INITIALIZED
    WARNING: GigaTIME failed on patch (122880, 44032): cuDNN error: CUDNN_STATUS_NOT_INITIALIZED
    WARNING: GigaTIME failed on patch (122880, 45056): cuDNN error: CUDNN_STATUS_NOT_INITIALIZED
    WARNING: GigaTIME failed on patch (122880, 46080): cuDNN error: CUDNN_STATUS_NOT_INITIALIZED
    WARNING: GigaTIME failed on patch (122880, 47104): cuDNN error: CUDNN_STATUS_NOT_INITIALIZED
    WARNING: GigaTIME failed on patch (122880, 48128): cuDNN error: CUDNN_STATUS_NOT_INITIALIZED
    WARNING: GigaTIME failed on patch (122880, 49152): cuDNN error: CUDNN_STATUS_NOT_INITIALIZED
    WARNING: GigaTIME failed on patch (122880, 50176): cuDNN error: CUDNN_STATUS_NOT_INITIALIZED
    WARNING: GigaTIME failed on patch (122880, 51200): cuDNN error: CUDNN_STATUS_NOT_INITIALIZED
    WARNING: GigaTIME failed on patch (122880, 52224): cuDNN error: CUDNN_STATUS_NOT_INITIALIZED
    WARNING: GigaTIME failed on patch (122880, 53248): cuDNN error: CUDNN_STATUS_NOT_INITIALIZED
    WARNING: GigaTIME failed on patch (122880, 54272): cuDNN error: CUDNN_STATUS_NOT_INITIALIZED
    WARNING: GigaTIME failed on patch (122880, 55296): cuDNN error: CUDNN_STATUS_NOT_INITIALIZED
    WARNING: GigaTIME failed on patch (122880, 56320): cuDNN error: CUDNN_STATUS_NOT_INITIALIZED
    WARNING: GigaTIME failed on patch (122880, 57344): cuDNN error: CUDNN_STATUS_NOT_INITIALIZED
    WARNING: GigaTIME failed on patch (122880, 58368): cuDNN error: CUDNN_STATUS_NOT_INITIALIZED
    WARNING: GigaTIME failed on patch (122880, 59392): cuDNN error: CUDNN_STATUS_NOT_INITIALIZED
    WARNING: GigaTIME failed on patch (122880, 60416): cuDNN error: CUDNN_STATUS_NOT_INITIALIZED
    WARNING: GigaTIME failed on patch (122880, 61440): cuDNN error: CUDNN_STATUS_NOT_INITIALIZED
    WARNING: GigaTIME failed on patch (122880, 62464): cuDNN error: CUDNN_STATUS_NOT_INITIALIZED
    WARNING: GigaTIME failed on patch (123904, 9216): cuDNN error: CUDNN_STATUS_NOT_INITIALIZED
    WARNING: GigaTIME failed on patch (123904, 10240): cuDNN error: CUDNN_STATUS_NOT_INITIALIZED
    WARNING: GigaTIME failed on patch (123904, 11264): cuDNN error: CUDNN_STATUS_NOT_INITIALIZED
    WARNING: GigaTIME failed on patch (123904, 12288): cuDNN error: CUDNN_STATUS_NOT_INITIALIZED
    WARNING: GigaTIME failed on patch (123904, 13312): cuDNN error: CUDNN_STATUS_NOT_INITIALIZED
    WARNING: GigaTIME failed on patch (123904, 14336): cuDNN error: CUDNN_STATUS_NOT_INITIALIZED
    WARNING: GigaTIME failed on patch (123904, 15360): cuDNN error: CUDNN_STATUS_NOT_INITIALIZED
    WARNING: GigaTIME failed on patch (123904, 17408): cuDNN error: CUDNN_STATUS_NOT_INITIALIZED
    WARNING: GigaTIME failed on patch (123904, 18432): cuDNN error: CUDNN_STATUS_NOT_INITIALIZED
    WARNING: GigaTIME failed on patch (123904, 19456): cuDNN error: CUDNN_STATUS_NOT_INITIALIZED
    WARNING: GigaTIME failed on patch (123904, 20480): cuDNN error: CUDNN_STATUS_NOT_INITIALIZED
    WARNING: GigaTIME failed on patch (123904, 21504): cuDNN error: CUDNN_STATUS_NOT_INITIALIZED
    WARNING: GigaTIME failed on patch (123904, 22528): cuDNN error: CUDNN_STATUS_NOT_INITIALIZED
    WARNING: GigaTIME failed on patch (123904, 23552): cuDNN error: CUDNN_STATUS_NOT_INITIALIZED
    WARNING: GigaTIME failed on patch (123904, 24576): cuDNN error: CUDNN_STATUS_NOT_INITIALIZED
    WARNING: GigaTIME failed on patch (123904, 25600): cuDNN error: CUDNN_STATUS_NOT_INITIALIZED
    WARNING: GigaTIME failed on patch (123904, 26624): cuDNN error: CUDNN_STATUS_NOT_INITIALIZED
    WARNING: GigaTIME failed on patch (123904, 27648): cuDNN error: CUDNN_STATUS_NOT_INITIALIZED
    WARNING: GigaTIME failed on patch (123904, 28672): cuDNN error: CUDNN_STATUS_NOT_INITIALIZED
    WARNING: GigaTIME failed on patch (123904, 29696): cuDNN error: CUDNN_STATUS_NOT_INITIALIZED
    WARNING: GigaTIME failed on patch (123904, 30720): cuDNN error: CUDNN_STATUS_NOT_INITIALIZED
    WARNING: GigaTIME failed on patch (123904, 31744): cuDNN error: CUDNN_STATUS_NOT_INITIALIZED
    WARNING: GigaTIME failed on patch (123904, 32768): cuDNN error: CUDNN_STATUS_NOT_INITIALIZED
    WARNING: GigaTIME failed on patch (123904, 33792): cuDNN error: CUDNN_STATUS_NOT_INITIALIZED
    WARNING: GigaTIME failed on patch (123904, 34816): cuDNN error: CUDNN_STATUS_NOT_INITIALIZED
    WARNING: GigaTIME failed on patch (123904, 35840): cuDNN error: CUDNN_STATUS_NOT_INITIALIZED
    WARNING: GigaTIME failed on patch (123904, 36864): cuDNN error: CUDNN_STATUS_NOT_INITIALIZED
    WARNING: GigaTIME failed on patch (123904, 37888): cuDNN error: CUDNN_STATUS_NOT_INITIALIZED
    WARNING: GigaTIME failed on patch (123904, 38912): cuDNN error: CUDNN_STATUS_NOT_INITIALIZED
    WARNING: GigaTIME failed on patch (123904, 39936): cuDNN error: CUDNN_STATUS_NOT_INITIALIZED
    WARNING: GigaTIME failed on patch (123904, 40960): cuDNN error: CUDNN_STATUS_NOT_INITIALIZED
    WARNING: GigaTIME failed on patch (123904, 41984): cuDNN error: CUDNN_STATUS_NOT_INITIALIZED
    WARNING: GigaTIME failed on patch (123904, 43008): cuDNN error: CUDNN_STATUS_NOT_INITIALIZED
    WARNING: GigaTIME failed on patch (123904, 44032): cuDNN error: CUDNN_STATUS_NOT_INITIALIZED
    WARNING: GigaTIME failed on patch (123904, 45056): cuDNN error: CUDNN_STATUS_NOT_INITIALIZED
    WARNING: GigaTIME failed on patch (123904, 46080): cuDNN error: CUDNN_STATUS_NOT_INITIALIZED
    WARNING: GigaTIME failed on patch (123904, 47104): cuDNN error: CUDNN_STATUS_NOT_INITIALIZED
    WARNING: GigaTIME failed on patch (123904, 48128): cuDNN error: CUDNN_STATUS_NOT_INITIALIZED
    WARNING: GigaTIME failed on patch (123904, 49152): cuDNN error: CUDNN_STATUS_NOT_INITIALIZED
    WARNING: GigaTIME failed on patch (123904, 50176): cuDNN error: CUDNN_STATUS_NOT_INITIALIZED
    WARNING: GigaTIME failed on patch (123904, 51200): cuDNN error: CUDNN_STATUS_NOT_INITIALIZED
    WARNING: GigaTIME failed on patch (123904, 52224): cuDNN error: CUDNN_STATUS_NOT_INITIALIZED
    WARNING: GigaTIME failed on patch (123904, 53248): cuDNN error: CUDNN_STATUS_NOT_INITIALIZED
    WARNING: GigaTIME failed on patch (123904, 54272): cuDNN error: CUDNN_STATUS_NOT_INITIALIZED
    WARNING: GigaTIME failed on patch (123904, 55296): cuDNN error: CUDNN_STATUS_NOT_INITIALIZED
    WARNING: GigaTIME failed on patch (123904, 56320): cuDNN error: CUDNN_STATUS_NOT_INITIALIZED
    WARNING: GigaTIME failed on patch (123904, 57344): cuDNN error: CUDNN_STATUS_NOT_INITIALIZED
    WARNING: GigaTIME failed on patch (123904, 58368): cuDNN error: CUDNN_STATUS_NOT_INITIALIZED
    WARNING: GigaTIME failed on patch (123904, 59392): cuDNN error: CUDNN_STATUS_NOT_INITIALIZED
    WARNING: GigaTIME failed on patch (123904, 60416): cuDNN error: CUDNN_STATUS_NOT_INITIALIZED
    WARNING: GigaTIME failed on patch (123904, 61440): cuDNN error: CUDNN_STATUS_NOT_INITIALIZED
    WARNING: GigaTIME failed on patch (123904, 62464): cuDNN error: CUDNN_STATUS_NOT_INITIALIZED
    WARNING: GigaTIME failed on patch (124928, 8192): cuDNN error: CUDNN_STATUS_NOT_INITIALIZED
    WARNING: GigaTIME failed on patch (124928, 9216): cuDNN error: CUDNN_STATUS_NOT_INITIALIZED
    WARNING: GigaTIME failed on patch (124928, 10240): cuDNN error: CUDNN_STATUS_NOT_INITIALIZED
    WARNING: GigaTIME failed on patch (124928, 11264): cuDNN error: CUDNN_STATUS_NOT_INITIALIZED
    WARNING: GigaTIME failed on patch (124928, 12288): cuDNN error: CUDNN_STATUS_NOT_INITIALIZED
    WARNING: GigaTIME failed on patch (124928, 13312): cuDNN error: CUDNN_STATUS_NOT_INITIALIZED
    WARNING: GigaTIME failed on patch (124928, 14336): cuDNN error: CUDNN_STATUS_NOT_INITIALIZED
    WARNING: GigaTIME failed on patch (124928, 16384): cuDNN error: CUDNN_STATUS_NOT_INITIALIZED
    WARNING: GigaTIME failed on patch (124928, 17408): cuDNN error: CUDNN_STATUS_NOT_INITIALIZED
    WARNING: GigaTIME failed on patch (124928, 18432): cuDNN error: CUDNN_STATUS_NOT_INITIALIZED
    WARNING: GigaTIME failed on patch (124928, 19456): cuDNN error: CUDNN_STATUS_NOT_INITIALIZED
    WARNING: GigaTIME failed on patch (124928, 20480): cuDNN error: CUDNN_STATUS_NOT_INITIALIZED
    WARNING: GigaTIME failed on patch (124928, 21504): cuDNN error: CUDNN_STATUS_NOT_INITIALIZED
    WARNING: GigaTIME failed on patch (124928, 22528): cuDNN error: CUDNN_STATUS_NOT_INITIALIZED
    WARNING: GigaTIME failed on patch (124928, 23552): cuDNN error: CUDNN_STATUS_NOT_INITIALIZED
    WARNING: GigaTIME failed on patch (124928, 24576): cuDNN error: CUDNN_STATUS_NOT_INITIALIZED
    WARNING: GigaTIME failed on patch (124928, 25600): cuDNN error: CUDNN_STATUS_NOT_INITIALIZED
    WARNING: GigaTIME failed on patch (124928, 26624): cuDNN error: CUDNN_STATUS_NOT_INITIALIZED
    WARNING: GigaTIME failed on patch (124928, 27648): cuDNN error: CUDNN_STATUS_NOT_INITIALIZED
    WARNING: GigaTIME failed on patch (124928, 28672): cuDNN error: CUDNN_STATUS_NOT_INITIALIZED
    WARNING: GigaTIME failed on patch (124928, 29696): cuDNN error: CUDNN_STATUS_NOT_INITIALIZED
    WARNING: GigaTIME failed on patch (124928, 30720): cuDNN error: CUDNN_STATUS_NOT_INITIALIZED
    WARNING: GigaTIME failed on patch (124928, 31744): cuDNN error: CUDNN_STATUS_NOT_INITIALIZED
    WARNING: GigaTIME failed on patch (124928, 32768): cuDNN error: CUDNN_STATUS_NOT_INITIALIZED
    WARNING: GigaTIME failed on patch (124928, 33792): cuDNN error: CUDNN_STATUS_NOT_INITIALIZED
    WARNING: GigaTIME failed on patch (124928, 34816): cuDNN error: CUDNN_STATUS_NOT_INITIALIZED
    WARNING: GigaTIME failed on patch (124928, 35840): cuDNN error: CUDNN_STATUS_NOT_INITIALIZED
    WARNING: GigaTIME failed on patch (124928, 36864): cuDNN error: CUDNN_STATUS_NOT_INITIALIZED
    WARNING: GigaTIME failed on patch (124928, 37888): cuDNN error: CUDNN_STATUS_NOT_INITIALIZED
    WARNING: GigaTIME failed on patch (124928, 38912): cuDNN error: CUDNN_STATUS_NOT_INITIALIZED
    WARNING: GigaTIME failed on patch (124928, 39936): cuDNN error: CUDNN_STATUS_NOT_INITIALIZED
    WARNING: GigaTIME failed on patch (124928, 40960): cuDNN error: CUDNN_STATUS_NOT_INITIALIZED
    WARNING: GigaTIME failed on patch (124928, 41984): cuDNN error: CUDNN_STATUS_NOT_INITIALIZED
    WARNING: GigaTIME failed on patch (124928, 43008): cuDNN error: CUDNN_STATUS_NOT_INITIALIZED
    WARNING: GigaTIME failed on patch (124928, 44032): cuDNN error: CUDNN_STATUS_NOT_INITIALIZED
    WARNING: GigaTIME failed on patch (124928, 45056): cuDNN error: CUDNN_STATUS_NOT_INITIALIZED
    WARNING: GigaTIME failed on patch (124928, 46080): cuDNN error: CUDNN_STATUS_NOT_INITIALIZED
    WARNING: GigaTIME failed on patch (124928, 47104): cuDNN error: CUDNN_STATUS_NOT_INITIALIZED
    WARNING: GigaTIME failed on patch (124928, 48128): cuDNN error: CUDNN_STATUS_NOT_INITIALIZED
    WARNING: GigaTIME failed on patch (124928, 49152): cuDNN error: CUDNN_STATUS_NOT_INITIALIZED
    WARNING: GigaTIME failed on patch (124928, 50176): cuDNN error: CUDNN_STATUS_NOT_INITIALIZED
    WARNING: GigaTIME failed on patch (124928, 51200): cuDNN error: CUDNN_STATUS_NOT_INITIALIZED
    WARNING: GigaTIME failed on patch (124928, 52224): cuDNN error: CUDNN_STATUS_NOT_INITIALIZED
    WARNING: GigaTIME failed on patch (124928, 53248): cuDNN error: CUDNN_STATUS_NOT_INITIALIZED
    WARNING: GigaTIME failed on patch (124928, 54272): cuDNN error: CUDNN_STATUS_NOT_INITIALIZED
    WARNING: GigaTIME failed on patch (124928, 55296): cuDNN error: CUDNN_STATUS_NOT_INITIALIZED
    WARNING: GigaTIME failed on patch (124928, 56320): cuDNN error: CUDNN_STATUS_NOT_INITIALIZED
    WARNING: GigaTIME failed on patch (124928, 57344): cuDNN error: CUDNN_STATUS_NOT_INITIALIZED
    WARNING: GigaTIME failed on patch (124928, 58368): cuDNN error: CUDNN_STATUS_NOT_INITIALIZED
    WARNING: GigaTIME failed on patch (124928, 59392): cuDNN error: CUDNN_STATUS_NOT_INITIALIZED
    WARNING: GigaTIME failed on patch (124928, 60416): cuDNN error: CUDNN_STATUS_NOT_INITIALIZED
    WARNING: GigaTIME failed on patch (124928, 61440): cuDNN error: CUDNN_STATUS_NOT_INITIALIZED
    WARNING: GigaTIME failed on patch (124928, 62464): cuDNN error: CUDNN_STATUS_NOT_INITIALIZED
    WARNING: GigaTIME failed on patch (125952, 8192): cuDNN error: CUDNN_STATUS_NOT_INITIALIZED
    WARNING: GigaTIME failed on patch (125952, 9216): cuDNN error: CUDNN_STATUS_NOT_INITIALIZED
    WARNING: GigaTIME failed on patch (125952, 10240): cuDNN error: CUDNN_STATUS_NOT_INITIALIZED
    WARNING: GigaTIME failed on patch (125952, 11264): cuDNN error: CUDNN_STATUS_NOT_INITIALIZED
    WARNING: GigaTIME failed on patch (125952, 12288): cuDNN error: CUDNN_STATUS_NOT_INITIALIZED
    WARNING: GigaTIME failed on patch (125952, 13312): cuDNN error: CUDNN_STATUS_NOT_INITIALIZED
    WARNING: GigaTIME failed on patch (125952, 14336): cuDNN error: CUDNN_STATUS_NOT_INITIALIZED
    WARNING: GigaTIME failed on patch (125952, 16384): cuDNN error: CUDNN_STATUS_NOT_INITIALIZED
    WARNING: GigaTIME failed on patch (125952, 17408): cuDNN error: CUDNN_STATUS_NOT_INITIALIZED
    WARNING: GigaTIME failed on patch (125952, 18432): cuDNN error: CUDNN_STATUS_NOT_INITIALIZED
    WARNING: GigaTIME failed on patch (125952, 19456): cuDNN error: CUDNN_STATUS_NOT_INITIALIZED
    WARNING: GigaTIME failed on patch (125952, 20480): cuDNN error: CUDNN_STATUS_NOT_INITIALIZED
    WARNING: GigaTIME failed on patch (125952, 21504): cuDNN error: CUDNN_STATUS_NOT_INITIALIZED
    WARNING: GigaTIME failed on patch (125952, 22528): cuDNN error: CUDNN_STATUS_NOT_INITIALIZED
    WARNING: GigaTIME failed on patch (125952, 23552): cuDNN error: CUDNN_STATUS_NOT_INITIALIZED
    WARNING: GigaTIME failed on patch (125952, 24576): cuDNN error: CUDNN_STATUS_NOT_INITIALIZED
    WARNING: GigaTIME failed on patch (125952, 25600): cuDNN error: CUDNN_STATUS_NOT_INITIALIZED
    WARNING: GigaTIME failed on patch (125952, 26624): cuDNN error: CUDNN_STATUS_NOT_INITIALIZED
    WARNING: GigaTIME failed on patch (125952, 27648): cuDNN error: CUDNN_STATUS_NOT_INITIALIZED
    WARNING: GigaTIME failed on patch (125952, 28672): cuDNN error: CUDNN_STATUS_NOT_INITIALIZED
    WARNING: GigaTIME failed on patch (125952, 29696): cuDNN error: CUDNN_STATUS_NOT_INITIALIZED
    WARNING: GigaTIME failed on patch (125952, 30720): cuDNN error: CUDNN_STATUS_NOT_INITIALIZED
    WARNING: GigaTIME failed on patch (125952, 31744): cuDNN error: CUDNN_STATUS_NOT_INITIALIZED
    WARNING: GigaTIME failed on patch (125952, 32768): cuDNN error: CUDNN_STATUS_NOT_INITIALIZED
    WARNING: GigaTIME failed on patch (125952, 33792): cuDNN error: CUDNN_STATUS_NOT_INITIALIZED
    WARNING: GigaTIME failed on patch (125952, 34816): cuDNN error: CUDNN_STATUS_NOT_INITIALIZED
    WARNING: GigaTIME failed on patch (125952, 35840): cuDNN error: CUDNN_STATUS_NOT_INITIALIZED
    WARNING: GigaTIME failed on patch (125952, 36864): cuDNN error: CUDNN_STATUS_NOT_INITIALIZED
    WARNING: GigaTIME failed on patch (125952, 37888): cuDNN error: CUDNN_STATUS_NOT_INITIALIZED
    WARNING: GigaTIME failed on patch (125952, 38912): cuDNN error: CUDNN_STATUS_NOT_INITIALIZED
    WARNING: GigaTIME failed on patch (125952, 39936): cuDNN error: CUDNN_STATUS_NOT_INITIALIZED
    WARNING: GigaTIME failed on patch (125952, 40960): cuDNN error: CUDNN_STATUS_NOT_INITIALIZED
    WARNING: GigaTIME failed on patch (125952, 41984): cuDNN error: CUDNN_STATUS_NOT_INITIALIZED
    WARNING: GigaTIME failed on patch (125952, 43008): cuDNN error: CUDNN_STATUS_NOT_INITIALIZED
    WARNING: GigaTIME failed on patch (125952, 44032): cuDNN error: CUDNN_STATUS_NOT_INITIALIZED
    WARNING: GigaTIME failed on patch (125952, 45056): cuDNN error: CUDNN_STATUS_NOT_INITIALIZED
    WARNING: GigaTIME failed on patch (125952, 46080): cuDNN error: CUDNN_STATUS_NOT_INITIALIZED
    WARNING: GigaTIME failed on patch (125952, 47104): cuDNN error: CUDNN_STATUS_NOT_INITIALIZED
    WARNING: GigaTIME failed on patch (125952, 48128): cuDNN error: CUDNN_STATUS_NOT_INITIALIZED
    WARNING: GigaTIME failed on patch (125952, 49152): cuDNN error: CUDNN_STATUS_NOT_INITIALIZED
    WARNING: GigaTIME failed on patch (125952, 50176): cuDNN error: CUDNN_STATUS_NOT_INITIALIZED
    WARNING: GigaTIME failed on patch (125952, 51200): cuDNN error: CUDNN_STATUS_NOT_INITIALIZED
    WARNING: GigaTIME failed on patch (125952, 52224): cuDNN error: CUDNN_STATUS_NOT_INITIALIZED
    WARNING: GigaTIME failed on patch (125952, 53248): cuDNN error: CUDNN_STATUS_NOT_INITIALIZED
    WARNING: GigaTIME failed on patch (125952, 54272): cuDNN error: CUDNN_STATUS_NOT_INITIALIZED
    WARNING: GigaTIME failed on patch (125952, 55296): cuDNN error: CUDNN_STATUS_NOT_INITIALIZED
    WARNING: GigaTIME failed on patch (125952, 56320): cuDNN error: CUDNN_STATUS_NOT_INITIALIZED
    WARNING: GigaTIME failed on patch (125952, 57344): cuDNN error: CUDNN_STATUS_NOT_INITIALIZED
    WARNING: GigaTIME failed on patch (125952, 58368): cuDNN error: CUDNN_STATUS_NOT_INITIALIZED
    WARNING: GigaTIME failed on patch (125952, 59392): cuDNN error: CUDNN_STATUS_NOT_INITIALIZED
    WARNING: GigaTIME failed on patch (125952, 60416): cuDNN error: CUDNN_STATUS_NOT_INITIALIZED
    WARNING: GigaTIME failed on patch (125952, 61440): cuDNN error: CUDNN_STATUS_NOT_INITIALIZED
    WARNING: GigaTIME failed on patch (125952, 62464): cuDNN error: CUDNN_STATUS_NOT_INITIALIZED
    WARNING: GigaTIME failed on patch (126976, 7168): cuDNN error: CUDNN_STATUS_NOT_INITIALIZED
    WARNING: GigaTIME failed on patch (126976, 8192): cuDNN error: CUDNN_STATUS_NOT_INITIALIZED
    WARNING: GigaTIME failed on patch (126976, 9216): cuDNN error: CUDNN_STATUS_NOT_INITIALIZED
    WARNING: GigaTIME failed on patch (126976, 10240): cuDNN error: CUDNN_STATUS_NOT_INITIALIZED
    WARNING: GigaTIME failed on patch (126976, 11264): cuDNN error: CUDNN_STATUS_NOT_INITIALIZED
    WARNING: GigaTIME failed on patch (126976, 12288): cuDNN error: CUDNN_STATUS_NOT_INITIALIZED
    WARNING: GigaTIME failed on patch (126976, 13312): cuDNN error: CUDNN_STATUS_NOT_INITIALIZED
    WARNING: GigaTIME failed on patch (126976, 14336): cuDNN error: CUDNN_STATUS_NOT_INITIALIZED
    WARNING: GigaTIME failed on patch (126976, 16384): cuDNN error: CUDNN_STATUS_NOT_INITIALIZED
    WARNING: GigaTIME failed on patch (126976, 17408): cuDNN error: CUDNN_STATUS_NOT_INITIALIZED
    WARNING: GigaTIME failed on patch (126976, 18432): cuDNN error: CUDNN_STATUS_NOT_INITIALIZED
    WARNING: GigaTIME failed on patch (126976, 19456): cuDNN error: CUDNN_STATUS_NOT_INITIALIZED
    WARNING: GigaTIME failed on patch (126976, 20480): cuDNN error: CUDNN_STATUS_NOT_INITIALIZED
    WARNING: GigaTIME failed on patch (126976, 21504): cuDNN error: CUDNN_STATUS_NOT_INITIALIZED
    WARNING: GigaTIME failed on patch (126976, 22528): cuDNN error: CUDNN_STATUS_NOT_INITIALIZED
    WARNING: GigaTIME failed on patch (126976, 23552): cuDNN error: CUDNN_STATUS_NOT_INITIALIZED
    WARNING: GigaTIME failed on patch (126976, 24576): cuDNN error: CUDNN_STATUS_NOT_INITIALIZED
    WARNING: GigaTIME failed on patch (126976, 25600): cuDNN error: CUDNN_STATUS_NOT_INITIALIZED
    WARNING: GigaTIME failed on patch (126976, 26624): cuDNN error: CUDNN_STATUS_NOT_INITIALIZED
    WARNING: GigaTIME failed on patch (126976, 27648): cuDNN error: CUDNN_STATUS_NOT_INITIALIZED
    WARNING: GigaTIME failed on patch (126976, 28672): cuDNN error: CUDNN_STATUS_NOT_INITIALIZED
    WARNING: GigaTIME failed on patch (126976, 29696): cuDNN error: CUDNN_STATUS_NOT_INITIALIZED
    WARNING: GigaTIME failed on patch (126976, 30720): cuDNN error: CUDNN_STATUS_NOT_INITIALIZED
    WARNING: GigaTIME failed on patch (126976, 31744): cuDNN error: CUDNN_STATUS_NOT_INITIALIZED
    WARNING: GigaTIME failed on patch (126976, 32768): cuDNN error: CUDNN_STATUS_NOT_INITIALIZED
    WARNING: GigaTIME failed on patch (126976, 33792): cuDNN error: CUDNN_STATUS_NOT_INITIALIZED
    WARNING: GigaTIME failed on patch (126976, 34816): cuDNN error: CUDNN_STATUS_NOT_INITIALIZED
    WARNING: GigaTIME failed on patch (126976, 35840): cuDNN error: CUDNN_STATUS_NOT_INITIALIZED
    WARNING: GigaTIME failed on patch (126976, 36864): cuDNN error: CUDNN_STATUS_NOT_INITIALIZED
    WARNING: GigaTIME failed on patch (126976, 37888): cuDNN error: CUDNN_STATUS_NOT_INITIALIZED
    WARNING: GigaTIME failed on patch (126976, 38912): cuDNN error: CUDNN_STATUS_NOT_INITIALIZED
    WARNING: GigaTIME failed on patch (126976, 39936): cuDNN error: CUDNN_STATUS_NOT_INITIALIZED
    WARNING: GigaTIME failed on patch (126976, 40960): cuDNN error: CUDNN_STATUS_NOT_INITIALIZED
    WARNING: GigaTIME failed on patch (126976, 41984): cuDNN error: CUDNN_STATUS_NOT_INITIALIZED
    WARNING: GigaTIME failed on patch (126976, 43008): cuDNN error: CUDNN_STATUS_NOT_INITIALIZED
    WARNING: GigaTIME failed on patch (126976, 44032): cuDNN error: CUDNN_STATUS_NOT_INITIALIZED
    WARNING: GigaTIME failed on patch (126976, 45056): cuDNN error: CUDNN_STATUS_NOT_INITIALIZED
    WARNING: GigaTIME failed on patch (126976, 46080): cuDNN error: CUDNN_STATUS_NOT_INITIALIZED
    WARNING: GigaTIME failed on patch (126976, 47104): cuDNN error: CUDNN_STATUS_NOT_INITIALIZED
    WARNING: GigaTIME failed on patch (126976, 48128): cuDNN error: CUDNN_STATUS_NOT_INITIALIZED
    WARNING: GigaTIME failed on patch (126976, 49152): cuDNN error: CUDNN_STATUS_NOT_INITIALIZED
    WARNING: GigaTIME failed on patch (126976, 50176): cuDNN error: CUDNN_STATUS_NOT_INITIALIZED
    WARNING: GigaTIME failed on patch (126976, 51200): cuDNN error: CUDNN_STATUS_NOT_INITIALIZED
    WARNING: GigaTIME failed on patch (126976, 52224): cuDNN error: CUDNN_STATUS_NOT_INITIALIZED
    WARNING: GigaTIME failed on patch (126976, 53248): cuDNN error: CUDNN_STATUS_NOT_INITIALIZED
    WARNING: GigaTIME failed on patch (126976, 54272): cuDNN error: CUDNN_STATUS_NOT_INITIALIZED
    WARNING: GigaTIME failed on patch (126976, 55296): cuDNN error: CUDNN_STATUS_NOT_INITIALIZED
    WARNING: GigaTIME failed on patch (126976, 56320): cuDNN error: CUDNN_STATUS_NOT_INITIALIZED
    WARNING: GigaTIME failed on patch (126976, 57344): cuDNN error: CUDNN_STATUS_NOT_INITIALIZED
    WARNING: GigaTIME failed on patch (126976, 58368): cuDNN error: CUDNN_STATUS_NOT_INITIALIZED
    WARNING: GigaTIME failed on patch (126976, 59392): cuDNN error: CUDNN_STATUS_NOT_INITIALIZED
    WARNING: GigaTIME failed on patch (126976, 60416): cuDNN error: CUDNN_STATUS_NOT_INITIALIZED
    WARNING: GigaTIME failed on patch (126976, 61440): cuDNN error: CUDNN_STATUS_NOT_INITIALIZED
    WARNING: GigaTIME failed on patch (126976, 62464): cuDNN error: CUDNN_STATUS_NOT_INITIALIZED
    WARNING: GigaTIME failed on patch (128000, 7168): cuDNN error: CUDNN_STATUS_NOT_INITIALIZED
    WARNING: GigaTIME failed on patch (128000, 8192): cuDNN error: CUDNN_STATUS_NOT_INITIALIZED
    WARNING: GigaTIME failed on patch (128000, 9216): cuDNN error: CUDNN_STATUS_NOT_INITIALIZED
    WARNING: GigaTIME failed on patch (128000, 10240): cuDNN error: CUDNN_STATUS_NOT_INITIALIZED
    WARNING: GigaTIME failed on patch (128000, 11264): cuDNN error: CUDNN_STATUS_NOT_INITIALIZED
    WARNING: GigaTIME failed on patch (128000, 12288): cuDNN error: CUDNN_STATUS_NOT_INITIALIZED
    WARNING: GigaTIME failed on patch (128000, 16384): cuDNN error: CUDNN_STATUS_NOT_INITIALIZED
    WARNING: GigaTIME failed on patch (128000, 17408): cuDNN error: CUDNN_STATUS_NOT_INITIALIZED
    WARNING: GigaTIME failed on patch (128000, 18432): cuDNN error: CUDNN_STATUS_NOT_INITIALIZED
    WARNING: GigaTIME failed on patch (128000, 19456): cuDNN error: CUDNN_STATUS_NOT_INITIALIZED
    WARNING: GigaTIME failed on patch (128000, 20480): cuDNN error: CUDNN_STATUS_NOT_INITIALIZED
    WARNING: GigaTIME failed on patch (128000, 21504): cuDNN error: CUDNN_STATUS_NOT_INITIALIZED
    WARNING: GigaTIME failed on patch (128000, 22528): cuDNN error: CUDNN_STATUS_NOT_INITIALIZED
    WARNING: GigaTIME failed on patch (128000, 23552): cuDNN error: CUDNN_STATUS_NOT_INITIALIZED
    WARNING: GigaTIME failed on patch (128000, 24576): cuDNN error: CUDNN_STATUS_NOT_INITIALIZED
    WARNING: GigaTIME failed on patch (128000, 25600): cuDNN error: CUDNN_STATUS_NOT_INITIALIZED
    WARNING: GigaTIME failed on patch (128000, 26624): cuDNN error: CUDNN_STATUS_NOT_INITIALIZED
    WARNING: GigaTIME failed on patch (128000, 27648): cuDNN error: CUDNN_STATUS_NOT_INITIALIZED
    WARNING: GigaTIME failed on patch (128000, 28672): cuDNN error: CUDNN_STATUS_NOT_INITIALIZED
    WARNING: GigaTIME failed on patch (128000, 29696): cuDNN error: CUDNN_STATUS_NOT_INITIALIZED
    WARNING: GigaTIME failed on patch (128000, 30720): cuDNN error: CUDNN_STATUS_NOT_INITIALIZED
    WARNING: GigaTIME failed on patch (128000, 31744): cuDNN error: CUDNN_STATUS_NOT_INITIALIZED
    WARNING: GigaTIME failed on patch (128000, 32768): cuDNN error: CUDNN_STATUS_NOT_INITIALIZED
    WARNING: GigaTIME failed on patch (128000, 33792): cuDNN error: CUDNN_STATUS_NOT_INITIALIZED
    WARNING: GigaTIME failed on patch (128000, 34816): cuDNN error: CUDNN_STATUS_NOT_INITIALIZED
    WARNING: GigaTIME failed on patch (128000, 35840): cuDNN error: CUDNN_STATUS_NOT_INITIALIZED
    WARNING: GigaTIME failed on patch (128000, 36864): cuDNN error: CUDNN_STATUS_NOT_INITIALIZED
    WARNING: GigaTIME failed on patch (128000, 37888): cuDNN error: CUDNN_STATUS_NOT_INITIALIZED
    WARNING: GigaTIME failed on patch (128000, 38912): cuDNN error: CUDNN_STATUS_NOT_INITIALIZED
    WARNING: GigaTIME failed on patch (128000, 39936): cuDNN error: CUDNN_STATUS_NOT_INITIALIZED
    WARNING: GigaTIME failed on patch (128000, 40960): cuDNN error: CUDNN_STATUS_NOT_INITIALIZED
    WARNING: GigaTIME failed on patch (128000, 41984): cuDNN error: CUDNN_STATUS_NOT_INITIALIZED
    WARNING: GigaTIME failed on patch (128000, 43008): cuDNN error: CUDNN_STATUS_NOT_INITIALIZED
    WARNING: GigaTIME failed on patch (128000, 44032): cuDNN error: CUDNN_STATUS_NOT_INITIALIZED
    WARNING: GigaTIME failed on patch (128000, 45056): cuDNN error: CUDNN_STATUS_NOT_INITIALIZED
    WARNING: GigaTIME failed on patch (128000, 46080): cuDNN error: CUDNN_STATUS_NOT_INITIALIZED
    WARNING: GigaTIME failed on patch (128000, 47104): cuDNN error: CUDNN_STATUS_NOT_INITIALIZED
    WARNING: GigaTIME failed on patch (128000, 48128): cuDNN error: CUDNN_STATUS_NOT_INITIALIZED
    WARNING: GigaTIME failed on patch (128000, 49152): cuDNN error: CUDNN_STATUS_NOT_INITIALIZED
    WARNING: GigaTIME failed on patch (128000, 50176): cuDNN error: CUDNN_STATUS_NOT_INITIALIZED
    WARNING: GigaTIME failed on patch (128000, 51200): cuDNN error: CUDNN_STATUS_NOT_INITIALIZED
    WARNING: GigaTIME failed on patch (128000, 52224): cuDNN error: CUDNN_STATUS_NOT_INITIALIZED
    WARNING: GigaTIME failed on patch (128000, 53248): cuDNN error: CUDNN_STATUS_NOT_INITIALIZED
    WARNING: GigaTIME failed on patch (128000, 54272): cuDNN error: CUDNN_STATUS_NOT_INITIALIZED
    WARNING: GigaTIME failed on patch (128000, 55296): cuDNN error: CUDNN_STATUS_NOT_INITIALIZED
    WARNING: GigaTIME failed on patch (128000, 56320): cuDNN error: CUDNN_STATUS_NOT_INITIALIZED
    WARNING: GigaTIME failed on patch (128000, 57344): cuDNN error: CUDNN_STATUS_NOT_INITIALIZED
    WARNING: GigaTIME failed on patch (128000, 58368): cuDNN error: CUDNN_STATUS_NOT_INITIALIZED
    WARNING: GigaTIME failed on patch (128000, 59392): cuDNN error: CUDNN_STATUS_NOT_INITIALIZED
    WARNING: GigaTIME failed on patch (128000, 60416): cuDNN error: CUDNN_STATUS_NOT_INITIALIZED
    WARNING: GigaTIME failed on patch (128000, 61440): cuDNN error: CUDNN_STATUS_NOT_INITIALIZED
    WARNING: GigaTIME failed on patch (128000, 62464): cuDNN error: CUDNN_STATUS_NOT_INITIALIZED
    WARNING: GigaTIME failed on patch (129024, 6144): cuDNN error: CUDNN_STATUS_NOT_INITIALIZED
    WARNING: GigaTIME failed on patch (129024, 7168): cuDNN error: CUDNN_STATUS_NOT_INITIALIZED
    WARNING: GigaTIME failed on patch (129024, 8192): cuDNN error: CUDNN_STATUS_NOT_INITIALIZED
    WARNING: GigaTIME failed on patch (129024, 9216): cuDNN error: CUDNN_STATUS_NOT_INITIALIZED
    WARNING: GigaTIME failed on patch (129024, 10240): cuDNN error: CUDNN_STATUS_NOT_INITIALIZED
    WARNING: GigaTIME failed on patch (129024, 11264): cuDNN error: CUDNN_STATUS_NOT_INITIALIZED
    WARNING: GigaTIME failed on patch (129024, 12288): cuDNN error: CUDNN_STATUS_NOT_INITIALIZED
    WARNING: GigaTIME failed on patch (129024, 13312): cuDNN error: CUDNN_STATUS_NOT_INITIALIZED
    WARNING: GigaTIME failed on patch (129024, 14336): cuDNN error: CUDNN_STATUS_NOT_INITIALIZED
    WARNING: GigaTIME failed on patch (129024, 16384): cuDNN error: CUDNN_STATUS_NOT_INITIALIZED
    WARNING: GigaTIME failed on patch (129024, 17408): cuDNN error: CUDNN_STATUS_NOT_INITIALIZED
    WARNING: GigaTIME failed on patch (129024, 18432): cuDNN error: CUDNN_STATUS_NOT_INITIALIZED
    WARNING: GigaTIME failed on patch (129024, 19456): cuDNN error: CUDNN_STATUS_NOT_INITIALIZED
    WARNING: GigaTIME failed on patch (129024, 20480): cuDNN error: CUDNN_STATUS_NOT_INITIALIZED
    WARNING: GigaTIME failed on patch (129024, 21504): cuDNN error: CUDNN_STATUS_NOT_INITIALIZED
    WARNING: GigaTIME failed on patch (129024, 22528): cuDNN error: CUDNN_STATUS_NOT_INITIALIZED
    WARNING: GigaTIME failed on patch (129024, 23552): cuDNN error: CUDNN_STATUS_NOT_INITIALIZED
    WARNING: GigaTIME failed on patch (129024, 24576): cuDNN error: CUDNN_STATUS_NOT_INITIALIZED
    WARNING: GigaTIME failed on patch (129024, 25600): cuDNN error: CUDNN_STATUS_NOT_INITIALIZED
    WARNING: GigaTIME failed on patch (129024, 26624): cuDNN error: CUDNN_STATUS_NOT_INITIALIZED
    WARNING: GigaTIME failed on patch (129024, 27648): cuDNN error: CUDNN_STATUS_NOT_INITIALIZED
    WARNING: GigaTIME failed on patch (129024, 28672): cuDNN error: CUDNN_STATUS_NOT_INITIALIZED
    WARNING: GigaTIME failed on patch (129024, 29696): cuDNN error: CUDNN_STATUS_NOT_INITIALIZED
    WARNING: GigaTIME failed on patch (129024, 30720): cuDNN error: CUDNN_STATUS_NOT_INITIALIZED
    WARNING: GigaTIME failed on patch (129024, 31744): cuDNN error: CUDNN_STATUS_NOT_INITIALIZED
    WARNING: GigaTIME failed on patch (129024, 32768): cuDNN error: CUDNN_STATUS_NOT_INITIALIZED
    WARNING: GigaTIME failed on patch (129024, 33792): cuDNN error: CUDNN_STATUS_NOT_INITIALIZED
    WARNING: GigaTIME failed on patch (129024, 34816): cuDNN error: CUDNN_STATUS_NOT_INITIALIZED
    WARNING: GigaTIME failed on patch (129024, 35840): cuDNN error: CUDNN_STATUS_NOT_INITIALIZED
    WARNING: GigaTIME failed on patch (129024, 36864): cuDNN error: CUDNN_STATUS_NOT_INITIALIZED
    WARNING: GigaTIME failed on patch (129024, 37888): cuDNN error: CUDNN_STATUS_NOT_INITIALIZED
    WARNING: GigaTIME failed on patch (129024, 38912): cuDNN error: CUDNN_STATUS_NOT_INITIALIZED
    WARNING: GigaTIME failed on patch (129024, 39936): cuDNN error: CUDNN_STATUS_NOT_INITIALIZED
    WARNING: GigaTIME failed on patch (129024, 40960): cuDNN error: CUDNN_STATUS_NOT_INITIALIZED
    WARNING: GigaTIME failed on patch (129024, 41984): cuDNN error: CUDNN_STATUS_NOT_INITIALIZED
    WARNING: GigaTIME failed on patch (129024, 43008): cuDNN error: CUDNN_STATUS_NOT_INITIALIZED
    WARNING: GigaTIME failed on patch (129024, 44032): cuDNN error: CUDNN_STATUS_NOT_INITIALIZED
    WARNING: GigaTIME failed on patch (129024, 50176): cuDNN error: CUDNN_STATUS_NOT_INITIALIZED
    WARNING: GigaTIME failed on patch (129024, 51200): cuDNN error: CUDNN_STATUS_NOT_INITIALIZED
    WARNING: GigaTIME failed on patch (129024, 52224): cuDNN error: CUDNN_STATUS_NOT_INITIALIZED
    WARNING: GigaTIME failed on patch (129024, 53248): cuDNN error: CUDNN_STATUS_NOT_INITIALIZED
    WARNING: GigaTIME failed on patch (129024, 54272): cuDNN error: CUDNN_STATUS_NOT_INITIALIZED
    WARNING: GigaTIME failed on patch (129024, 55296): cuDNN error: CUDNN_STATUS_NOT_INITIALIZED
    WARNING: GigaTIME failed on patch (129024, 56320): cuDNN error: CUDNN_STATUS_NOT_INITIALIZED
    WARNING: GigaTIME failed on patch (129024, 57344): cuDNN error: CUDNN_STATUS_NOT_INITIALIZED
    WARNING: GigaTIME failed on patch (129024, 58368): cuDNN error: CUDNN_STATUS_NOT_INITIALIZED
    WARNING: GigaTIME failed on patch (129024, 59392): cuDNN error: CUDNN_STATUS_NOT_INITIALIZED
    WARNING: GigaTIME failed on patch (129024, 60416): cuDNN error: CUDNN_STATUS_NOT_INITIALIZED
    WARNING: GigaTIME failed on patch (129024, 61440): cuDNN error: CUDNN_STATUS_NOT_INITIALIZED
    WARNING: GigaTIME failed on patch (129024, 62464): cuDNN error: CUDNN_STATUS_NOT_INITIALIZED
    WARNING: GigaTIME failed on patch (130048, 6144): cuDNN error: CUDNN_STATUS_NOT_INITIALIZED
    WARNING: GigaTIME failed on patch (130048, 7168): cuDNN error: CUDNN_STATUS_NOT_INITIALIZED
    WARNING: GigaTIME failed on patch (130048, 8192): cuDNN error: CUDNN_STATUS_NOT_INITIALIZED
    WARNING: GigaTIME failed on patch (130048, 9216): cuDNN error: CUDNN_STATUS_NOT_INITIALIZED
    WARNING: GigaTIME failed on patch (130048, 10240): cuDNN error: CUDNN_STATUS_NOT_INITIALIZED
    WARNING: GigaTIME failed on patch (130048, 11264): cuDNN error: CUDNN_STATUS_NOT_INITIALIZED
    WARNING: GigaTIME failed on patch (130048, 12288): cuDNN error: CUDNN_STATUS_NOT_INITIALIZED
    WARNING: GigaTIME failed on patch (130048, 13312): cuDNN error: CUDNN_STATUS_NOT_INITIALIZED
    WARNING: GigaTIME failed on patch (130048, 14336): cuDNN error: CUDNN_STATUS_NOT_INITIALIZED
    WARNING: GigaTIME failed on patch (130048, 16384): cuDNN error: CUDNN_STATUS_NOT_INITIALIZED
    WARNING: GigaTIME failed on patch (130048, 17408): cuDNN error: CUDNN_STATUS_NOT_INITIALIZED
    WARNING: GigaTIME failed on patch (130048, 18432): cuDNN error: CUDNN_STATUS_NOT_INITIALIZED
    WARNING: GigaTIME failed on patch (130048, 19456): cuDNN error: CUDNN_STATUS_NOT_INITIALIZED
    WARNING: GigaTIME failed on patch (130048, 20480): cuDNN error: CUDNN_STATUS_NOT_INITIALIZED
    WARNING: GigaTIME failed on patch (130048, 21504): cuDNN error: CUDNN_STATUS_NOT_INITIALIZED
    WARNING: GigaTIME failed on patch (130048, 22528): cuDNN error: CUDNN_STATUS_NOT_INITIALIZED
    WARNING: GigaTIME failed on patch (130048, 23552): cuDNN error: CUDNN_STATUS_NOT_INITIALIZED
    WARNING: GigaTIME failed on patch (130048, 24576): cuDNN error: CUDNN_STATUS_NOT_INITIALIZED
    WARNING: GigaTIME failed on patch (130048, 25600): cuDNN error: CUDNN_STATUS_NOT_INITIALIZED
    WARNING: GigaTIME failed on patch (130048, 26624): cuDNN error: CUDNN_STATUS_NOT_INITIALIZED
    WARNING: GigaTIME failed on patch (130048, 27648): cuDNN error: CUDNN_STATUS_NOT_INITIALIZED
    WARNING: GigaTIME failed on patch (130048, 28672): cuDNN error: CUDNN_STATUS_NOT_INITIALIZED
    WARNING: GigaTIME failed on patch (130048, 29696): cuDNN error: CUDNN_STATUS_NOT_INITIALIZED
    WARNING: GigaTIME failed on patch (130048, 30720): cuDNN error: CUDNN_STATUS_NOT_INITIALIZED
    WARNING: GigaTIME failed on patch (130048, 31744): cuDNN error: CUDNN_STATUS_NOT_INITIALIZED
    WARNING: GigaTIME failed on patch (130048, 32768): cuDNN error: CUDNN_STATUS_NOT_INITIALIZED
    WARNING: GigaTIME failed on patch (130048, 33792): cuDNN error: CUDNN_STATUS_NOT_INITIALIZED
    WARNING: GigaTIME failed on patch (130048, 34816): cuDNN error: CUDNN_STATUS_NOT_INITIALIZED
    WARNING: GigaTIME failed on patch (130048, 35840): cuDNN error: CUDNN_STATUS_NOT_INITIALIZED
    WARNING: GigaTIME failed on patch (130048, 36864): cuDNN error: CUDNN_STATUS_NOT_INITIALIZED
    WARNING: GigaTIME failed on patch (130048, 37888): cuDNN error: CUDNN_STATUS_NOT_INITIALIZED
    WARNING: GigaTIME failed on patch (130048, 38912): cuDNN error: CUDNN_STATUS_NOT_INITIALIZED
    WARNING: GigaTIME failed on patch (130048, 39936): cuDNN error: CUDNN_STATUS_NOT_INITIALIZED
    WARNING: GigaTIME failed on patch (130048, 40960): cuDNN error: CUDNN_STATUS_NOT_INITIALIZED
    WARNING: GigaTIME failed on patch (130048, 41984): cuDNN error: CUDNN_STATUS_NOT_INITIALIZED
    WARNING: GigaTIME failed on patch (130048, 43008): cuDNN error: CUDNN_STATUS_NOT_INITIALIZED
    WARNING: GigaTIME failed on patch (130048, 44032): cuDNN error: CUDNN_STATUS_NOT_INITIALIZED
    WARNING: GigaTIME failed on patch (130048, 45056): cuDNN error: CUDNN_STATUS_NOT_INITIALIZED
    WARNING: GigaTIME failed on patch (130048, 46080): cuDNN error: CUDNN_STATUS_NOT_INITIALIZED
    WARNING: GigaTIME failed on patch (130048, 51200): cuDNN error: CUDNN_STATUS_NOT_INITIALIZED
    WARNING: GigaTIME failed on patch (130048, 52224): cuDNN error: CUDNN_STATUS_NOT_INITIALIZED
    WARNING: GigaTIME failed on patch (130048, 53248): cuDNN error: CUDNN_STATUS_NOT_INITIALIZED
    WARNING: GigaTIME failed on patch (130048, 54272): cuDNN error: CUDNN_STATUS_NOT_INITIALIZED
    WARNING: GigaTIME failed on patch (130048, 55296): cuDNN error: CUDNN_STATUS_NOT_INITIALIZED
    WARNING: GigaTIME failed on patch (130048, 56320): cuDNN error: CUDNN_STATUS_NOT_INITIALIZED
    WARNING: GigaTIME failed on patch (130048, 57344): cuDNN error: CUDNN_STATUS_NOT_INITIALIZED
    WARNING: GigaTIME failed on patch (130048, 58368): cuDNN error: CUDNN_STATUS_NOT_INITIALIZED
    WARNING: GigaTIME failed on patch (130048, 59392): cuDNN error: CUDNN_STATUS_NOT_INITIALIZED
    WARNING: GigaTIME failed on patch (130048, 60416): cuDNN error: CUDNN_STATUS_NOT_INITIALIZED
    WARNING: GigaTIME failed on patch (130048, 61440): cuDNN error: CUDNN_STATUS_NOT_INITIALIZED
    WARNING: GigaTIME failed on patch (130048, 62464): cuDNN error: CUDNN_STATUS_NOT_INITIALIZED
    WARNING: GigaTIME failed on patch (131072, 4096): cuDNN error: CUDNN_STATUS_NOT_INITIALIZED
    WARNING: GigaTIME failed on patch (131072, 5120): cuDNN error: CUDNN_STATUS_NOT_INITIALIZED
    WARNING: GigaTIME failed on patch (131072, 6144): cuDNN error: CUDNN_STATUS_NOT_INITIALIZED
    WARNING: GigaTIME failed on patch (131072, 7168): cuDNN error: CUDNN_STATUS_NOT_INITIALIZED
    WARNING: GigaTIME failed on patch (131072, 8192): cuDNN error: CUDNN_STATUS_NOT_INITIALIZED
    WARNING: GigaTIME failed on patch (131072, 9216): cuDNN error: CUDNN_STATUS_NOT_INITIALIZED
    WARNING: GigaTIME failed on patch (131072, 10240): cuDNN error: CUDNN_STATUS_NOT_INITIALIZED
    WARNING: GigaTIME failed on patch (131072, 11264): cuDNN error: CUDNN_STATUS_NOT_INITIALIZED
    WARNING: GigaTIME failed on patch (131072, 12288): cuDNN error: CUDNN_STATUS_NOT_INITIALIZED
    WARNING: GigaTIME failed on patch (131072, 13312): cuDNN error: CUDNN_STATUS_NOT_INITIALIZED
    WARNING: GigaTIME failed on patch (131072, 15360): cuDNN error: CUDNN_STATUS_NOT_INITIALIZED
    WARNING: GigaTIME failed on patch (131072, 16384): cuDNN error: CUDNN_STATUS_NOT_INITIALIZED
    WARNING: GigaTIME failed on patch (131072, 17408): cuDNN error: CUDNN_STATUS_NOT_INITIALIZED
    WARNING: GigaTIME failed on patch (131072, 18432): cuDNN error: CUDNN_STATUS_NOT_INITIALIZED
    WARNING: GigaTIME failed on patch (131072, 19456): cuDNN error: CUDNN_STATUS_NOT_INITIALIZED
    WARNING: GigaTIME failed on patch (131072, 20480): cuDNN error: CUDNN_STATUS_NOT_INITIALIZED
    WARNING: GigaTIME failed on patch (131072, 21504): cuDNN error: CUDNN_STATUS_NOT_INITIALIZED
    WARNING: GigaTIME failed on patch (131072, 22528): cuDNN error: CUDNN_STATUS_NOT_INITIALIZED
    WARNING: GigaTIME failed on patch (131072, 23552): cuDNN error: CUDNN_STATUS_NOT_INITIALIZED
    WARNING: GigaTIME failed on patch (131072, 24576): cuDNN error: CUDNN_STATUS_NOT_INITIALIZED
    WARNING: GigaTIME failed on patch (131072, 25600): cuDNN error: CUDNN_STATUS_NOT_INITIALIZED
    WARNING: GigaTIME failed on patch (131072, 26624): cuDNN error: CUDNN_STATUS_NOT_INITIALIZED
    WARNING: GigaTIME failed on patch (131072, 27648): cuDNN error: CUDNN_STATUS_NOT_INITIALIZED
    WARNING: GigaTIME failed on patch (131072, 28672): cuDNN error: CUDNN_STATUS_NOT_INITIALIZED
    WARNING: GigaTIME failed on patch (131072, 29696): cuDNN error: CUDNN_STATUS_NOT_INITIALIZED
    WARNING: GigaTIME failed on patch (131072, 30720): cuDNN error: CUDNN_STATUS_NOT_INITIALIZED
    WARNING: GigaTIME failed on patch (131072, 31744): cuDNN error: CUDNN_STATUS_NOT_INITIALIZED
    WARNING: GigaTIME failed on patch (131072, 32768): cuDNN error: CUDNN_STATUS_NOT_INITIALIZED
    WARNING: GigaTIME failed on patch (131072, 33792): cuDNN error: CUDNN_STATUS_NOT_INITIALIZED
    WARNING: GigaTIME failed on patch (131072, 34816): cuDNN error: CUDNN_STATUS_NOT_INITIALIZED
    WARNING: GigaTIME failed on patch (131072, 35840): cuDNN error: CUDNN_STATUS_NOT_INITIALIZED
    WARNING: GigaTIME failed on patch (131072, 36864): cuDNN error: CUDNN_STATUS_NOT_INITIALIZED
    WARNING: GigaTIME failed on patch (131072, 37888): cuDNN error: CUDNN_STATUS_NOT_INITIALIZED
    WARNING: GigaTIME failed on patch (131072, 38912): cuDNN error: CUDNN_STATUS_NOT_INITIALIZED
    WARNING: GigaTIME failed on patch (131072, 39936): cuDNN error: CUDNN_STATUS_NOT_INITIALIZED
    WARNING: GigaTIME failed on patch (131072, 40960): cuDNN error: CUDNN_STATUS_NOT_INITIALIZED
    WARNING: GigaTIME failed on patch (131072, 41984): cuDNN error: CUDNN_STATUS_NOT_INITIALIZED
    WARNING: GigaTIME failed on patch (131072, 43008): cuDNN error: CUDNN_STATUS_NOT_INITIALIZED
    WARNING: GigaTIME failed on patch (131072, 44032): cuDNN error: CUDNN_STATUS_NOT_INITIALIZED
    WARNING: GigaTIME failed on patch (131072, 45056): cuDNN error: CUDNN_STATUS_NOT_INITIALIZED
    WARNING: GigaTIME failed on patch (131072, 46080): cuDNN error: CUDNN_STATUS_NOT_INITIALIZED
    WARNING: GigaTIME failed on patch (131072, 47104): cuDNN error: CUDNN_STATUS_NOT_INITIALIZED
    WARNING: GigaTIME failed on patch (131072, 48128): cuDNN error: CUDNN_STATUS_NOT_INITIALIZED
    WARNING: GigaTIME failed on patch (131072, 49152): cuDNN error: CUDNN_STATUS_NOT_INITIALIZED
    WARNING: GigaTIME failed on patch (131072, 50176): cuDNN error: CUDNN_STATUS_NOT_INITIALIZED
    WARNING: GigaTIME failed on patch (131072, 51200): cuDNN error: CUDNN_STATUS_NOT_INITIALIZED
    WARNING: GigaTIME failed on patch (131072, 52224): cuDNN error: CUDNN_STATUS_NOT_INITIALIZED
    WARNING: GigaTIME failed on patch (131072, 53248): cuDNN error: CUDNN_STATUS_NOT_INITIALIZED
    WARNING: GigaTIME failed on patch (131072, 54272): cuDNN error: CUDNN_STATUS_NOT_INITIALIZED
    WARNING: GigaTIME failed on patch (131072, 55296): cuDNN error: CUDNN_STATUS_NOT_INITIALIZED
    WARNING: GigaTIME failed on patch (131072, 56320): cuDNN error: CUDNN_STATUS_NOT_INITIALIZED
    WARNING: GigaTIME failed on patch (131072, 57344): cuDNN error: CUDNN_STATUS_NOT_INITIALIZED
    WARNING: GigaTIME failed on patch (131072, 58368): cuDNN error: CUDNN_STATUS_NOT_INITIALIZED
    WARNING: GigaTIME failed on patch (131072, 59392): cuDNN error: CUDNN_STATUS_NOT_INITIALIZED
    WARNING: GigaTIME failed on patch (131072, 60416): cuDNN error: CUDNN_STATUS_NOT_INITIALIZED
    WARNING: GigaTIME failed on patch (131072, 61440): cuDNN error: CUDNN_STATUS_NOT_INITIALIZED
    WARNING: GigaTIME failed on patch (131072, 62464): cuDNN error: CUDNN_STATUS_NOT_INITIALIZED
    WARNING: GigaTIME failed on patch (132096, 4096): cuDNN error: CUDNN_STATUS_NOT_INITIALIZED
    WARNING: GigaTIME failed on patch (132096, 5120): cuDNN error: CUDNN_STATUS_NOT_INITIALIZED
    WARNING: GigaTIME failed on patch (132096, 6144): cuDNN error: CUDNN_STATUS_NOT_INITIALIZED
    WARNING: GigaTIME failed on patch (132096, 7168): cuDNN error: CUDNN_STATUS_NOT_INITIALIZED
    WARNING: GigaTIME failed on patch (132096, 8192): cuDNN error: CUDNN_STATUS_NOT_INITIALIZED
    WARNING: GigaTIME failed on patch (132096, 10240): cuDNN error: CUDNN_STATUS_NOT_INITIALIZED
    WARNING: GigaTIME failed on patch (132096, 11264): cuDNN error: CUDNN_STATUS_NOT_INITIALIZED
    WARNING: GigaTIME failed on patch (132096, 14336): cuDNN error: CUDNN_STATUS_NOT_INITIALIZED
    WARNING: GigaTIME failed on patch (132096, 15360): cuDNN error: CUDNN_STATUS_NOT_INITIALIZED
    WARNING: GigaTIME failed on patch (132096, 16384): cuDNN error: CUDNN_STATUS_NOT_INITIALIZED
    WARNING: GigaTIME failed on patch (132096, 17408): cuDNN error: CUDNN_STATUS_NOT_INITIALIZED
    WARNING: GigaTIME failed on patch (132096, 18432): cuDNN error: CUDNN_STATUS_NOT_INITIALIZED
    WARNING: GigaTIME failed on patch (132096, 19456): cuDNN error: CUDNN_STATUS_NOT_INITIALIZED
    WARNING: GigaTIME failed on patch (132096, 20480): cuDNN error: CUDNN_STATUS_NOT_INITIALIZED
    WARNING: GigaTIME failed on patch (132096, 21504): cuDNN error: CUDNN_STATUS_NOT_INITIALIZED
    WARNING: GigaTIME failed on patch (132096, 22528): cuDNN error: CUDNN_STATUS_NOT_INITIALIZED
    WARNING: GigaTIME failed on patch (132096, 23552): cuDNN error: CUDNN_STATUS_NOT_INITIALIZED
    WARNING: GigaTIME failed on patch (132096, 24576): cuDNN error: CUDNN_STATUS_NOT_INITIALIZED
    WARNING: GigaTIME failed on patch (132096, 25600): cuDNN error: CUDNN_STATUS_NOT_INITIALIZED
    WARNING: GigaTIME failed on patch (132096, 26624): cuDNN error: CUDNN_STATUS_NOT_INITIALIZED
    WARNING: GigaTIME failed on patch (132096, 27648): cuDNN error: CUDNN_STATUS_NOT_INITIALIZED
    WARNING: GigaTIME failed on patch (132096, 28672): cuDNN error: CUDNN_STATUS_NOT_INITIALIZED
    WARNING: GigaTIME failed on patch (132096, 30720): cuDNN error: CUDNN_STATUS_NOT_INITIALIZED
    WARNING: GigaTIME failed on patch (132096, 31744): cuDNN error: CUDNN_STATUS_NOT_INITIALIZED
    WARNING: GigaTIME failed on patch (132096, 32768): cuDNN error: CUDNN_STATUS_NOT_INITIALIZED
    WARNING: GigaTIME failed on patch (132096, 33792): cuDNN error: CUDNN_STATUS_NOT_INITIALIZED
    WARNING: GigaTIME failed on patch (132096, 34816): cuDNN error: CUDNN_STATUS_NOT_INITIALIZED
    WARNING: GigaTIME failed on patch (132096, 35840): cuDNN error: CUDNN_STATUS_NOT_INITIALIZED
    WARNING: GigaTIME failed on patch (132096, 36864): cuDNN error: CUDNN_STATUS_NOT_INITIALIZED
    WARNING: GigaTIME failed on patch (132096, 37888): cuDNN error: CUDNN_STATUS_NOT_INITIALIZED
    WARNING: GigaTIME failed on patch (132096, 38912): cuDNN error: CUDNN_STATUS_NOT_INITIALIZED
    WARNING: GigaTIME failed on patch (132096, 39936): cuDNN error: CUDNN_STATUS_NOT_INITIALIZED
    WARNING: GigaTIME failed on patch (132096, 40960): cuDNN error: CUDNN_STATUS_NOT_INITIALIZED
    WARNING: GigaTIME failed on patch (132096, 41984): cuDNN error: CUDNN_STATUS_NOT_INITIALIZED
    WARNING: GigaTIME failed on patch (132096, 43008): cuDNN error: CUDNN_STATUS_NOT_INITIALIZED
    WARNING: GigaTIME failed on patch (132096, 44032): cuDNN error: CUDNN_STATUS_NOT_INITIALIZED
    WARNING: GigaTIME failed on patch (132096, 45056): cuDNN error: CUDNN_STATUS_NOT_INITIALIZED
    WARNING: GigaTIME failed on patch (132096, 46080): cuDNN error: CUDNN_STATUS_NOT_INITIALIZED
    WARNING: GigaTIME failed on patch (132096, 47104): cuDNN error: CUDNN_STATUS_NOT_INITIALIZED
    WARNING: GigaTIME failed on patch (132096, 48128): cuDNN error: CUDNN_STATUS_NOT_INITIALIZED
    WARNING: GigaTIME failed on patch (132096, 49152): cuDNN error: CUDNN_STATUS_NOT_INITIALIZED
    WARNING: GigaTIME failed on patch (132096, 50176): cuDNN error: CUDNN_STATUS_NOT_INITIALIZED
    WARNING: GigaTIME failed on patch (132096, 51200): cuDNN error: CUDNN_STATUS_NOT_INITIALIZED
    WARNING: GigaTIME failed on patch (132096, 52224): cuDNN error: CUDNN_STATUS_NOT_INITIALIZED
    WARNING: GigaTIME failed on patch (132096, 53248): cuDNN error: CUDNN_STATUS_NOT_INITIALIZED
    WARNING: GigaTIME failed on patch (132096, 54272): cuDNN error: CUDNN_STATUS_NOT_INITIALIZED
    WARNING: GigaTIME failed on patch (132096, 55296): cuDNN error: CUDNN_STATUS_NOT_INITIALIZED
    WARNING: GigaTIME failed on patch (132096, 56320): cuDNN error: CUDNN_STATUS_NOT_INITIALIZED
    WARNING: GigaTIME failed on patch (132096, 57344): cuDNN error: CUDNN_STATUS_NOT_INITIALIZED
    WARNING: GigaTIME failed on patch (132096, 58368): cuDNN error: CUDNN_STATUS_NOT_INITIALIZED
    WARNING: GigaTIME failed on patch (132096, 59392): cuDNN error: CUDNN_STATUS_NOT_INITIALIZED
    WARNING: GigaTIME failed on patch (132096, 60416): cuDNN error: CUDNN_STATUS_NOT_INITIALIZED
    WARNING: GigaTIME failed on patch (132096, 61440): cuDNN error: CUDNN_STATUS_NOT_INITIALIZED
    WARNING: GigaTIME failed on patch (132096, 62464): cuDNN error: CUDNN_STATUS_NOT_INITIALIZED
    WARNING: GigaTIME failed on patch (133120, 3072): cuDNN error: CUDNN_STATUS_NOT_INITIALIZED
    WARNING: GigaTIME failed on patch (133120, 4096): cuDNN error: CUDNN_STATUS_NOT_INITIALIZED
    WARNING: GigaTIME failed on patch (133120, 5120): cuDNN error: CUDNN_STATUS_NOT_INITIALIZED
    WARNING: GigaTIME failed on patch (133120, 6144): cuDNN error: CUDNN_STATUS_NOT_INITIALIZED
    WARNING: GigaTIME failed on patch (133120, 7168): cuDNN error: CUDNN_STATUS_NOT_INITIALIZED
    WARNING: GigaTIME failed on patch (133120, 8192): cuDNN error: CUDNN_STATUS_NOT_INITIALIZED
    WARNING: GigaTIME failed on patch (133120, 10240): cuDNN error: CUDNN_STATUS_NOT_INITIALIZED
    WARNING: GigaTIME failed on patch (133120, 11264): cuDNN error: CUDNN_STATUS_NOT_INITIALIZED
    WARNING: GigaTIME failed on patch (133120, 12288): cuDNN error: CUDNN_STATUS_NOT_INITIALIZED
    WARNING: GigaTIME failed on patch (133120, 13312): cuDNN error: CUDNN_STATUS_NOT_INITIALIZED
    WARNING: GigaTIME failed on patch (133120, 14336): cuDNN error: CUDNN_STATUS_NOT_INITIALIZED
    WARNING: GigaTIME failed on patch (133120, 15360): cuDNN error: CUDNN_STATUS_NOT_INITIALIZED
    WARNING: GigaTIME failed on patch (133120, 16384): cuDNN error: CUDNN_STATUS_NOT_INITIALIZED
    WARNING: GigaTIME failed on patch (133120, 17408): cuDNN error: CUDNN_STATUS_NOT_INITIALIZED
    WARNING: GigaTIME failed on patch (133120, 18432): cuDNN error: CUDNN_STATUS_NOT_INITIALIZED
    WARNING: GigaTIME failed on patch (133120, 19456): cuDNN error: CUDNN_STATUS_NOT_INITIALIZED
    WARNING: GigaTIME failed on patch (133120, 20480): cuDNN error: CUDNN_STATUS_NOT_INITIALIZED
    WARNING: GigaTIME failed on patch (133120, 21504): cuDNN error: CUDNN_STATUS_NOT_INITIALIZED
    WARNING: GigaTIME failed on patch (133120, 22528): cuDNN error: CUDNN_STATUS_NOT_INITIALIZED
    WARNING: GigaTIME failed on patch (133120, 23552): cuDNN error: CUDNN_STATUS_NOT_INITIALIZED
    WARNING: GigaTIME failed on patch (133120, 24576): cuDNN error: CUDNN_STATUS_NOT_INITIALIZED
    WARNING: GigaTIME failed on patch (133120, 25600): cuDNN error: CUDNN_STATUS_NOT_INITIALIZED
    WARNING: GigaTIME failed on patch (133120, 26624): cuDNN error: CUDNN_STATUS_NOT_INITIALIZED
    WARNING: GigaTIME failed on patch (133120, 27648): cuDNN error: CUDNN_STATUS_NOT_INITIALIZED
    WARNING: GigaTIME failed on patch (133120, 28672): cuDNN error: CUDNN_STATUS_NOT_INITIALIZED
    WARNING: GigaTIME failed on patch (133120, 30720): cuDNN error: CUDNN_STATUS_NOT_INITIALIZED
    WARNING: GigaTIME failed on patch (133120, 31744): cuDNN error: CUDNN_STATUS_NOT_INITIALIZED
    WARNING: GigaTIME failed on patch (133120, 32768): cuDNN error: CUDNN_STATUS_NOT_INITIALIZED
    WARNING: GigaTIME failed on patch (133120, 33792): cuDNN error: CUDNN_STATUS_NOT_INITIALIZED
    WARNING: GigaTIME failed on patch (133120, 34816): cuDNN error: CUDNN_STATUS_NOT_INITIALIZED
    WARNING: GigaTIME failed on patch (133120, 35840): cuDNN error: CUDNN_STATUS_NOT_INITIALIZED
    WARNING: GigaTIME failed on patch (133120, 36864): cuDNN error: CUDNN_STATUS_NOT_INITIALIZED
    WARNING: GigaTIME failed on patch (133120, 37888): cuDNN error: CUDNN_STATUS_NOT_INITIALIZED
    WARNING: GigaTIME failed on patch (133120, 38912): cuDNN error: CUDNN_STATUS_NOT_INITIALIZED
    WARNING: GigaTIME failed on patch (133120, 39936): cuDNN error: CUDNN_STATUS_NOT_INITIALIZED
    WARNING: GigaTIME failed on patch (133120, 40960): cuDNN error: CUDNN_STATUS_NOT_INITIALIZED
    WARNING: GigaTIME failed on patch (133120, 41984): cuDNN error: CUDNN_STATUS_NOT_INITIALIZED
    WARNING: GigaTIME failed on patch (133120, 43008): cuDNN error: CUDNN_STATUS_NOT_INITIALIZED
    WARNING: GigaTIME failed on patch (133120, 44032): cuDNN error: CUDNN_STATUS_NOT_INITIALIZED
    WARNING: GigaTIME failed on patch (133120, 45056): cuDNN error: CUDNN_STATUS_NOT_INITIALIZED
    WARNING: GigaTIME failed on patch (133120, 46080): cuDNN error: CUDNN_STATUS_NOT_INITIALIZED
    WARNING: GigaTIME failed on patch (133120, 47104): cuDNN error: CUDNN_STATUS_NOT_INITIALIZED
    WARNING: GigaTIME failed on patch (133120, 48128): cuDNN error: CUDNN_STATUS_NOT_INITIALIZED
    WARNING: GigaTIME failed on patch (133120, 49152): cuDNN error: CUDNN_STATUS_NOT_INITIALIZED
    WARNING: GigaTIME failed on patch (133120, 50176): cuDNN error: CUDNN_STATUS_NOT_INITIALIZED
    WARNING: GigaTIME failed on patch (133120, 51200): cuDNN error: CUDNN_STATUS_NOT_INITIALIZED
    WARNING: GigaTIME failed on patch (133120, 52224): cuDNN error: CUDNN_STATUS_NOT_INITIALIZED
    WARNING: GigaTIME failed on patch (133120, 53248): cuDNN error: CUDNN_STATUS_NOT_INITIALIZED
    WARNING: GigaTIME failed on patch (133120, 54272): cuDNN error: CUDNN_STATUS_NOT_INITIALIZED
    WARNING: GigaTIME failed on patch (133120, 55296): cuDNN error: CUDNN_STATUS_NOT_INITIALIZED
    WARNING: GigaTIME failed on patch (133120, 56320): cuDNN error: CUDNN_STATUS_NOT_INITIALIZED
    WARNING: GigaTIME failed on patch (133120, 57344): cuDNN error: CUDNN_STATUS_NOT_INITIALIZED
    WARNING: GigaTIME failed on patch (133120, 58368): cuDNN error: CUDNN_STATUS_NOT_INITIALIZED
    WARNING: GigaTIME failed on patch (133120, 59392): cuDNN error: CUDNN_STATUS_NOT_INITIALIZED
    WARNING: GigaTIME failed on patch (133120, 60416): cuDNN error: CUDNN_STATUS_NOT_INITIALIZED
    WARNING: GigaTIME failed on patch (133120, 61440): cuDNN error: CUDNN_STATUS_NOT_INITIALIZED
    WARNING: GigaTIME failed on patch (133120, 62464): cuDNN error: CUDNN_STATUS_NOT_INITIALIZED
    WARNING: GigaTIME failed on patch (134144, 3072): cuDNN error: CUDNN_STATUS_NOT_INITIALIZED
    WARNING: GigaTIME failed on patch (134144, 4096): cuDNN error: CUDNN_STATUS_NOT_INITIALIZED
    WARNING: GigaTIME failed on patch (134144, 5120): cuDNN error: CUDNN_STATUS_NOT_INITIALIZED
    WARNING: GigaTIME failed on patch (134144, 6144): cuDNN error: CUDNN_STATUS_NOT_INITIALIZED
    WARNING: GigaTIME failed on patch (134144, 7168): cuDNN error: CUDNN_STATUS_NOT_INITIALIZED
    WARNING: GigaTIME failed on patch (134144, 11264): cuDNN error: CUDNN_STATUS_NOT_INITIALIZED
    WARNING: GigaTIME failed on patch (134144, 12288): cuDNN error: CUDNN_STATUS_NOT_INITIALIZED
    WARNING: GigaTIME failed on patch (134144, 13312): cuDNN error: CUDNN_STATUS_NOT_INITIALIZED
    WARNING: GigaTIME failed on patch (134144, 14336): cuDNN error: CUDNN_STATUS_NOT_INITIALIZED
    WARNING: GigaTIME failed on patch (134144, 15360): cuDNN error: CUDNN_STATUS_NOT_INITIALIZED
    WARNING: GigaTIME failed on patch (134144, 16384): cuDNN error: CUDNN_STATUS_NOT_INITIALIZED
    WARNING: GigaTIME failed on patch (134144, 17408): cuDNN error: CUDNN_STATUS_NOT_INITIALIZED
    WARNING: GigaTIME failed on patch (134144, 18432): cuDNN error: CUDNN_STATUS_NOT_INITIALIZED
    WARNING: GigaTIME failed on patch (134144, 19456): cuDNN error: CUDNN_STATUS_NOT_INITIALIZED
    WARNING: GigaTIME failed on patch (134144, 20480): cuDNN error: CUDNN_STATUS_NOT_INITIALIZED
    WARNING: GigaTIME failed on patch (134144, 21504): cuDNN error: CUDNN_STATUS_NOT_INITIALIZED
    WARNING: GigaTIME failed on patch (134144, 22528): cuDNN error: CUDNN_STATUS_NOT_INITIALIZED
    WARNING: GigaTIME failed on patch (134144, 23552): cuDNN error: CUDNN_STATUS_NOT_INITIALIZED
    WARNING: GigaTIME failed on patch (134144, 24576): cuDNN error: CUDNN_STATUS_NOT_INITIALIZED
    WARNING: GigaTIME failed on patch (134144, 25600): cuDNN error: CUDNN_STATUS_NOT_INITIALIZED
    WARNING: GigaTIME failed on patch (134144, 30720): cuDNN error: CUDNN_STATUS_NOT_INITIALIZED
    WARNING: GigaTIME failed on patch (134144, 31744): cuDNN error: CUDNN_STATUS_NOT_INITIALIZED
    WARNING: GigaTIME failed on patch (134144, 32768): cuDNN error: CUDNN_STATUS_NOT_INITIALIZED
    WARNING: GigaTIME failed on patch (134144, 33792): cuDNN error: CUDNN_STATUS_NOT_INITIALIZED
    WARNING: GigaTIME failed on patch (134144, 34816): cuDNN error: CUDNN_STATUS_NOT_INITIALIZED
    WARNING: GigaTIME failed on patch (134144, 35840): cuDNN error: CUDNN_STATUS_NOT_INITIALIZED
    WARNING: GigaTIME failed on patch (134144, 36864): cuDNN error: CUDNN_STATUS_NOT_INITIALIZED
    WARNING: GigaTIME failed on patch (134144, 37888): cuDNN error: CUDNN_STATUS_NOT_INITIALIZED
    WARNING: GigaTIME failed on patch (134144, 38912): cuDNN error: CUDNN_STATUS_NOT_INITIALIZED
    WARNING: GigaTIME failed on patch (134144, 39936): cuDNN error: CUDNN_STATUS_NOT_INITIALIZED
    WARNING: GigaTIME failed on patch (134144, 40960): cuDNN error: CUDNN_STATUS_NOT_INITIALIZED
    WARNING: GigaTIME failed on patch (134144, 41984): cuDNN error: CUDNN_STATUS_NOT_INITIALIZED
    WARNING: GigaTIME failed on patch (134144, 43008): cuDNN error: CUDNN_STATUS_NOT_INITIALIZED
    WARNING: GigaTIME failed on patch (134144, 44032): cuDNN error: CUDNN_STATUS_NOT_INITIALIZED
    WARNING: GigaTIME failed on patch (134144, 45056): cuDNN error: CUDNN_STATUS_NOT_INITIALIZED
    WARNING: GigaTIME failed on patch (134144, 46080): cuDNN error: CUDNN_STATUS_NOT_INITIALIZED
    WARNING: GigaTIME failed on patch (134144, 47104): cuDNN error: CUDNN_STATUS_NOT_INITIALIZED
    WARNING: GigaTIME failed on patch (134144, 48128): cuDNN error: CUDNN_STATUS_NOT_INITIALIZED
    WARNING: GigaTIME failed on patch (134144, 49152): cuDNN error: CUDNN_STATUS_NOT_INITIALIZED
    WARNING: GigaTIME failed on patch (134144, 50176): cuDNN error: CUDNN_STATUS_NOT_INITIALIZED
    WARNING: GigaTIME failed on patch (134144, 51200): cuDNN error: CUDNN_STATUS_NOT_INITIALIZED
    WARNING: GigaTIME failed on patch (134144, 52224): cuDNN error: CUDNN_STATUS_NOT_INITIALIZED
    WARNING: GigaTIME failed on patch (134144, 53248): cuDNN error: CUDNN_STATUS_NOT_INITIALIZED
    WARNING: GigaTIME failed on patch (134144, 54272): cuDNN error: CUDNN_STATUS_NOT_INITIALIZED
    WARNING: GigaTIME failed on patch (134144, 55296): cuDNN error: CUDNN_STATUS_NOT_INITIALIZED
    WARNING: GigaTIME failed on patch (134144, 56320): cuDNN error: CUDNN_STATUS_NOT_INITIALIZED
    WARNING: GigaTIME failed on patch (134144, 57344): cuDNN error: CUDNN_STATUS_NOT_INITIALIZED
    WARNING: GigaTIME failed on patch (134144, 58368): cuDNN error: CUDNN_STATUS_NOT_INITIALIZED
    WARNING: GigaTIME failed on patch (134144, 59392): cuDNN error: CUDNN_STATUS_NOT_INITIALIZED
    WARNING: GigaTIME failed on patch (134144, 60416): cuDNN error: CUDNN_STATUS_NOT_INITIALIZED
    WARNING: GigaTIME failed on patch (134144, 61440): cuDNN error: CUDNN_STATUS_NOT_INITIALIZED
    WARNING: GigaTIME failed on patch (134144, 62464): cuDNN error: CUDNN_STATUS_NOT_INITIALIZED
    WARNING: GigaTIME failed on patch (135168, 2048): cuDNN error: CUDNN_STATUS_NOT_INITIALIZED
    WARNING: GigaTIME failed on patch (135168, 3072): cuDNN error: CUDNN_STATUS_NOT_INITIALIZED
    WARNING: GigaTIME failed on patch (135168, 4096): cuDNN error: CUDNN_STATUS_NOT_INITIALIZED
    WARNING: GigaTIME failed on patch (135168, 5120): cuDNN error: CUDNN_STATUS_NOT_INITIALIZED
    WARNING: GigaTIME failed on patch (135168, 6144): cuDNN error: CUDNN_STATUS_NOT_INITIALIZED
    WARNING: GigaTIME failed on patch (135168, 10240): cuDNN error: CUDNN_STATUS_NOT_INITIALIZED
    WARNING: GigaTIME failed on patch (135168, 11264): cuDNN error: CUDNN_STATUS_NOT_INITIALIZED
    WARNING: GigaTIME failed on patch (135168, 12288): cuDNN error: CUDNN_STATUS_NOT_INITIALIZED
    WARNING: GigaTIME failed on patch (135168, 13312): cuDNN error: CUDNN_STATUS_NOT_INITIALIZED
    WARNING: GigaTIME failed on patch (135168, 14336): cuDNN error: CUDNN_STATUS_NOT_INITIALIZED
    WARNING: GigaTIME failed on patch (135168, 15360): cuDNN error: CUDNN_STATUS_NOT_INITIALIZED
    WARNING: GigaTIME failed on patch (135168, 16384): cuDNN error: CUDNN_STATUS_NOT_INITIALIZED
    WARNING: GigaTIME failed on patch (135168, 17408): cuDNN error: CUDNN_STATUS_NOT_INITIALIZED
    WARNING: GigaTIME failed on patch (135168, 18432): cuDNN error: CUDNN_STATUS_NOT_INITIALIZED
    WARNING: GigaTIME failed on patch (135168, 19456): cuDNN error: CUDNN_STATUS_NOT_INITIALIZED
    WARNING: GigaTIME failed on patch (135168, 20480): cuDNN error: CUDNN_STATUS_NOT_INITIALIZED
    WARNING: GigaTIME failed on patch (135168, 21504): cuDNN error: CUDNN_STATUS_NOT_INITIALIZED
    WARNING: GigaTIME failed on patch (135168, 22528): cuDNN error: CUDNN_STATUS_NOT_INITIALIZED
    WARNING: GigaTIME failed on patch (135168, 23552): cuDNN error: CUDNN_STATUS_NOT_INITIALIZED
    WARNING: GigaTIME failed on patch (135168, 24576): cuDNN error: CUDNN_STATUS_NOT_INITIALIZED
    WARNING: GigaTIME failed on patch (135168, 25600): cuDNN error: CUDNN_STATUS_NOT_INITIALIZED
    WARNING: GigaTIME failed on patch (135168, 26624): cuDNN error: CUDNN_STATUS_NOT_INITIALIZED
    WARNING: GigaTIME failed on patch (135168, 28672): cuDNN error: CUDNN_STATUS_NOT_INITIALIZED
    WARNING: GigaTIME failed on patch (135168, 29696): cuDNN error: CUDNN_STATUS_NOT_INITIALIZED
    WARNING: GigaTIME failed on patch (135168, 30720): cuDNN error: CUDNN_STATUS_NOT_INITIALIZED
    WARNING: GigaTIME failed on patch (135168, 31744): cuDNN error: CUDNN_STATUS_NOT_INITIALIZED
    WARNING: GigaTIME failed on patch (135168, 32768): cuDNN error: CUDNN_STATUS_NOT_INITIALIZED
    WARNING: GigaTIME failed on patch (135168, 33792): cuDNN error: CUDNN_STATUS_NOT_INITIALIZED
    WARNING: GigaTIME failed on patch (135168, 34816): cuDNN error: CUDNN_STATUS_NOT_INITIALIZED
    WARNING: GigaTIME failed on patch (135168, 35840): cuDNN error: CUDNN_STATUS_NOT_INITIALIZED
    WARNING: GigaTIME failed on patch (135168, 36864): cuDNN error: CUDNN_STATUS_NOT_INITIALIZED
    WARNING: GigaTIME failed on patch (135168, 37888): cuDNN error: CUDNN_STATUS_NOT_INITIALIZED
    WARNING: GigaTIME failed on patch (135168, 38912): cuDNN error: CUDNN_STATUS_NOT_INITIALIZED
    WARNING: GigaTIME failed on patch (135168, 39936): cuDNN error: CUDNN_STATUS_NOT_INITIALIZED
    WARNING: GigaTIME failed on patch (135168, 40960): cuDNN error: CUDNN_STATUS_NOT_INITIALIZED
    WARNING: GigaTIME failed on patch (135168, 41984): cuDNN error: CUDNN_STATUS_NOT_INITIALIZED
    WARNING: GigaTIME failed on patch (135168, 43008): cuDNN error: CUDNN_STATUS_NOT_INITIALIZED
    WARNING: GigaTIME failed on patch (135168, 44032): cuDNN error: CUDNN_STATUS_NOT_INITIALIZED
    WARNING: GigaTIME failed on patch (135168, 45056): cuDNN error: CUDNN_STATUS_NOT_INITIALIZED
    WARNING: GigaTIME failed on patch (135168, 46080): cuDNN error: CUDNN_STATUS_NOT_INITIALIZED
    WARNING: GigaTIME failed on patch (135168, 47104): cuDNN error: CUDNN_STATUS_NOT_INITIALIZED
    WARNING: GigaTIME failed on patch (135168, 48128): cuDNN error: CUDNN_STATUS_NOT_INITIALIZED
    WARNING: GigaTIME failed on patch (135168, 51200): cuDNN error: CUDNN_STATUS_NOT_INITIALIZED
    WARNING: GigaTIME failed on patch (135168, 52224): cuDNN error: CUDNN_STATUS_NOT_INITIALIZED
    WARNING: GigaTIME failed on patch (135168, 53248): cuDNN error: CUDNN_STATUS_NOT_INITIALIZED
    WARNING: GigaTIME failed on patch (135168, 54272): cuDNN error: CUDNN_STATUS_NOT_INITIALIZED
    WARNING: GigaTIME failed on patch (135168, 55296): cuDNN error: CUDNN_STATUS_NOT_INITIALIZED
    WARNING: GigaTIME failed on patch (135168, 56320): cuDNN error: CUDNN_STATUS_NOT_INITIALIZED
    WARNING: GigaTIME failed on patch (135168, 57344): cuDNN error: CUDNN_STATUS_NOT_INITIALIZED
    WARNING: GigaTIME failed on patch (135168, 58368): cuDNN error: CUDNN_STATUS_NOT_INITIALIZED
    WARNING: GigaTIME failed on patch (135168, 59392): cuDNN error: CUDNN_STATUS_NOT_INITIALIZED
    WARNING: GigaTIME failed on patch (135168, 60416): cuDNN error: CUDNN_STATUS_NOT_INITIALIZED
    WARNING: GigaTIME failed on patch (135168, 61440): cuDNN error: CUDNN_STATUS_NOT_INITIALIZED
    WARNING: GigaTIME failed on patch (135168, 62464): cuDNN error: CUDNN_STATUS_NOT_INITIALIZED
    WARNING: GigaTIME failed on patch (136192, 2048): cuDNN error: CUDNN_STATUS_NOT_INITIALIZED
    WARNING: GigaTIME failed on patch (136192, 3072): cuDNN error: CUDNN_STATUS_NOT_INITIALIZED
    WARNING: GigaTIME failed on patch (136192, 4096): cuDNN error: CUDNN_STATUS_NOT_INITIALIZED
    WARNING: GigaTIME failed on patch (136192, 5120): cuDNN error: CUDNN_STATUS_NOT_INITIALIZED
    WARNING: GigaTIME failed on patch (136192, 10240): cuDNN error: CUDNN_STATUS_NOT_INITIALIZED
    WARNING: GigaTIME failed on patch (136192, 11264): cuDNN error: CUDNN_STATUS_NOT_INITIALIZED
    WARNING: GigaTIME failed on patch (136192, 12288): cuDNN error: CUDNN_STATUS_NOT_INITIALIZED
    WARNING: GigaTIME failed on patch (136192, 13312): cuDNN error: CUDNN_STATUS_NOT_INITIALIZED
    WARNING: GigaTIME failed on patch (136192, 14336): cuDNN error: CUDNN_STATUS_NOT_INITIALIZED
    WARNING: GigaTIME failed on patch (136192, 15360): cuDNN error: CUDNN_STATUS_NOT_INITIALIZED
    WARNING: GigaTIME failed on patch (136192, 16384): cuDNN error: CUDNN_STATUS_NOT_INITIALIZED
    WARNING: GigaTIME failed on patch (136192, 17408): cuDNN error: CUDNN_STATUS_NOT_INITIALIZED
    WARNING: GigaTIME failed on patch (136192, 18432): cuDNN error: CUDNN_STATUS_NOT_INITIALIZED
    WARNING: GigaTIME failed on patch (136192, 19456): cuDNN error: CUDNN_STATUS_NOT_INITIALIZED
    WARNING: GigaTIME failed on patch (136192, 20480): cuDNN error: CUDNN_STATUS_NOT_INITIALIZED
    WARNING: GigaTIME failed on patch (136192, 21504): cuDNN error: CUDNN_STATUS_NOT_INITIALIZED
    WARNING: GigaTIME failed on patch (136192, 22528): cuDNN error: CUDNN_STATUS_NOT_INITIALIZED
    WARNING: GigaTIME failed on patch (136192, 23552): cuDNN error: CUDNN_STATUS_NOT_INITIALIZED
    WARNING: GigaTIME failed on patch (136192, 24576): cuDNN error: CUDNN_STATUS_NOT_INITIALIZED
    WARNING: GigaTIME failed on patch (136192, 25600): cuDNN error: CUDNN_STATUS_NOT_INITIALIZED
    WARNING: GigaTIME failed on patch (136192, 26624): cuDNN error: CUDNN_STATUS_NOT_INITIALIZED
    WARNING: GigaTIME failed on patch (136192, 28672): cuDNN error: CUDNN_STATUS_NOT_INITIALIZED
    WARNING: GigaTIME failed on patch (136192, 29696): cuDNN error: CUDNN_STATUS_NOT_INITIALIZED
    WARNING: GigaTIME failed on patch (136192, 30720): cuDNN error: CUDNN_STATUS_NOT_INITIALIZED
    WARNING: GigaTIME failed on patch (136192, 31744): cuDNN error: CUDNN_STATUS_NOT_INITIALIZED
    WARNING: GigaTIME failed on patch (136192, 32768): cuDNN error: CUDNN_STATUS_NOT_INITIALIZED
    WARNING: GigaTIME failed on patch (136192, 33792): cuDNN error: CUDNN_STATUS_NOT_INITIALIZED
    WARNING: GigaTIME failed on patch (136192, 34816): cuDNN error: CUDNN_STATUS_NOT_INITIALIZED
    WARNING: GigaTIME failed on patch (136192, 35840): cuDNN error: CUDNN_STATUS_NOT_INITIALIZED
    WARNING: GigaTIME failed on patch (136192, 36864): cuDNN error: CUDNN_STATUS_NOT_INITIALIZED
    WARNING: GigaTIME failed on patch (136192, 37888): cuDNN error: CUDNN_STATUS_NOT_INITIALIZED
    WARNING: GigaTIME failed on patch (136192, 38912): cuDNN error: CUDNN_STATUS_NOT_INITIALIZED
    WARNING: GigaTIME failed on patch (136192, 39936): cuDNN error: CUDNN_STATUS_NOT_INITIALIZED
    WARNING: GigaTIME failed on patch (136192, 40960): cuDNN error: CUDNN_STATUS_NOT_INITIALIZED
    WARNING: GigaTIME failed on patch (136192, 41984): cuDNN error: CUDNN_STATUS_NOT_INITIALIZED
    WARNING: GigaTIME failed on patch (136192, 43008): cuDNN error: CUDNN_STATUS_NOT_INITIALIZED
    WARNING: GigaTIME failed on patch (136192, 44032): cuDNN error: CUDNN_STATUS_NOT_INITIALIZED
    WARNING: GigaTIME failed on patch (136192, 45056): cuDNN error: CUDNN_STATUS_NOT_INITIALIZED
    WARNING: GigaTIME failed on patch (136192, 46080): cuDNN error: CUDNN_STATUS_NOT_INITIALIZED
    WARNING: GigaTIME failed on patch (136192, 51200): cuDNN error: CUDNN_STATUS_NOT_INITIALIZED
    WARNING: GigaTIME failed on patch (136192, 52224): cuDNN error: CUDNN_STATUS_NOT_INITIALIZED
    WARNING: GigaTIME failed on patch (136192, 53248): cuDNN error: CUDNN_STATUS_NOT_INITIALIZED
    WARNING: GigaTIME failed on patch (136192, 54272): cuDNN error: CUDNN_STATUS_NOT_INITIALIZED
    WARNING: GigaTIME failed on patch (136192, 55296): cuDNN error: CUDNN_STATUS_NOT_INITIALIZED
    WARNING: GigaTIME failed on patch (136192, 56320): cuDNN error: CUDNN_STATUS_NOT_INITIALIZED
    WARNING: GigaTIME failed on patch (136192, 57344): cuDNN error: CUDNN_STATUS_NOT_INITIALIZED
    WARNING: GigaTIME failed on patch (136192, 58368): cuDNN error: CUDNN_STATUS_NOT_INITIALIZED
    WARNING: GigaTIME failed on patch (136192, 59392): cuDNN error: CUDNN_STATUS_NOT_INITIALIZED
    WARNING: GigaTIME failed on patch (136192, 60416): cuDNN error: CUDNN_STATUS_NOT_INITIALIZED
    WARNING: GigaTIME failed on patch (136192, 61440): cuDNN error: CUDNN_STATUS_NOT_INITIALIZED
    WARNING: GigaTIME failed on patch (136192, 62464): cuDNN error: CUDNN_STATUS_NOT_INITIALIZED
    WARNING: GigaTIME failed on patch (137216, 2048): cuDNN error: CUDNN_STATUS_NOT_INITIALIZED
    WARNING: GigaTIME failed on patch (137216, 3072): cuDNN error: CUDNN_STATUS_NOT_INITIALIZED
    WARNING: GigaTIME failed on patch (137216, 4096): cuDNN error: CUDNN_STATUS_NOT_INITIALIZED
    WARNING: GigaTIME failed on patch (137216, 10240): cuDNN error: CUDNN_STATUS_NOT_INITIALIZED
    WARNING: GigaTIME failed on patch (137216, 11264): cuDNN error: CUDNN_STATUS_NOT_INITIALIZED
    WARNING: GigaTIME failed on patch (137216, 12288): cuDNN error: CUDNN_STATUS_NOT_INITIALIZED
    WARNING: GigaTIME failed on patch (137216, 13312): cuDNN error: CUDNN_STATUS_NOT_INITIALIZED
    WARNING: GigaTIME failed on patch (137216, 14336): cuDNN error: CUDNN_STATUS_NOT_INITIALIZED
    WARNING: GigaTIME failed on patch (137216, 15360): cuDNN error: CUDNN_STATUS_NOT_INITIALIZED
    WARNING: GigaTIME failed on patch (137216, 16384): cuDNN error: CUDNN_STATUS_NOT_INITIALIZED
    WARNING: GigaTIME failed on patch (137216, 17408): cuDNN error: CUDNN_STATUS_NOT_INITIALIZED
    WARNING: GigaTIME failed on patch (137216, 18432): cuDNN error: CUDNN_STATUS_NOT_INITIALIZED
    WARNING: GigaTIME failed on patch (137216, 19456): cuDNN error: CUDNN_STATUS_NOT_INITIALIZED
    WARNING: GigaTIME failed on patch (137216, 20480): cuDNN error: CUDNN_STATUS_NOT_INITIALIZED
    WARNING: GigaTIME failed on patch (137216, 21504): cuDNN error: CUDNN_STATUS_NOT_INITIALIZED
    WARNING: GigaTIME failed on patch (137216, 22528): cuDNN error: CUDNN_STATUS_NOT_INITIALIZED
    WARNING: GigaTIME failed on patch (137216, 23552): cuDNN error: CUDNN_STATUS_NOT_INITIALIZED
    WARNING: GigaTIME failed on patch (137216, 24576): cuDNN error: CUDNN_STATUS_NOT_INITIALIZED
    WARNING: GigaTIME failed on patch (137216, 25600): cuDNN error: CUDNN_STATUS_NOT_INITIALIZED
    WARNING: GigaTIME failed on patch (137216, 26624): cuDNN error: CUDNN_STATUS_NOT_INITIALIZED
    WARNING: GigaTIME failed on patch (137216, 30720): cuDNN error: CUDNN_STATUS_NOT_INITIALIZED
    WARNING: GigaTIME failed on patch (137216, 31744): cuDNN error: CUDNN_STATUS_NOT_INITIALIZED
    WARNING: GigaTIME failed on patch (137216, 32768): cuDNN error: CUDNN_STATUS_NOT_INITIALIZED
    WARNING: GigaTIME failed on patch (137216, 33792): cuDNN error: CUDNN_STATUS_NOT_INITIALIZED
    WARNING: GigaTIME failed on patch (137216, 34816): cuDNN error: CUDNN_STATUS_NOT_INITIALIZED
    WARNING: GigaTIME failed on patch (137216, 35840): cuDNN error: CUDNN_STATUS_NOT_INITIALIZED
    WARNING: GigaTIME failed on patch (137216, 36864): cuDNN error: CUDNN_STATUS_NOT_INITIALIZED
    WARNING: GigaTIME failed on patch (137216, 37888): cuDNN error: CUDNN_STATUS_NOT_INITIALIZED
    WARNING: GigaTIME failed on patch (137216, 38912): cuDNN error: CUDNN_STATUS_NOT_INITIALIZED
    WARNING: GigaTIME failed on patch (137216, 39936): cuDNN error: CUDNN_STATUS_NOT_INITIALIZED
    WARNING: GigaTIME failed on patch (137216, 40960): cuDNN error: CUDNN_STATUS_NOT_INITIALIZED
    WARNING: GigaTIME failed on patch (137216, 41984): cuDNN error: CUDNN_STATUS_NOT_INITIALIZED
    WARNING: GigaTIME failed on patch (137216, 43008): cuDNN error: CUDNN_STATUS_NOT_INITIALIZED
    WARNING: GigaTIME failed on patch (137216, 44032): cuDNN error: CUDNN_STATUS_NOT_INITIALIZED
    WARNING: GigaTIME failed on patch (137216, 45056): cuDNN error: CUDNN_STATUS_NOT_INITIALIZED
    WARNING: GigaTIME failed on patch (137216, 46080): cuDNN error: CUDNN_STATUS_NOT_INITIALIZED
    WARNING: GigaTIME failed on patch (137216, 47104): cuDNN error: CUDNN_STATUS_NOT_INITIALIZED
    WARNING: GigaTIME failed on patch (137216, 48128): cuDNN error: CUDNN_STATUS_NOT_INITIALIZED
    WARNING: GigaTIME failed on patch (137216, 49152): cuDNN error: CUDNN_STATUS_NOT_INITIALIZED
    WARNING: GigaTIME failed on patch (137216, 50176): cuDNN error: CUDNN_STATUS_NOT_INITIALIZED
    WARNING: GigaTIME failed on patch (137216, 51200): cuDNN error: CUDNN_STATUS_NOT_INITIALIZED
    WARNING: GigaTIME failed on patch (137216, 52224): cuDNN error: CUDNN_STATUS_NOT_INITIALIZED
    WARNING: GigaTIME failed on patch (137216, 53248): cuDNN error: CUDNN_STATUS_NOT_INITIALIZED
    WARNING: GigaTIME failed on patch (137216, 54272): cuDNN error: CUDNN_STATUS_NOT_INITIALIZED
    WARNING: GigaTIME failed on patch (137216, 55296): cuDNN error: CUDNN_STATUS_NOT_INITIALIZED
    WARNING: GigaTIME failed on patch (137216, 56320): cuDNN error: CUDNN_STATUS_NOT_INITIALIZED
    WARNING: GigaTIME failed on patch (137216, 57344): cuDNN error: CUDNN_STATUS_NOT_INITIALIZED
    WARNING: GigaTIME failed on patch (137216, 58368): cuDNN error: CUDNN_STATUS_NOT_INITIALIZED
    WARNING: GigaTIME failed on patch (137216, 59392): cuDNN error: CUDNN_STATUS_NOT_INITIALIZED
    WARNING: GigaTIME failed on patch (137216, 60416): cuDNN error: CUDNN_STATUS_NOT_INITIALIZED
    WARNING: GigaTIME failed on patch (137216, 61440): cuDNN error: CUDNN_STATUS_NOT_INITIALIZED
    WARNING: GigaTIME failed on patch (137216, 62464): cuDNN error: CUDNN_STATUS_NOT_INITIALIZED
    WARNING: GigaTIME failed on patch (138240, 2048): cuDNN error: CUDNN_STATUS_NOT_INITIALIZED
    WARNING: GigaTIME failed on patch (138240, 3072): cuDNN error: CUDNN_STATUS_NOT_INITIALIZED
    WARNING: GigaTIME failed on patch (138240, 4096): cuDNN error: CUDNN_STATUS_NOT_INITIALIZED
    WARNING: GigaTIME failed on patch (138240, 10240): cuDNN error: CUDNN_STATUS_NOT_INITIALIZED
    WARNING: GigaTIME failed on patch (138240, 11264): cuDNN error: CUDNN_STATUS_NOT_INITIALIZED
    WARNING: GigaTIME failed on patch (138240, 12288): cuDNN error: CUDNN_STATUS_NOT_INITIALIZED
    WARNING: GigaTIME failed on patch (138240, 13312): cuDNN error: CUDNN_STATUS_NOT_INITIALIZED
    WARNING: GigaTIME failed on patch (138240, 14336): cuDNN error: CUDNN_STATUS_NOT_INITIALIZED
    WARNING: GigaTIME failed on patch (138240, 15360): cuDNN error: CUDNN_STATUS_NOT_INITIALIZED
    WARNING: GigaTIME failed on patch (138240, 16384): cuDNN error: CUDNN_STATUS_NOT_INITIALIZED
    WARNING: GigaTIME failed on patch (138240, 17408): cuDNN error: CUDNN_STATUS_NOT_INITIALIZED
    WARNING: GigaTIME failed on patch (138240, 18432): cuDNN error: CUDNN_STATUS_NOT_INITIALIZED
    WARNING: GigaTIME failed on patch (138240, 19456): cuDNN error: CUDNN_STATUS_NOT_INITIALIZED
    WARNING: GigaTIME failed on patch (138240, 20480): cuDNN error: CUDNN_STATUS_NOT_INITIALIZED
    WARNING: GigaTIME failed on patch (138240, 21504): cuDNN error: CUDNN_STATUS_NOT_INITIALIZED
    WARNING: GigaTIME failed on patch (138240, 22528): cuDNN error: CUDNN_STATUS_NOT_INITIALIZED
    WARNING: GigaTIME failed on patch (138240, 23552): cuDNN error: CUDNN_STATUS_NOT_INITIALIZED
    WARNING: GigaTIME failed on patch (138240, 24576): cuDNN error: CUDNN_STATUS_NOT_INITIALIZED
    WARNING: GigaTIME failed on patch (138240, 25600): cuDNN error: CUDNN_STATUS_NOT_INITIALIZED
    WARNING: GigaTIME failed on patch (138240, 26624): cuDNN error: CUDNN_STATUS_NOT_INITIALIZED
    WARNING: GigaTIME failed on patch (138240, 31744): cuDNN error: CUDNN_STATUS_NOT_INITIALIZED
    WARNING: GigaTIME failed on patch (138240, 32768): cuDNN error: CUDNN_STATUS_NOT_INITIALIZED
    WARNING: GigaTIME failed on patch (138240, 33792): cuDNN error: CUDNN_STATUS_NOT_INITIALIZED
    WARNING: GigaTIME failed on patch (138240, 34816): cuDNN error: CUDNN_STATUS_NOT_INITIALIZED
    WARNING: GigaTIME failed on patch (138240, 35840): cuDNN error: CUDNN_STATUS_NOT_INITIALIZED
    WARNING: GigaTIME failed on patch (138240, 36864): cuDNN error: CUDNN_STATUS_NOT_INITIALIZED
    WARNING: GigaTIME failed on patch (138240, 37888): cuDNN error: CUDNN_STATUS_NOT_INITIALIZED
    WARNING: GigaTIME failed on patch (138240, 38912): cuDNN error: CUDNN_STATUS_NOT_INITIALIZED
    WARNING: GigaTIME failed on patch (138240, 39936): cuDNN error: CUDNN_STATUS_NOT_INITIALIZED
    WARNING: GigaTIME failed on patch (138240, 40960): cuDNN error: CUDNN_STATUS_NOT_INITIALIZED
    WARNING: GigaTIME failed on patch (138240, 41984): cuDNN error: CUDNN_STATUS_NOT_INITIALIZED
    WARNING: GigaTIME failed on patch (138240, 43008): cuDNN error: CUDNN_STATUS_NOT_INITIALIZED
    WARNING: GigaTIME failed on patch (138240, 44032): cuDNN error: CUDNN_STATUS_NOT_INITIALIZED
    WARNING: GigaTIME failed on patch (138240, 45056): cuDNN error: CUDNN_STATUS_NOT_INITIALIZED
    WARNING: GigaTIME failed on patch (138240, 46080): cuDNN error: CUDNN_STATUS_NOT_INITIALIZED
    WARNING: GigaTIME failed on patch (138240, 47104): cuDNN error: CUDNN_STATUS_NOT_INITIALIZED
    WARNING: GigaTIME failed on patch (138240, 48128): cuDNN error: CUDNN_STATUS_NOT_INITIALIZED
    WARNING: GigaTIME failed on patch (138240, 49152): cuDNN error: CUDNN_STATUS_NOT_INITIALIZED
    WARNING: GigaTIME failed on patch (138240, 50176): cuDNN error: CUDNN_STATUS_NOT_INITIALIZED
    WARNING: GigaTIME failed on patch (138240, 51200): cuDNN error: CUDNN_STATUS_NOT_INITIALIZED
    WARNING: GigaTIME failed on patch (138240, 52224): cuDNN error: CUDNN_STATUS_NOT_INITIALIZED
    WARNING: GigaTIME failed on patch (138240, 53248): cuDNN error: CUDNN_STATUS_NOT_INITIALIZED
    WARNING: GigaTIME failed on patch (138240, 54272): cuDNN error: CUDNN_STATUS_NOT_INITIALIZED
    WARNING: GigaTIME failed on patch (138240, 55296): cuDNN error: CUDNN_STATUS_NOT_INITIALIZED
    WARNING: GigaTIME failed on patch (138240, 56320): cuDNN error: CUDNN_STATUS_NOT_INITIALIZED
    WARNING: GigaTIME failed on patch (138240, 57344): cuDNN error: CUDNN_STATUS_NOT_INITIALIZED
    WARNING: GigaTIME failed on patch (138240, 58368): cuDNN error: CUDNN_STATUS_NOT_INITIALIZED
    WARNING: GigaTIME failed on patch (138240, 59392): cuDNN error: CUDNN_STATUS_NOT_INITIALIZED
    WARNING: GigaTIME failed on patch (138240, 60416): cuDNN error: CUDNN_STATUS_NOT_INITIALIZED
    WARNING: GigaTIME failed on patch (138240, 61440): cuDNN error: CUDNN_STATUS_NOT_INITIALIZED
    WARNING: GigaTIME failed on patch (138240, 62464): cuDNN error: CUDNN_STATUS_NOT_INITIALIZED
    WARNING: GigaTIME failed on patch (139264, 2048): cuDNN error: CUDNN_STATUS_NOT_INITIALIZED
    WARNING: GigaTIME failed on patch (139264, 3072): cuDNN error: CUDNN_STATUS_NOT_INITIALIZED
    WARNING: GigaTIME failed on patch (139264, 8192): cuDNN error: CUDNN_STATUS_NOT_INITIALIZED
    WARNING: GigaTIME failed on patch (139264, 9216): cuDNN error: CUDNN_STATUS_NOT_INITIALIZED
    WARNING: GigaTIME failed on patch (139264, 10240): cuDNN error: CUDNN_STATUS_NOT_INITIALIZED
    WARNING: GigaTIME failed on patch (139264, 11264): cuDNN error: CUDNN_STATUS_NOT_INITIALIZED
    WARNING: GigaTIME failed on patch (139264, 12288): cuDNN error: CUDNN_STATUS_NOT_INITIALIZED
    WARNING: GigaTIME failed on patch (139264, 13312): cuDNN error: CUDNN_STATUS_NOT_INITIALIZED
    WARNING: GigaTIME failed on patch (139264, 14336): cuDNN error: CUDNN_STATUS_NOT_INITIALIZED
    WARNING: GigaTIME failed on patch (139264, 15360): cuDNN error: CUDNN_STATUS_NOT_INITIALIZED
    WARNING: GigaTIME failed on patch (139264, 16384): cuDNN error: CUDNN_STATUS_NOT_INITIALIZED
    WARNING: GigaTIME failed on patch (139264, 17408): cuDNN error: CUDNN_STATUS_NOT_INITIALIZED
    WARNING: GigaTIME failed on patch (139264, 18432): cuDNN error: CUDNN_STATUS_NOT_INITIALIZED
    WARNING: GigaTIME failed on patch (139264, 19456): cuDNN error: CUDNN_STATUS_NOT_INITIALIZED
    WARNING: GigaTIME failed on patch (139264, 20480): cuDNN error: CUDNN_STATUS_NOT_INITIALIZED
    WARNING: GigaTIME failed on patch (139264, 21504): cuDNN error: CUDNN_STATUS_NOT_INITIALIZED
    WARNING: GigaTIME failed on patch (139264, 22528): cuDNN error: CUDNN_STATUS_NOT_INITIALIZED
    WARNING: GigaTIME failed on patch (139264, 23552): cuDNN error: CUDNN_STATUS_NOT_INITIALIZED
    WARNING: GigaTIME failed on patch (139264, 24576): cuDNN error: CUDNN_STATUS_NOT_INITIALIZED
    WARNING: GigaTIME failed on patch (139264, 25600): cuDNN error: CUDNN_STATUS_NOT_INITIALIZED
    WARNING: GigaTIME failed on patch (139264, 26624): cuDNN error: CUDNN_STATUS_NOT_INITIALIZED
    WARNING: GigaTIME failed on patch (139264, 28672): cuDNN error: CUDNN_STATUS_NOT_INITIALIZED
    WARNING: GigaTIME failed on patch (139264, 29696): cuDNN error: CUDNN_STATUS_NOT_INITIALIZED
    WARNING: GigaTIME failed on patch (139264, 30720): cuDNN error: CUDNN_STATUS_NOT_INITIALIZED
    WARNING: GigaTIME failed on patch (139264, 31744): cuDNN error: CUDNN_STATUS_NOT_INITIALIZED
    WARNING: GigaTIME failed on patch (139264, 32768): cuDNN error: CUDNN_STATUS_NOT_INITIALIZED
    WARNING: GigaTIME failed on patch (139264, 33792): cuDNN error: CUDNN_STATUS_NOT_INITIALIZED
    WARNING: GigaTIME failed on patch (139264, 34816): cuDNN error: CUDNN_STATUS_NOT_INITIALIZED
    WARNING: GigaTIME failed on patch (139264, 35840): cuDNN error: CUDNN_STATUS_NOT_INITIALIZED
    WARNING: GigaTIME failed on patch (139264, 36864): cuDNN error: CUDNN_STATUS_NOT_INITIALIZED
    WARNING: GigaTIME failed on patch (139264, 37888): cuDNN error: CUDNN_STATUS_NOT_INITIALIZED
    WARNING: GigaTIME failed on patch (139264, 38912): cuDNN error: CUDNN_STATUS_NOT_INITIALIZED
    WARNING: GigaTIME failed on patch (139264, 39936): cuDNN error: CUDNN_STATUS_NOT_INITIALIZED
    WARNING: GigaTIME failed on patch (139264, 40960): cuDNN error: CUDNN_STATUS_NOT_INITIALIZED
    WARNING: GigaTIME failed on patch (139264, 41984): cuDNN error: CUDNN_STATUS_NOT_INITIALIZED
    WARNING: GigaTIME failed on patch (139264, 43008): cuDNN error: CUDNN_STATUS_NOT_INITIALIZED
    WARNING: GigaTIME failed on patch (139264, 44032): cuDNN error: CUDNN_STATUS_NOT_INITIALIZED
    WARNING: GigaTIME failed on patch (139264, 45056): cuDNN error: CUDNN_STATUS_NOT_INITIALIZED
    WARNING: GigaTIME failed on patch (139264, 46080): cuDNN error: CUDNN_STATUS_NOT_INITIALIZED
    WARNING: GigaTIME failed on patch (139264, 47104): cuDNN error: CUDNN_STATUS_NOT_INITIALIZED
    WARNING: GigaTIME failed on patch (139264, 48128): cuDNN error: CUDNN_STATUS_NOT_INITIALIZED
    WARNING: GigaTIME failed on patch (139264, 49152): cuDNN error: CUDNN_STATUS_NOT_INITIALIZED
    WARNING: GigaTIME failed on patch (139264, 50176): cuDNN error: CUDNN_STATUS_NOT_INITIALIZED
    WARNING: GigaTIME failed on patch (139264, 51200): cuDNN error: CUDNN_STATUS_NOT_INITIALIZED
    WARNING: GigaTIME failed on patch (139264, 52224): cuDNN error: CUDNN_STATUS_NOT_INITIALIZED
    WARNING: GigaTIME failed on patch (139264, 53248): cuDNN error: CUDNN_STATUS_NOT_INITIALIZED
    WARNING: GigaTIME failed on patch (139264, 54272): cuDNN error: CUDNN_STATUS_NOT_INITIALIZED
    WARNING: GigaTIME failed on patch (139264, 55296): cuDNN error: CUDNN_STATUS_NOT_INITIALIZED
    WARNING: GigaTIME failed on patch (139264, 56320): cuDNN error: CUDNN_STATUS_NOT_INITIALIZED
    WARNING: GigaTIME failed on patch (139264, 57344): cuDNN error: CUDNN_STATUS_NOT_INITIALIZED
    WARNING: GigaTIME failed on patch (139264, 58368): cuDNN error: CUDNN_STATUS_NOT_INITIALIZED
    WARNING: GigaTIME failed on patch (139264, 59392): cuDNN error: CUDNN_STATUS_NOT_INITIALIZED
    WARNING: GigaTIME failed on patch (139264, 60416): cuDNN error: CUDNN_STATUS_NOT_INITIALIZED
    WARNING: GigaTIME failed on patch (139264, 61440): cuDNN error: CUDNN_STATUS_NOT_INITIALIZED
    WARNING: GigaTIME failed on patch (139264, 62464): cuDNN error: CUDNN_STATUS_NOT_INITIALIZED
    WARNING: GigaTIME failed on patch (140288, 2048): cuDNN error: CUDNN_STATUS_NOT_INITIALIZED
    WARNING: GigaTIME failed on patch (140288, 3072): cuDNN error: CUDNN_STATUS_NOT_INITIALIZED
    WARNING: GigaTIME failed on patch (140288, 7168): cuDNN error: CUDNN_STATUS_NOT_INITIALIZED
    WARNING: GigaTIME failed on patch (140288, 8192): cuDNN error: CUDNN_STATUS_NOT_INITIALIZED
    WARNING: GigaTIME failed on patch (140288, 9216): cuDNN error: CUDNN_STATUS_NOT_INITIALIZED
    WARNING: GigaTIME failed on patch (140288, 10240): cuDNN error: CUDNN_STATUS_NOT_INITIALIZED
    WARNING: GigaTIME failed on patch (140288, 11264): cuDNN error: CUDNN_STATUS_NOT_INITIALIZED
    WARNING: GigaTIME failed on patch (140288, 12288): cuDNN error: CUDNN_STATUS_NOT_INITIALIZED
    WARNING: GigaTIME failed on patch (140288, 13312): cuDNN error: CUDNN_STATUS_NOT_INITIALIZED
    WARNING: GigaTIME failed on patch (140288, 14336): cuDNN error: CUDNN_STATUS_NOT_INITIALIZED
    WARNING: GigaTIME failed on patch (140288, 15360): cuDNN error: CUDNN_STATUS_NOT_INITIALIZED
    WARNING: GigaTIME failed on patch (140288, 16384): cuDNN error: CUDNN_STATUS_NOT_INITIALIZED
    WARNING: GigaTIME failed on patch (140288, 17408): cuDNN error: CUDNN_STATUS_NOT_INITIALIZED
    WARNING: GigaTIME failed on patch (140288, 18432): cuDNN error: CUDNN_STATUS_NOT_INITIALIZED
    WARNING: GigaTIME failed on patch (140288, 19456): cuDNN error: CUDNN_STATUS_NOT_INITIALIZED
    WARNING: GigaTIME failed on patch (140288, 20480): cuDNN error: CUDNN_STATUS_NOT_INITIALIZED
    WARNING: GigaTIME failed on patch (140288, 21504): cuDNN error: CUDNN_STATUS_NOT_INITIALIZED
    WARNING: GigaTIME failed on patch (140288, 22528): cuDNN error: CUDNN_STATUS_NOT_INITIALIZED
    WARNING: GigaTIME failed on patch (140288, 23552): cuDNN error: CUDNN_STATUS_NOT_INITIALIZED
    WARNING: GigaTIME failed on patch (140288, 24576): cuDNN error: CUDNN_STATUS_NOT_INITIALIZED
    WARNING: GigaTIME failed on patch (140288, 25600): cuDNN error: CUDNN_STATUS_NOT_INITIALIZED
    WARNING: GigaTIME failed on patch (140288, 26624): cuDNN error: CUDNN_STATUS_NOT_INITIALIZED
    WARNING: GigaTIME failed on patch (140288, 27648): cuDNN error: CUDNN_STATUS_NOT_INITIALIZED
    WARNING: GigaTIME failed on patch (140288, 29696): cuDNN error: CUDNN_STATUS_NOT_INITIALIZED
    WARNING: GigaTIME failed on patch (140288, 30720): cuDNN error: CUDNN_STATUS_NOT_INITIALIZED
    WARNING: GigaTIME failed on patch (140288, 31744): cuDNN error: CUDNN_STATUS_NOT_INITIALIZED
    WARNING: GigaTIME failed on patch (140288, 32768): cuDNN error: CUDNN_STATUS_NOT_INITIALIZED
    WARNING: GigaTIME failed on patch (140288, 33792): cuDNN error: CUDNN_STATUS_NOT_INITIALIZED
    WARNING: GigaTIME failed on patch (140288, 34816): cuDNN error: CUDNN_STATUS_NOT_INITIALIZED
    WARNING: GigaTIME failed on patch (140288, 35840): cuDNN error: CUDNN_STATUS_NOT_INITIALIZED
    WARNING: GigaTIME failed on patch (140288, 36864): cuDNN error: CUDNN_STATUS_NOT_INITIALIZED
    WARNING: GigaTIME failed on patch (140288, 37888): cuDNN error: CUDNN_STATUS_NOT_INITIALIZED
    WARNING: GigaTIME failed on patch (140288, 38912): cuDNN error: CUDNN_STATUS_NOT_INITIALIZED
    WARNING: GigaTIME failed on patch (140288, 41984): cuDNN error: CUDNN_STATUS_NOT_INITIALIZED
    WARNING: GigaTIME failed on patch (140288, 43008): cuDNN error: CUDNN_STATUS_NOT_INITIALIZED
    WARNING: GigaTIME failed on patch (140288, 44032): cuDNN error: CUDNN_STATUS_NOT_INITIALIZED
    WARNING: GigaTIME failed on patch (140288, 45056): cuDNN error: CUDNN_STATUS_NOT_INITIALIZED
    WARNING: GigaTIME failed on patch (140288, 46080): cuDNN error: CUDNN_STATUS_NOT_INITIALIZED
    WARNING: GigaTIME failed on patch (140288, 47104): cuDNN error: CUDNN_STATUS_NOT_INITIALIZED
    WARNING: GigaTIME failed on patch (140288, 48128): cuDNN error: CUDNN_STATUS_NOT_INITIALIZED
    WARNING: GigaTIME failed on patch (140288, 49152): cuDNN error: CUDNN_STATUS_NOT_INITIALIZED
    WARNING: GigaTIME failed on patch (140288, 50176): cuDNN error: CUDNN_STATUS_NOT_INITIALIZED
    WARNING: GigaTIME failed on patch (140288, 51200): cuDNN error: CUDNN_STATUS_NOT_INITIALIZED
    WARNING: GigaTIME failed on patch (140288, 52224): cuDNN error: CUDNN_STATUS_NOT_INITIALIZED
    WARNING: GigaTIME failed on patch (140288, 53248): cuDNN error: CUDNN_STATUS_NOT_INITIALIZED
    WARNING: GigaTIME failed on patch (140288, 54272): cuDNN error: CUDNN_STATUS_NOT_INITIALIZED
    WARNING: GigaTIME failed on patch (140288, 55296): cuDNN error: CUDNN_STATUS_NOT_INITIALIZED
    WARNING: GigaTIME failed on patch (140288, 56320): cuDNN error: CUDNN_STATUS_NOT_INITIALIZED
    WARNING: GigaTIME failed on patch (140288, 57344): cuDNN error: CUDNN_STATUS_NOT_INITIALIZED
    WARNING: GigaTIME failed on patch (140288, 58368): cuDNN error: CUDNN_STATUS_NOT_INITIALIZED
    WARNING: GigaTIME failed on patch (140288, 59392): cuDNN error: CUDNN_STATUS_NOT_INITIALIZED
    WARNING: GigaTIME failed on patch (140288, 60416): cuDNN error: CUDNN_STATUS_NOT_INITIALIZED
    WARNING: GigaTIME failed on patch (140288, 61440): cuDNN error: CUDNN_STATUS_NOT_INITIALIZED
    WARNING: GigaTIME failed on patch (141312, 5120): cuDNN error: CUDNN_STATUS_NOT_INITIALIZED
    WARNING: GigaTIME failed on patch (141312, 6144): cuDNN error: CUDNN_STATUS_NOT_INITIALIZED
    WARNING: GigaTIME failed on patch (141312, 7168): cuDNN error: CUDNN_STATUS_NOT_INITIALIZED
    WARNING: GigaTIME failed on patch (141312, 8192): cuDNN error: CUDNN_STATUS_NOT_INITIALIZED
    WARNING: GigaTIME failed on patch (141312, 9216): cuDNN error: CUDNN_STATUS_NOT_INITIALIZED
    WARNING: GigaTIME failed on patch (141312, 10240): cuDNN error: CUDNN_STATUS_NOT_INITIALIZED
    WARNING: GigaTIME failed on patch (141312, 11264): cuDNN error: CUDNN_STATUS_NOT_INITIALIZED
    WARNING: GigaTIME failed on patch (141312, 12288): cuDNN error: CUDNN_STATUS_NOT_INITIALIZED
    WARNING: GigaTIME failed on patch (141312, 13312): cuDNN error: CUDNN_STATUS_NOT_INITIALIZED
    WARNING: GigaTIME failed on patch (141312, 14336): cuDNN error: CUDNN_STATUS_NOT_INITIALIZED
    WARNING: GigaTIME failed on patch (141312, 15360): cuDNN error: CUDNN_STATUS_NOT_INITIALIZED
    WARNING: GigaTIME failed on patch (141312, 16384): cuDNN error: CUDNN_STATUS_NOT_INITIALIZED
    WARNING: GigaTIME failed on patch (141312, 17408): cuDNN error: CUDNN_STATUS_NOT_INITIALIZED
    WARNING: GigaTIME failed on patch (141312, 18432): cuDNN error: CUDNN_STATUS_NOT_INITIALIZED
    WARNING: GigaTIME failed on patch (141312, 19456): cuDNN error: CUDNN_STATUS_NOT_INITIALIZED
    WARNING: GigaTIME failed on patch (141312, 20480): cuDNN error: CUDNN_STATUS_NOT_INITIALIZED
    WARNING: GigaTIME failed on patch (141312, 21504): cuDNN error: CUDNN_STATUS_NOT_INITIALIZED
    WARNING: GigaTIME failed on patch (141312, 22528): cuDNN error: CUDNN_STATUS_NOT_INITIALIZED
    WARNING: GigaTIME failed on patch (141312, 23552): cuDNN error: CUDNN_STATUS_NOT_INITIALIZED
    WARNING: GigaTIME failed on patch (141312, 24576): cuDNN error: CUDNN_STATUS_NOT_INITIALIZED
    WARNING: GigaTIME failed on patch (141312, 25600): cuDNN error: CUDNN_STATUS_NOT_INITIALIZED
    WARNING: GigaTIME failed on patch (141312, 26624): cuDNN error: CUDNN_STATUS_NOT_INITIALIZED
    WARNING: GigaTIME failed on patch (141312, 27648): cuDNN error: CUDNN_STATUS_NOT_INITIALIZED
    WARNING: GigaTIME failed on patch (141312, 28672): cuDNN error: CUDNN_STATUS_NOT_INITIALIZED
    WARNING: GigaTIME failed on patch (141312, 29696): cuDNN error: CUDNN_STATUS_NOT_INITIALIZED
    WARNING: GigaTIME failed on patch (141312, 30720): cuDNN error: CUDNN_STATUS_NOT_INITIALIZED
    WARNING: GigaTIME failed on patch (141312, 31744): cuDNN error: CUDNN_STATUS_NOT_INITIALIZED
    WARNING: GigaTIME failed on patch (141312, 32768): cuDNN error: CUDNN_STATUS_NOT_INITIALIZED
    WARNING: GigaTIME failed on patch (141312, 33792): cuDNN error: CUDNN_STATUS_NOT_INITIALIZED
    WARNING: GigaTIME failed on patch (141312, 34816): cuDNN error: CUDNN_STATUS_NOT_INITIALIZED
    WARNING: GigaTIME failed on patch (141312, 35840): cuDNN error: CUDNN_STATUS_NOT_INITIALIZED
    WARNING: GigaTIME failed on patch (141312, 36864): cuDNN error: CUDNN_STATUS_NOT_INITIALIZED
    WARNING: GigaTIME failed on patch (141312, 37888): cuDNN error: CUDNN_STATUS_NOT_INITIALIZED
    WARNING: GigaTIME failed on patch (141312, 39936): cuDNN error: CUDNN_STATUS_NOT_INITIALIZED
    WARNING: GigaTIME failed on patch (141312, 41984): cuDNN error: CUDNN_STATUS_NOT_INITIALIZED
    WARNING: GigaTIME failed on patch (141312, 43008): cuDNN error: CUDNN_STATUS_NOT_INITIALIZED
    WARNING: GigaTIME failed on patch (141312, 44032): cuDNN error: CUDNN_STATUS_NOT_INITIALIZED
    WARNING: GigaTIME failed on patch (141312, 45056): cuDNN error: CUDNN_STATUS_NOT_INITIALIZED
    WARNING: GigaTIME failed on patch (141312, 46080): cuDNN error: CUDNN_STATUS_NOT_INITIALIZED
    WARNING: GigaTIME failed on patch (141312, 47104): cuDNN error: CUDNN_STATUS_NOT_INITIALIZED
    WARNING: GigaTIME failed on patch (141312, 48128): cuDNN error: CUDNN_STATUS_NOT_INITIALIZED
    WARNING: GigaTIME failed on patch (141312, 49152): cuDNN error: CUDNN_STATUS_NOT_INITIALIZED
    WARNING: GigaTIME failed on patch (141312, 50176): cuDNN error: CUDNN_STATUS_NOT_INITIALIZED
    WARNING: GigaTIME failed on patch (141312, 51200): cuDNN error: CUDNN_STATUS_NOT_INITIALIZED
    WARNING: GigaTIME failed on patch (141312, 52224): cuDNN error: CUDNN_STATUS_NOT_INITIALIZED
    WARNING: GigaTIME failed on patch (141312, 53248): cuDNN error: CUDNN_STATUS_NOT_INITIALIZED
    WARNING: GigaTIME failed on patch (141312, 54272): cuDNN error: CUDNN_STATUS_NOT_INITIALIZED
    WARNING: GigaTIME failed on patch (141312, 55296): cuDNN error: CUDNN_STATUS_NOT_INITIALIZED
    WARNING: GigaTIME failed on patch (141312, 56320): cuDNN error: CUDNN_STATUS_NOT_INITIALIZED
    WARNING: GigaTIME failed on patch (141312, 57344): cuDNN error: CUDNN_STATUS_NOT_INITIALIZED
    WARNING: GigaTIME failed on patch (141312, 58368): cuDNN error: CUDNN_STATUS_NOT_INITIALIZED
    WARNING: GigaTIME failed on patch (141312, 59392): cuDNN error: CUDNN_STATUS_NOT_INITIALIZED
    WARNING: GigaTIME failed on patch (141312, 60416): cuDNN error: CUDNN_STATUS_NOT_INITIALIZED
    WARNING: GigaTIME failed on patch (141312, 61440): cuDNN error: CUDNN_STATUS_NOT_INITIALIZED
    WARNING: GigaTIME failed on patch (142336, 3072): cuDNN error: CUDNN_STATUS_NOT_INITIALIZED
    WARNING: GigaTIME failed on patch (142336, 4096): cuDNN error: CUDNN_STATUS_NOT_INITIALIZED
    WARNING: GigaTIME failed on patch (142336, 5120): cuDNN error: CUDNN_STATUS_NOT_INITIALIZED
    WARNING: GigaTIME failed on patch (142336, 6144): cuDNN error: CUDNN_STATUS_NOT_INITIALIZED
    WARNING: GigaTIME failed on patch (142336, 7168): cuDNN error: CUDNN_STATUS_NOT_INITIALIZED
    WARNING: GigaTIME failed on patch (142336, 8192): cuDNN error: CUDNN_STATUS_NOT_INITIALIZED
    WARNING: GigaTIME failed on patch (142336, 9216): cuDNN error: CUDNN_STATUS_NOT_INITIALIZED
    WARNING: GigaTIME failed on patch (142336, 10240): cuDNN error: CUDNN_STATUS_NOT_INITIALIZED
    WARNING: GigaTIME failed on patch (142336, 11264): cuDNN error: CUDNN_STATUS_NOT_INITIALIZED
    WARNING: GigaTIME failed on patch (142336, 12288): cuDNN error: CUDNN_STATUS_NOT_INITIALIZED
    WARNING: GigaTIME failed on patch (142336, 13312): cuDNN error: CUDNN_STATUS_NOT_INITIALIZED
    WARNING: GigaTIME failed on patch (142336, 14336): cuDNN error: CUDNN_STATUS_NOT_INITIALIZED
    WARNING: GigaTIME failed on patch (142336, 15360): cuDNN error: CUDNN_STATUS_NOT_INITIALIZED
    WARNING: GigaTIME failed on patch (142336, 16384): cuDNN error: CUDNN_STATUS_NOT_INITIALIZED
    WARNING: GigaTIME failed on patch (142336, 17408): cuDNN error: CUDNN_STATUS_NOT_INITIALIZED
    WARNING: GigaTIME failed on patch (142336, 18432): cuDNN error: CUDNN_STATUS_NOT_INITIALIZED
    WARNING: GigaTIME failed on patch (142336, 19456): cuDNN error: CUDNN_STATUS_NOT_INITIALIZED
    WARNING: GigaTIME failed on patch (142336, 20480): cuDNN error: CUDNN_STATUS_NOT_INITIALIZED
    WARNING: GigaTIME failed on patch (142336, 21504): cuDNN error: CUDNN_STATUS_NOT_INITIALIZED
    WARNING: GigaTIME failed on patch (142336, 22528): cuDNN error: CUDNN_STATUS_NOT_INITIALIZED
    WARNING: GigaTIME failed on patch (142336, 23552): cuDNN error: CUDNN_STATUS_NOT_INITIALIZED
    WARNING: GigaTIME failed on patch (142336, 24576): cuDNN error: CUDNN_STATUS_NOT_INITIALIZED
    WARNING: GigaTIME failed on patch (142336, 25600): cuDNN error: CUDNN_STATUS_NOT_INITIALIZED
    WARNING: GigaTIME failed on patch (142336, 26624): cuDNN error: CUDNN_STATUS_NOT_INITIALIZED
    WARNING: GigaTIME failed on patch (142336, 27648): cuDNN error: CUDNN_STATUS_NOT_INITIALIZED
    WARNING: GigaTIME failed on patch (142336, 28672): cuDNN error: CUDNN_STATUS_NOT_INITIALIZED
    WARNING: GigaTIME failed on patch (142336, 29696): cuDNN error: CUDNN_STATUS_NOT_INITIALIZED
    WARNING: GigaTIME failed on patch (142336, 30720): cuDNN error: CUDNN_STATUS_NOT_INITIALIZED
    WARNING: GigaTIME failed on patch (142336, 31744): cuDNN error: CUDNN_STATUS_NOT_INITIALIZED
    WARNING: GigaTIME failed on patch (142336, 32768): cuDNN error: CUDNN_STATUS_NOT_INITIALIZED
    WARNING: GigaTIME failed on patch (142336, 33792): cuDNN error: CUDNN_STATUS_NOT_INITIALIZED
    WARNING: GigaTIME failed on patch (142336, 34816): cuDNN error: CUDNN_STATUS_NOT_INITIALIZED
    WARNING: GigaTIME failed on patch (142336, 35840): cuDNN error: CUDNN_STATUS_NOT_INITIALIZED
    WARNING: GigaTIME failed on patch (142336, 36864): cuDNN error: CUDNN_STATUS_NOT_INITIALIZED
    WARNING: GigaTIME failed on patch (142336, 37888): cuDNN error: CUDNN_STATUS_NOT_INITIALIZED
    WARNING: GigaTIME failed on patch (142336, 38912): cuDNN error: CUDNN_STATUS_NOT_INITIALIZED
    WARNING: GigaTIME failed on patch (142336, 43008): cuDNN error: CUDNN_STATUS_NOT_INITIALIZED
    WARNING: GigaTIME failed on patch (142336, 44032): cuDNN error: CUDNN_STATUS_NOT_INITIALIZED
    WARNING: GigaTIME failed on patch (142336, 45056): cuDNN error: CUDNN_STATUS_NOT_INITIALIZED
    WARNING: GigaTIME failed on patch (142336, 46080): cuDNN error: CUDNN_STATUS_NOT_INITIALIZED
    WARNING: GigaTIME failed on patch (142336, 47104): cuDNN error: CUDNN_STATUS_NOT_INITIALIZED
    WARNING: GigaTIME failed on patch (142336, 48128): cuDNN error: CUDNN_STATUS_NOT_INITIALIZED
    WARNING: GigaTIME failed on patch (142336, 49152): cuDNN error: CUDNN_STATUS_NOT_INITIALIZED
    WARNING: GigaTIME failed on patch (142336, 50176): cuDNN error: CUDNN_STATUS_NOT_INITIALIZED
    WARNING: GigaTIME failed on patch (142336, 51200): cuDNN error: CUDNN_STATUS_NOT_INITIALIZED
    WARNING: GigaTIME failed on patch (142336, 52224): cuDNN error: CUDNN_STATUS_NOT_INITIALIZED
    WARNING: GigaTIME failed on patch (142336, 53248): cuDNN error: CUDNN_STATUS_NOT_INITIALIZED
    WARNING: GigaTIME failed on patch (142336, 54272): cuDNN error: CUDNN_STATUS_NOT_INITIALIZED
    WARNING: GigaTIME failed on patch (142336, 55296): cuDNN error: CUDNN_STATUS_NOT_INITIALIZED
    WARNING: GigaTIME failed on patch (142336, 56320): cuDNN error: CUDNN_STATUS_NOT_INITIALIZED
    WARNING: GigaTIME failed on patch (142336, 57344): cuDNN error: CUDNN_STATUS_NOT_INITIALIZED
    WARNING: GigaTIME failed on patch (142336, 58368): cuDNN error: CUDNN_STATUS_NOT_INITIALIZED
    WARNING: GigaTIME failed on patch (142336, 59392): cuDNN error: CUDNN_STATUS_NOT_INITIALIZED
    WARNING: GigaTIME failed on patch (142336, 60416): cuDNN error: CUDNN_STATUS_NOT_INITIALIZED
    WARNING: GigaTIME failed on patch (142336, 61440): cuDNN error: CUDNN_STATUS_NOT_INITIALIZED
    WARNING: GigaTIME failed on patch (143360, 3072): cuDNN error: CUDNN_STATUS_NOT_INITIALIZED
    WARNING: GigaTIME failed on patch (143360, 4096): cuDNN error: CUDNN_STATUS_NOT_INITIALIZED
    WARNING: GigaTIME failed on patch (143360, 5120): cuDNN error: CUDNN_STATUS_NOT_INITIALIZED
    WARNING: GigaTIME failed on patch (143360, 6144): cuDNN error: CUDNN_STATUS_NOT_INITIALIZED
    WARNING: GigaTIME failed on patch (143360, 7168): cuDNN error: CUDNN_STATUS_NOT_INITIALIZED
    WARNING: GigaTIME failed on patch (143360, 8192): cuDNN error: CUDNN_STATUS_NOT_INITIALIZED
    WARNING: GigaTIME failed on patch (143360, 9216): cuDNN error: CUDNN_STATUS_NOT_INITIALIZED
    WARNING: GigaTIME failed on patch (143360, 10240): cuDNN error: CUDNN_STATUS_NOT_INITIALIZED
    WARNING: GigaTIME failed on patch (143360, 11264): cuDNN error: CUDNN_STATUS_NOT_INITIALIZED
    WARNING: GigaTIME failed on patch (143360, 12288): cuDNN error: CUDNN_STATUS_NOT_INITIALIZED
    WARNING: GigaTIME failed on patch (143360, 13312): cuDNN error: CUDNN_STATUS_NOT_INITIALIZED
    WARNING: GigaTIME failed on patch (143360, 14336): cuDNN error: CUDNN_STATUS_NOT_INITIALIZED
    WARNING: GigaTIME failed on patch (143360, 15360): cuDNN error: CUDNN_STATUS_NOT_INITIALIZED
    WARNING: GigaTIME failed on patch (143360, 16384): cuDNN error: CUDNN_STATUS_NOT_INITIALIZED
    WARNING: GigaTIME failed on patch (143360, 17408): cuDNN error: CUDNN_STATUS_NOT_INITIALIZED
    WARNING: GigaTIME failed on patch (143360, 18432): cuDNN error: CUDNN_STATUS_NOT_INITIALIZED
    WARNING: GigaTIME failed on patch (143360, 19456): cuDNN error: CUDNN_STATUS_NOT_INITIALIZED
    WARNING: GigaTIME failed on patch (143360, 20480): cuDNN error: CUDNN_STATUS_NOT_INITIALIZED
    WARNING: GigaTIME failed on patch (143360, 21504): cuDNN error: CUDNN_STATUS_NOT_INITIALIZED
    WARNING: GigaTIME failed on patch (143360, 22528): cuDNN error: CUDNN_STATUS_NOT_INITIALIZED
    WARNING: GigaTIME failed on patch (143360, 23552): cuDNN error: CUDNN_STATUS_NOT_INITIALIZED
    WARNING: GigaTIME failed on patch (143360, 24576): cuDNN error: CUDNN_STATUS_NOT_INITIALIZED
    WARNING: GigaTIME failed on patch (143360, 25600): cuDNN error: CUDNN_STATUS_NOT_INITIALIZED
    WARNING: GigaTIME failed on patch (143360, 26624): cuDNN error: CUDNN_STATUS_NOT_INITIALIZED
    WARNING: GigaTIME failed on patch (143360, 27648): cuDNN error: CUDNN_STATUS_NOT_INITIALIZED
    WARNING: GigaTIME failed on patch (143360, 28672): cuDNN error: CUDNN_STATUS_NOT_INITIALIZED
    WARNING: GigaTIME failed on patch (143360, 29696): cuDNN error: CUDNN_STATUS_NOT_INITIALIZED
    WARNING: GigaTIME failed on patch (143360, 30720): cuDNN error: CUDNN_STATUS_NOT_INITIALIZED
    WARNING: GigaTIME failed on patch (143360, 31744): cuDNN error: CUDNN_STATUS_NOT_INITIALIZED
    WARNING: GigaTIME failed on patch (143360, 32768): cuDNN error: CUDNN_STATUS_NOT_INITIALIZED
    WARNING: GigaTIME failed on patch (143360, 33792): cuDNN error: CUDNN_STATUS_NOT_INITIALIZED
    WARNING: GigaTIME failed on patch (143360, 34816): cuDNN error: CUDNN_STATUS_NOT_INITIALIZED
    WARNING: GigaTIME failed on patch (143360, 35840): cuDNN error: CUDNN_STATUS_NOT_INITIALIZED
    WARNING: GigaTIME failed on patch (143360, 36864): cuDNN error: CUDNN_STATUS_NOT_INITIALIZED
    WARNING: GigaTIME failed on patch (143360, 37888): cuDNN error: CUDNN_STATUS_NOT_INITIALIZED
    WARNING: GigaTIME failed on patch (143360, 38912): cuDNN error: CUDNN_STATUS_NOT_INITIALIZED
    WARNING: GigaTIME failed on patch (143360, 39936): cuDNN error: CUDNN_STATUS_NOT_INITIALIZED
    WARNING: GigaTIME failed on patch (143360, 40960): cuDNN error: CUDNN_STATUS_NOT_INITIALIZED
    WARNING: GigaTIME failed on patch (143360, 41984): cuDNN error: CUDNN_STATUS_NOT_INITIALIZED
    WARNING: GigaTIME failed on patch (143360, 43008): cuDNN error: CUDNN_STATUS_NOT_INITIALIZED
    WARNING: GigaTIME failed on patch (143360, 44032): cuDNN error: CUDNN_STATUS_NOT_INITIALIZED
    WARNING: GigaTIME failed on patch (143360, 45056): cuDNN error: CUDNN_STATUS_NOT_INITIALIZED
    WARNING: GigaTIME failed on patch (143360, 46080): cuDNN error: CUDNN_STATUS_NOT_INITIALIZED
    WARNING: GigaTIME failed on patch (143360, 47104): cuDNN error: CUDNN_STATUS_NOT_INITIALIZED
    WARNING: GigaTIME failed on patch (143360, 48128): cuDNN error: CUDNN_STATUS_NOT_INITIALIZED
    WARNING: GigaTIME failed on patch (143360, 49152): cuDNN error: CUDNN_STATUS_NOT_INITIALIZED
    WARNING: GigaTIME failed on patch (143360, 50176): cuDNN error: CUDNN_STATUS_NOT_INITIALIZED
    WARNING: GigaTIME failed on patch (143360, 51200): cuDNN error: CUDNN_STATUS_NOT_INITIALIZED
    WARNING: GigaTIME failed on patch (143360, 52224): cuDNN error: CUDNN_STATUS_NOT_INITIALIZED
    WARNING: GigaTIME failed on patch (143360, 53248): cuDNN error: CUDNN_STATUS_NOT_INITIALIZED
    WARNING: GigaTIME failed on patch (143360, 54272): cuDNN error: CUDNN_STATUS_NOT_INITIALIZED
    WARNING: GigaTIME failed on patch (143360, 55296): cuDNN error: CUDNN_STATUS_NOT_INITIALIZED
    WARNING: GigaTIME failed on patch (143360, 56320): cuDNN error: CUDNN_STATUS_NOT_INITIALIZED
    WARNING: GigaTIME failed on patch (143360, 57344): cuDNN error: CUDNN_STATUS_NOT_INITIALIZED
    WARNING: GigaTIME failed on patch (143360, 58368): cuDNN error: CUDNN_STATUS_NOT_INITIALIZED
    WARNING: GigaTIME failed on patch (143360, 59392): cuDNN error: CUDNN_STATUS_NOT_INITIALIZED
    WARNING: GigaTIME failed on patch (143360, 60416): cuDNN error: CUDNN_STATUS_NOT_INITIALIZED
    WARNING: GigaTIME failed on patch (143360, 61440): cuDNN error: CUDNN_STATUS_NOT_INITIALIZED
    WARNING: GigaTIME failed on patch (144384, 3072): cuDNN error: CUDNN_STATUS_NOT_INITIALIZED
    WARNING: GigaTIME failed on patch (144384, 4096): cuDNN error: CUDNN_STATUS_NOT_INITIALIZED
    WARNING: GigaTIME failed on patch (144384, 5120): cuDNN error: CUDNN_STATUS_NOT_INITIALIZED
    WARNING: GigaTIME failed on patch (144384, 6144): cuDNN error: CUDNN_STATUS_NOT_INITIALIZED
    WARNING: GigaTIME failed on patch (144384, 7168): cuDNN error: CUDNN_STATUS_NOT_INITIALIZED
    WARNING: GigaTIME failed on patch (144384, 8192): cuDNN error: CUDNN_STATUS_NOT_INITIALIZED
    WARNING: GigaTIME failed on patch (144384, 9216): cuDNN error: CUDNN_STATUS_NOT_INITIALIZED
    WARNING: GigaTIME failed on patch (144384, 10240): cuDNN error: CUDNN_STATUS_NOT_INITIALIZED
    WARNING: GigaTIME failed on patch (144384, 11264): cuDNN error: CUDNN_STATUS_NOT_INITIALIZED
    WARNING: GigaTIME failed on patch (144384, 12288): cuDNN error: CUDNN_STATUS_NOT_INITIALIZED
    WARNING: GigaTIME failed on patch (144384, 13312): cuDNN error: CUDNN_STATUS_NOT_INITIALIZED
    WARNING: GigaTIME failed on patch (144384, 14336): cuDNN error: CUDNN_STATUS_NOT_INITIALIZED
    WARNING: GigaTIME failed on patch (144384, 15360): cuDNN error: CUDNN_STATUS_NOT_INITIALIZED
    WARNING: GigaTIME failed on patch (144384, 16384): cuDNN error: CUDNN_STATUS_NOT_INITIALIZED
    WARNING: GigaTIME failed on patch (144384, 17408): cuDNN error: CUDNN_STATUS_NOT_INITIALIZED
    WARNING: GigaTIME failed on patch (144384, 18432): cuDNN error: CUDNN_STATUS_NOT_INITIALIZED
    WARNING: GigaTIME failed on patch (144384, 19456): cuDNN error: CUDNN_STATUS_NOT_INITIALIZED
    WARNING: GigaTIME failed on patch (144384, 20480): cuDNN error: CUDNN_STATUS_NOT_INITIALIZED
    WARNING: GigaTIME failed on patch (144384, 21504): cuDNN error: CUDNN_STATUS_NOT_INITIALIZED
    WARNING: GigaTIME failed on patch (144384, 22528): cuDNN error: CUDNN_STATUS_NOT_INITIALIZED
    WARNING: GigaTIME failed on patch (144384, 23552): cuDNN error: CUDNN_STATUS_NOT_INITIALIZED
    WARNING: GigaTIME failed on patch (144384, 24576): cuDNN error: CUDNN_STATUS_NOT_INITIALIZED
    WARNING: GigaTIME failed on patch (144384, 25600): cuDNN error: CUDNN_STATUS_NOT_INITIALIZED
    WARNING: GigaTIME failed on patch (144384, 26624): cuDNN error: CUDNN_STATUS_NOT_INITIALIZED
    WARNING: GigaTIME failed on patch (144384, 27648): cuDNN error: CUDNN_STATUS_NOT_INITIALIZED
    WARNING: GigaTIME failed on patch (144384, 28672): cuDNN error: CUDNN_STATUS_NOT_INITIALIZED
    WARNING: GigaTIME failed on patch (144384, 29696): cuDNN error: CUDNN_STATUS_NOT_INITIALIZED
    WARNING: GigaTIME failed on patch (144384, 30720): cuDNN error: CUDNN_STATUS_NOT_INITIALIZED
    WARNING: GigaTIME failed on patch (144384, 31744): cuDNN error: CUDNN_STATUS_NOT_INITIALIZED
    WARNING: GigaTIME failed on patch (144384, 32768): cuDNN error: CUDNN_STATUS_NOT_INITIALIZED
    WARNING: GigaTIME failed on patch (144384, 33792): cuDNN error: CUDNN_STATUS_NOT_INITIALIZED
    WARNING: GigaTIME failed on patch (144384, 35840): cuDNN error: CUDNN_STATUS_NOT_INITIALIZED
    WARNING: GigaTIME failed on patch (144384, 36864): cuDNN error: CUDNN_STATUS_NOT_INITIALIZED
    WARNING: GigaTIME failed on patch (144384, 37888): cuDNN error: CUDNN_STATUS_NOT_INITIALIZED
    WARNING: GigaTIME failed on patch (144384, 38912): cuDNN error: CUDNN_STATUS_NOT_INITIALIZED
    WARNING: GigaTIME failed on patch (144384, 39936): cuDNN error: CUDNN_STATUS_NOT_INITIALIZED
    WARNING: GigaTIME failed on patch (144384, 40960): cuDNN error: CUDNN_STATUS_NOT_INITIALIZED
    WARNING: GigaTIME failed on patch (144384, 41984): cuDNN error: CUDNN_STATUS_NOT_INITIALIZED
    WARNING: GigaTIME failed on patch (144384, 43008): cuDNN error: CUDNN_STATUS_NOT_INITIALIZED
    WARNING: GigaTIME failed on patch (144384, 44032): cuDNN error: CUDNN_STATUS_NOT_INITIALIZED
    WARNING: GigaTIME failed on patch (144384, 45056): cuDNN error: CUDNN_STATUS_NOT_INITIALIZED
    WARNING: GigaTIME failed on patch (144384, 46080): cuDNN error: CUDNN_STATUS_NOT_INITIALIZED
    WARNING: GigaTIME failed on patch (144384, 47104): cuDNN error: CUDNN_STATUS_NOT_INITIALIZED
    WARNING: GigaTIME failed on patch (144384, 48128): cuDNN error: CUDNN_STATUS_NOT_INITIALIZED
    WARNING: GigaTIME failed on patch (144384, 49152): cuDNN error: CUDNN_STATUS_NOT_INITIALIZED
    WARNING: GigaTIME failed on patch (144384, 50176): cuDNN error: CUDNN_STATUS_NOT_INITIALIZED
    WARNING: GigaTIME failed on patch (144384, 51200): cuDNN error: CUDNN_STATUS_NOT_INITIALIZED
    WARNING: GigaTIME failed on patch (144384, 52224): cuDNN error: CUDNN_STATUS_NOT_INITIALIZED
    WARNING: GigaTIME failed on patch (144384, 53248): cuDNN error: CUDNN_STATUS_NOT_INITIALIZED
    WARNING: GigaTIME failed on patch (144384, 54272): cuDNN error: CUDNN_STATUS_NOT_INITIALIZED
    WARNING: GigaTIME failed on patch (144384, 55296): cuDNN error: CUDNN_STATUS_NOT_INITIALIZED
    WARNING: GigaTIME failed on patch (144384, 56320): cuDNN error: CUDNN_STATUS_NOT_INITIALIZED
    WARNING: GigaTIME failed on patch (144384, 57344): cuDNN error: CUDNN_STATUS_NOT_INITIALIZED
    WARNING: GigaTIME failed on patch (144384, 58368): cuDNN error: CUDNN_STATUS_NOT_INITIALIZED
    WARNING: GigaTIME failed on patch (144384, 59392): cuDNN error: CUDNN_STATUS_NOT_INITIALIZED
    WARNING: GigaTIME failed on patch (144384, 60416): cuDNN error: CUDNN_STATUS_NOT_INITIALIZED
    WARNING: GigaTIME failed on patch (144384, 61440): cuDNN error: CUDNN_STATUS_NOT_INITIALIZED
    WARNING: GigaTIME failed on patch (145408, 2048): cuDNN error: CUDNN_STATUS_NOT_INITIALIZED
    WARNING: GigaTIME failed on patch (145408, 3072): cuDNN error: CUDNN_STATUS_NOT_INITIALIZED
    WARNING: GigaTIME failed on patch (145408, 4096): cuDNN error: CUDNN_STATUS_NOT_INITIALIZED
    WARNING: GigaTIME failed on patch (145408, 5120): cuDNN error: CUDNN_STATUS_NOT_INITIALIZED
    WARNING: GigaTIME failed on patch (145408, 6144): cuDNN error: CUDNN_STATUS_NOT_INITIALIZED
    WARNING: GigaTIME failed on patch (145408, 7168): cuDNN error: CUDNN_STATUS_NOT_INITIALIZED
    WARNING: GigaTIME failed on patch (145408, 8192): cuDNN error: CUDNN_STATUS_NOT_INITIALIZED
    WARNING: GigaTIME failed on patch (145408, 9216): cuDNN error: CUDNN_STATUS_NOT_INITIALIZED
    WARNING: GigaTIME failed on patch (145408, 10240): cuDNN error: CUDNN_STATUS_NOT_INITIALIZED
    WARNING: GigaTIME failed on patch (145408, 11264): cuDNN error: CUDNN_STATUS_NOT_INITIALIZED
    WARNING: GigaTIME failed on patch (145408, 12288): cuDNN error: CUDNN_STATUS_NOT_INITIALIZED
    WARNING: GigaTIME failed on patch (145408, 13312): cuDNN error: CUDNN_STATUS_NOT_INITIALIZED
    WARNING: GigaTIME failed on patch (145408, 14336): cuDNN error: CUDNN_STATUS_NOT_INITIALIZED
    WARNING: GigaTIME failed on patch (145408, 15360): cuDNN error: CUDNN_STATUS_NOT_INITIALIZED
    WARNING: GigaTIME failed on patch (145408, 16384): cuDNN error: CUDNN_STATUS_NOT_INITIALIZED
    WARNING: GigaTIME failed on patch (145408, 17408): cuDNN error: CUDNN_STATUS_NOT_INITIALIZED
    WARNING: GigaTIME failed on patch (145408, 18432): cuDNN error: CUDNN_STATUS_NOT_INITIALIZED
    WARNING: GigaTIME failed on patch (145408, 19456): cuDNN error: CUDNN_STATUS_NOT_INITIALIZED
    WARNING: GigaTIME failed on patch (145408, 20480): cuDNN error: CUDNN_STATUS_NOT_INITIALIZED
    WARNING: GigaTIME failed on patch (145408, 21504): cuDNN error: CUDNN_STATUS_NOT_INITIALIZED
    WARNING: GigaTIME failed on patch (145408, 22528): cuDNN error: CUDNN_STATUS_NOT_INITIALIZED
    WARNING: GigaTIME failed on patch (145408, 23552): cuDNN error: CUDNN_STATUS_NOT_INITIALIZED
    WARNING: GigaTIME failed on patch (145408, 24576): cuDNN error: CUDNN_STATUS_NOT_INITIALIZED
    WARNING: GigaTIME failed on patch (145408, 25600): cuDNN error: CUDNN_STATUS_NOT_INITIALIZED
    WARNING: GigaTIME failed on patch (145408, 26624): cuDNN error: CUDNN_STATUS_NOT_INITIALIZED
    WARNING: GigaTIME failed on patch (145408, 27648): cuDNN error: CUDNN_STATUS_NOT_INITIALIZED
    WARNING: GigaTIME failed on patch (145408, 28672): cuDNN error: CUDNN_STATUS_NOT_INITIALIZED
    WARNING: GigaTIME failed on patch (145408, 29696): cuDNN error: CUDNN_STATUS_NOT_INITIALIZED
    WARNING: GigaTIME failed on patch (145408, 30720): cuDNN error: CUDNN_STATUS_NOT_INITIALIZED
    WARNING: GigaTIME failed on patch (145408, 31744): cuDNN error: CUDNN_STATUS_NOT_INITIALIZED
    WARNING: GigaTIME failed on patch (145408, 32768): cuDNN error: CUDNN_STATUS_NOT_INITIALIZED
    WARNING: GigaTIME failed on patch (145408, 36864): cuDNN error: CUDNN_STATUS_NOT_INITIALIZED
    WARNING: GigaTIME failed on patch (145408, 37888): cuDNN error: CUDNN_STATUS_NOT_INITIALIZED
    WARNING: GigaTIME failed on patch (145408, 38912): cuDNN error: CUDNN_STATUS_NOT_INITIALIZED
    WARNING: GigaTIME failed on patch (145408, 40960): cuDNN error: CUDNN_STATUS_NOT_INITIALIZED
    WARNING: GigaTIME failed on patch (145408, 44032): cuDNN error: CUDNN_STATUS_NOT_INITIALIZED
    WARNING: GigaTIME failed on patch (145408, 45056): cuDNN error: CUDNN_STATUS_NOT_INITIALIZED
    WARNING: GigaTIME failed on patch (145408, 46080): cuDNN error: CUDNN_STATUS_NOT_INITIALIZED
    WARNING: GigaTIME failed on patch (145408, 47104): cuDNN error: CUDNN_STATUS_NOT_INITIALIZED
    WARNING: GigaTIME failed on patch (145408, 48128): cuDNN error: CUDNN_STATUS_NOT_INITIALIZED
    WARNING: GigaTIME failed on patch (145408, 49152): cuDNN error: CUDNN_STATUS_NOT_INITIALIZED
    WARNING: GigaTIME failed on patch (145408, 50176): cuDNN error: CUDNN_STATUS_NOT_INITIALIZED
    WARNING: GigaTIME failed on patch (145408, 51200): cuDNN error: CUDNN_STATUS_NOT_INITIALIZED
    WARNING: GigaTIME failed on patch (145408, 52224): cuDNN error: CUDNN_STATUS_NOT_INITIALIZED
    WARNING: GigaTIME failed on patch (145408, 53248): cuDNN error: CUDNN_STATUS_NOT_INITIALIZED
    WARNING: GigaTIME failed on patch (145408, 54272): cuDNN error: CUDNN_STATUS_NOT_INITIALIZED
    WARNING: GigaTIME failed on patch (145408, 55296): cuDNN error: CUDNN_STATUS_NOT_INITIALIZED
    WARNING: GigaTIME failed on patch (145408, 56320): cuDNN error: CUDNN_STATUS_NOT_INITIALIZED
    WARNING: GigaTIME failed on patch (145408, 57344): cuDNN error: CUDNN_STATUS_NOT_INITIALIZED
    WARNING: GigaTIME failed on patch (145408, 58368): cuDNN error: CUDNN_STATUS_NOT_INITIALIZED
    WARNING: GigaTIME failed on patch (145408, 59392): cuDNN error: CUDNN_STATUS_NOT_INITIALIZED
    WARNING: GigaTIME failed on patch (145408, 60416): cuDNN error: CUDNN_STATUS_NOT_INITIALIZED
    WARNING: GigaTIME failed on patch (145408, 61440): cuDNN error: CUDNN_STATUS_NOT_INITIALIZED
    WARNING: GigaTIME failed on patch (146432, 2048): cuDNN error: CUDNN_STATUS_NOT_INITIALIZED
    WARNING: GigaTIME failed on patch (146432, 3072): cuDNN error: CUDNN_STATUS_NOT_INITIALIZED
    WARNING: GigaTIME failed on patch (146432, 4096): cuDNN error: CUDNN_STATUS_NOT_INITIALIZED
    WARNING: GigaTIME failed on patch (146432, 5120): cuDNN error: CUDNN_STATUS_NOT_INITIALIZED
    WARNING: GigaTIME failed on patch (146432, 6144): cuDNN error: CUDNN_STATUS_NOT_INITIALIZED
    WARNING: GigaTIME failed on patch (146432, 7168): cuDNN error: CUDNN_STATUS_NOT_INITIALIZED
    WARNING: GigaTIME failed on patch (146432, 8192): cuDNN error: CUDNN_STATUS_NOT_INITIALIZED
    WARNING: GigaTIME failed on patch (146432, 9216): cuDNN error: CUDNN_STATUS_NOT_INITIALIZED
    WARNING: GigaTIME failed on patch (146432, 10240): cuDNN error: CUDNN_STATUS_NOT_INITIALIZED
    WARNING: GigaTIME failed on patch (146432, 11264): cuDNN error: CUDNN_STATUS_NOT_INITIALIZED
    WARNING: GigaTIME failed on patch (146432, 12288): cuDNN error: CUDNN_STATUS_NOT_INITIALIZED
    WARNING: GigaTIME failed on patch (146432, 13312): cuDNN error: CUDNN_STATUS_NOT_INITIALIZED
    WARNING: GigaTIME failed on patch (146432, 14336): cuDNN error: CUDNN_STATUS_NOT_INITIALIZED
    WARNING: GigaTIME failed on patch (146432, 15360): cuDNN error: CUDNN_STATUS_NOT_INITIALIZED
    WARNING: GigaTIME failed on patch (146432, 16384): cuDNN error: CUDNN_STATUS_NOT_INITIALIZED
    WARNING: GigaTIME failed on patch (146432, 17408): cuDNN error: CUDNN_STATUS_NOT_INITIALIZED
    WARNING: GigaTIME failed on patch (146432, 18432): cuDNN error: CUDNN_STATUS_NOT_INITIALIZED
    WARNING: GigaTIME failed on patch (146432, 19456): cuDNN error: CUDNN_STATUS_NOT_INITIALIZED
    WARNING: GigaTIME failed on patch (146432, 20480): cuDNN error: CUDNN_STATUS_NOT_INITIALIZED
    WARNING: GigaTIME failed on patch (146432, 21504): cuDNN error: CUDNN_STATUS_NOT_INITIALIZED
    WARNING: GigaTIME failed on patch (146432, 22528): cuDNN error: CUDNN_STATUS_NOT_INITIALIZED
    WARNING: GigaTIME failed on patch (146432, 23552): cuDNN error: CUDNN_STATUS_NOT_INITIALIZED
    WARNING: GigaTIME failed on patch (146432, 24576): cuDNN error: CUDNN_STATUS_NOT_INITIALIZED
    WARNING: GigaTIME failed on patch (146432, 25600): cuDNN error: CUDNN_STATUS_NOT_INITIALIZED
    WARNING: GigaTIME failed on patch (146432, 26624): cuDNN error: CUDNN_STATUS_NOT_INITIALIZED
    WARNING: GigaTIME failed on patch (146432, 27648): cuDNN error: CUDNN_STATUS_NOT_INITIALIZED
    WARNING: GigaTIME failed on patch (146432, 28672): cuDNN error: CUDNN_STATUS_NOT_INITIALIZED
    WARNING: GigaTIME failed on patch (146432, 29696): cuDNN error: CUDNN_STATUS_NOT_INITIALIZED
    WARNING: GigaTIME failed on patch (146432, 30720): cuDNN error: CUDNN_STATUS_NOT_INITIALIZED
    WARNING: GigaTIME failed on patch (146432, 31744): cuDNN error: CUDNN_STATUS_NOT_INITIALIZED
    WARNING: GigaTIME failed on patch (146432, 32768): cuDNN error: CUDNN_STATUS_NOT_INITIALIZED
    WARNING: GigaTIME failed on patch (146432, 33792): cuDNN error: CUDNN_STATUS_NOT_INITIALIZED
    WARNING: GigaTIME failed on patch (146432, 34816): cuDNN error: CUDNN_STATUS_NOT_INITIALIZED
    WARNING: GigaTIME failed on patch (146432, 36864): cuDNN error: CUDNN_STATUS_NOT_INITIALIZED
    WARNING: GigaTIME failed on patch (146432, 37888): cuDNN error: CUDNN_STATUS_NOT_INITIALIZED
    WARNING: GigaTIME failed on patch (146432, 38912): cuDNN error: CUDNN_STATUS_NOT_INITIALIZED
    WARNING: GigaTIME failed on patch (146432, 39936): cuDNN error: CUDNN_STATUS_NOT_INITIALIZED
    WARNING: GigaTIME failed on patch (146432, 44032): cuDNN error: CUDNN_STATUS_NOT_INITIALIZED
    WARNING: GigaTIME failed on patch (146432, 45056): cuDNN error: CUDNN_STATUS_NOT_INITIALIZED
    WARNING: GigaTIME failed on patch (146432, 46080): cuDNN error: CUDNN_STATUS_NOT_INITIALIZED
    WARNING: GigaTIME failed on patch (146432, 47104): cuDNN error: CUDNN_STATUS_NOT_INITIALIZED
    WARNING: GigaTIME failed on patch (146432, 48128): cuDNN error: CUDNN_STATUS_NOT_INITIALIZED
    WARNING: GigaTIME failed on patch (146432, 49152): cuDNN error: CUDNN_STATUS_NOT_INITIALIZED
    WARNING: GigaTIME failed on patch (146432, 50176): cuDNN error: CUDNN_STATUS_NOT_INITIALIZED
    WARNING: GigaTIME failed on patch (146432, 51200): cuDNN error: CUDNN_STATUS_NOT_INITIALIZED
    WARNING: GigaTIME failed on patch (146432, 52224): cuDNN error: CUDNN_STATUS_NOT_INITIALIZED
    WARNING: GigaTIME failed on patch (146432, 53248): cuDNN error: CUDNN_STATUS_NOT_INITIALIZED
    WARNING: GigaTIME failed on patch (146432, 54272): cuDNN error: CUDNN_STATUS_NOT_INITIALIZED
    WARNING: GigaTIME failed on patch (146432, 55296): cuDNN error: CUDNN_STATUS_NOT_INITIALIZED
    WARNING: GigaTIME failed on patch (146432, 56320): cuDNN error: CUDNN_STATUS_NOT_INITIALIZED
    WARNING: GigaTIME failed on patch (146432, 57344): cuDNN error: CUDNN_STATUS_NOT_INITIALIZED
    WARNING: GigaTIME failed on patch (146432, 58368): cuDNN error: CUDNN_STATUS_NOT_INITIALIZED
    WARNING: GigaTIME failed on patch (146432, 59392): cuDNN error: CUDNN_STATUS_NOT_INITIALIZED
    WARNING: GigaTIME failed on patch (146432, 60416): cuDNN error: CUDNN_STATUS_NOT_INITIALIZED
    WARNING: GigaTIME failed on patch (146432, 61440): cuDNN error: CUDNN_STATUS_NOT_INITIALIZED
    WARNING: GigaTIME failed on patch (147456, 2048): cuDNN error: CUDNN_STATUS_NOT_INITIALIZED
    WARNING: GigaTIME failed on patch (147456, 3072): cuDNN error: CUDNN_STATUS_NOT_INITIALIZED
    WARNING: GigaTIME failed on patch (147456, 4096): cuDNN error: CUDNN_STATUS_NOT_INITIALIZED
    WARNING: GigaTIME failed on patch (147456, 5120): cuDNN error: CUDNN_STATUS_NOT_INITIALIZED
    WARNING: GigaTIME failed on patch (147456, 6144): cuDNN error: CUDNN_STATUS_NOT_INITIALIZED
    WARNING: GigaTIME failed on patch (147456, 7168): cuDNN error: CUDNN_STATUS_NOT_INITIALIZED
    WARNING: GigaTIME failed on patch (147456, 8192): cuDNN error: CUDNN_STATUS_NOT_INITIALIZED
    WARNING: GigaTIME failed on patch (147456, 9216): cuDNN error: CUDNN_STATUS_NOT_INITIALIZED
    WARNING: GigaTIME failed on patch (147456, 10240): cuDNN error: CUDNN_STATUS_NOT_INITIALIZED
    WARNING: GigaTIME failed on patch (147456, 11264): cuDNN error: CUDNN_STATUS_NOT_INITIALIZED
    WARNING: GigaTIME failed on patch (147456, 12288): cuDNN error: CUDNN_STATUS_NOT_INITIALIZED
    WARNING: GigaTIME failed on patch (147456, 13312): cuDNN error: CUDNN_STATUS_NOT_INITIALIZED
    WARNING: GigaTIME failed on patch (147456, 14336): cuDNN error: CUDNN_STATUS_NOT_INITIALIZED
    WARNING: GigaTIME failed on patch (147456, 15360): cuDNN error: CUDNN_STATUS_NOT_INITIALIZED
    WARNING: GigaTIME failed on patch (147456, 16384): cuDNN error: CUDNN_STATUS_NOT_INITIALIZED
    WARNING: GigaTIME failed on patch (147456, 17408): cuDNN error: CUDNN_STATUS_NOT_INITIALIZED
    WARNING: GigaTIME failed on patch (147456, 18432): cuDNN error: CUDNN_STATUS_NOT_INITIALIZED
    WARNING: GigaTIME failed on patch (147456, 19456): cuDNN error: CUDNN_STATUS_NOT_INITIALIZED
    WARNING: GigaTIME failed on patch (147456, 20480): cuDNN error: CUDNN_STATUS_NOT_INITIALIZED
    WARNING: GigaTIME failed on patch (147456, 21504): cuDNN error: CUDNN_STATUS_NOT_INITIALIZED
    WARNING: GigaTIME failed on patch (147456, 22528): cuDNN error: CUDNN_STATUS_NOT_INITIALIZED
    WARNING: GigaTIME failed on patch (147456, 23552): cuDNN error: CUDNN_STATUS_NOT_INITIALIZED
    WARNING: GigaTIME failed on patch (147456, 24576): cuDNN error: CUDNN_STATUS_NOT_INITIALIZED
    WARNING: GigaTIME failed on patch (147456, 25600): cuDNN error: CUDNN_STATUS_NOT_INITIALIZED
    WARNING: GigaTIME failed on patch (147456, 26624): cuDNN error: CUDNN_STATUS_NOT_INITIALIZED
    WARNING: GigaTIME failed on patch (147456, 27648): cuDNN error: CUDNN_STATUS_NOT_INITIALIZED
    WARNING: GigaTIME failed on patch (147456, 28672): cuDNN error: CUDNN_STATUS_NOT_INITIALIZED
    WARNING: GigaTIME failed on patch (147456, 29696): cuDNN error: CUDNN_STATUS_NOT_INITIALIZED
    WARNING: GigaTIME failed on patch (147456, 30720): cuDNN error: CUDNN_STATUS_NOT_INITIALIZED
    WARNING: GigaTIME failed on patch (147456, 31744): cuDNN error: CUDNN_STATUS_NOT_INITIALIZED
    WARNING: GigaTIME failed on patch (147456, 32768): cuDNN error: CUDNN_STATUS_NOT_INITIALIZED
    WARNING: GigaTIME failed on patch (147456, 33792): cuDNN error: CUDNN_STATUS_NOT_INITIALIZED
    WARNING: GigaTIME failed on patch (147456, 34816): cuDNN error: CUDNN_STATUS_NOT_INITIALIZED
    WARNING: GigaTIME failed on patch (147456, 35840): cuDNN error: CUDNN_STATUS_NOT_INITIALIZED
    WARNING: GigaTIME failed on patch (147456, 36864): cuDNN error: CUDNN_STATUS_NOT_INITIALIZED
    WARNING: GigaTIME failed on patch (147456, 37888): cuDNN error: CUDNN_STATUS_NOT_INITIALIZED
    WARNING: GigaTIME failed on patch (147456, 38912): cuDNN error: CUDNN_STATUS_NOT_INITIALIZED
    WARNING: GigaTIME failed on patch (147456, 39936): cuDNN error: CUDNN_STATUS_NOT_INITIALIZED
    WARNING: GigaTIME failed on patch (147456, 40960): cuDNN error: CUDNN_STATUS_NOT_INITIALIZED
    WARNING: GigaTIME failed on patch (147456, 41984): cuDNN error: CUDNN_STATUS_NOT_INITIALIZED
    WARNING: GigaTIME failed on patch (147456, 43008): cuDNN error: CUDNN_STATUS_NOT_INITIALIZED
    WARNING: GigaTIME failed on patch (147456, 44032): cuDNN error: CUDNN_STATUS_NOT_INITIALIZED
    WARNING: GigaTIME failed on patch (147456, 45056): cuDNN error: CUDNN_STATUS_NOT_INITIALIZED
    WARNING: GigaTIME failed on patch (147456, 46080): cuDNN error: CUDNN_STATUS_NOT_INITIALIZED
    WARNING: GigaTIME failed on patch (147456, 47104): cuDNN error: CUDNN_STATUS_NOT_INITIALIZED
    WARNING: GigaTIME failed on patch (147456, 48128): cuDNN error: CUDNN_STATUS_NOT_INITIALIZED
    WARNING: GigaTIME failed on patch (147456, 49152): cuDNN error: CUDNN_STATUS_NOT_INITIALIZED
    WARNING: GigaTIME failed on patch (147456, 50176): cuDNN error: CUDNN_STATUS_NOT_INITIALIZED
    WARNING: GigaTIME failed on patch (147456, 51200): cuDNN error: CUDNN_STATUS_NOT_INITIALIZED
    WARNING: GigaTIME failed on patch (147456, 52224): cuDNN error: CUDNN_STATUS_NOT_INITIALIZED
    WARNING: GigaTIME failed on patch (147456, 53248): cuDNN error: CUDNN_STATUS_NOT_INITIALIZED
    WARNING: GigaTIME failed on patch (147456, 54272): cuDNN error: CUDNN_STATUS_NOT_INITIALIZED
    WARNING: GigaTIME failed on patch (147456, 55296): cuDNN error: CUDNN_STATUS_NOT_INITIALIZED
    WARNING: GigaTIME failed on patch (147456, 56320): cuDNN error: CUDNN_STATUS_NOT_INITIALIZED
    WARNING: GigaTIME failed on patch (147456, 57344): cuDNN error: CUDNN_STATUS_NOT_INITIALIZED
    WARNING: GigaTIME failed on patch (147456, 58368): cuDNN error: CUDNN_STATUS_NOT_INITIALIZED
    WARNING: GigaTIME failed on patch (147456, 59392): cuDNN error: CUDNN_STATUS_NOT_INITIALIZED
    WARNING: GigaTIME failed on patch (147456, 60416): cuDNN error: CUDNN_STATUS_NOT_INITIALIZED
    WARNING: GigaTIME failed on patch (147456, 61440): cuDNN error: CUDNN_STATUS_NOT_INITIALIZED
    WARNING: GigaTIME failed on patch (148480, 2048): cuDNN error: CUDNN_STATUS_NOT_INITIALIZED
    WARNING: GigaTIME failed on patch (148480, 3072): cuDNN error: CUDNN_STATUS_NOT_INITIALIZED
    WARNING: GigaTIME failed on patch (148480, 4096): cuDNN error: CUDNN_STATUS_NOT_INITIALIZED
    WARNING: GigaTIME failed on patch (148480, 5120): cuDNN error: CUDNN_STATUS_NOT_INITIALIZED
    WARNING: GigaTIME failed on patch (148480, 6144): cuDNN error: CUDNN_STATUS_NOT_INITIALIZED
    WARNING: GigaTIME failed on patch (148480, 7168): cuDNN error: CUDNN_STATUS_NOT_INITIALIZED
    WARNING: GigaTIME failed on patch (148480, 8192): cuDNN error: CUDNN_STATUS_NOT_INITIALIZED
    WARNING: GigaTIME failed on patch (148480, 9216): cuDNN error: CUDNN_STATUS_NOT_INITIALIZED
    WARNING: GigaTIME failed on patch (148480, 10240): cuDNN error: CUDNN_STATUS_NOT_INITIALIZED
    WARNING: GigaTIME failed on patch (148480, 11264): cuDNN error: CUDNN_STATUS_NOT_INITIALIZED
    WARNING: GigaTIME failed on patch (148480, 12288): cuDNN error: CUDNN_STATUS_NOT_INITIALIZED
    WARNING: GigaTIME failed on patch (148480, 13312): cuDNN error: CUDNN_STATUS_NOT_INITIALIZED
    WARNING: GigaTIME failed on patch (148480, 14336): cuDNN error: CUDNN_STATUS_NOT_INITIALIZED
    WARNING: GigaTIME failed on patch (148480, 15360): cuDNN error: CUDNN_STATUS_NOT_INITIALIZED
    WARNING: GigaTIME failed on patch (148480, 16384): cuDNN error: CUDNN_STATUS_NOT_INITIALIZED
    WARNING: GigaTIME failed on patch (148480, 17408): cuDNN error: CUDNN_STATUS_NOT_INITIALIZED
    WARNING: GigaTIME failed on patch (148480, 18432): cuDNN error: CUDNN_STATUS_NOT_INITIALIZED
    WARNING: GigaTIME failed on patch (148480, 19456): cuDNN error: CUDNN_STATUS_NOT_INITIALIZED
    WARNING: GigaTIME failed on patch (148480, 20480): cuDNN error: CUDNN_STATUS_NOT_INITIALIZED
    WARNING: GigaTIME failed on patch (148480, 21504): cuDNN error: CUDNN_STATUS_NOT_INITIALIZED
    WARNING: GigaTIME failed on patch (148480, 22528): cuDNN error: CUDNN_STATUS_NOT_INITIALIZED
    WARNING: GigaTIME failed on patch (148480, 23552): cuDNN error: CUDNN_STATUS_NOT_INITIALIZED
    WARNING: GigaTIME failed on patch (148480, 24576): cuDNN error: CUDNN_STATUS_NOT_INITIALIZED
    WARNING: GigaTIME failed on patch (148480, 25600): cuDNN error: CUDNN_STATUS_NOT_INITIALIZED
    WARNING: GigaTIME failed on patch (148480, 26624): cuDNN error: CUDNN_STATUS_NOT_INITIALIZED
    WARNING: GigaTIME failed on patch (148480, 27648): cuDNN error: CUDNN_STATUS_NOT_INITIALIZED
    WARNING: GigaTIME failed on patch (148480, 28672): cuDNN error: CUDNN_STATUS_NOT_INITIALIZED
    WARNING: GigaTIME failed on patch (148480, 29696): cuDNN error: CUDNN_STATUS_NOT_INITIALIZED
    WARNING: GigaTIME failed on patch (148480, 30720): cuDNN error: CUDNN_STATUS_NOT_INITIALIZED
    WARNING: GigaTIME failed on patch (148480, 31744): cuDNN error: CUDNN_STATUS_NOT_INITIALIZED
    WARNING: GigaTIME failed on patch (148480, 32768): cuDNN error: CUDNN_STATUS_NOT_INITIALIZED
    WARNING: GigaTIME failed on patch (148480, 33792): cuDNN error: CUDNN_STATUS_NOT_INITIALIZED
    WARNING: GigaTIME failed on patch (148480, 34816): cuDNN error: CUDNN_STATUS_NOT_INITIALIZED
    WARNING: GigaTIME failed on patch (148480, 35840): cuDNN error: CUDNN_STATUS_NOT_INITIALIZED
    WARNING: GigaTIME failed on patch (148480, 36864): cuDNN error: CUDNN_STATUS_NOT_INITIALIZED
    WARNING: GigaTIME failed on patch (148480, 37888): cuDNN error: CUDNN_STATUS_NOT_INITIALIZED
    WARNING: GigaTIME failed on patch (148480, 38912): cuDNN error: CUDNN_STATUS_NOT_INITIALIZED
    WARNING: GigaTIME failed on patch (148480, 39936): cuDNN error: CUDNN_STATUS_NOT_INITIALIZED
    WARNING: GigaTIME failed on patch (148480, 40960): cuDNN error: CUDNN_STATUS_NOT_INITIALIZED
    WARNING: GigaTIME failed on patch (148480, 41984): cuDNN error: CUDNN_STATUS_NOT_INITIALIZED
    WARNING: GigaTIME failed on patch (148480, 43008): cuDNN error: CUDNN_STATUS_NOT_INITIALIZED
    WARNING: GigaTIME failed on patch (148480, 44032): cuDNN error: CUDNN_STATUS_NOT_INITIALIZED
    WARNING: GigaTIME failed on patch (148480, 45056): cuDNN error: CUDNN_STATUS_NOT_INITIALIZED
    WARNING: GigaTIME failed on patch (148480, 46080): cuDNN error: CUDNN_STATUS_NOT_INITIALIZED
    WARNING: GigaTIME failed on patch (148480, 47104): cuDNN error: CUDNN_STATUS_NOT_INITIALIZED
    WARNING: GigaTIME failed on patch (148480, 48128): cuDNN error: CUDNN_STATUS_NOT_INITIALIZED
    WARNING: GigaTIME failed on patch (148480, 49152): cuDNN error: CUDNN_STATUS_NOT_INITIALIZED
    WARNING: GigaTIME failed on patch (148480, 50176): cuDNN error: CUDNN_STATUS_NOT_INITIALIZED
    WARNING: GigaTIME failed on patch (148480, 51200): cuDNN error: CUDNN_STATUS_NOT_INITIALIZED
    WARNING: GigaTIME failed on patch (148480, 52224): cuDNN error: CUDNN_STATUS_NOT_INITIALIZED
    WARNING: GigaTIME failed on patch (148480, 53248): cuDNN error: CUDNN_STATUS_NOT_INITIALIZED
    WARNING: GigaTIME failed on patch (148480, 54272): cuDNN error: CUDNN_STATUS_NOT_INITIALIZED
    WARNING: GigaTIME failed on patch (148480, 55296): cuDNN error: CUDNN_STATUS_NOT_INITIALIZED
    WARNING: GigaTIME failed on patch (148480, 56320): cuDNN error: CUDNN_STATUS_NOT_INITIALIZED
    WARNING: GigaTIME failed on patch (148480, 57344): cuDNN error: CUDNN_STATUS_NOT_INITIALIZED
    WARNING: GigaTIME failed on patch (148480, 58368): cuDNN error: CUDNN_STATUS_NOT_INITIALIZED
    WARNING: GigaTIME failed on patch (148480, 59392): cuDNN error: CUDNN_STATUS_NOT_INITIALIZED
    WARNING: GigaTIME failed on patch (148480, 60416): cuDNN error: CUDNN_STATUS_NOT_INITIALIZED
    WARNING: GigaTIME failed on patch (148480, 61440): cuDNN error: CUDNN_STATUS_NOT_INITIALIZED
    WARNING: GigaTIME failed on patch (149504, 2048): cuDNN error: CUDNN_STATUS_NOT_INITIALIZED
    WARNING: GigaTIME failed on patch (149504, 3072): cuDNN error: CUDNN_STATUS_NOT_INITIALIZED
    WARNING: GigaTIME failed on patch (149504, 4096): cuDNN error: CUDNN_STATUS_NOT_INITIALIZED
    WARNING: GigaTIME failed on patch (149504, 5120): cuDNN error: CUDNN_STATUS_NOT_INITIALIZED
    WARNING: GigaTIME failed on patch (149504, 6144): cuDNN error: CUDNN_STATUS_NOT_INITIALIZED
    WARNING: GigaTIME failed on patch (149504, 7168): cuDNN error: CUDNN_STATUS_NOT_INITIALIZED
    WARNING: GigaTIME failed on patch (149504, 8192): cuDNN error: CUDNN_STATUS_NOT_INITIALIZED
    WARNING: GigaTIME failed on patch (149504, 9216): cuDNN error: CUDNN_STATUS_NOT_INITIALIZED
    WARNING: GigaTIME failed on patch (149504, 10240): cuDNN error: CUDNN_STATUS_NOT_INITIALIZED
    WARNING: GigaTIME failed on patch (149504, 11264): cuDNN error: CUDNN_STATUS_NOT_INITIALIZED
    WARNING: GigaTIME failed on patch (149504, 12288): cuDNN error: CUDNN_STATUS_NOT_INITIALIZED
    WARNING: GigaTIME failed on patch (149504, 13312): cuDNN error: CUDNN_STATUS_NOT_INITIALIZED
    WARNING: GigaTIME failed on patch (149504, 14336): cuDNN error: CUDNN_STATUS_NOT_INITIALIZED
    WARNING: GigaTIME failed on patch (149504, 15360): cuDNN error: CUDNN_STATUS_NOT_INITIALIZED
    WARNING: GigaTIME failed on patch (149504, 16384): cuDNN error: CUDNN_STATUS_NOT_INITIALIZED
    WARNING: GigaTIME failed on patch (149504, 17408): cuDNN error: CUDNN_STATUS_NOT_INITIALIZED
    WARNING: GigaTIME failed on patch (149504, 18432): cuDNN error: CUDNN_STATUS_NOT_INITIALIZED
    WARNING: GigaTIME failed on patch (149504, 19456): cuDNN error: CUDNN_STATUS_NOT_INITIALIZED
    WARNING: GigaTIME failed on patch (149504, 20480): cuDNN error: CUDNN_STATUS_NOT_INITIALIZED
    WARNING: GigaTIME failed on patch (149504, 21504): cuDNN error: CUDNN_STATUS_NOT_INITIALIZED
    WARNING: GigaTIME failed on patch (149504, 22528): cuDNN error: CUDNN_STATUS_NOT_INITIALIZED
    WARNING: GigaTIME failed on patch (149504, 23552): cuDNN error: CUDNN_STATUS_NOT_INITIALIZED
    WARNING: GigaTIME failed on patch (149504, 24576): cuDNN error: CUDNN_STATUS_NOT_INITIALIZED
    WARNING: GigaTIME failed on patch (149504, 25600): cuDNN error: CUDNN_STATUS_NOT_INITIALIZED
    WARNING: GigaTIME failed on patch (149504, 26624): cuDNN error: CUDNN_STATUS_NOT_INITIALIZED
    WARNING: GigaTIME failed on patch (149504, 27648): cuDNN error: CUDNN_STATUS_NOT_INITIALIZED
    WARNING: GigaTIME failed on patch (149504, 28672): cuDNN error: CUDNN_STATUS_NOT_INITIALIZED
    WARNING: GigaTIME failed on patch (149504, 30720): cuDNN error: CUDNN_STATUS_NOT_INITIALIZED
    WARNING: GigaTIME failed on patch (149504, 31744): cuDNN error: CUDNN_STATUS_NOT_INITIALIZED
    WARNING: GigaTIME failed on patch (149504, 32768): cuDNN error: CUDNN_STATUS_NOT_INITIALIZED
    WARNING: GigaTIME failed on patch (149504, 33792): cuDNN error: CUDNN_STATUS_NOT_INITIALIZED
    WARNING: GigaTIME failed on patch (149504, 34816): cuDNN error: CUDNN_STATUS_NOT_INITIALIZED
    WARNING: GigaTIME failed on patch (149504, 35840): cuDNN error: CUDNN_STATUS_NOT_INITIALIZED
    WARNING: GigaTIME failed on patch (149504, 36864): cuDNN error: CUDNN_STATUS_NOT_INITIALIZED
    WARNING: GigaTIME failed on patch (149504, 37888): cuDNN error: CUDNN_STATUS_NOT_INITIALIZED
    WARNING: GigaTIME failed on patch (149504, 38912): cuDNN error: CUDNN_STATUS_NOT_INITIALIZED
    WARNING: GigaTIME failed on patch (149504, 39936): cuDNN error: CUDNN_STATUS_NOT_INITIALIZED
    WARNING: GigaTIME failed on patch (149504, 40960): cuDNN error: CUDNN_STATUS_NOT_INITIALIZED
    WARNING: GigaTIME failed on patch (149504, 41984): cuDNN error: CUDNN_STATUS_NOT_INITIALIZED
    WARNING: GigaTIME failed on patch (149504, 43008): cuDNN error: CUDNN_STATUS_NOT_INITIALIZED
    WARNING: GigaTIME failed on patch (149504, 44032): cuDNN error: CUDNN_STATUS_NOT_INITIALIZED
    WARNING: GigaTIME failed on patch (149504, 45056): cuDNN error: CUDNN_STATUS_NOT_INITIALIZED
    WARNING: GigaTIME failed on patch (149504, 46080): cuDNN error: CUDNN_STATUS_NOT_INITIALIZED
    WARNING: GigaTIME failed on patch (149504, 47104): cuDNN error: CUDNN_STATUS_NOT_INITIALIZED
    WARNING: GigaTIME failed on patch (149504, 48128): cuDNN error: CUDNN_STATUS_NOT_INITIALIZED
    WARNING: GigaTIME failed on patch (149504, 49152): cuDNN error: CUDNN_STATUS_NOT_INITIALIZED
    WARNING: GigaTIME failed on patch (149504, 50176): cuDNN error: CUDNN_STATUS_NOT_INITIALIZED
    WARNING: GigaTIME failed on patch (149504, 51200): cuDNN error: CUDNN_STATUS_NOT_INITIALIZED
    WARNING: GigaTIME failed on patch (149504, 52224): cuDNN error: CUDNN_STATUS_NOT_INITIALIZED
    WARNING: GigaTIME failed on patch (149504, 53248): cuDNN error: CUDNN_STATUS_NOT_INITIALIZED
    WARNING: GigaTIME failed on patch (149504, 54272): cuDNN error: CUDNN_STATUS_NOT_INITIALIZED
    WARNING: GigaTIME failed on patch (149504, 55296): cuDNN error: CUDNN_STATUS_NOT_INITIALIZED
    WARNING: GigaTIME failed on patch (149504, 56320): cuDNN error: CUDNN_STATUS_NOT_INITIALIZED
    WARNING: GigaTIME failed on patch (149504, 57344): cuDNN error: CUDNN_STATUS_NOT_INITIALIZED
    WARNING: GigaTIME failed on patch (149504, 58368): cuDNN error: CUDNN_STATUS_NOT_INITIALIZED
    WARNING: GigaTIME failed on patch (149504, 59392): cuDNN error: CUDNN_STATUS_NOT_INITIALIZED
    WARNING: GigaTIME failed on patch (149504, 60416): cuDNN error: CUDNN_STATUS_NOT_INITIALIZED
    WARNING: GigaTIME failed on patch (149504, 61440): cuDNN error: CUDNN_STATUS_NOT_INITIALIZED
    WARNING: GigaTIME failed on patch (150528, 3072): cuDNN error: CUDNN_STATUS_NOT_INITIALIZED
    WARNING: GigaTIME failed on patch (150528, 4096): cuDNN error: CUDNN_STATUS_NOT_INITIALIZED
    WARNING: GigaTIME failed on patch (150528, 5120): cuDNN error: CUDNN_STATUS_NOT_INITIALIZED
    WARNING: GigaTIME failed on patch (150528, 6144): cuDNN error: CUDNN_STATUS_NOT_INITIALIZED
    WARNING: GigaTIME failed on patch (150528, 7168): cuDNN error: CUDNN_STATUS_NOT_INITIALIZED
    WARNING: GigaTIME failed on patch (150528, 8192): cuDNN error: CUDNN_STATUS_NOT_INITIALIZED
    WARNING: GigaTIME failed on patch (150528, 9216): cuDNN error: CUDNN_STATUS_NOT_INITIALIZED
    WARNING: GigaTIME failed on patch (150528, 10240): cuDNN error: CUDNN_STATUS_NOT_INITIALIZED
    WARNING: GigaTIME failed on patch (150528, 11264): cuDNN error: CUDNN_STATUS_NOT_INITIALIZED
    WARNING: GigaTIME failed on patch (150528, 12288): cuDNN error: CUDNN_STATUS_NOT_INITIALIZED
    WARNING: GigaTIME failed on patch (150528, 13312): cuDNN error: CUDNN_STATUS_NOT_INITIALIZED
    WARNING: GigaTIME failed on patch (150528, 14336): cuDNN error: CUDNN_STATUS_NOT_INITIALIZED
    WARNING: GigaTIME failed on patch (150528, 15360): cuDNN error: CUDNN_STATUS_NOT_INITIALIZED
    WARNING: GigaTIME failed on patch (150528, 16384): cuDNN error: CUDNN_STATUS_NOT_INITIALIZED
    WARNING: GigaTIME failed on patch (150528, 17408): cuDNN error: CUDNN_STATUS_NOT_INITIALIZED
    WARNING: GigaTIME failed on patch (150528, 18432): cuDNN error: CUDNN_STATUS_NOT_INITIALIZED
    WARNING: GigaTIME failed on patch (150528, 19456): cuDNN error: CUDNN_STATUS_NOT_INITIALIZED
    WARNING: GigaTIME failed on patch (150528, 20480): cuDNN error: CUDNN_STATUS_NOT_INITIALIZED
    WARNING: GigaTIME failed on patch (150528, 21504): cuDNN error: CUDNN_STATUS_NOT_INITIALIZED
    WARNING: GigaTIME failed on patch (150528, 22528): cuDNN error: CUDNN_STATUS_NOT_INITIALIZED
    WARNING: GigaTIME failed on patch (150528, 23552): cuDNN error: CUDNN_STATUS_NOT_INITIALIZED
    WARNING: GigaTIME failed on patch (150528, 24576): cuDNN error: CUDNN_STATUS_NOT_INITIALIZED
    WARNING: GigaTIME failed on patch (150528, 25600): cuDNN error: CUDNN_STATUS_NOT_INITIALIZED
    WARNING: GigaTIME failed on patch (150528, 26624): cuDNN error: CUDNN_STATUS_NOT_INITIALIZED
    WARNING: GigaTIME failed on patch (150528, 27648): cuDNN error: CUDNN_STATUS_NOT_INITIALIZED
    WARNING: GigaTIME failed on patch (150528, 28672): cuDNN error: CUDNN_STATUS_NOT_INITIALIZED
    WARNING: GigaTIME failed on patch (150528, 33792): cuDNN error: CUDNN_STATUS_NOT_INITIALIZED
    WARNING: GigaTIME failed on patch (150528, 34816): cuDNN error: CUDNN_STATUS_NOT_INITIALIZED
    WARNING: GigaTIME failed on patch (150528, 35840): cuDNN error: CUDNN_STATUS_NOT_INITIALIZED
    WARNING: GigaTIME failed on patch (150528, 36864): cuDNN error: CUDNN_STATUS_NOT_INITIALIZED
    WARNING: GigaTIME failed on patch (150528, 37888): cuDNN error: CUDNN_STATUS_NOT_INITIALIZED
    WARNING: GigaTIME failed on patch (150528, 38912): cuDNN error: CUDNN_STATUS_NOT_INITIALIZED
    WARNING: GigaTIME failed on patch (150528, 39936): cuDNN error: CUDNN_STATUS_NOT_INITIALIZED
    WARNING: GigaTIME failed on patch (150528, 40960): cuDNN error: CUDNN_STATUS_NOT_INITIALIZED
    WARNING: GigaTIME failed on patch (150528, 41984): cuDNN error: CUDNN_STATUS_NOT_INITIALIZED
    WARNING: GigaTIME failed on patch (150528, 43008): cuDNN error: CUDNN_STATUS_NOT_INITIALIZED
    WARNING: GigaTIME failed on patch (150528, 44032): cuDNN error: CUDNN_STATUS_NOT_INITIALIZED
    WARNING: GigaTIME failed on patch (150528, 45056): cuDNN error: CUDNN_STATUS_NOT_INITIALIZED
    WARNING: GigaTIME failed on patch (150528, 46080): cuDNN error: CUDNN_STATUS_NOT_INITIALIZED
    WARNING: GigaTIME failed on patch (150528, 47104): cuDNN error: CUDNN_STATUS_NOT_INITIALIZED
    WARNING: GigaTIME failed on patch (150528, 48128): cuDNN error: CUDNN_STATUS_NOT_INITIALIZED
    WARNING: GigaTIME failed on patch (150528, 49152): cuDNN error: CUDNN_STATUS_NOT_INITIALIZED
    WARNING: GigaTIME failed on patch (150528, 50176): cuDNN error: CUDNN_STATUS_NOT_INITIALIZED
    WARNING: GigaTIME failed on patch (150528, 51200): cuDNN error: CUDNN_STATUS_NOT_INITIALIZED
    WARNING: GigaTIME failed on patch (150528, 52224): cuDNN error: CUDNN_STATUS_NOT_INITIALIZED
    WARNING: GigaTIME failed on patch (150528, 53248): cuDNN error: CUDNN_STATUS_NOT_INITIALIZED
    WARNING: GigaTIME failed on patch (150528, 54272): cuDNN error: CUDNN_STATUS_NOT_INITIALIZED
    WARNING: GigaTIME failed on patch (150528, 55296): cuDNN error: CUDNN_STATUS_NOT_INITIALIZED
    WARNING: GigaTIME failed on patch (150528, 56320): cuDNN error: CUDNN_STATUS_NOT_INITIALIZED
    WARNING: GigaTIME failed on patch (150528, 57344): cuDNN error: CUDNN_STATUS_NOT_INITIALIZED
    WARNING: GigaTIME failed on patch (150528, 58368): cuDNN error: CUDNN_STATUS_NOT_INITIALIZED
    WARNING: GigaTIME failed on patch (150528, 59392): cuDNN error: CUDNN_STATUS_NOT_INITIALIZED
    WARNING: GigaTIME failed on patch (150528, 60416): cuDNN error: CUDNN_STATUS_NOT_INITIALIZED
    WARNING: GigaTIME failed on patch (150528, 61440): cuDNN error: CUDNN_STATUS_NOT_INITIALIZED
    WARNING: GigaTIME failed on patch (151552, 4096): cuDNN error: CUDNN_STATUS_NOT_INITIALIZED
    WARNING: GigaTIME failed on patch (151552, 5120): cuDNN error: CUDNN_STATUS_NOT_INITIALIZED
    WARNING: GigaTIME failed on patch (151552, 6144): cuDNN error: CUDNN_STATUS_NOT_INITIALIZED
    WARNING: GigaTIME failed on patch (151552, 7168): cuDNN error: CUDNN_STATUS_NOT_INITIALIZED
    WARNING: GigaTIME failed on patch (151552, 8192): cuDNN error: CUDNN_STATUS_NOT_INITIALIZED
    WARNING: GigaTIME failed on patch (151552, 9216): cuDNN error: CUDNN_STATUS_NOT_INITIALIZED
    WARNING: GigaTIME failed on patch (151552, 10240): cuDNN error: CUDNN_STATUS_NOT_INITIALIZED
    WARNING: GigaTIME failed on patch (151552, 11264): cuDNN error: CUDNN_STATUS_NOT_INITIALIZED
    WARNING: GigaTIME failed on patch (151552, 12288): cuDNN error: CUDNN_STATUS_NOT_INITIALIZED
    WARNING: GigaTIME failed on patch (151552, 13312): cuDNN error: CUDNN_STATUS_NOT_INITIALIZED
    WARNING: GigaTIME failed on patch (151552, 14336): cuDNN error: CUDNN_STATUS_NOT_INITIALIZED
    WARNING: GigaTIME failed on patch (151552, 15360): cuDNN error: CUDNN_STATUS_NOT_INITIALIZED
    WARNING: GigaTIME failed on patch (151552, 16384): cuDNN error: CUDNN_STATUS_NOT_INITIALIZED
    WARNING: GigaTIME failed on patch (151552, 17408): cuDNN error: CUDNN_STATUS_NOT_INITIALIZED
    WARNING: GigaTIME failed on patch (151552, 18432): cuDNN error: CUDNN_STATUS_NOT_INITIALIZED
    WARNING: GigaTIME failed on patch (151552, 19456): cuDNN error: CUDNN_STATUS_NOT_INITIALIZED
    WARNING: GigaTIME failed on patch (151552, 20480): cuDNN error: CUDNN_STATUS_NOT_INITIALIZED
    WARNING: GigaTIME failed on patch (151552, 21504): cuDNN error: CUDNN_STATUS_NOT_INITIALIZED
    WARNING: GigaTIME failed on patch (151552, 22528): cuDNN error: CUDNN_STATUS_NOT_INITIALIZED
    WARNING: GigaTIME failed on patch (151552, 23552): cuDNN error: CUDNN_STATUS_NOT_INITIALIZED
    WARNING: GigaTIME failed on patch (151552, 24576): cuDNN error: CUDNN_STATUS_NOT_INITIALIZED
    WARNING: GigaTIME failed on patch (151552, 25600): cuDNN error: CUDNN_STATUS_NOT_INITIALIZED
    WARNING: GigaTIME failed on patch (151552, 26624): cuDNN error: CUDNN_STATUS_NOT_INITIALIZED
    WARNING: GigaTIME failed on patch (151552, 27648): cuDNN error: CUDNN_STATUS_NOT_INITIALIZED
    WARNING: GigaTIME failed on patch (151552, 28672): cuDNN error: CUDNN_STATUS_NOT_INITIALIZED
    WARNING: GigaTIME failed on patch (151552, 29696): cuDNN error: CUDNN_STATUS_NOT_INITIALIZED
    WARNING: GigaTIME failed on patch (151552, 30720): cuDNN error: CUDNN_STATUS_NOT_INITIALIZED
    WARNING: GigaTIME failed on patch (151552, 31744): cuDNN error: CUDNN_STATUS_NOT_INITIALIZED
    WARNING: GigaTIME failed on patch (151552, 32768): cuDNN error: CUDNN_STATUS_NOT_INITIALIZED
    WARNING: GigaTIME failed on patch (151552, 33792): cuDNN error: CUDNN_STATUS_NOT_INITIALIZED
    WARNING: GigaTIME failed on patch (151552, 34816): cuDNN error: CUDNN_STATUS_NOT_INITIALIZED
    WARNING: GigaTIME failed on patch (151552, 35840): cuDNN error: CUDNN_STATUS_NOT_INITIALIZED
    WARNING: GigaTIME failed on patch (151552, 36864): cuDNN error: CUDNN_STATUS_NOT_INITIALIZED
    WARNING: GigaTIME failed on patch (151552, 40960): cuDNN error: CUDNN_STATUS_NOT_INITIALIZED
    WARNING: GigaTIME failed on patch (151552, 41984): cuDNN error: CUDNN_STATUS_NOT_INITIALIZED
    WARNING: GigaTIME failed on patch (151552, 43008): cuDNN error: CUDNN_STATUS_NOT_INITIALIZED
    WARNING: GigaTIME failed on patch (151552, 44032): cuDNN error: CUDNN_STATUS_NOT_INITIALIZED
    WARNING: GigaTIME failed on patch (151552, 45056): cuDNN error: CUDNN_STATUS_NOT_INITIALIZED
    WARNING: GigaTIME failed on patch (151552, 46080): cuDNN error: CUDNN_STATUS_NOT_INITIALIZED
    WARNING: GigaTIME failed on patch (151552, 47104): cuDNN error: CUDNN_STATUS_NOT_INITIALIZED
    WARNING: GigaTIME failed on patch (151552, 48128): cuDNN error: CUDNN_STATUS_NOT_INITIALIZED
    WARNING: GigaTIME failed on patch (151552, 49152): cuDNN error: CUDNN_STATUS_NOT_INITIALIZED
    WARNING: GigaTIME failed on patch (151552, 50176): cuDNN error: CUDNN_STATUS_NOT_INITIALIZED
    WARNING: GigaTIME failed on patch (151552, 51200): cuDNN error: CUDNN_STATUS_NOT_INITIALIZED
    WARNING: GigaTIME failed on patch (151552, 52224): cuDNN error: CUDNN_STATUS_NOT_INITIALIZED
    WARNING: GigaTIME failed on patch (151552, 53248): cuDNN error: CUDNN_STATUS_NOT_INITIALIZED
    WARNING: GigaTIME failed on patch (151552, 54272): cuDNN error: CUDNN_STATUS_NOT_INITIALIZED
    WARNING: GigaTIME failed on patch (151552, 55296): cuDNN error: CUDNN_STATUS_NOT_INITIALIZED
    WARNING: GigaTIME failed on patch (151552, 56320): cuDNN error: CUDNN_STATUS_NOT_INITIALIZED
    WARNING: GigaTIME failed on patch (151552, 57344): cuDNN error: CUDNN_STATUS_NOT_INITIALIZED
    WARNING: GigaTIME failed on patch (151552, 58368): cuDNN error: CUDNN_STATUS_NOT_INITIALIZED