=== Chunk 7/8: Extracting GigaTIME protein counts ===
Chunk 7/8: processing 31/252 H5 files
Loading GigaTIME model from HuggingFace...
GigaTIME model loaded.
Processing: #11-2 7197-17-034.h5
    WARNING: GigaTIME failed on patch (2048, 17408): cuDNN error: CUDNN_STATUS_NOT_INITIALIZED
    WARNING: GigaTIME failed on patch (2048, 18432): cuDNN error: CUDNN_STATUS_NOT_INITIALIZED
    WARNING: GigaTIME failed on patch (2048, 19456): cuDNN error: CUDNN_STATUS_NOT_INITIALIZED
    WARNING: GigaTIME failed on patch (2048, 20480): cuDNN error: CUDNN_STATUS_NOT_INITIALIZED
    WARNING: GigaTIME failed on patch (2048, 21504): cuDNN error: CUDNN_STATUS_NOT_INITIALIZED
    WARNING: GigaTIME failed on patch (2048, 26624): cuDNN error: CUDNN_STATUS_NOT_INITIALIZED
    WARNING: GigaTIME failed on patch (2048, 27648): cuDNN error: CUDNN_STATUS_NOT_INITIALIZED
    WARNING: GigaTIME failed on patch (2048, 28672): cuDNN error: CUDNN_STATUS_NOT_INITIALIZED
    WARNING: GigaTIME failed on patch (2048, 30720): cuDNN error: CUDNN_STATUS_NOT_INITIALIZED
    WARNING: GigaTIME failed on patch (2048, 31744): cuDNN error: CUDNN_STATUS_NOT_INITIALIZED
    WARNING: GigaTIME failed on patch (2048, 32768): cuDNN error: CUDNN_STATUS_NOT_INITIALIZED
    WARNING: GigaTIME failed on patch (2048, 36864): cuDNN error: CUDNN_STATUS_NOT_INITIALIZED
    WARNING: GigaTIME failed on patch (2048, 37888): cuDNN error: CUDNN_STATUS_NOT_INITIALIZED
    WARNING: GigaTIME failed on patch (2048, 38912): cuDNN error: CUDNN_STATUS_NOT_INITIALIZED
    WARNING: GigaTIME failed on patch (2048, 39936): cuDNN error: CUDNN_STATUS_NOT_INITIALIZED
    WARNING: GigaTIME failed on patch (2048, 47104): cuDNN error: CUDNN_STATUS_NOT_INITIALIZED
    WARNING: GigaTIME failed on patch (2048, 48128): cuDNN error: CUDNN_STATUS_NOT_INITIALIZED
    WARNING: GigaTIME failed on patch (2048, 49152): cuDNN error: CUDNN_STATUS_NOT_INITIALIZED
    WARNING: GigaTIME failed on patch (2048, 50176): cuDNN error: CUDNN_STATUS_NOT_INITIALIZED
    WARNING: GigaTIME failed on patch (2048, 51200): cuDNN error: CUDNN_STATUS_NOT_INITIALIZED
    WARNING: GigaTIME failed on patch (2048, 52224): cuDNN error: CUDNN_STATUS_NOT_INITIALIZED
    WARNING: GigaTIME failed on patch (2048, 55296): cuDNN error: CUDNN_STATUS_NOT_INITIALIZED
    WARNING: GigaTIME failed on patch (2048, 56320): cuDNN error: CUDNN_STATUS_NOT_INITIALIZED
    WARNING: GigaTIME failed on patch (2048, 57344): cuDNN error: CUDNN_STATUS_NOT_INITIALIZED
    WARNING: GigaTIME failed on patch (2048, 58368): cuDNN error: CUDNN_STATUS_NOT_INITIALIZED
    WARNING: GigaTIME failed on patch (2048, 59392): cuDNN error: CUDNN_STATUS_NOT_INITIALIZED
    WARNING: GigaTIME failed on patch (2048, 60416): cuDNN error: CUDNN_STATUS_NOT_INITIALIZED
    WARNING: GigaTIME failed on patch (2048, 61440): cuDNN error: CUDNN_STATUS_NOT_INITIALIZED
    WARNING: GigaTIME failed on patch (2048, 62464): cuDNN error: CUDNN_STATUS_NOT_INITIALIZED
    WARNING: GigaTIME failed on patch (2048, 68608): cuDNN error: CUDNN_STATUS_NOT_INITIALIZED
    WARNING: GigaTIME failed on patch (2048, 70656): cuDNN error: CUDNN_STATUS_NOT_INITIALIZED
    WARNING: GigaTIME failed on patch (2048, 71680): cuDNN error: CUDNN_STATUS_NOT_INITIALIZED
    WARNING: GigaTIME failed on patch (2048, 72704): cuDNN error: CUDNN_STATUS_NOT_INITIALIZED
    WARNING: GigaTIME failed on patch (2048, 74752): cuDNN error: CUDNN_STATUS_NOT_INITIALIZED
    WARNING: GigaTIME failed on patch (2048, 75776): cuDNN error: CUDNN_STATUS_NOT_INITIALIZED
    WARNING: GigaTIME failed on patch (2048, 76800): cuDNN error: CUDNN_STATUS_NOT_INITIALIZED
    WARNING: GigaTIME failed on patch (3072, 17408): cuDNN error: CUDNN_STATUS_NOT_INITIALIZED
    WARNING: GigaTIME failed on patch (3072, 18432): cuDNN error: CUDNN_STATUS_NOT_INITIALIZED
    WARNING: GigaTIME failed on patch (3072, 19456): cuDNN error: CUDNN_STATUS_NOT_INITIALIZED
    WARNING: GigaTIME failed on patch (3072, 20480): cuDNN error: CUDNN_STATUS_NOT_INITIALIZED
    WARNING: GigaTIME failed on patch (3072, 21504): cuDNN error: CUDNN_STATUS_NOT_INITIALIZED
    WARNING: GigaTIME failed on patch (3072, 26624): cuDNN error: CUDNN_STATUS_NOT_INITIALIZED
    WARNING: GigaTIME failed on patch (3072, 27648): cuDNN error: CUDNN_STATUS_NOT_INITIALIZED
    WARNING: GigaTIME failed on patch (3072, 28672): cuDNN error: CUDNN_STATUS_NOT_INITIALIZED
    WARNING: GigaTIME failed on patch (3072, 29696): cuDNN error: CUDNN_STATUS_NOT_INITIALIZED
    WARNING: GigaTIME failed on patch (3072, 30720): cuDNN error: CUDNN_STATUS_NOT_INITIALIZED
    WARNING: GigaTIME failed on patch (3072, 31744): cuDNN error: CUDNN_STATUS_NOT_INITIALIZED
    WARNING: GigaTIME failed on patch (3072, 32768): cuDNN error: CUDNN_STATUS_NOT_INITIALIZED
    WARNING: GigaTIME failed on patch (3072, 33792): cuDNN error: CUDNN_STATUS_NOT_INITIALIZED
    WARNING: GigaTIME failed on patch (3072, 34816): cuDNN error: CUDNN_STATUS_NOT_INITIALIZED
    WARNING: GigaTIME failed on patch (3072, 38912): cuDNN error: CUDNN_STATUS_NOT_INITIALIZED
    WARNING: GigaTIME failed on patch (3072, 39936): cuDNN error: CUDNN_STATUS_NOT_INITIALIZED
    WARNING: GigaTIME failed on patch (3072, 40960): cuDNN error: CUDNN_STATUS_NOT_INITIALIZED
    WARNING: GigaTIME failed on patch (3072, 43008): cuDNN error: CUDNN_STATUS_NOT_INITIALIZED
    WARNING: GigaTIME failed on patch (3072, 45056): cuDNN error: CUDNN_STATUS_NOT_INITIALIZED
    WARNING: GigaTIME failed on patch (3072, 46080): cuDNN error: CUDNN_STATUS_NOT_INITIALIZED
    WARNING: GigaTIME failed on patch (3072, 47104): cuDNN error: CUDNN_STATUS_NOT_INITIALIZED
    WARNING: GigaTIME failed on patch (3072, 49152): cuDNN error: CUDNN_STATUS_NOT_INITIALIZED
    WARNING: GigaTIME failed on patch (3072, 50176): cuDNN error: CUDNN_STATUS_NOT_INITIALIZED
    WARNING: GigaTIME failed on patch (3072, 51200): cuDNN error: CUDNN_STATUS_NOT_INITIALIZED
    WARNING: GigaTIME failed on patch (3072, 52224): cuDNN error: CUDNN_STATUS_NOT_INITIALIZED
    WARNING: GigaTIME failed on patch (3072, 53248): cuDNN error: CUDNN_STATUS_NOT_INITIALIZED
    WARNING: GigaTIME failed on patch (3072, 55296): cuDNN error: CUDNN_STATUS_NOT_INITIALIZED
    WARNING: GigaTIME failed on patch (3072, 56320): cuDNN error: CUDNN_STATUS_NOT_INITIALIZED
    WARNING: GigaTIME failed on patch (3072, 57344): cuDNN error: CUDNN_STATUS_NOT_INITIALIZED
    WARNING: GigaTIME failed on patch (3072, 58368): cuDNN error: CUDNN_STATUS_NOT_INITIALIZED
    WARNING: GigaTIME failed on patch (3072, 59392): cuDNN error: CUDNN_STATUS_NOT_INITIALIZED
    WARNING: GigaTIME failed on patch (3072, 60416): cuDNN error: CUDNN_STATUS_NOT_INITIALIZED
    WARNING: GigaTIME failed on patch (3072, 61440): cuDNN error: CUDNN_STATUS_NOT_INITIALIZED
    WARNING: GigaTIME failed on patch (3072, 62464): cuDNN error: CUDNN_STATUS_NOT_INITIALIZED
    WARNING: GigaTIME failed on patch (3072, 65536): cuDNN error: CUDNN_STATUS_NOT_INITIALIZED
    WARNING: GigaTIME failed on patch (3072, 68608): cuDNN error: CUDNN_STATUS_NOT_INITIALIZED
    WARNING: GigaTIME failed on patch (3072, 69632): cuDNN error: CUDNN_STATUS_NOT_INITIALIZED
    WARNING: GigaTIME failed on patch (3072, 70656): cuDNN error: CUDNN_STATUS_NOT_INITIALIZED
    WARNING: GigaTIME failed on patch (3072, 71680): cuDNN error: CUDNN_STATUS_NOT_INITIALIZED
    WARNING: GigaTIME failed on patch (3072, 72704): cuDNN error: CUDNN_STATUS_NOT_INITIALIZED
    WARNING: GigaTIME failed on patch (3072, 74752): cuDNN error: CUDNN_STATUS_NOT_INITIALIZED
    WARNING: GigaTIME failed on patch (3072, 75776): cuDNN error: CUDNN_STATUS_NOT_INITIALIZED
    WARNING: GigaTIME failed on patch (3072, 76800): cuDNN error: CUDNN_STATUS_NOT_INITIALIZED
    WARNING: GigaTIME failed on patch (4096, 17408): cuDNN error: CUDNN_STATUS_NOT_INITIALIZED
    WARNING: GigaTIME failed on patch (4096, 18432): cuDNN error: CUDNN_STATUS_NOT_INITIALIZED
    WARNING: GigaTIME failed on patch (4096, 19456): cuDNN error: CUDNN_STATUS_NOT_INITIALIZED
    WARNING: GigaTIME failed on patch (4096, 20480): cuDNN error: CUDNN_STATUS_NOT_INITIALIZED
    WARNING: GigaTIME failed on patch (4096, 21504): cuDNN error: CUDNN_STATUS_NOT_INITIALIZED
    WARNING: GigaTIME failed on patch (4096, 24576): cuDNN error: CUDNN_STATUS_NOT_INITIALIZED
    WARNING: GigaTIME failed on patch (4096, 25600): cuDNN error: CUDNN_STATUS_NOT_INITIALIZED
    WARNING: GigaTIME failed on patch (4096, 26624): cuDNN error: CUDNN_STATUS_NOT_INITIALIZED
    WARNING: GigaTIME failed on patch (4096, 27648): cuDNN error: CUDNN_STATUS_NOT_INITIALIZED
    WARNING: GigaTIME failed on patch (4096, 28672): cuDNN error: CUDNN_STATUS_NOT_INITIALIZED
    WARNING: GigaTIME failed on patch (4096, 29696): cuDNN error: CUDNN_STATUS_NOT_INITIALIZED
    WARNING: GigaTIME failed on patch (4096, 30720): cuDNN error: CUDNN_STATUS_NOT_INITIALIZED
    WARNING: GigaTIME failed on patch (4096, 31744): cuDNN error: CUDNN_STATUS_NOT_INITIALIZED
    WARNING: GigaTIME failed on patch (4096, 32768): cuDNN error: CUDNN_STATUS_NOT_INITIALIZED
    WARNING: GigaTIME failed on patch (4096, 33792): cuDNN error: CUDNN_STATUS_NOT_INITIALIZED
    WARNING: GigaTIME failed on patch (4096, 34816): cuDNN error: CUDNN_STATUS_NOT_INITIALIZED
    WARNING: GigaTIME failed on patch (4096, 35840): cuDNN error: CUDNN_STATUS_NOT_INITIALIZED
    WARNING: GigaTIME failed on patch (4096, 36864): cuDNN error: CUDNN_STATUS_NOT_INITIALIZED
    WARNING: GigaTIME failed on patch (4096, 37888): cuDNN error: CUDNN_STATUS_NOT_INITIALIZED
    WARNING: GigaTIME failed on patch (4096, 38912): cuDNN error: CUDNN_STATUS_NOT_INITIALIZED
    WARNING: GigaTIME failed on patch (4096, 39936): cuDNN error: CUDNN_STATUS_NOT_INITIALIZED
    WARNING: GigaTIME failed on patch (4096, 40960): cuDNN error: CUDNN_STATUS_NOT_INITIALIZED
    WARNING: GigaTIME failed on patch (4096, 41984): cuDNN error: CUDNN_STATUS_NOT_INITIALIZED
    WARNING: GigaTIME failed on patch (4096, 43008): cuDNN error: CUDNN_STATUS_NOT_INITIALIZED
    WARNING: GigaTIME failed on patch (4096, 44032): cuDNN error: CUDNN_STATUS_NOT_INITIALIZED
    WARNING: GigaTIME failed on patch (4096, 45056): cuDNN error: CUDNN_STATUS_NOT_INITIALIZED
    WARNING: GigaTIME failed on patch (4096, 46080): cuDNN error: CUDNN_STATUS_NOT_INITIALIZED
    WARNING: GigaTIME failed on patch (4096, 47104): cuDNN error: CUDNN_STATUS_NOT_INITIALIZED
    WARNING: GigaTIME failed on patch (4096, 48128): cuDNN error: CUDNN_STATUS_NOT_INITIALIZED
    WARNING: GigaTIME failed on patch (4096, 49152): cuDNN error: CUDNN_STATUS_NOT_INITIALIZED
    WARNING: GigaTIME failed on patch (4096, 50176): cuDNN error: CUDNN_STATUS_NOT_INITIALIZED
    WARNING: GigaTIME failed on patch (4096, 51200): cuDNN error: CUDNN_STATUS_NOT_INITIALIZED
    WARNING: GigaTIME failed on patch (4096, 52224): cuDNN error: CUDNN_STATUS_NOT_INITIALIZED
    WARNING: GigaTIME failed on patch (4096, 53248): cuDNN error: CUDNN_STATUS_NOT_INITIALIZED
    WARNING: GigaTIME failed on patch (4096, 54272): cuDNN error: CUDNN_STATUS_NOT_INITIALIZED
    WARNING: GigaTIME failed on patch (4096, 55296): cuDNN error: CUDNN_STATUS_NOT_INITIALIZED
    WARNING: GigaTIME failed on patch (4096, 56320): cuDNN error: CUDNN_STATUS_NOT_INITIALIZED
    WARNING: GigaTIME failed on patch (4096, 57344): cuDNN error: CUDNN_STATUS_NOT_INITIALIZED
    WARNING: GigaTIME failed on patch (4096, 58368): cuDNN error: CUDNN_STATUS_NOT_INITIALIZED
    WARNING: GigaTIME failed on patch (4096, 59392): cuDNN error: CUDNN_STATUS_NOT_INITIALIZED
    WARNING: GigaTIME failed on patch (4096, 60416): cuDNN error: CUDNN_STATUS_NOT_INITIALIZED
    WARNING: GigaTIME failed on patch (4096, 61440): cuDNN error: CUDNN_STATUS_NOT_INITIALIZED
    WARNING: GigaTIME failed on patch (4096, 62464): cuDNN error: CUDNN_STATUS_NOT_INITIALIZED
    WARNING: GigaTIME failed on patch (4096, 63488): cuDNN error: CUDNN_STATUS_NOT_INITIALIZED
    WARNING: GigaTIME failed on patch (4096, 64512): cuDNN error: CUDNN_STATUS_NOT_INITIALIZED
    WARNING: GigaTIME failed on patch (4096, 65536): cuDNN error: CUDNN_STATUS_NOT_INITIALIZED
    WARNING: GigaTIME failed on patch (4096, 69632): cuDNN error: CUDNN_STATUS_NOT_INITIALIZED
    WARNING: GigaTIME failed on patch (4096, 71680): cuDNN error: CUDNN_STATUS_NOT_INITIALIZED
    WARNING: GigaTIME failed on patch (4096, 72704): cuDNN error: CUDNN_STATUS_NOT_INITIALIZED
    WARNING: GigaTIME failed on patch (4096, 73728): cuDNN error: CUDNN_STATUS_NOT_INITIALIZED
    WARNING: GigaTIME failed on patch (4096, 74752): cuDNN error: CUDNN_STATUS_NOT_INITIALIZED
    WARNING: GigaTIME failed on patch (4096, 75776): cuDNN error: CUDNN_STATUS_NOT_INITIALIZED
    WARNING: GigaTIME failed on patch (4096, 76800): cuDNN error: CUDNN_STATUS_NOT_INITIALIZED
    WARNING: GigaTIME failed on patch (5120, 17408): cuDNN error: CUDNN_STATUS_NOT_INITIALIZED
    WARNING: GigaTIME failed on patch (5120, 18432): cuDNN error: CUDNN_STATUS_NOT_INITIALIZED
    WARNING: GigaTIME failed on patch (5120, 19456): cuDNN error: CUDNN_STATUS_NOT_INITIALIZED
    WARNING: GigaTIME failed on patch (5120, 20480): cuDNN error: CUDNN_STATUS_NOT_INITIALIZED
    WARNING: GigaTIME failed on patch (5120, 21504): cuDNN error: CUDNN_STATUS_NOT_INITIALIZED
    WARNING: GigaTIME failed on patch (5120, 22528): cuDNN error: CUDNN_STATUS_NOT_INITIALIZED
    WARNING: GigaTIME failed on patch (5120, 24576): cuDNN error: CUDNN_STATUS_NOT_INITIALIZED
    WARNING: GigaTIME failed on patch (5120, 25600): cuDNN error: CUDNN_STATUS_NOT_INITIALIZED
    WARNING: GigaTIME failed on patch (5120, 26624): cuDNN error: CUDNN_STATUS_NOT_INITIALIZED
    WARNING: GigaTIME failed on patch (5120, 27648): cuDNN error: CUDNN_STATUS_NOT_INITIALIZED
    WARNING: GigaTIME failed on patch (5120, 28672): cuDNN error: CUDNN_STATUS_NOT_INITIALIZED
    WARNING: GigaTIME failed on patch (5120, 29696): cuDNN error: CUDNN_STATUS_NOT_INITIALIZED
    WARNING: GigaTIME failed on patch (5120, 30720): cuDNN error: CUDNN_STATUS_NOT_INITIALIZED
    WARNING: GigaTIME failed on patch (5120, 31744): cuDNN error: CUDNN_STATUS_NOT_INITIALIZED
    WARNING: GigaTIME failed on patch (5120, 32768): cuDNN error: CUDNN_STATUS_NOT_INITIALIZED
    WARNING: GigaTIME failed on patch (5120, 33792): cuDNN error: CUDNN_STATUS_NOT_INITIALIZED
    WARNING: GigaTIME failed on patch (5120, 34816): cuDNN error: CUDNN_STATUS_NOT_INITIALIZED
    WARNING: GigaTIME failed on patch (5120, 35840): cuDNN error: CUDNN_STATUS_NOT_INITIALIZED
    WARNING: GigaTIME failed on patch (5120, 36864): cuDNN error: CUDNN_STATUS_NOT_INITIALIZED
    WARNING: GigaTIME failed on patch (5120, 37888): cuDNN error: CUDNN_STATUS_NOT_INITIALIZED
    WARNING: GigaTIME failed on patch (5120, 38912): cuDNN error: CUDNN_STATUS_NOT_INITIALIZED
    WARNING: GigaTIME failed on patch (5120, 39936): cuDNN error: CUDNN_STATUS_NOT_INITIALIZED
    WARNING: GigaTIME failed on patch (5120, 40960): cuDNN error: CUDNN_STATUS_NOT_INITIALIZED
    WARNING: GigaTIME failed on patch (5120, 41984): cuDNN error: CUDNN_STATUS_NOT_INITIALIZED
    WARNING: GigaTIME failed on patch (5120, 43008): cuDNN error: CUDNN_STATUS_NOT_INITIALIZED
    WARNING: GigaTIME failed on patch (5120, 44032): cuDNN error: CUDNN_STATUS_NOT_INITIALIZED
    WARNING: GigaTIME failed on patch (5120, 45056): cuDNN error: CUDNN_STATUS_NOT_INITIALIZED
    WARNING: GigaTIME failed on patch (5120, 46080): cuDNN error: CUDNN_STATUS_NOT_INITIALIZED
    WARNING: GigaTIME failed on patch (5120, 47104): cuDNN error: CUDNN_STATUS_NOT_INITIALIZED
    WARNING: GigaTIME failed on patch (5120, 48128): cuDNN error: CUDNN_STATUS_NOT_INITIALIZED
    WARNING: GigaTIME failed on patch (5120, 49152): cuDNN error: CUDNN_STATUS_NOT_INITIALIZED
    WARNING: GigaTIME failed on patch (5120, 50176): cuDNN error: CUDNN_STATUS_NOT_INITIALIZED
    WARNING: GigaTIME failed on patch (5120, 51200): cuDNN error: CUDNN_STATUS_NOT_INITIALIZED
    WARNING: GigaTIME failed on patch (5120, 52224): cuDNN error: CUDNN_STATUS_NOT_INITIALIZED
    WARNING: GigaTIME failed on patch (5120, 53248): cuDNN error: CUDNN_STATUS_NOT_INITIALIZED
    WARNING: GigaTIME failed on patch (5120, 54272): cuDNN error: CUDNN_STATUS_NOT_INITIALIZED
    WARNING: GigaTIME failed on patch (5120, 55296): cuDNN error: CUDNN_STATUS_NOT_INITIALIZED
    WARNING: GigaTIME failed on patch (5120, 56320): cuDNN error: CUDNN_STATUS_NOT_INITIALIZED
    WARNING: GigaTIME failed on patch (5120, 57344): cuDNN error: CUDNN_STATUS_NOT_INITIALIZED
    WARNING: GigaTIME failed on patch (5120, 58368): cuDNN error: CUDNN_STATUS_NOT_INITIALIZED
    WARNING: GigaTIME failed on patch (5120, 59392): cuDNN error: CUDNN_STATUS_NOT_INITIALIZED
    WARNING: GigaTIME failed on patch (5120, 60416): cuDNN error: CUDNN_STATUS_NOT_INITIALIZED
    WARNING: GigaTIME failed on patch (5120, 61440): cuDNN error: CUDNN_STATUS_NOT_INITIALIZED
    WARNING: GigaTIME failed on patch (5120, 62464): cuDNN error: CUDNN_STATUS_NOT_INITIALIZED
    WARNING: GigaTIME failed on patch (5120, 63488): cuDNN error: CUDNN_STATUS_NOT_INITIALIZED
    WARNING: GigaTIME failed on patch (5120, 64512): cuDNN error: CUDNN_STATUS_NOT_INITIALIZED
    WARNING: GigaTIME failed on patch (5120, 65536): cuDNN error: CUDNN_STATUS_NOT_INITIALIZED
    WARNING: GigaTIME failed on patch (5120, 69632): cuDNN error: CUDNN_STATUS_NOT_INITIALIZED
    WARNING: GigaTIME failed on patch (5120, 71680): cuDNN error: CUDNN_STATUS_NOT_INITIALIZED
    WARNING: GigaTIME failed on patch (5120, 73728): cuDNN error: CUDNN_STATUS_NOT_INITIALIZED
    WARNING: GigaTIME failed on patch (5120, 74752): cuDNN error: CUDNN_STATUS_NOT_INITIALIZED
    WARNING: GigaTIME failed on patch (5120, 75776): cuDNN error: CUDNN_STATUS_NOT_INITIALIZED
    WARNING: GigaTIME failed on patch (5120, 76800): cuDNN error: CUDNN_STATUS_NOT_INITIALIZED
    WARNING: GigaTIME failed on patch (6144, 18432): cuDNN error: CUDNN_STATUS_NOT_INITIALIZED
    WARNING: GigaTIME failed on patch (6144, 19456): cuDNN error: CUDNN_STATUS_NOT_INITIALIZED
    WARNING: GigaTIME failed on patch (6144, 20480): cuDNN error: CUDNN_STATUS_NOT_INITIALIZED
    WARNING: GigaTIME failed on patch (6144, 21504): cuDNN error: CUDNN_STATUS_NOT_INITIALIZED
    WARNING: GigaTIME failed on patch (6144, 22528): cuDNN error: CUDNN_STATUS_NOT_INITIALIZED
    WARNING: GigaTIME failed on patch (6144, 23552): cuDNN error: CUDNN_STATUS_NOT_INITIALIZED
    WARNING: GigaTIME failed on patch (6144, 24576): cuDNN error: CUDNN_STATUS_NOT_INITIALIZED
    WARNING: GigaTIME failed on patch (6144, 25600): cuDNN error: CUDNN_STATUS_NOT_INITIALIZED
    WARNING: GigaTIME failed on patch (6144, 26624): cuDNN error: CUDNN_STATUS_NOT_INITIALIZED
    WARNING: GigaTIME failed on patch (6144, 27648): cuDNN error: CUDNN_STATUS_NOT_INITIALIZED
    WARNING: GigaTIME failed on patch (6144, 28672): cuDNN error: CUDNN_STATUS_NOT_INITIALIZED
    WARNING: GigaTIME failed on patch (6144, 29696): cuDNN error: CUDNN_STATUS_NOT_INITIALIZED
    WARNING: GigaTIME failed on patch (6144, 30720): cuDNN error: CUDNN_STATUS_NOT_INITIALIZED
    WARNING: GigaTIME failed on patch (6144, 31744): cuDNN error: CUDNN_STATUS_NOT_INITIALIZED
    WARNING: GigaTIME failed on patch (6144, 32768): cuDNN error: CUDNN_STATUS_NOT_INITIALIZED
    WARNING: GigaTIME failed on patch (6144, 33792): cuDNN error: CUDNN_STATUS_NOT_INITIALIZED
    WARNING: GigaTIME failed on patch (6144, 34816): cuDNN error: CUDNN_STATUS_NOT_INITIALIZED
    WARNING: GigaTIME failed on patch (6144, 35840): cuDNN error: CUDNN_STATUS_NOT_INITIALIZED
    WARNING: GigaTIME failed on patch (6144, 36864): cuDNN error: CUDNN_STATUS_NOT_INITIALIZED
    WARNING: GigaTIME failed on patch (6144, 37888): cuDNN error: CUDNN_STATUS_NOT_INITIALIZED
    WARNING: GigaTIME failed on patch (6144, 38912): cuDNN error: CUDNN_STATUS_NOT_INITIALIZED
    WARNING: GigaTIME failed on patch (6144, 39936): cuDNN error: CUDNN_STATUS_NOT_INITIALIZED
    WARNING: GigaTIME failed on patch (6144, 40960): cuDNN error: CUDNN_STATUS_NOT_INITIALIZED
    WARNING: GigaTIME failed on patch (6144, 41984): cuDNN error: CUDNN_STATUS_NOT_INITIALIZED
    WARNING: GigaTIME failed on patch (6144, 43008): cuDNN error: CUDNN_STATUS_NOT_INITIALIZED
    WARNING: GigaTIME failed on patch (6144, 44032): cuDNN error: CUDNN_STATUS_NOT_INITIALIZED
    WARNING: GigaTIME failed on patch (6144, 45056): cuDNN error: CUDNN_STATUS_NOT_INITIALIZED
    WARNING: GigaTIME failed on patch (6144, 46080): cuDNN error: CUDNN_STATUS_NOT_INITIALIZED
    WARNING: GigaTIME failed on patch (6144, 47104): cuDNN error: CUDNN_STATUS_NOT_INITIALIZED
    WARNING: GigaTIME failed on patch (6144, 48128): cuDNN error: CUDNN_STATUS_NOT_INITIALIZED
    WARNING: GigaTIME failed on patch (6144, 49152): cuDNN error: CUDNN_STATUS_NOT_INITIALIZED
    WARNING: GigaTIME failed on patch (6144, 50176): cuDNN error: CUDNN_STATUS_NOT_INITIALIZED
    WARNING: GigaTIME failed on patch (6144, 51200): cuDNN error: CUDNN_STATUS_NOT_INITIALIZED
    WARNING: GigaTIME failed on patch (6144, 52224): cuDNN error: CUDNN_STATUS_NOT_INITIALIZED
    WARNING: GigaTIME failed on patch (6144, 53248): cuDNN error: CUDNN_STATUS_NOT_INITIALIZED
    WARNING: GigaTIME failed on patch (6144, 54272): cuDNN error: CUDNN_STATUS_NOT_INITIALIZED
    WARNING: GigaTIME failed on patch (6144, 55296): cuDNN error: CUDNN_STATUS_NOT_INITIALIZED
    WARNING: GigaTIME failed on patch (6144, 56320): cuDNN error: CUDNN_STATUS_NOT_INITIALIZED
    WARNING: GigaTIME failed on patch (6144, 57344): cuDNN error: CUDNN_STATUS_NOT_INITIALIZED
    WARNING: GigaTIME failed on patch (6144, 58368): cuDNN error: CUDNN_STATUS_NOT_INITIALIZED
    WARNING: GigaTIME failed on patch (6144, 59392): cuDNN error: CUDNN_STATUS_NOT_INITIALIZED
    WARNING: GigaTIME failed on patch (6144, 60416): cuDNN error: CUDNN_STATUS_NOT_INITIALIZED
    WARNING: GigaTIME failed on patch (6144, 61440): cuDNN error: CUDNN_STATUS_NOT_INITIALIZED
    WARNING: GigaTIME failed on patch (6144, 62464): cuDNN error: CUDNN_STATUS_NOT_INITIALIZED
    WARNING: GigaTIME failed on patch (6144, 63488): cuDNN error: CUDNN_STATUS_NOT_INITIALIZED
    WARNING: GigaTIME failed on patch (6144, 64512): cuDNN error: CUDNN_STATUS_NOT_INITIALIZED
    WARNING: GigaTIME failed on patch (6144, 65536): cuDNN error: CUDNN_STATUS_NOT_INITIALIZED
    WARNING: GigaTIME failed on patch (6144, 66560): cuDNN error: CUDNN_STATUS_NOT_INITIALIZED
    WARNING: GigaTIME failed on patch (6144, 71680): cuDNN error: CUDNN_STATUS_NOT_INITIALIZED
    WARNING: GigaTIME failed on patch (6144, 72704): cuDNN error: CUDNN_STATUS_NOT_INITIALIZED
    WARNING: GigaTIME failed on patch (6144, 73728): cuDNN error: CUDNN_STATUS_NOT_INITIALIZED
    WARNING: GigaTIME failed on patch (6144, 74752): cuDNN error: CUDNN_STATUS_NOT_INITIALIZED
    WARNING: GigaTIME failed on patch (6144, 75776): cuDNN error: CUDNN_STATUS_NOT_INITIALIZED
    WARNING: GigaTIME failed on patch (6144, 76800): cuDNN error: CUDNN_STATUS_NOT_INITIALIZED
    WARNING: GigaTIME failed on patch (7168, 18432): cuDNN error: CUDNN_STATUS_NOT_INITIALIZED
    WARNING: GigaTIME failed on patch (7168, 19456): cuDNN error: CUDNN_STATUS_NOT_INITIALIZED
    WARNING: GigaTIME failed on patch (7168, 20480): cuDNN error: CUDNN_STATUS_NOT_INITIALIZED
    WARNING: GigaTIME failed on patch (7168, 21504): cuDNN error: CUDNN_STATUS_NOT_INITIALIZED
    WARNING: GigaTIME failed on patch (7168, 22528): cuDNN error: CUDNN_STATUS_NOT_INITIALIZED
    WARNING: GigaTIME failed on patch (7168, 23552): cuDNN error: CUDNN_STATUS_NOT_INITIALIZED
    WARNING: GigaTIME failed on patch (7168, 24576): cuDNN error: CUDNN_STATUS_NOT_INITIALIZED
    WARNING: GigaTIME failed on patch (7168, 25600): cuDNN error: CUDNN_STATUS_NOT_INITIALIZED
    WARNING: GigaTIME failed on patch (7168, 26624): cuDNN error: CUDNN_STATUS_NOT_INITIALIZED
    WARNING: GigaTIME failed on patch (7168, 27648): cuDNN error: CUDNN_STATUS_NOT_INITIALIZED
    WARNING: GigaTIME failed on patch (7168, 28672): cuDNN error: CUDNN_STATUS_NOT_INITIALIZED
    WARNING: GigaTIME failed on patch (7168, 29696): cuDNN error: CUDNN_STATUS_NOT_INITIALIZED
    WARNING: GigaTIME failed on patch (7168, 30720): cuDNN error: CUDNN_STATUS_NOT_INITIALIZED
    WARNING: GigaTIME failed on patch (7168, 31744): cuDNN error: CUDNN_STATUS_NOT_INITIALIZED
    WARNING: GigaTIME failed on patch (7168, 32768): cuDNN error: CUDNN_STATUS_NOT_INITIALIZED
    WARNING: GigaTIME failed on patch (7168, 33792): cuDNN error: CUDNN_STATUS_NOT_INITIALIZED
    WARNING: GigaTIME failed on patch (7168, 34816): cuDNN error: CUDNN_STATUS_NOT_INITIALIZED
    WARNING: GigaTIME failed on patch (7168, 35840): cuDNN error: CUDNN_STATUS_NOT_INITIALIZED
    WARNING: GigaTIME failed on patch (7168, 36864): cuDNN error: CUDNN_STATUS_NOT_INITIALIZED
    WARNING: GigaTIME failed on patch (7168, 37888): cuDNN error: CUDNN_STATUS_NOT_INITIALIZED
    WARNING: GigaTIME failed on patch (7168, 38912): cuDNN error: CUDNN_STATUS_NOT_INITIALIZED
    WARNING: GigaTIME failed on patch (7168, 39936): cuDNN error: CUDNN_STATUS_NOT_INITIALIZED
    WARNING: GigaTIME failed on patch (7168, 40960): cuDNN error: CUDNN_STATUS_NOT_INITIALIZED
    WARNING: GigaTIME failed on patch (7168, 41984): cuDNN error: CUDNN_STATUS_NOT_INITIALIZED
    WARNING: GigaTIME failed on patch (7168, 43008): cuDNN error: CUDNN_STATUS_NOT_INITIALIZED
    WARNING: GigaTIME failed on patch (7168, 44032): cuDNN error: CUDNN_STATUS_NOT_INITIALIZED
    WARNING: GigaTIME failed on patch (7168, 45056): cuDNN error: CUDNN_STATUS_NOT_INITIALIZED
    WARNING: GigaTIME failed on patch (7168, 46080): cuDNN error: CUDNN_STATUS_NOT_INITIALIZED
    WARNING: GigaTIME failed on patch (7168, 47104): cuDNN error: CUDNN_STATUS_NOT_INITIALIZED
    WARNING: GigaTIME failed on patch (7168, 48128): cuDNN error: CUDNN_STATUS_NOT_INITIALIZED
    WARNING: GigaTIME failed on patch (7168, 49152): cuDNN error: CUDNN_STATUS_NOT_INITIALIZED
    WARNING: GigaTIME failed on patch (7168, 50176): cuDNN error: CUDNN_STATUS_NOT_INITIALIZED
    WARNING: GigaTIME failed on patch (7168, 51200): cuDNN error: CUDNN_STATUS_NOT_INITIALIZED
    WARNING: GigaTIME failed on patch (7168, 52224): cuDNN error: CUDNN_STATUS_NOT_INITIALIZED
    WARNING: GigaTIME failed on patch (7168, 53248): cuDNN error: CUDNN_STATUS_NOT_INITIALIZED
    WARNING: GigaTIME failed on patch (7168, 54272): cuDNN error: CUDNN_STATUS_NOT_INITIALIZED
    WARNING: GigaTIME failed on patch (7168, 55296): cuDNN error: CUDNN_STATUS_NOT_INITIALIZED
    WARNING: GigaTIME failed on patch (7168, 56320): cuDNN error: CUDNN_STATUS_NOT_INITIALIZED
    WARNING: GigaTIME failed on patch (7168, 57344): cuDNN error: CUDNN_STATUS_NOT_INITIALIZED
    WARNING: GigaTIME failed on patch (7168, 58368): cuDNN error: CUDNN_STATUS_NOT_INITIALIZED
    WARNING: GigaTIME failed on patch (7168, 59392): cuDNN error: CUDNN_STATUS_NOT_INITIALIZED
    WARNING: GigaTIME failed on patch (7168, 60416): cuDNN error: CUDNN_STATUS_NOT_INITIALIZED
    WARNING: GigaTIME failed on patch (7168, 61440): cuDNN error: CUDNN_STATUS_NOT_INITIALIZED
    WARNING: GigaTIME failed on patch (7168, 62464): cuDNN error: CUDNN_STATUS_NOT_INITIALIZED
    WARNING: GigaTIME failed on patch (7168, 63488): cuDNN error: CUDNN_STATUS_NOT_INITIALIZED
    WARNING: GigaTIME failed on patch (7168, 64512): cuDNN error: CUDNN_STATUS_NOT_INITIALIZED
    WARNING: GigaTIME failed on patch (7168, 65536): cuDNN error: CUDNN_STATUS_NOT_INITIALIZED
    WARNING: GigaTIME failed on patch (7168, 66560): cuDNN error: CUDNN_STATUS_NOT_INITIALIZED
    WARNING: GigaTIME failed on patch (7168, 71680): cuDNN error: CUDNN_STATUS_NOT_INITIALIZED
    WARNING: GigaTIME failed on patch (7168, 73728): cuDNN error: CUDNN_STATUS_NOT_INITIALIZED
    WARNING: GigaTIME failed on patch (7168, 74752): cuDNN error: CUDNN_STATUS_NOT_INITIALIZED
    WARNING: GigaTIME failed on patch (7168, 75776): cuDNN error: CUDNN_STATUS_NOT_INITIALIZED
    WARNING: GigaTIME failed on patch (8192, 22528): cuDNN error: CUDNN_STATUS_NOT_INITIALIZED
    WARNING: GigaTIME failed on patch (8192, 23552): cuDNN error: CUDNN_STATUS_NOT_INITIALIZED
    WARNING: GigaTIME failed on patch (8192, 24576): cuDNN error: CUDNN_STATUS_NOT_INITIALIZED
    WARNING: GigaTIME failed on patch (8192, 25600): cuDNN error: CUDNN_STATUS_NOT_INITIALIZED
    WARNING: GigaTIME failed on patch (8192, 26624): cuDNN error: CUDNN_STATUS_NOT_INITIALIZED
    WARNING: GigaTIME failed on patch (8192, 27648): cuDNN error: CUDNN_STATUS_NOT_INITIALIZED
    WARNING: GigaTIME failed on patch (8192, 28672): cuDNN error: CUDNN_STATUS_NOT_INITIALIZED
    WARNING: GigaTIME failed on patch (8192, 29696): cuDNN error: CUDNN_STATUS_NOT_INITIALIZED
    WARNING: GigaTIME failed on patch (8192, 30720): cuDNN error: CUDNN_STATUS_NOT_INITIALIZED
    WARNING: GigaTIME failed on patch (8192, 31744): cuDNN error: CUDNN_STATUS_NOT_INITIALIZED
    WARNING: GigaTIME failed on patch (8192, 32768): cuDNN error: CUDNN_STATUS_NOT_INITIALIZED
    WARNING: GigaTIME failed on patch (8192, 33792): cuDNN error: CUDNN_STATUS_NOT_INITIALIZED
    WARNING: GigaTIME failed on patch (8192, 34816): cuDNN error: CUDNN_STATUS_NOT_INITIALIZED
    WARNING: GigaTIME failed on patch (8192, 35840): cuDNN error: CUDNN_STATUS_NOT_INITIALIZED
    WARNING: GigaTIME failed on patch (8192, 36864): cuDNN error: CUDNN_STATUS_NOT_INITIALIZED
    WARNING: GigaTIME failed on patch (8192, 37888): cuDNN error: CUDNN_STATUS_NOT_INITIALIZED
    WARNING: GigaTIME failed on patch (8192, 38912): cuDNN error: CUDNN_STATUS_NOT_INITIALIZED
    WARNING: GigaTIME failed on patch (8192, 39936): cuDNN error: CUDNN_STATUS_NOT_INITIALIZED
    WARNING: GigaTIME failed on patch (8192, 40960): cuDNN error: CUDNN_STATUS_NOT_INITIALIZED
    WARNING: GigaTIME failed on patch (8192, 41984): cuDNN error: CUDNN_STATUS_NOT_INITIALIZED
    WARNING: GigaTIME failed on patch (8192, 43008): cuDNN error: CUDNN_STATUS_NOT_INITIALIZED
    WARNING: GigaTIME failed on patch (8192, 44032): cuDNN error: CUDNN_STATUS_NOT_INITIALIZED
    WARNING: GigaTIME failed on patch (8192, 45056): cuDNN error: CUDNN_STATUS_NOT_INITIALIZED
    WARNING: GigaTIME failed on patch (8192, 46080): cuDNN error: CUDNN_STATUS_NOT_INITIALIZED
    WARNING: GigaTIME failed on patch (8192, 47104): cuDNN error: CUDNN_STATUS_NOT_INITIALIZED
    WARNING: GigaTIME failed on patch (8192, 48128): cuDNN error: CUDNN_STATUS_NOT_INITIALIZED
    WARNING: GigaTIME failed on patch (8192, 49152): cuDNN error: CUDNN_STATUS_NOT_INITIALIZED
    WARNING: GigaTIME failed on patch (8192, 50176): cuDNN error: CUDNN_STATUS_NOT_INITIALIZED
    WARNING: GigaTIME failed on patch (8192, 51200): cuDNN error: CUDNN_STATUS_NOT_INITIALIZED
    WARNING: GigaTIME failed on patch (8192, 52224): cuDNN error: CUDNN_STATUS_NOT_INITIALIZED
    WARNING: GigaTIME failed on patch (8192, 53248): cuDNN error: CUDNN_STATUS_NOT_INITIALIZED
    WARNING: GigaTIME failed on patch (8192, 54272): cuDNN error: CUDNN_STATUS_NOT_INITIALIZED
    WARNING: GigaTIME failed on patch (8192, 55296): cuDNN error: CUDNN_STATUS_NOT_INITIALIZED
    WARNING: GigaTIME failed on patch (8192, 56320): cuDNN error: CUDNN_STATUS_NOT_INITIALIZED
    WARNING: GigaTIME failed on patch (8192, 57344): cuDNN error: CUDNN_STATUS_NOT_INITIALIZED
    WARNING: GigaTIME failed on patch (8192, 58368): cuDNN error: CUDNN_STATUS_NOT_INITIALIZED
    WARNING: GigaTIME failed on patch (8192, 59392): cuDNN error: CUDNN_STATUS_NOT_INITIALIZED
    WARNING: GigaTIME failed on patch (8192, 60416): cuDNN error: CUDNN_STATUS_NOT_INITIALIZED
    WARNING: GigaTIME failed on patch (8192, 61440): cuDNN error: CUDNN_STATUS_NOT_INITIALIZED
    WARNING: GigaTIME failed on patch (8192, 62464): cuDNN error: CUDNN_STATUS_NOT_INITIALIZED
    WARNING: GigaTIME failed on patch (8192, 63488): cuDNN error: CUDNN_STATUS_NOT_INITIALIZED
    WARNING: GigaTIME failed on patch (8192, 64512): cuDNN error: CUDNN_STATUS_NOT_INITIALIZED
    WARNING: GigaTIME failed on patch (8192, 65536): cuDNN error: CUDNN_STATUS_NOT_INITIALIZED
    WARNING: GigaTIME failed on patch (8192, 73728): cuDNN error: CUDNN_STATUS_NOT_INITIALIZED
    WARNING: GigaTIME failed on patch (8192, 74752): cuDNN error: CUDNN_STATUS_NOT_INITIALIZED
    WARNING: GigaTIME failed on patch (8192, 75776): cuDNN error: CUDNN_STATUS_NOT_INITIALIZED
    WARNING: GigaTIME failed on patch (9216, 23552): cuDNN error: CUDNN_STATUS_NOT_INITIALIZED
    WARNING: GigaTIME failed on patch (9216, 24576): cuDNN error: CUDNN_STATUS_NOT_INITIALIZED
    WARNING: GigaTIME failed on patch (9216, 25600): cuDNN error: CUDNN_STATUS_NOT_INITIALIZED
    WARNING: GigaTIME failed on patch (9216, 26624): cuDNN error: CUDNN_STATUS_NOT_INITIALIZED
    WARNING: GigaTIME failed on patch (9216, 27648): cuDNN error: CUDNN_STATUS_NOT_INITIALIZED
    WARNING: GigaTIME failed on patch (9216, 28672): cuDNN error: CUDNN_STATUS_NOT_INITIALIZED
    WARNING: GigaTIME failed on patch (9216, 29696): cuDNN error: CUDNN_STATUS_NOT_INITIALIZED
    WARNING: GigaTIME failed on patch (9216, 30720): cuDNN error: CUDNN_STATUS_NOT_INITIALIZED
    WARNING: GigaTIME failed on patch (9216, 31744): cuDNN error: CUDNN_STATUS_NOT_INITIALIZED
    WARNING: GigaTIME failed on patch (9216, 32768): cuDNN error: CUDNN_STATUS_NOT_INITIALIZED
    WARNING: GigaTIME failed on patch (9216, 33792): cuDNN error: CUDNN_STATUS_NOT_INITIALIZED
    WARNING: GigaTIME failed on patch (9216, 34816): cuDNN error: CUDNN_STATUS_NOT_INITIALIZED
    WARNING: GigaTIME failed on patch (9216, 35840): cuDNN error: CUDNN_STATUS_NOT_INITIALIZED
    WARNING: GigaTIME failed on patch (9216, 36864): cuDNN error: CUDNN_STATUS_NOT_INITIALIZED
    WARNING: GigaTIME failed on patch (9216, 37888): cuDNN error: CUDNN_STATUS_NOT_INITIALIZED
    WARNING: GigaTIME failed on patch (9216, 38912): cuDNN error: CUDNN_STATUS_NOT_INITIALIZED
    WARNING: GigaTIME failed on patch (9216, 39936): cuDNN error: CUDNN_STATUS_NOT_INITIALIZED
    WARNING: GigaTIME failed on patch (9216, 40960): cuDNN error: CUDNN_STATUS_NOT_INITIALIZED
    WARNING: GigaTIME failed on patch (9216, 41984): cuDNN error: CUDNN_STATUS_NOT_INITIALIZED
    WARNING: GigaTIME failed on patch (9216, 43008): cuDNN error: CUDNN_STATUS_NOT_INITIALIZED
    WARNING: GigaTIME failed on patch (9216, 44032): cuDNN error: CUDNN_STATUS_NOT_INITIALIZED
    WARNING: GigaTIME failed on patch (9216, 45056): cuDNN error: CUDNN_STATUS_NOT_INITIALIZED
    WARNING: GigaTIME failed on patch (9216, 46080): cuDNN error: CUDNN_STATUS_NOT_INITIALIZED
    WARNING: GigaTIME failed on patch (9216, 47104): cuDNN error: CUDNN_STATUS_NOT_INITIALIZED
    WARNING: GigaTIME failed on patch (9216, 48128): cuDNN error: CUDNN_STATUS_NOT_INITIALIZED
    WARNING: GigaTIME failed on patch (9216, 49152): cuDNN error: CUDNN_STATUS_NOT_INITIALIZED
    WARNING: GigaTIME failed on patch (9216, 50176): cuDNN error: CUDNN_STATUS_NOT_INITIALIZED
    WARNING: GigaTIME failed on patch (9216, 51200): cuDNN error: CUDNN_STATUS_NOT_INITIALIZED
    WARNING: GigaTIME failed on patch (9216, 52224): cuDNN error: CUDNN_STATUS_NOT_INITIALIZED
    WARNING: GigaTIME failed on patch (9216, 53248): cuDNN error: CUDNN_STATUS_NOT_INITIALIZED
    WARNING: GigaTIME failed on patch (9216, 54272): cuDNN error: CUDNN_STATUS_NOT_INITIALIZED
    WARNING: GigaTIME failed on patch (9216, 55296): cuDNN error: CUDNN_STATUS_NOT_INITIALIZED
    WARNING: GigaTIME failed on patch (9216, 56320): cuDNN error: CUDNN_STATUS_NOT_INITIALIZED
    WARNING: GigaTIME failed on patch (9216, 57344): cuDNN error: CUDNN_STATUS_NOT_INITIALIZED
    WARNING: GigaTIME failed on patch (9216, 58368): cuDNN error: CUDNN_STATUS_NOT_INITIALIZED
    WARNING: GigaTIME failed on patch (9216, 59392): cuDNN error: CUDNN_STATUS_NOT_INITIALIZED
    WARNING: GigaTIME failed on patch (9216, 60416): cuDNN error: CUDNN_STATUS_NOT_INITIALIZED
    WARNING: GigaTIME failed on patch (9216, 61440): cuDNN error: CUDNN_STATUS_NOT_INITIALIZED
    WARNING: GigaTIME failed on patch (9216, 62464): cuDNN error: CUDNN_STATUS_NOT_INITIALIZED
    WARNING: GigaTIME failed on patch (9216, 63488): cuDNN error: CUDNN_STATUS_NOT_INITIALIZED
    WARNING: GigaTIME failed on patch (9216, 64512): cuDNN error: CUDNN_STATUS_NOT_INITIALIZED
    WARNING: GigaTIME failed on patch (9216, 65536): cuDNN error: CUDNN_STATUS_NOT_INITIALIZED
    WARNING: GigaTIME failed on patch (9216, 66560): cuDNN error: CUDNN_STATUS_NOT_INITIALIZED
    WARNING: GigaTIME failed on patch (9216, 72704): cuDNN error: CUDNN_STATUS_NOT_INITIALIZED
    WARNING: GigaTIME failed on patch (9216, 73728): cuDNN error: CUDNN_STATUS_NOT_INITIALIZED
    WARNING: GigaTIME failed on patch (9216, 74752): cuDNN error: CUDNN_STATUS_NOT_INITIALIZED
    WARNING: GigaTIME failed on patch (9216, 75776): cuDNN error: CUDNN_STATUS_NOT_INITIALIZED
    WARNING: GigaTIME failed on patch (10240, 22528): cuDNN error: CUDNN_STATUS_NOT_INITIALIZED
    WARNING: GigaTIME failed on patch (10240, 23552): cuDNN error: CUDNN_STATUS_NOT_INITIALIZED
    WARNING: GigaTIME failed on patch (10240, 24576): cuDNN error: CUDNN_STATUS_NOT_INITIALIZED
    WARNING: GigaTIME failed on patch (10240, 25600): cuDNN error: CUDNN_STATUS_NOT_INITIALIZED
    WARNING: GigaTIME failed on patch (10240, 26624): cuDNN error: CUDNN_STATUS_NOT_INITIALIZED
    WARNING: GigaTIME failed on patch (10240, 27648): cuDNN error: CUDNN_STATUS_NOT_INITIALIZED
    WARNING: GigaTIME failed on patch (10240, 28672): cuDNN error: CUDNN_STATUS_NOT_INITIALIZED
    WARNING: GigaTIME failed on patch (10240, 29696): cuDNN error: CUDNN_STATUS_NOT_INITIALIZED
    WARNING: GigaTIME failed on patch (10240, 30720): cuDNN error: CUDNN_STATUS_NOT_INITIALIZED
    WARNING: GigaTIME failed on patch (10240, 31744): cuDNN error: CUDNN_STATUS_NOT_INITIALIZED
    WARNING: GigaTIME failed on patch (10240, 32768): cuDNN error: CUDNN_STATUS_NOT_INITIALIZED
    WARNING: GigaTIME failed on patch (10240, 33792): cuDNN error: CUDNN_STATUS_NOT_INITIALIZED
    WARNING: GigaTIME failed on patch (10240, 34816): cuDNN error: CUDNN_STATUS_NOT_INITIALIZED
    WARNING: GigaTIME failed on patch (10240, 35840): cuDNN error: CUDNN_STATUS_NOT_INITIALIZED
    WARNING: GigaTIME failed on patch (10240, 36864): cuDNN error: CUDNN_STATUS_NOT_INITIALIZED
    WARNING: GigaTIME failed on patch (10240, 37888): cuDNN error: CUDNN_STATUS_NOT_INITIALIZED
    WARNING: GigaTIME failed on patch (10240, 38912): cuDNN error: CUDNN_STATUS_NOT_INITIALIZED
    WARNING: GigaTIME failed on patch (10240, 39936): cuDNN error: CUDNN_STATUS_NOT_INITIALIZED
    WARNING: GigaTIME failed on patch (10240, 40960): cuDNN error: CUDNN_STATUS_NOT_INITIALIZED
    WARNING: GigaTIME failed on patch (10240, 41984): cuDNN error: CUDNN_STATUS_NOT_INITIALIZED
    WARNING: GigaTIME failed on patch (10240, 43008): cuDNN error: CUDNN_STATUS_NOT_INITIALIZED
    WARNING: GigaTIME failed on patch (10240, 44032): cuDNN error: CUDNN_STATUS_NOT_INITIALIZED
    WARNING: GigaTIME failed on patch (10240, 45056): cuDNN error: CUDNN_STATUS_NOT_INITIALIZED
    WARNING: GigaTIME failed on patch (10240, 46080): cuDNN error: CUDNN_STATUS_NOT_INITIALIZED
    WARNING: GigaTIME failed on patch (10240, 47104): cuDNN error: CUDNN_STATUS_NOT_INITIALIZED
    WARNING: GigaTIME failed on patch (10240, 48128): cuDNN error: CUDNN_STATUS_NOT_INITIALIZED
    WARNING: GigaTIME failed on patch (10240, 49152): cuDNN error: CUDNN_STATUS_NOT_INITIALIZED
    WARNING: GigaTIME failed on patch (10240, 50176): cuDNN error: CUDNN_STATUS_NOT_INITIALIZED
    WARNING: GigaTIME failed on patch (10240, 51200): cuDNN error: CUDNN_STATUS_NOT_INITIALIZED
    WARNING: GigaTIME failed on patch (10240, 52224): cuDNN error: CUDNN_STATUS_NOT_INITIALIZED
    WARNING: GigaTIME failed on patch (10240, 53248): cuDNN error: CUDNN_STATUS_NOT_INITIALIZED
    WARNING: GigaTIME failed on patch (10240, 54272): cuDNN error: CUDNN_STATUS_NOT_INITIALIZED
    WARNING: GigaTIME failed on patch (10240, 55296): cuDNN error: CUDNN_STATUS_NOT_INITIALIZED
    WARNING: GigaTIME failed on patch (10240, 56320): cuDNN error: CUDNN_STATUS_NOT_INITIALIZED
    WARNING: GigaTIME failed on patch (10240, 57344): cuDNN error: CUDNN_STATUS_NOT_INITIALIZED
    WARNING: GigaTIME failed on patch (10240, 58368): cuDNN error: CUDNN_STATUS_NOT_INITIALIZED
    WARNING: GigaTIME failed on patch (10240, 59392): cuDNN error: CUDNN_STATUS_NOT_INITIALIZED
    WARNING: GigaTIME failed on patch (10240, 60416): cuDNN error: CUDNN_STATUS_NOT_INITIALIZED
    WARNING: GigaTIME failed on patch (10240, 61440): cuDNN error: CUDNN_STATUS_NOT_INITIALIZED
    WARNING: GigaTIME failed on patch (10240, 62464): cuDNN error: CUDNN_STATUS_NOT_INITIALIZED
    WARNING: GigaTIME failed on patch (10240, 63488): cuDNN error: CUDNN_STATUS_NOT_INITIALIZED
    WARNING: GigaTIME failed on patch (10240, 64512): cuDNN error: CUDNN_STATUS_NOT_INITIALIZED
    WARNING: GigaTIME failed on patch (10240, 65536): cuDNN error: CUDNN_STATUS_NOT_INITIALIZED
    WARNING: GigaTIME failed on patch (10240, 66560): cuDNN error: CUDNN_STATUS_NOT_INITIALIZED
    WARNING: GigaTIME failed on patch (10240, 72704): cuDNN error: CUDNN_STATUS_NOT_INITIALIZED
    WARNING: GigaTIME failed on patch (10240, 73728): cuDNN error: CUDNN_STATUS_NOT_INITIALIZED
    WARNING: GigaTIME failed on patch (10240, 74752): cuDNN error: CUDNN_STATUS_NOT_INITIALIZED
    WARNING: GigaTIME failed on patch (10240, 75776): cuDNN error: CUDNN_STATUS_NOT_INITIALIZED
    WARNING: GigaTIME failed on patch (10240, 87040): cuDNN error: CUDNN_STATUS_NOT_INITIALIZED
    WARNING: GigaTIME failed on patch (11264, 18432): cuDNN error: CUDNN_STATUS_NOT_INITIALIZED
    WARNING: GigaTIME failed on patch (11264, 22528): cuDNN error: CUDNN_STATUS_NOT_INITIALIZED
    WARNING: GigaTIME failed on patch (11264, 23552): cuDNN error: CUDNN_STATUS_NOT_INITIALIZED
    WARNING: GigaTIME failed on patch (11264, 24576): cuDNN error: CUDNN_STATUS_NOT_INITIALIZED
    WARNING: GigaTIME failed on patch (11264, 25600): cuDNN error: CUDNN_STATUS_NOT_INITIALIZED
    WARNING: GigaTIME failed on patch (11264, 26624): cuDNN error: CUDNN_STATUS_NOT_INITIALIZED
    WARNING: GigaTIME failed on patch (11264, 27648): cuDNN error: CUDNN_STATUS_NOT_INITIALIZED
    WARNING: GigaTIME failed on patch (11264, 28672): cuDNN error: CUDNN_STATUS_NOT_INITIALIZED
    WARNING: GigaTIME failed on patch (11264, 29696): cuDNN error: CUDNN_STATUS_NOT_INITIALIZED
    WARNING: GigaTIME failed on patch (11264, 30720): cuDNN error: CUDNN_STATUS_NOT_INITIALIZED
    WARNING: GigaTIME failed on patch (11264, 31744): cuDNN error: CUDNN_STATUS_NOT_INITIALIZED
    WARNING: GigaTIME failed on patch (11264, 32768): cuDNN error: CUDNN_STATUS_NOT_INITIALIZED
    WARNING: GigaTIME failed on patch (11264, 33792): cuDNN error: CUDNN_STATUS_NOT_INITIALIZED
    WARNING: GigaTIME failed on patch (11264, 34816): cuDNN error: CUDNN_STATUS_NOT_INITIALIZED
    WARNING: GigaTIME failed on patch (11264, 35840): cuDNN error: CUDNN_STATUS_NOT_INITIALIZED
    WARNING: GigaTIME failed on patch (11264, 36864): cuDNN error: CUDNN_STATUS_NOT_INITIALIZED
    WARNING: GigaTIME failed on patch (11264, 37888): cuDNN error: CUDNN_STATUS_NOT_INITIALIZED
    WARNING: GigaTIME failed on patch (11264, 38912): cuDNN error: CUDNN_STATUS_NOT_INITIALIZED
    WARNING: GigaTIME failed on patch (11264, 39936): cuDNN error: CUDNN_STATUS_NOT_INITIALIZED
    WARNING: GigaTIME failed on patch (11264, 40960): cuDNN error: CUDNN_STATUS_NOT_INITIALIZED
    WARNING: GigaTIME failed on patch (11264, 41984): cuDNN error: CUDNN_STATUS_NOT_INITIALIZED
    WARNING: GigaTIME failed on patch (11264, 43008): cuDNN error: CUDNN_STATUS_NOT_INITIALIZED
    WARNING: GigaTIME failed on patch (11264, 44032): cuDNN error: CUDNN_STATUS_NOT_INITIALIZED
    WARNING: GigaTIME failed on patch (11264, 45056): cuDNN error: CUDNN_STATUS_NOT_INITIALIZED
    WARNING: GigaTIME failed on patch (11264, 46080): cuDNN error: CUDNN_STATUS_NOT_INITIALIZED
    WARNING: GigaTIME failed on patch (11264, 47104): cuDNN error: CUDNN_STATUS_NOT_INITIALIZED
    WARNING: GigaTIME failed on patch (11264, 48128): cuDNN error: CUDNN_STATUS_NOT_INITIALIZED
    WARNING: GigaTIME failed on patch (11264, 49152): cuDNN error: CUDNN_STATUS_NOT_INITIALIZED
    WARNING: GigaTIME failed on patch (11264, 50176): cuDNN error: CUDNN_STATUS_NOT_INITIALIZED
    WARNING: GigaTIME failed on patch (11264, 51200): cuDNN error: CUDNN_STATUS_NOT_INITIALIZED
    WARNING: GigaTIME failed on patch (11264, 52224): cuDNN error: CUDNN_STATUS_NOT_INITIALIZED
    WARNING: GigaTIME failed on patch (11264, 53248): cuDNN error: CUDNN_STATUS_NOT_INITIALIZED
    WARNING: GigaTIME failed on patch (11264, 54272): cuDNN error: CUDNN_STATUS_NOT_INITIALIZED
    WARNING: GigaTIME failed on patch (11264, 55296): cuDNN error: CUDNN_STATUS_NOT_INITIALIZED
    WARNING: GigaTIME failed on patch (11264, 56320): cuDNN error: CUDNN_STATUS_NOT_INITIALIZED
    WARNING: GigaTIME failed on patch (11264, 57344): cuDNN error: CUDNN_STATUS_NOT_INITIALIZED
    WARNING: GigaTIME failed on patch (11264, 58368): cuDNN error: CUDNN_STATUS_NOT_INITIALIZED
    WARNING: GigaTIME failed on patch (11264, 59392): cuDNN error: CUDNN_STATUS_NOT_INITIALIZED
    WARNING: GigaTIME failed on patch (11264, 60416): cuDNN error: CUDNN_STATUS_NOT_INITIALIZED
    WARNING: GigaTIME failed on patch (11264, 61440): cuDNN error: CUDNN_STATUS_NOT_INITIALIZED
    WARNING: GigaTIME failed on patch (11264, 62464): cuDNN error: CUDNN_STATUS_NOT_INITIALIZED
    WARNING: GigaTIME failed on patch (11264, 63488): cuDNN error: CUDNN_STATUS_NOT_INITIALIZED
    WARNING: GigaTIME failed on patch (11264, 64512): cuDNN error: CUDNN_STATUS_NOT_INITIALIZED
    WARNING: GigaTIME failed on patch (11264, 65536): cuDNN error: CUDNN_STATUS_NOT_INITIALIZED
    WARNING: GigaTIME failed on patch (11264, 66560): cuDNN error: CUDNN_STATUS_NOT_INITIALIZED
    WARNING: GigaTIME failed on patch (11264, 73728): cuDNN error: CUDNN_STATUS_NOT_INITIALIZED
    WARNING: GigaTIME failed on patch (11264, 74752): cuDNN error: CUDNN_STATUS_NOT_INITIALIZED
    WARNING: GigaTIME failed on patch (11264, 75776): cuDNN error: CUDNN_STATUS_NOT_INITIALIZED
    WARNING: GigaTIME failed on patch (11264, 86016): cuDNN error: CUDNN_STATUS_NOT_INITIALIZED
    WARNING: GigaTIME failed on patch (11264, 87040): cuDNN error: CUDNN_STATUS_NOT_INITIALIZED
    WARNING: GigaTIME failed on patch (12288, 17408): cuDNN error: CUDNN_STATUS_NOT_INITIALIZED
    WARNING: GigaTIME failed on patch (12288, 22528): cuDNN error: CUDNN_STATUS_NOT_INITIALIZED
    WARNING: GigaTIME failed on patch (12288, 23552): cuDNN error: CUDNN_STATUS_NOT_INITIALIZED
    WARNING: GigaTIME failed on patch (12288, 24576): cuDNN error: CUDNN_STATUS_NOT_INITIALIZED
    WARNING: GigaTIME failed on patch (12288, 25600): cuDNN error: CUDNN_STATUS_NOT_INITIALIZED
    WARNING: GigaTIME failed on patch (12288, 26624): cuDNN error: CUDNN_STATUS_NOT_INITIALIZED
    WARNING: GigaTIME failed on patch (12288, 27648): cuDNN error: CUDNN_STATUS_NOT_INITIALIZED
    WARNING: GigaTIME failed on patch (12288, 28672): cuDNN error: CUDNN_STATUS_NOT_INITIALIZED
    WARNING: GigaTIME failed on patch (12288, 29696): cuDNN error: CUDNN_STATUS_NOT_INITIALIZED
    WARNING: GigaTIME failed on patch (12288, 30720): cuDNN error: CUDNN_STATUS_NOT_INITIALIZED
    WARNING: GigaTIME failed on patch (12288, 31744): cuDNN error: CUDNN_STATUS_NOT_INITIALIZED
    WARNING: GigaTIME failed on patch (12288, 32768): cuDNN error: CUDNN_STATUS_NOT_INITIALIZED
    WARNING: GigaTIME failed on patch (12288, 33792): cuDNN error: CUDNN_STATUS_NOT_INITIALIZED
    WARNING: GigaTIME failed on patch (12288, 34816): cuDNN error: CUDNN_STATUS_NOT_INITIALIZED
    WARNING: GigaTIME failed on patch (12288, 35840): cuDNN error: CUDNN_STATUS_NOT_INITIALIZED
    WARNING: GigaTIME failed on patch (12288, 36864): cuDNN error: CUDNN_STATUS_NOT_INITIALIZED
    WARNING: GigaTIME failed on patch (12288, 37888): cuDNN error: CUDNN_STATUS_NOT_INITIALIZED
    WARNING: GigaTIME failed on patch (12288, 38912): cuDNN error: CUDNN_STATUS_NOT_INITIALIZED
    WARNING: GigaTIME failed on patch (12288, 39936): cuDNN error: CUDNN_STATUS_NOT_INITIALIZED
    WARNING: GigaTIME failed on patch (12288, 40960): cuDNN error: CUDNN_STATUS_NOT_INITIALIZED
    WARNING: GigaTIME failed on patch (12288, 41984): cuDNN error: CUDNN_STATUS_NOT_INITIALIZED
    WARNING: GigaTIME failed on patch (12288, 43008): cuDNN error: CUDNN_STATUS_NOT_INITIALIZED
    WARNING: GigaTIME failed on patch (12288, 44032): cuDNN error: CUDNN_STATUS_NOT_INITIALIZED
    WARNING: GigaTIME failed on patch (12288, 45056): cuDNN error: CUDNN_STATUS_NOT_INITIALIZED
    WARNING: GigaTIME failed on patch (12288, 46080): cuDNN error: CUDNN_STATUS_NOT_INITIALIZED
    WARNING: GigaTIME failed on patch (12288, 47104): cuDNN error: CUDNN_STATUS_NOT_INITIALIZED
    WARNING: GigaTIME failed on patch (12288, 48128): cuDNN error: CUDNN_STATUS_NOT_INITIALIZED
    WARNING: GigaTIME failed on patch (12288, 49152): cuDNN error: CUDNN_STATUS_NOT_INITIALIZED
    WARNING: GigaTIME failed on patch (12288, 50176): cuDNN error: CUDNN_STATUS_NOT_INITIALIZED
    WARNING: GigaTIME failed on patch (12288, 51200): cuDNN error: CUDNN_STATUS_NOT_INITIALIZED
    WARNING: GigaTIME failed on patch (12288, 52224): cuDNN error: CUDNN_STATUS_NOT_INITIALIZED
    WARNING: GigaTIME failed on patch (12288, 53248): cuDNN error: CUDNN_STATUS_NOT_INITIALIZED
    WARNING: GigaTIME failed on patch (12288, 54272): cuDNN error: CUDNN_STATUS_NOT_INITIALIZED
    WARNING: GigaTIME failed on patch (12288, 55296): cuDNN error: CUDNN_STATUS_NOT_INITIALIZED
    WARNING: GigaTIME failed on patch (12288, 56320): cuDNN error: CUDNN_STATUS_NOT_INITIALIZED
    WARNING: GigaTIME failed on patch (12288, 57344): cuDNN error: CUDNN_STATUS_NOT_INITIALIZED
    WARNING: GigaTIME failed on patch (12288, 58368): cuDNN error: CUDNN_STATUS_NOT_INITIALIZED
    WARNING: GigaTIME failed on patch (12288, 59392): cuDNN error: CUDNN_STATUS_NOT_INITIALIZED
    WARNING: GigaTIME failed on patch (12288, 60416): cuDNN error: CUDNN_STATUS_NOT_INITIALIZED
    WARNING: GigaTIME failed on patch (12288, 61440): cuDNN error: CUDNN_STATUS_NOT_INITIALIZED
    WARNING: GigaTIME failed on patch (12288, 62464): cuDNN error: CUDNN_STATUS_NOT_INITIALIZED
    WARNING: GigaTIME failed on patch (12288, 63488): cuDNN error: CUDNN_STATUS_NOT_INITIALIZED
    WARNING: GigaTIME failed on patch (12288, 64512): cuDNN error: CUDNN_STATUS_NOT_INITIALIZED
    WARNING: GigaTIME failed on patch (12288, 65536): cuDNN error: CUDNN_STATUS_NOT_INITIALIZED
    WARNING: GigaTIME failed on patch (12288, 66560): cuDNN error: CUDNN_STATUS_NOT_INITIALIZED
    WARNING: GigaTIME failed on patch (12288, 73728): cuDNN error: CUDNN_STATUS_NOT_INITIALIZED
    WARNING: GigaTIME failed on patch (12288, 74752): cuDNN error: CUDNN_STATUS_NOT_INITIALIZED
    WARNING: GigaTIME failed on patch (12288, 75776): cuDNN error: CUDNN_STATUS_NOT_INITIALIZED
    WARNING: GigaTIME failed on patch (12288, 81920): cuDNN error: CUDNN_STATUS_NOT_INITIALIZED
    WARNING: GigaTIME failed on patch (12288, 82944): cuDNN error: CUDNN_STATUS_NOT_INITIALIZED
    WARNING: GigaTIME failed on patch (12288, 83968): cuDNN error: CUDNN_STATUS_NOT_INITIALIZED
    WARNING: GigaTIME failed on patch (12288, 84992): cuDNN error: CUDNN_STATUS_NOT_INITIALIZED
    WARNING: GigaTIME failed on patch (12288, 86016): cuDNN error: CUDNN_STATUS_NOT_INITIALIZED
    WARNING: GigaTIME failed on patch (13312, 17408): cuDNN error: CUDNN_STATUS_NOT_INITIALIZED
    WARNING: GigaTIME failed on patch (13312, 18432): cuDNN error: CUDNN_STATUS_NOT_INITIALIZED
    WARNING: GigaTIME failed on patch (13312, 19456): cuDNN error: CUDNN_STATUS_NOT_INITIALIZED
    WARNING: GigaTIME failed on patch (13312, 20480): cuDNN error: CUDNN_STATUS_NOT_INITIALIZED
    WARNING: GigaTIME failed on patch (13312, 21504): cuDNN error: CUDNN_STATUS_NOT_INITIALIZED
    WARNING: GigaTIME failed on patch (13312, 22528): cuDNN error: CUDNN_STATUS_NOT_INITIALIZED
    WARNING: GigaTIME failed on patch (13312, 23552): cuDNN error: CUDNN_STATUS_NOT_INITIALIZED
    WARNING: GigaTIME failed on patch (13312, 24576): cuDNN error: CUDNN_STATUS_NOT_INITIALIZED
    WARNING: GigaTIME failed on patch (13312, 25600): cuDNN error: CUDNN_STATUS_NOT_INITIALIZED
    WARNING: GigaTIME failed on patch (13312, 26624): cuDNN error: CUDNN_STATUS_NOT_INITIALIZED
    WARNING: GigaTIME failed on patch (13312, 27648): cuDNN error: CUDNN_STATUS_NOT_INITIALIZED
    WARNING: GigaTIME failed on patch (13312, 28672): cuDNN error: CUDNN_STATUS_NOT_INITIALIZED
    WARNING: GigaTIME failed on patch (13312, 29696): cuDNN error: CUDNN_STATUS_NOT_INITIALIZED
    WARNING: GigaTIME failed on patch (13312, 30720): cuDNN error: CUDNN_STATUS_NOT_INITIALIZED
    WARNING: GigaTIME failed on patch (13312, 31744): cuDNN error: CUDNN_STATUS_NOT_INITIALIZED
    WARNING: GigaTIME failed on patch (13312, 32768): cuDNN error: CUDNN_STATUS_NOT_INITIALIZED
    WARNING: GigaTIME failed on patch (13312, 33792): cuDNN error: CUDNN_STATUS_NOT_INITIALIZED
    WARNING: GigaTIME failed on patch (13312, 34816): cuDNN error: CUDNN_STATUS_NOT_INITIALIZED
    WARNING: GigaTIME failed on patch (13312, 35840): cuDNN error: CUDNN_STATUS_NOT_INITIALIZED
    WARNING: GigaTIME failed on patch (13312, 36864): cuDNN error: CUDNN_STATUS_NOT_INITIALIZED
    WARNING: GigaTIME failed on patch (13312, 37888): cuDNN error: CUDNN_STATUS_NOT_INITIALIZED
    WARNING: GigaTIME failed on patch (13312, 38912): cuDNN error: CUDNN_STATUS_NOT_INITIALIZED
    WARNING: GigaTIME failed on patch (13312, 39936): cuDNN error: CUDNN_STATUS_NOT_INITIALIZED
    WARNING: GigaTIME failed on patch (13312, 40960): cuDNN error: CUDNN_STATUS_NOT_INITIALIZED
    WARNING: GigaTIME failed on patch (13312, 41984): cuDNN error: CUDNN_STATUS_NOT_INITIALIZED
    WARNING: GigaTIME failed on patch (13312, 43008): cuDNN error: CUDNN_STATUS_NOT_INITIALIZED
    WARNING: GigaTIME failed on patch (13312, 44032): cuDNN error: CUDNN_STATUS_NOT_INITIALIZED
    WARNING: GigaTIME failed on patch (13312, 45056): cuDNN error: CUDNN_STATUS_NOT_INITIALIZED
    WARNING: GigaTIME failed on patch (13312, 46080): cuDNN error: CUDNN_STATUS_NOT_INITIALIZED
    WARNING: GigaTIME failed on patch (13312, 47104): cuDNN error: CUDNN_STATUS_NOT_INITIALIZED
    WARNING: GigaTIME failed on patch (13312, 48128): cuDNN error: CUDNN_STATUS_NOT_INITIALIZED
    WARNING: GigaTIME failed on patch (13312, 49152): cuDNN error: CUDNN_STATUS_NOT_INITIALIZED
    WARNING: GigaTIME failed on patch (13312, 50176): cuDNN error: CUDNN_STATUS_NOT_INITIALIZED
    WARNING: GigaTIME failed on patch (13312, 51200): cuDNN error: CUDNN_STATUS_NOT_INITIALIZED
    WARNING: GigaTIME failed on patch (13312, 52224): cuDNN error: CUDNN_STATUS_NOT_INITIALIZED
    WARNING: GigaTIME failed on patch (13312, 53248): cuDNN error: CUDNN_STATUS_NOT_INITIALIZED
    WARNING: GigaTIME failed on patch (13312, 54272): cuDNN error: CUDNN_STATUS_NOT_INITIALIZED
    WARNING: GigaTIME failed on patch (13312, 55296): cuDNN error: CUDNN_STATUS_NOT_INITIALIZED
    WARNING: GigaTIME failed on patch (13312, 56320): cuDNN error: CUDNN_STATUS_NOT_INITIALIZED
    WARNING: GigaTIME failed on patch (13312, 57344): cuDNN error: CUDNN_STATUS_NOT_INITIALIZED
    WARNING: GigaTIME failed on patch (13312, 58368): cuDNN error: CUDNN_STATUS_NOT_INITIALIZED
    WARNING: GigaTIME failed on patch (13312, 59392): cuDNN error: CUDNN_STATUS_NOT_INITIALIZED
    WARNING: GigaTIME failed on patch (13312, 60416): cuDNN error: CUDNN_STATUS_NOT_INITIALIZED
    WARNING: GigaTIME failed on patch (13312, 61440): cuDNN error: CUDNN_STATUS_NOT_INITIALIZED
    WARNING: GigaTIME failed on patch (13312, 62464): cuDNN error: CUDNN_STATUS_NOT_INITIALIZED
    WARNING: GigaTIME failed on patch (13312, 63488): cuDNN error: CUDNN_STATUS_NOT_INITIALIZED
    WARNING: GigaTIME failed on patch (13312, 64512): cuDNN error: CUDNN_STATUS_NOT_INITIALIZED
    WARNING: GigaTIME failed on patch (13312, 74752): cuDNN error: CUDNN_STATUS_NOT_INITIALIZED
    WARNING: GigaTIME failed on patch (13312, 75776): cuDNN error: CUDNN_STATUS_NOT_INITIALIZED
    WARNING: GigaTIME failed on patch (13312, 77824): cuDNN error: CUDNN_STATUS_NOT_INITIALIZED
    WARNING: GigaTIME failed on patch (13312, 78848): cuDNN error: CUDNN_STATUS_NOT_INITIALIZED
    WARNING: GigaTIME failed on patch (13312, 79872): cuDNN error: CUDNN_STATUS_NOT_INITIALIZED
    WARNING: GigaTIME failed on patch (13312, 80896): cuDNN error: CUDNN_STATUS_NOT_INITIALIZED
    WARNING: GigaTIME failed on patch (13312, 81920): cuDNN error: CUDNN_STATUS_NOT_INITIALIZED
    WARNING: GigaTIME failed on patch (13312, 82944): cuDNN error: CUDNN_STATUS_NOT_INITIALIZED
    WARNING: GigaTIME failed on patch (13312, 83968): cuDNN error: CUDNN_STATUS_NOT_INITIALIZED
    WARNING: GigaTIME failed on patch (13312, 84992): cuDNN error: CUDNN_STATUS_NOT_INITIALIZED
    WARNING: GigaTIME failed on patch (13312, 86016): cuDNN error: CUDNN_STATUS_NOT_INITIALIZED
    WARNING: GigaTIME failed on patch (14336, 17408): cuDNN error: CUDNN_STATUS_NOT_INITIALIZED
    WARNING: GigaTIME failed on patch (14336, 18432): cuDNN error: CUDNN_STATUS_NOT_INITIALIZED
    WARNING: GigaTIME failed on patch (14336, 19456): cuDNN error: CUDNN_STATUS_NOT_INITIALIZED
    WARNING: GigaTIME failed on patch (14336, 20480): cuDNN error: CUDNN_STATUS_NOT_INITIALIZED
    WARNING: GigaTIME failed on patch (14336, 21504): cuDNN error: CUDNN_STATUS_NOT_INITIALIZED
    WARNING: GigaTIME failed on patch (14336, 22528): cuDNN error: CUDNN_STATUS_NOT_INITIALIZED
    WARNING: GigaTIME failed on patch (14336, 23552): cuDNN error: CUDNN_STATUS_NOT_INITIALIZED
    WARNING: GigaTIME failed on patch (14336, 24576): cuDNN error: CUDNN_STATUS_NOT_INITIALIZED
    WARNING: GigaTIME failed on patch (14336, 25600): cuDNN error: CUDNN_STATUS_NOT_INITIALIZED
    WARNING: GigaTIME failed on patch (14336, 26624): cuDNN error: CUDNN_STATUS_NOT_INITIALIZED
    WARNING: GigaTIME failed on patch (14336, 27648): cuDNN error: CUDNN_STATUS_NOT_INITIALIZED
    WARNING: GigaTIME failed on patch (14336, 28672): cuDNN error: CUDNN_STATUS_NOT_INITIALIZED
    WARNING: GigaTIME failed on patch (14336, 29696): cuDNN error: CUDNN_STATUS_NOT_INITIALIZED
    WARNING: GigaTIME failed on patch (14336, 30720): cuDNN error: CUDNN_STATUS_NOT_INITIALIZED
    WARNING: GigaTIME failed on patch (14336, 31744): cuDNN error: CUDNN_STATUS_NOT_INITIALIZED
    WARNING: GigaTIME failed on patch (14336, 32768): cuDNN error: CUDNN_STATUS_NOT_INITIALIZED
    WARNING: GigaTIME failed on patch (14336, 33792): cuDNN error: CUDNN_STATUS_NOT_INITIALIZED
    WARNING: GigaTIME failed on patch (14336, 34816): cuDNN error: CUDNN_STATUS_NOT_INITIALIZED
    WARNING: GigaTIME failed on patch (14336, 35840): cuDNN error: CUDNN_STATUS_NOT_INITIALIZED
    WARNING: GigaTIME failed on patch (14336, 36864): cuDNN error: CUDNN_STATUS_NOT_INITIALIZED
    WARNING: GigaTIME failed on patch (14336, 37888): cuDNN error: CUDNN_STATUS_NOT_INITIALIZED
    WARNING: GigaTIME failed on patch (14336, 38912): cuDNN error: CUDNN_STATUS_NOT_INITIALIZED
    WARNING: GigaTIME failed on patch (14336, 39936): cuDNN error: CUDNN_STATUS_NOT_INITIALIZED
    WARNING: GigaTIME failed on patch (14336, 40960): cuDNN error: CUDNN_STATUS_NOT_INITIALIZED
    WARNING: GigaTIME failed on patch (14336, 41984): cuDNN error: CUDNN_STATUS_NOT_INITIALIZED
    WARNING: GigaTIME failed on patch (14336, 43008): cuDNN error: CUDNN_STATUS_NOT_INITIALIZED
    WARNING: GigaTIME failed on patch (14336, 44032): cuDNN error: CUDNN_STATUS_NOT_INITIALIZED
    WARNING: GigaTIME failed on patch (14336, 45056): cuDNN error: CUDNN_STATUS_NOT_INITIALIZED
    WARNING: GigaTIME failed on patch (14336, 46080): cuDNN error: CUDNN_STATUS_NOT_INITIALIZED
    WARNING: GigaTIME failed on patch (14336, 47104): cuDNN error: CUDNN_STATUS_NOT_INITIALIZED
    WARNING: GigaTIME failed on patch (14336, 48128): cuDNN error: CUDNN_STATUS_NOT_INITIALIZED
    WARNING: GigaTIME failed on patch (14336, 49152): cuDNN error: CUDNN_STATUS_NOT_INITIALIZED
    WARNING: GigaTIME failed on patch (14336, 50176): cuDNN error: CUDNN_STATUS_NOT_INITIALIZED
    WARNING: GigaTIME failed on patch (14336, 51200): cuDNN error: CUDNN_STATUS_NOT_INITIALIZED
    WARNING: GigaTIME failed on patch (14336, 52224): cuDNN error: CUDNN_STATUS_NOT_INITIALIZED
    WARNING: GigaTIME failed on patch (14336, 53248): cuDNN error: CUDNN_STATUS_NOT_INITIALIZED
    WARNING: GigaTIME failed on patch (14336, 54272): cuDNN error: CUDNN_STATUS_NOT_INITIALIZED
    WARNING: GigaTIME failed on patch (14336, 55296): cuDNN error: CUDNN_STATUS_NOT_INITIALIZED
    WARNING: GigaTIME failed on patch (14336, 56320): cuDNN error: CUDNN_STATUS_NOT_INITIALIZED
    WARNING: GigaTIME failed on patch (14336, 57344): cuDNN error: CUDNN_STATUS_NOT_INITIALIZED
    WARNING: GigaTIME failed on patch (14336, 58368): cuDNN error: CUDNN_STATUS_NOT_INITIALIZED
    WARNING: GigaTIME failed on patch (14336, 59392): cuDNN error: CUDNN_STATUS_NOT_INITIALIZED
    WARNING: GigaTIME failed on patch (14336, 60416): cuDNN error: CUDNN_STATUS_NOT_INITIALIZED
    WARNING: GigaTIME failed on patch (14336, 61440): cuDNN error: CUDNN_STATUS_NOT_INITIALIZED
    WARNING: GigaTIME failed on patch (14336, 62464): cuDNN error: CUDNN_STATUS_NOT_INITIALIZED
    WARNING: GigaTIME failed on patch (14336, 63488): cuDNN error: CUDNN_STATUS_NOT_INITIALIZED
    WARNING: GigaTIME failed on patch (14336, 64512): cuDNN error: CUDNN_STATUS_NOT_INITIALIZED
    WARNING: GigaTIME failed on patch (14336, 75776): cuDNN error: CUDNN_STATUS_NOT_INITIALIZED
    WARNING: GigaTIME failed on patch (14336, 77824): cuDNN error: CUDNN_STATUS_NOT_INITIALIZED
    WARNING: GigaTIME failed on patch (14336, 78848): cuDNN error: CUDNN_STATUS_NOT_INITIALIZED
    WARNING: GigaTIME failed on patch (14336, 79872): cuDNN error: CUDNN_STATUS_NOT_INITIALIZED
    WARNING: GigaTIME failed on patch (14336, 81920): cuDNN error: CUDNN_STATUS_NOT_INITIALIZED
    WARNING: GigaTIME failed on patch (14336, 82944): cuDNN error: CUDNN_STATUS_NOT_INITIALIZED
    WARNING: GigaTIME failed on patch (14336, 83968): cuDNN error: CUDNN_STATUS_NOT_INITIALIZED
    WARNING: GigaTIME failed on patch (14336, 84992): cuDNN error: CUDNN_STATUS_NOT_INITIALIZED
    WARNING: GigaTIME failed on patch (14336, 86016): cuDNN error: CUDNN_STATUS_NOT_INITIALIZED
    WARNING: GigaTIME failed on patch (15360, 18432): cuDNN error: CUDNN_STATUS_NOT_INITIALIZED
    WARNING: GigaTIME failed on patch (15360, 19456): cuDNN error: CUDNN_STATUS_NOT_INITIALIZED
    WARNING: GigaTIME failed on patch (15360, 20480): cuDNN error: CUDNN_STATUS_NOT_INITIALIZED
    WARNING: GigaTIME failed on patch (15360, 21504): cuDNN error: CUDNN_STATUS_NOT_INITIALIZED
    WARNING: GigaTIME failed on patch (15360, 22528): cuDNN error: CUDNN_STATUS_NOT_INITIALIZED
    WARNING: GigaTIME failed on patch (15360, 23552): cuDNN error: CUDNN_STATUS_NOT_INITIALIZED
    WARNING: GigaTIME failed on patch (15360, 24576): cuDNN error: CUDNN_STATUS_NOT_INITIALIZED
    WARNING: GigaTIME failed on patch (15360, 25600): cuDNN error: CUDNN_STATUS_NOT_INITIALIZED
    WARNING: GigaTIME failed on patch (15360, 26624): cuDNN error: CUDNN_STATUS_NOT_INITIALIZED
    WARNING: GigaTIME failed on patch (15360, 27648): cuDNN error: CUDNN_STATUS_NOT_INITIALIZED
    WARNING: GigaTIME failed on patch (15360, 28672): cuDNN error: CUDNN_STATUS_NOT_INITIALIZED
    WARNING: GigaTIME failed on patch (15360, 29696): cuDNN error: CUDNN_STATUS_NOT_INITIALIZED
    WARNING: GigaTIME failed on patch (15360, 30720): cuDNN error: CUDNN_STATUS_NOT_INITIALIZED
    WARNING: GigaTIME failed on patch (15360, 31744): cuDNN error: CUDNN_STATUS_NOT_INITIALIZED
    WARNING: GigaTIME failed on patch (15360, 32768): cuDNN error: CUDNN_STATUS_NOT_INITIALIZED
    WARNING: GigaTIME failed on patch (15360, 33792): cuDNN error: CUDNN_STATUS_NOT_INITIALIZED
    WARNING: GigaTIME failed on patch (15360, 34816): cuDNN error: CUDNN_STATUS_NOT_INITIALIZED
    WARNING: GigaTIME failed on patch (15360, 35840): cuDNN error: CUDNN_STATUS_NOT_INITIALIZED
    WARNING: GigaTIME failed on patch (15360, 36864): cuDNN error: CUDNN_STATUS_NOT_INITIALIZED
    WARNING: GigaTIME failed on patch (15360, 37888): cuDNN error: CUDNN_STATUS_NOT_INITIALIZED
    WARNING: GigaTIME failed on patch (15360, 38912): cuDNN error: CUDNN_STATUS_NOT_INITIALIZED
    WARNING: GigaTIME failed on patch (15360, 39936): cuDNN error: CUDNN_STATUS_NOT_INITIALIZED
    WARNING: GigaTIME failed on patch (15360, 40960): cuDNN error: CUDNN_STATUS_NOT_INITIALIZED
    WARNING: GigaTIME failed on patch (15360, 41984): cuDNN error: CUDNN_STATUS_NOT_INITIALIZED
    WARNING: GigaTIME failed on patch (15360, 43008): cuDNN error: CUDNN_STATUS_NOT_INITIALIZED
    WARNING: GigaTIME failed on patch (15360, 44032): cuDNN error: CUDNN_STATUS_NOT_INITIALIZED
    WARNING: GigaTIME failed on patch (15360, 45056): cuDNN error: CUDNN_STATUS_NOT_INITIALIZED
    WARNING: GigaTIME failed on patch (15360, 46080): cuDNN error: CUDNN_STATUS_NOT_INITIALIZED
    WARNING: GigaTIME failed on patch (15360, 47104): cuDNN error: CUDNN_STATUS_NOT_INITIALIZED
    WARNING: GigaTIME failed on patch (15360, 48128): cuDNN error: CUDNN_STATUS_NOT_INITIALIZED
    WARNING: GigaTIME failed on patch (15360, 49152): cuDNN error: CUDNN_STATUS_NOT_INITIALIZED
    WARNING: GigaTIME failed on patch (15360, 50176): cuDNN error: CUDNN_STATUS_NOT_INITIALIZED
    WARNING: GigaTIME failed on patch (15360, 51200): cuDNN error: CUDNN_STATUS_NOT_INITIALIZED
    WARNING: GigaTIME failed on patch (15360, 52224): cuDNN error: CUDNN_STATUS_NOT_INITIALIZED
    WARNING: GigaTIME failed on patch (15360, 53248): cuDNN error: CUDNN_STATUS_NOT_INITIALIZED
    WARNING: GigaTIME failed on patch (15360, 54272): cuDNN error: CUDNN_STATUS_NOT_INITIALIZED
    WARNING: GigaTIME failed on patch (15360, 55296): cuDNN error: CUDNN_STATUS_NOT_INITIALIZED
    WARNING: GigaTIME failed on patch (15360, 56320): cuDNN error: CUDNN_STATUS_NOT_INITIALIZED
    WARNING: GigaTIME failed on patch (15360, 57344): cuDNN error: CUDNN_STATUS_NOT_INITIALIZED
    WARNING: GigaTIME failed on patch (15360, 58368): cuDNN error: CUDNN_STATUS_NOT_INITIALIZED
    WARNING: GigaTIME failed on patch (15360, 59392): cuDNN error: CUDNN_STATUS_NOT_INITIALIZED
    WARNING: GigaTIME failed on patch (15360, 60416): cuDNN error: CUDNN_STATUS_NOT_INITIALIZED
    WARNING: GigaTIME failed on patch (15360, 61440): cuDNN error: CUDNN_STATUS_NOT_INITIALIZED
    WARNING: GigaTIME failed on patch (15360, 62464): cuDNN error: CUDNN_STATUS_NOT_INITIALIZED
    WARNING: GigaTIME failed on patch (15360, 63488): cuDNN error: CUDNN_STATUS_NOT_INITIALIZED
    WARNING: GigaTIME failed on patch (15360, 76800): cuDNN error: CUDNN_STATUS_NOT_INITIALIZED
    WARNING: GigaTIME failed on patch (15360, 80896): cuDNN error: CUDNN_STATUS_NOT_INITIALIZED
    WARNING: GigaTIME failed on patch (15360, 81920): cuDNN error: CUDNN_STATUS_NOT_INITIALIZED
    WARNING: GigaTIME failed on patch (15360, 82944): cuDNN error: CUDNN_STATUS_NOT_INITIALIZED
    WARNING: GigaTIME failed on patch (15360, 83968): cuDNN error: CUDNN_STATUS_NOT_INITIALIZED
    WARNING: GigaTIME failed on patch (16384, 19456): cuDNN error: CUDNN_STATUS_NOT_INITIALIZED
    WARNING: GigaTIME failed on patch (16384, 20480): cuDNN error: CUDNN_STATUS_NOT_INITIALIZED
    WARNING: GigaTIME failed on patch (16384, 21504): cuDNN error: CUDNN_STATUS_NOT_INITIALIZED
    WARNING: GigaTIME failed on patch (16384, 22528): cuDNN error: CUDNN_STATUS_NOT_INITIALIZED
    WARNING: GigaTIME failed on patch (16384, 23552): cuDNN error: CUDNN_STATUS_NOT_INITIALIZED
    WARNING: GigaTIME failed on patch (16384, 24576): cuDNN error: CUDNN_STATUS_NOT_INITIALIZED
    WARNING: GigaTIME failed on patch (16384, 25600): cuDNN error: CUDNN_STATUS_NOT_INITIALIZED
    WARNING: GigaTIME failed on patch (16384, 26624): cuDNN error: CUDNN_STATUS_NOT_INITIALIZED
    WARNING: GigaTIME failed on patch (16384, 27648): cuDNN error: CUDNN_STATUS_NOT_INITIALIZED
    WARNING: GigaTIME failed on patch (16384, 28672): cuDNN error: CUDNN_STATUS_NOT_INITIALIZED
    WARNING: GigaTIME failed on patch (16384, 29696): cuDNN error: CUDNN_STATUS_NOT_INITIALIZED
    WARNING: GigaTIME failed on patch (16384, 30720): cuDNN error: CUDNN_STATUS_NOT_INITIALIZED
    WARNING: GigaTIME failed on patch (16384, 31744): cuDNN error: CUDNN_STATUS_NOT_INITIALIZED
    WARNING: GigaTIME failed on patch (16384, 32768): cuDNN error: CUDNN_STATUS_NOT_INITIALIZED
    WARNING: GigaTIME failed on patch (16384, 33792): cuDNN error: CUDNN_STATUS_NOT_INITIALIZED
    WARNING: GigaTIME failed on patch (16384, 34816): cuDNN error: CUDNN_STATUS_NOT_INITIALIZED
    WARNING: GigaTIME failed on patch (16384, 35840): cuDNN error: CUDNN_STATUS_NOT_INITIALIZED
    WARNING: GigaTIME failed on patch (16384, 36864): cuDNN error: CUDNN_STATUS_NOT_INITIALIZED
    WARNING: GigaTIME failed on patch (16384, 37888): cuDNN error: CUDNN_STATUS_NOT_INITIALIZED
    WARNING: GigaTIME failed on patch (16384, 38912): cuDNN error: CUDNN_STATUS_NOT_INITIALIZED
    WARNING: GigaTIME failed on patch (16384, 39936): cuDNN error: CUDNN_STATUS_NOT_INITIALIZED
    WARNING: GigaTIME failed on patch (16384, 40960): cuDNN error: CUDNN_STATUS_NOT_INITIALIZED
    WARNING: GigaTIME failed on patch (16384, 41984): cuDNN error: CUDNN_STATUS_NOT_INITIALIZED
    WARNING: GigaTIME failed on patch (16384, 43008): cuDNN error: CUDNN_STATUS_NOT_INITIALIZED
    WARNING: GigaTIME failed on patch (16384, 44032): cuDNN error: CUDNN_STATUS_NOT_INITIALIZED
    WARNING: GigaTIME failed on patch (16384, 45056): cuDNN error: CUDNN_STATUS_NOT_INITIALIZED
    WARNING: GigaTIME failed on patch (16384, 46080): cuDNN error: CUDNN_STATUS_NOT_INITIALIZED
    WARNING: GigaTIME failed on patch (16384, 47104): cuDNN error: CUDNN_STATUS_NOT_INITIALIZED
    WARNING: GigaTIME failed on patch (16384, 48128): cuDNN error: CUDNN_STATUS_NOT_INITIALIZED
    WARNING: GigaTIME failed on patch (16384, 49152): cuDNN error: CUDNN_STATUS_NOT_INITIALIZED
    WARNING: GigaTIME failed on patch (16384, 50176): cuDNN error: CUDNN_STATUS_NOT_INITIALIZED
    WARNING: GigaTIME failed on patch (16384, 51200): cuDNN error: CUDNN_STATUS_NOT_INITIALIZED
    WARNING: GigaTIME failed on patch (16384, 52224): cuDNN error: CUDNN_STATUS_NOT_INITIALIZED
    WARNING: GigaTIME failed on patch (16384, 53248): cuDNN error: CUDNN_STATUS_NOT_INITIALIZED
    WARNING: GigaTIME failed on patch (16384, 54272): cuDNN error: CUDNN_STATUS_NOT_INITIALIZED
    WARNING: GigaTIME failed on patch (16384, 55296): cuDNN error: CUDNN_STATUS_NOT_INITIALIZED
    WARNING: GigaTIME failed on patch (16384, 56320): cuDNN error: CUDNN_STATUS_NOT_INITIALIZED
    WARNING: GigaTIME failed on patch (16384, 57344): cuDNN error: CUDNN_STATUS_NOT_INITIALIZED
    WARNING: GigaTIME failed on patch (16384, 58368): cuDNN error: CUDNN_STATUS_NOT_INITIALIZED
    WARNING: GigaTIME failed on patch (16384, 59392): cuDNN error: CUDNN_STATUS_NOT_INITIALIZED
    WARNING: GigaTIME failed on patch (16384, 60416): cuDNN error: CUDNN_STATUS_NOT_INITIALIZED
    WARNING: GigaTIME failed on patch (16384, 61440): cuDNN error: CUDNN_STATUS_NOT_INITIALIZED
    WARNING: GigaTIME failed on patch (16384, 62464): cuDNN error: CUDNN_STATUS_NOT_INITIALIZED
    WARNING: GigaTIME failed on patch (16384, 63488): cuDNN error: CUDNN_STATUS_NOT_INITIALIZED
    WARNING: GigaTIME failed on patch (16384, 77824): cuDNN error: CUDNN_STATUS_NOT_INITIALIZED
    WARNING: GigaTIME failed on patch (16384, 78848): cuDNN error: CUDNN_STATUS_NOT_INITIALIZED
    WARNING: GigaTIME failed on patch (16384, 80896): cuDNN error: CUDNN_STATUS_NOT_INITIALIZED
    WARNING: GigaTIME failed on patch (16384, 82944): cuDNN error: CUDNN_STATUS_NOT_INITIALIZED
    WARNING: GigaTIME failed on patch (16384, 83968): cuDNN error: CUDNN_STATUS_NOT_INITIALIZED
    WARNING: GigaTIME failed on patch (17408, 19456): cuDNN error: CUDNN_STATUS_NOT_INITIALIZED
    WARNING: GigaTIME failed on patch (17408, 20480): cuDNN error: CUDNN_STATUS_NOT_INITIALIZED
    WARNING: GigaTIME failed on patch (17408, 21504): cuDNN error: CUDNN_STATUS_NOT_INITIALIZED
    WARNING: GigaTIME failed on patch (17408, 22528): cuDNN error: CUDNN_STATUS_NOT_INITIALIZED
    WARNING: GigaTIME failed on patch (17408, 23552): cuDNN error: CUDNN_STATUS_NOT_INITIALIZED
    WARNING: GigaTIME failed on patch (17408, 24576): cuDNN error: CUDNN_STATUS_NOT_INITIALIZED
    WARNING: GigaTIME failed on patch (17408, 25600): cuDNN error: CUDNN_STATUS_NOT_INITIALIZED
    WARNING: GigaTIME failed on patch (17408, 26624): cuDNN error: CUDNN_STATUS_NOT_INITIALIZED
    WARNING: GigaTIME failed on patch (17408, 27648): cuDNN error: CUDNN_STATUS_NOT_INITIALIZED
    WARNING: GigaTIME failed on patch (17408, 28672): cuDNN error: CUDNN_STATUS_NOT_INITIALIZED
    WARNING: GigaTIME failed on patch (17408, 29696): cuDNN error: CUDNN_STATUS_NOT_INITIALIZED
    WARNING: GigaTIME failed on patch (17408, 30720): cuDNN error: CUDNN_STATUS_NOT_INITIALIZED
    WARNING: GigaTIME failed on patch (17408, 31744): cuDNN error: CUDNN_STATUS_NOT_INITIALIZED
    WARNING: GigaTIME failed on patch (17408, 32768): cuDNN error: CUDNN_STATUS_NOT_INITIALIZED
    WARNING: GigaTIME failed on patch (17408, 33792): cuDNN error: CUDNN_STATUS_NOT_INITIALIZED
    WARNING: GigaTIME failed on patch (17408, 34816): cuDNN error: CUDNN_STATUS_NOT_INITIALIZED
    WARNING: GigaTIME failed on patch (17408, 35840): cuDNN error: CUDNN_STATUS_NOT_INITIALIZED
    WARNING: GigaTIME failed on patch (17408, 36864): cuDNN error: CUDNN_STATUS_NOT_INITIALIZED
    WARNING: GigaTIME failed on patch (17408, 37888): cuDNN error: CUDNN_STATUS_NOT_INITIALIZED
    WARNING: GigaTIME failed on patch (17408, 38912): cuDNN error: CUDNN_STATUS_NOT_INITIALIZED
    WARNING: GigaTIME failed on patch (17408, 39936): cuDNN error: CUDNN_STATUS_NOT_INITIALIZED
    WARNING: GigaTIME failed on patch (17408, 40960): cuDNN error: CUDNN_STATUS_NOT_INITIALIZED
    WARNING: GigaTIME failed on patch (17408, 41984): cuDNN error: CUDNN_STATUS_NOT_INITIALIZED
    WARNING: GigaTIME failed on patch (17408, 43008): cuDNN error: CUDNN_STATUS_NOT_INITIALIZED
    WARNING: GigaTIME failed on patch (17408, 44032): cuDNN error: CUDNN_STATUS_NOT_INITIALIZED
    WARNING: GigaTIME failed on patch (17408, 45056): cuDNN error: CUDNN_STATUS_NOT_INITIALIZED
    WARNING: GigaTIME failed on patch (17408, 46080): cuDNN error: CUDNN_STATUS_NOT_INITIALIZED
    WARNING: GigaTIME failed on patch (17408, 47104): cuDNN error: CUDNN_STATUS_NOT_INITIALIZED
    WARNING: GigaTIME failed on patch (17408, 48128): cuDNN error: CUDNN_STATUS_NOT_INITIALIZED
    WARNING: GigaTIME failed on patch (17408, 49152): cuDNN error: CUDNN_STATUS_NOT_INITIALIZED
    WARNING: GigaTIME failed on patch (17408, 50176): cuDNN error: CUDNN_STATUS_NOT_INITIALIZED
    WARNING: GigaTIME failed on patch (17408, 51200): cuDNN error: CUDNN_STATUS_NOT_INITIALIZED
    WARNING: GigaTIME failed on patch (17408, 52224): cuDNN error: CUDNN_STATUS_NOT_INITIALIZED
    WARNING: GigaTIME failed on patch (17408, 53248): cuDNN error: CUDNN_STATUS_NOT_INITIALIZED
    WARNING: GigaTIME failed on patch (17408, 54272): cuDNN error: CUDNN_STATUS_NOT_INITIALIZED
    WARNING: GigaTIME failed on patch (17408, 55296): cuDNN error: CUDNN_STATUS_NOT_INITIALIZED
    WARNING: GigaTIME failed on patch (17408, 56320): cuDNN error: CUDNN_STATUS_NOT_INITIALIZED
    WARNING: GigaTIME failed on patch (17408, 57344): cuDNN error: CUDNN_STATUS_NOT_INITIALIZED
    WARNING: GigaTIME failed on patch (17408, 58368): cuDNN error: CUDNN_STATUS_NOT_INITIALIZED
    WARNING: GigaTIME failed on patch (17408, 59392): cuDNN error: CUDNN_STATUS_NOT_INITIALIZED
    WARNING: GigaTIME failed on patch (17408, 60416): cuDNN error: CUDNN_STATUS_NOT_INITIALIZED
    WARNING: GigaTIME failed on patch (17408, 61440): cuDNN error: CUDNN_STATUS_NOT_INITIALIZED
    WARNING: GigaTIME failed on patch (17408, 78848): cuDNN error: CUDNN_STATUS_NOT_INITIALIZED
    WARNING: GigaTIME failed on patch (17408, 79872): cuDNN error: CUDNN_STATUS_NOT_INITIALIZED
    WARNING: GigaTIME failed on patch (17408, 81920): cuDNN error: CUDNN_STATUS_NOT_INITIALIZED
    WARNING: GigaTIME failed on patch (17408, 82944): cuDNN error: CUDNN_STATUS_NOT_INITIALIZED
    WARNING: GigaTIME failed on patch (17408, 83968): cuDNN error: CUDNN_STATUS_NOT_INITIALIZED
    WARNING: GigaTIME failed on patch (18432, 18432): cuDNN error: CUDNN_STATUS_NOT_INITIALIZED
    WARNING: GigaTIME failed on patch (18432, 19456): cuDNN error: CUDNN_STATUS_NOT_INITIALIZED
    WARNING: GigaTIME failed on patch (18432, 20480): cuDNN error: CUDNN_STATUS_NOT_INITIALIZED
    WARNING: GigaTIME failed on patch (18432, 21504): cuDNN error: CUDNN_STATUS_NOT_INITIALIZED
    WARNING: GigaTIME failed on patch (18432, 22528): cuDNN error: CUDNN_STATUS_NOT_INITIALIZED
    WARNING: GigaTIME failed on patch (18432, 23552): cuDNN error: CUDNN_STATUS_NOT_INITIALIZED
    WARNING: GigaTIME failed on patch (18432, 24576): cuDNN error: CUDNN_STATUS_NOT_INITIALIZED
    WARNING: GigaTIME failed on patch (18432, 25600): cuDNN error: CUDNN_STATUS_NOT_INITIALIZED
    WARNING: GigaTIME failed on patch (18432, 26624): cuDNN error: CUDNN_STATUS_NOT_INITIALIZED
    WARNING: GigaTIME failed on patch (18432, 27648): cuDNN error: CUDNN_STATUS_NOT_INITIALIZED
    WARNING: GigaTIME failed on patch (18432, 28672): cuDNN error: CUDNN_STATUS_NOT_INITIALIZED
    WARNING: GigaTIME failed on patch (18432, 29696): cuDNN error: CUDNN_STATUS_NOT_INITIALIZED
    WARNING: GigaTIME failed on patch (18432, 30720): cuDNN error: CUDNN_STATUS_NOT_INITIALIZED
    WARNING: GigaTIME failed on patch (18432, 31744): cuDNN error: CUDNN_STATUS_NOT_INITIALIZED
    WARNING: GigaTIME failed on patch (18432, 32768): cuDNN error: CUDNN_STATUS_NOT_INITIALIZED
    WARNING: GigaTIME failed on patch (18432, 33792): cuDNN error: CUDNN_STATUS_NOT_INITIALIZED
    WARNING: GigaTIME failed on patch (18432, 34816): cuDNN error: CUDNN_STATUS_NOT_INITIALIZED
    WARNING: GigaTIME failed on patch (18432, 35840): cuDNN error: CUDNN_STATUS_NOT_INITIALIZED
    WARNING: GigaTIME failed on patch (18432, 36864): cuDNN error: CUDNN_STATUS_NOT_INITIALIZED
    WARNING: GigaTIME failed on patch (18432, 37888): cuDNN error: CUDNN_STATUS_NOT_INITIALIZED
    WARNING: GigaTIME failed on patch (18432, 38912): cuDNN error: CUDNN_STATUS_NOT_INITIALIZED
    WARNING: GigaTIME failed on patch (18432, 39936): cuDNN error: CUDNN_STATUS_NOT_INITIALIZED
    WARNING: GigaTIME failed on patch (18432, 40960): cuDNN error: CUDNN_STATUS_NOT_INITIALIZED
    WARNING: GigaTIME failed on patch (18432, 41984): cuDNN error: CUDNN_STATUS_NOT_INITIALIZED
    WARNING: GigaTIME failed on patch (18432, 43008): cuDNN error: CUDNN_STATUS_NOT_INITIALIZED
    WARNING: GigaTIME failed on patch (18432, 44032): cuDNN error: CUDNN_STATUS_NOT_INITIALIZED
    WARNING: GigaTIME failed on patch (18432, 45056): cuDNN error: CUDNN_STATUS_NOT_INITIALIZED
    WARNING: GigaTIME failed on patch (18432, 46080): cuDNN error: CUDNN_STATUS_NOT_INITIALIZED
    WARNING: GigaTIME failed on patch (18432, 47104): cuDNN error: CUDNN_STATUS_NOT_INITIALIZED
    WARNING: GigaTIME failed on patch (18432, 48128): cuDNN error: CUDNN_STATUS_NOT_INITIALIZED
    WARNING: GigaTIME failed on patch (18432, 49152): cuDNN error: CUDNN_STATUS_NOT_INITIALIZED
    WARNING: GigaTIME failed on patch (18432, 50176): cuDNN error: CUDNN_STATUS_NOT_INITIALIZED
    WARNING: GigaTIME failed on patch (18432, 51200): cuDNN error: CUDNN_STATUS_NOT_INITIALIZED
    WARNING: GigaTIME failed on patch (18432, 52224): cuDNN error: CUDNN_STATUS_NOT_INITIALIZED
    WARNING: GigaTIME failed on patch (18432, 53248): cuDNN error: CUDNN_STATUS_NOT_INITIALIZED
    WARNING: GigaTIME failed on patch (18432, 54272): cuDNN error: CUDNN_STATUS_NOT_INITIALIZED
    WARNING: GigaTIME failed on patch (18432, 55296): cuDNN error: CUDNN_STATUS_NOT_INITIALIZED
    WARNING: GigaTIME failed on patch (18432, 56320): cuDNN error: CUDNN_STATUS_NOT_INITIALIZED
    WARNING: GigaTIME failed on patch (18432, 57344): cuDNN error: CUDNN_STATUS_NOT_INITIALIZED
    WARNING: GigaTIME failed on patch (18432, 58368): cuDNN error: CUDNN_STATUS_NOT_INITIALIZED
    WARNING: GigaTIME failed on patch (18432, 59392): cuDNN error: CUDNN_STATUS_NOT_INITIALIZED
    WARNING: GigaTIME failed on patch (18432, 80896): cuDNN error: CUDNN_STATUS_NOT_INITIALIZED
    WARNING: GigaTIME failed on patch (18432, 81920): cuDNN error: CUDNN_STATUS_NOT_INITIALIZED
    WARNING: GigaTIME failed on patch (18432, 82944): cuDNN error: CUDNN_STATUS_NOT_INITIALIZED
    WARNING: GigaTIME failed on patch (18432, 83968): cuDNN error: CUDNN_STATUS_NOT_INITIALIZED
    WARNING: GigaTIME failed on patch (19456, 18432): cuDNN error: CUDNN_STATUS_NOT_INITIALIZED
    WARNING: GigaTIME failed on patch (19456, 19456): cuDNN error: CUDNN_STATUS_NOT_INITIALIZED
    WARNING: GigaTIME failed on patch (19456, 20480): cuDNN error: CUDNN_STATUS_NOT_INITIALIZED
    WARNING: GigaTIME failed on patch (19456, 21504): cuDNN error: CUDNN_STATUS_NOT_INITIALIZED
    WARNING: GigaTIME failed on patch (19456, 22528): cuDNN error: CUDNN_STATUS_NOT_INITIALIZED
    WARNING: GigaTIME failed on patch (19456, 23552): cuDNN error: CUDNN_STATUS_NOT_INITIALIZED
    WARNING: GigaTIME failed on patch (19456, 24576): cuDNN error: CUDNN_STATUS_NOT_INITIALIZED
    WARNING: GigaTIME failed on patch (19456, 25600): cuDNN error: CUDNN_STATUS_NOT_INITIALIZED
    WARNING: GigaTIME failed on patch (19456, 26624): cuDNN error: CUDNN_STATUS_NOT_INITIALIZED
    WARNING: GigaTIME failed on patch (19456, 27648): cuDNN error: CUDNN_STATUS_NOT_INITIALIZED
    WARNING: GigaTIME failed on patch (19456, 28672): cuDNN error: CUDNN_STATUS_NOT_INITIALIZED
    WARNING: GigaTIME failed on patch (19456, 29696): cuDNN error: CUDNN_STATUS_NOT_INITIALIZED
    WARNING: GigaTIME failed on patch (19456, 30720): cuDNN error: CUDNN_STATUS_NOT_INITIALIZED
    WARNING: GigaTIME failed on patch (19456, 31744): cuDNN error: CUDNN_STATUS_NOT_INITIALIZED
    WARNING: GigaTIME failed on patch (19456, 32768): cuDNN error: CUDNN_STATUS_NOT_INITIALIZED
    WARNING: GigaTIME failed on patch (19456, 33792): cuDNN error: CUDNN_STATUS_NOT_INITIALIZED
    WARNING: GigaTIME failed on patch (19456, 34816): cuDNN error: CUDNN_STATUS_NOT_INITIALIZED
    WARNING: GigaTIME failed on patch (19456, 35840): cuDNN error: CUDNN_STATUS_NOT_INITIALIZED
    WARNING: GigaTIME failed on patch (19456, 36864): cuDNN error: CUDNN_STATUS_NOT_INITIALIZED
    WARNING: GigaTIME failed on patch (19456, 37888): cuDNN error: CUDNN_STATUS_NOT_INITIALIZED
    WARNING: GigaTIME failed on patch (19456, 38912): cuDNN error: CUDNN_STATUS_NOT_INITIALIZED
    WARNING: GigaTIME failed on patch (19456, 39936): cuDNN error: CUDNN_STATUS_NOT_INITIALIZED
    WARNING: GigaTIME failed on patch (19456, 40960): cuDNN error: CUDNN_STATUS_NOT_INITIALIZED
    WARNING: GigaTIME failed on patch (19456, 41984): cuDNN error: CUDNN_STATUS_NOT_INITIALIZED
    WARNING: GigaTIME failed on patch (19456, 43008): cuDNN error: CUDNN_STATUS_NOT_INITIALIZED
    WARNING: GigaTIME failed on patch (19456, 44032): cuDNN error: CUDNN_STATUS_NOT_INITIALIZED
    WARNING: GigaTIME failed on patch (19456, 45056): cuDNN error: CUDNN_STATUS_NOT_INITIALIZED
    WARNING: GigaTIME failed on patch (19456, 46080): cuDNN error: CUDNN_STATUS_NOT_INITIALIZED
    WARNING: GigaTIME failed on patch (19456, 47104): cuDNN error: CUDNN_STATUS_NOT_INITIALIZED
    WARNING: GigaTIME failed on patch (19456, 48128): cuDNN error: CUDNN_STATUS_NOT_INITIALIZED
    WARNING: GigaTIME failed on patch (19456, 49152): cuDNN error: CUDNN_STATUS_NOT_INITIALIZED
    WARNING: GigaTIME failed on patch (19456, 50176): cuDNN error: CUDNN_STATUS_NOT_INITIALIZED
    WARNING: GigaTIME failed on patch (19456, 51200): cuDNN error: CUDNN_STATUS_NOT_INITIALIZED
    WARNING: GigaTIME failed on patch (19456, 52224): cuDNN error: CUDNN_STATUS_NOT_INITIALIZED
    WARNING: GigaTIME failed on patch (19456, 53248): cuDNN error: CUDNN_STATUS_NOT_INITIALIZED
    WARNING: GigaTIME failed on patch (19456, 54272): cuDNN error: CUDNN_STATUS_NOT_INITIALIZED
    WARNING: GigaTIME failed on patch (19456, 55296): cuDNN error: CUDNN_STATUS_NOT_INITIALIZED
    WARNING: GigaTIME failed on patch (19456, 56320): cuDNN error: CUDNN_STATUS_NOT_INITIALIZED
    WARNING: GigaTIME failed on patch (19456, 57344): cuDNN error: CUDNN_STATUS_NOT_INITIALIZED
    WARNING: GigaTIME failed on patch (19456, 58368): cuDNN error: CUDNN_STATUS_NOT_INITIALIZED
    WARNING: GigaTIME failed on patch (19456, 82944): cuDNN error: CUDNN_STATUS_NOT_INITIALIZED
    WARNING: GigaTIME failed on patch (20480, 18432): cuDNN error: CUDNN_STATUS_NOT_INITIALIZED
    WARNING: GigaTIME failed on patch (20480, 19456): cuDNN error: CUDNN_STATUS_NOT_INITIALIZED
    WARNING: GigaTIME failed on patch (20480, 20480): cuDNN error: CUDNN_STATUS_NOT_INITIALIZED
    WARNING: GigaTIME failed on patch (20480, 21504): cuDNN error: CUDNN_STATUS_NOT_INITIALIZED
    WARNING: GigaTIME failed on patch (20480, 22528): cuDNN error: CUDNN_STATUS_NOT_INITIALIZED
    WARNING: GigaTIME failed on patch (20480, 23552): cuDNN error: CUDNN_STATUS_NOT_INITIALIZED
    WARNING: GigaTIME failed on patch (20480, 24576): cuDNN error: CUDNN_STATUS_NOT_INITIALIZED
    WARNING: GigaTIME failed on patch (20480, 25600): cuDNN error: CUDNN_STATUS_NOT_INITIALIZED
    WARNING: GigaTIME failed on patch (20480, 26624): cuDNN error: CUDNN_STATUS_NOT_INITIALIZED
    WARNING: GigaTIME failed on patch (20480, 27648): cuDNN error: CUDNN_STATUS_NOT_INITIALIZED
    WARNING: GigaTIME failed on patch (20480, 28672): cuDNN error: CUDNN_STATUS_NOT_INITIALIZED
    WARNING: GigaTIME failed on patch (20480, 29696): cuDNN error: CUDNN_STATUS_NOT_INITIALIZED
    WARNING: GigaTIME failed on patch (20480, 30720): cuDNN error: CUDNN_STATUS_NOT_INITIALIZED
    WARNING: GigaTIME failed on patch (20480, 31744): cuDNN error: CUDNN_STATUS_NOT_INITIALIZED
    WARNING: GigaTIME failed on patch (20480, 32768): cuDNN error: CUDNN_STATUS_NOT_INITIALIZED
    WARNING: GigaTIME failed on patch (20480, 33792): cuDNN error: CUDNN_STATUS_NOT_INITIALIZED
    WARNING: GigaTIME failed on patch (20480, 34816): cuDNN error: CUDNN_STATUS_NOT_INITIALIZED
    WARNING: GigaTIME failed on patch (20480, 35840): cuDNN error: CUDNN_STATUS_NOT_INITIALIZED
    WARNING: GigaTIME failed on patch (20480, 36864): cuDNN error: CUDNN_STATUS_NOT_INITIALIZED
    WARNING: GigaTIME failed on patch (20480, 37888): cuDNN error: CUDNN_STATUS_NOT_INITIALIZED
    WARNING: GigaTIME failed on patch (20480, 38912): cuDNN error: CUDNN_STATUS_NOT_INITIALIZED
    WARNING: GigaTIME failed on patch (20480, 39936): cuDNN error: CUDNN_STATUS_NOT_INITIALIZED
    WARNING: GigaTIME failed on patch (20480, 40960): cuDNN error: CUDNN_STATUS_NOT_INITIALIZED
    WARNING: GigaTIME failed on patch (20480, 41984): cuDNN error: CUDNN_STATUS_NOT_INITIALIZED
    WARNING: GigaTIME failed on patch (20480, 43008): cuDNN error: CUDNN_STATUS_NOT_INITIALIZED
    WARNING: GigaTIME failed on patch (20480, 44032): cuDNN error: CUDNN_STATUS_NOT_INITIALIZED
    WARNING: GigaTIME failed on patch (20480, 45056): cuDNN error: CUDNN_STATUS_NOT_INITIALIZED
    WARNING: GigaTIME failed on patch (20480, 46080): cuDNN error: CUDNN_STATUS_NOT_INITIALIZED
    WARNING: GigaTIME failed on patch (20480, 47104): cuDNN error: CUDNN_STATUS_NOT_INITIALIZED
    WARNING: GigaTIME failed on patch (20480, 48128): cuDNN error: CUDNN_STATUS_NOT_INITIALIZED
    WARNING: GigaTIME failed on patch (20480, 49152): cuDNN error: CUDNN_STATUS_NOT_INITIALIZED
    WARNING: GigaTIME failed on patch (20480, 50176): cuDNN error: CUDNN_STATUS_NOT_INITIALIZED
    WARNING: GigaTIME failed on patch (20480, 51200): cuDNN error: CUDNN_STATUS_NOT_INITIALIZED
    WARNING: GigaTIME failed on patch (20480, 52224): cuDNN error: CUDNN_STATUS_NOT_INITIALIZED
    WARNING: GigaTIME failed on patch (20480, 53248): cuDNN error: CUDNN_STATUS_NOT_INITIALIZED
    WARNING: GigaTIME failed on patch (20480, 54272): cuDNN error: CUDNN_STATUS_NOT_INITIALIZED
    WARNING: GigaTIME failed on patch (20480, 55296): cuDNN error: CUDNN_STATUS_NOT_INITIALIZED
    WARNING: GigaTIME failed on patch (20480, 56320): cuDNN error: CUDNN_STATUS_NOT_INITIALIZED
    WARNING: GigaTIME failed on patch (20480, 57344): cuDNN error: CUDNN_STATUS_NOT_INITIALIZED
    WARNING: GigaTIME failed on patch (20480, 58368): cuDNN error: CUDNN_STATUS_NOT_INITIALIZED
    WARNING: GigaTIME failed on patch (20480, 59392): cuDNN error: CUDNN_STATUS_NOT_INITIALIZED
    WARNING: GigaTIME failed on patch (20480, 60416): cuDNN error: CUDNN_STATUS_NOT_INITIALIZED
    WARNING: GigaTIME failed on patch (20480, 65536): cuDNN error: CUDNN_STATUS_NOT_INITIALIZED
    WARNING: GigaTIME failed on patch (20480, 66560): cuDNN error: CUDNN_STATUS_NOT_INITIALIZED
    WARNING: GigaTIME failed on patch (20480, 67584): cuDNN error: CUDNN_STATUS_NOT_INITIALIZED
    WARNING: GigaTIME failed on patch (20480, 79872): cuDNN error: CUDNN_STATUS_NOT_INITIALIZED
    WARNING: GigaTIME failed on patch (21504, 18432): cuDNN error: CUDNN_STATUS_NOT_INITIALIZED
    WARNING: GigaTIME failed on patch (21504, 19456): cuDNN error: CUDNN_STATUS_NOT_INITIALIZED
    WARNING: GigaTIME failed on patch (21504, 20480): cuDNN error: CUDNN_STATUS_NOT_INITIALIZED
    WARNING: GigaTIME failed on patch (21504, 21504): cuDNN error: CUDNN_STATUS_NOT_INITIALIZED
    WARNING: GigaTIME failed on patch (21504, 22528): cuDNN error: CUDNN_STATUS_NOT_INITIALIZED
    WARNING: GigaTIME failed on patch (21504, 23552): cuDNN error: CUDNN_STATUS_NOT_INITIALIZED
    WARNING: GigaTIME failed on patch (21504, 24576): cuDNN error: CUDNN_STATUS_NOT_INITIALIZED
    WARNING: GigaTIME failed on patch (21504, 25600): cuDNN error: CUDNN_STATUS_NOT_INITIALIZED
    WARNING: GigaTIME failed on patch (21504, 26624): cuDNN error: CUDNN_STATUS_NOT_INITIALIZED
    WARNING: GigaTIME failed on patch (21504, 27648): cuDNN error: CUDNN_STATUS_NOT_INITIALIZED
    WARNING: GigaTIME failed on patch (21504, 28672): cuDNN error: CUDNN_STATUS_NOT_INITIALIZED
    WARNING: GigaTIME failed on patch (21504, 29696): cuDNN error: CUDNN_STATUS_NOT_INITIALIZED
    WARNING: GigaTIME failed on patch (21504, 30720): cuDNN error: CUDNN_STATUS_NOT_INITIALIZED
    WARNING: GigaTIME failed on patch (21504, 31744): cuDNN error: CUDNN_STATUS_NOT_INITIALIZED
    WARNING: GigaTIME failed on patch (21504, 32768): cuDNN error: CUDNN_STATUS_NOT_INITIALIZED
    WARNING: GigaTIME failed on patch (21504, 33792): cuDNN error: CUDNN_STATUS_NOT_INITIALIZED
    WARNING: GigaTIME failed on patch (21504, 34816): cuDNN error: CUDNN_STATUS_NOT_INITIALIZED
    WARNING: GigaTIME failed on patch (21504, 35840): cuDNN error: CUDNN_STATUS_NOT_INITIALIZED
    WARNING: GigaTIME failed on patch (21504, 36864): cuDNN error: CUDNN_STATUS_NOT_INITIALIZED
    WARNING: GigaTIME failed on patch (21504, 37888): cuDNN error: CUDNN_STATUS_NOT_INITIALIZED
    WARNING: GigaTIME failed on patch (21504, 38912): cuDNN error: CUDNN_STATUS_NOT_INITIALIZED
    WARNING: GigaTIME failed on patch (21504, 39936): cuDNN error: CUDNN_STATUS_NOT_INITIALIZED
    WARNING: GigaTIME failed on patch (21504, 40960): cuDNN error: CUDNN_STATUS_NOT_INITIALIZED
    WARNING: GigaTIME failed on patch (21504, 41984): cuDNN error: CUDNN_STATUS_NOT_INITIALIZED
    WARNING: GigaTIME failed on patch (21504, 43008): cuDNN error: CUDNN_STATUS_NOT_INITIALIZED
    WARNING: GigaTIME failed on patch (21504, 44032): cuDNN error: CUDNN_STATUS_NOT_INITIALIZED
    WARNING: GigaTIME failed on patch (21504, 45056): cuDNN error: CUDNN_STATUS_NOT_INITIALIZED
    WARNING: GigaTIME failed on patch (21504, 46080): cuDNN error: CUDNN_STATUS_NOT_INITIALIZED
    WARNING: GigaTIME failed on patch (21504, 47104): cuDNN error: CUDNN_STATUS_NOT_INITIALIZED
    WARNING: GigaTIME failed on patch (21504, 48128): cuDNN error: CUDNN_STATUS_NOT_INITIALIZED
    WARNING: GigaTIME failed on patch (21504, 49152): cuDNN error: CUDNN_STATUS_NOT_INITIALIZED
    WARNING: GigaTIME failed on patch (21504, 50176): cuDNN error: CUDNN_STATUS_NOT_INITIALIZED
    WARNING: GigaTIME failed on patch (21504, 51200): cuDNN error: CUDNN_STATUS_NOT_INITIALIZED
    WARNING: GigaTIME failed on patch (21504, 52224): cuDNN error: CUDNN_STATUS_NOT_INITIALIZED
    WARNING: GigaTIME failed on patch (21504, 53248): cuDNN error: CUDNN_STATUS_NOT_INITIALIZED
    WARNING: GigaTIME failed on patch (21504, 54272): cuDNN error: CUDNN_STATUS_NOT_INITIALIZED
    WARNING: GigaTIME failed on patch (21504, 55296): cuDNN error: CUDNN_STATUS_NOT_INITIALIZED
    WARNING: GigaTIME failed on patch (21504, 56320): cuDNN error: CUDNN_STATUS_NOT_INITIALIZED
    WARNING: GigaTIME failed on patch (21504, 57344): cuDNN error: CUDNN_STATUS_NOT_INITIALIZED
    WARNING: GigaTIME failed on patch (21504, 58368): cuDNN error: CUDNN_STATUS_NOT_INITIALIZED
    WARNING: GigaTIME failed on patch (21504, 59392): cuDNN error: CUDNN_STATUS_NOT_INITIALIZED
    WARNING: GigaTIME failed on patch (21504, 60416): cuDNN error: CUDNN_STATUS_NOT_INITIALIZED
    WARNING: GigaTIME failed on patch (21504, 77824): cuDNN error: CUDNN_STATUS_NOT_INITIALIZED
    WARNING: GigaTIME failed on patch (21504, 78848): cuDNN error: CUDNN_STATUS_NOT_INITIALIZED
    WARNING: GigaTIME failed on patch (21504, 79872): cuDNN error: CUDNN_STATUS_NOT_INITIALIZED
    WARNING: GigaTIME failed on patch (21504, 80896): cuDNN error: CUDNN_STATUS_NOT_INITIALIZED
    WARNING: GigaTIME failed on patch (22528, 18432): cuDNN error: CUDNN_STATUS_NOT_INITIALIZED
    WARNING: GigaTIME failed on patch (22528, 19456): cuDNN error: CUDNN_STATUS_NOT_INITIALIZED
    WARNING: GigaTIME failed on patch (22528, 20480): cuDNN error: CUDNN_STATUS_NOT_INITIALIZED
    WARNING: GigaTIME failed on patch (22528, 21504): cuDNN error: CUDNN_STATUS_NOT_INITIALIZED
    WARNING: GigaTIME failed on patch (22528, 22528): cuDNN error: CUDNN_STATUS_NOT_INITIALIZED
    WARNING: GigaTIME failed on patch (22528, 23552): cuDNN error: CUDNN_STATUS_NOT_INITIALIZED
    WARNING: GigaTIME failed on patch (22528, 24576): cuDNN error: CUDNN_STATUS_NOT_INITIALIZED
    WARNING: GigaTIME failed on patch (22528, 25600): cuDNN error: CUDNN_STATUS_NOT_INITIALIZED
    WARNING: GigaTIME failed on patch (22528, 26624): cuDNN error: CUDNN_STATUS_NOT_INITIALIZED
    WARNING: GigaTIME failed on patch (22528, 27648): cuDNN error: CUDNN_STATUS_NOT_INITIALIZED
    WARNING: GigaTIME failed on patch (22528, 28672): cuDNN error: CUDNN_STATUS_NOT_INITIALIZED
    WARNING: GigaTIME failed on patch (22528, 29696): cuDNN error: CUDNN_STATUS_NOT_INITIALIZED
    WARNING: GigaTIME failed on patch (22528, 30720): cuDNN error: CUDNN_STATUS_NOT_INITIALIZED
    WARNING: GigaTIME failed on patch (22528, 31744): cuDNN error: CUDNN_STATUS_NOT_INITIALIZED
    WARNING: GigaTIME failed on patch (22528, 32768): cuDNN error: CUDNN_STATUS_NOT_INITIALIZED
    WARNING: GigaTIME failed on patch (22528, 33792): cuDNN error: CUDNN_STATUS_NOT_INITIALIZED
    WARNING: GigaTIME failed on patch (22528, 34816): cuDNN error: CUDNN_STATUS_NOT_INITIALIZED
    WARNING: GigaTIME failed on patch (22528, 35840): cuDNN error: CUDNN_STATUS_NOT_INITIALIZED
    WARNING: GigaTIME failed on patch (22528, 36864): cuDNN error: CUDNN_STATUS_NOT_INITIALIZED
    WARNING: GigaTIME failed on patch (22528, 37888): cuDNN error: CUDNN_STATUS_NOT_INITIALIZED
    WARNING: GigaTIME failed on patch (22528, 38912): cuDNN error: CUDNN_STATUS_NOT_INITIALIZED
    WARNING: GigaTIME failed on patch (22528, 39936): cuDNN error: CUDNN_STATUS_NOT_INITIALIZED
    WARNING: GigaTIME failed on patch (22528, 40960): cuDNN error: CUDNN_STATUS_NOT_INITIALIZED
    WARNING: GigaTIME failed on patch (22528, 41984): cuDNN error: CUDNN_STATUS_NOT_INITIALIZED
    WARNING: GigaTIME failed on patch (22528, 43008): cuDNN error: CUDNN_STATUS_NOT_INITIALIZED
    WARNING: GigaTIME failed on patch (22528, 44032): cuDNN error: CUDNN_STATUS_NOT_INITIALIZED
    WARNING: GigaTIME failed on patch (22528, 45056): cuDNN error: CUDNN_STATUS_NOT_INITIALIZED
    WARNING: GigaTIME failed on patch (22528, 46080): cuDNN error: CUDNN_STATUS_NOT_INITIALIZED
    WARNING: GigaTIME failed on patch (22528, 47104): cuDNN error: CUDNN_STATUS_NOT_INITIALIZED
    WARNING: GigaTIME failed on patch (22528, 48128): cuDNN error: CUDNN_STATUS_NOT_INITIALIZED
    WARNING: GigaTIME failed on patch (22528, 49152): cuDNN error: CUDNN_STATUS_NOT_INITIALIZED
    WARNING: GigaTIME failed on patch (22528, 50176): cuDNN error: CUDNN_STATUS_NOT_INITIALIZED
    WARNING: GigaTIME failed on patch (22528, 51200): cuDNN error: CUDNN_STATUS_NOT_INITIALIZED
    WARNING: GigaTIME failed on patch (22528, 52224): cuDNN error: CUDNN_STATUS_NOT_INITIALIZED
    WARNING: GigaTIME failed on patch (22528, 53248): cuDNN error: CUDNN_STATUS_NOT_INITIALIZED
    WARNING: GigaTIME failed on patch (22528, 54272): cuDNN error: CUDNN_STATUS_NOT_INITIALIZED
    WARNING: GigaTIME failed on patch (22528, 55296): cuDNN error: CUDNN_STATUS_NOT_INITIALIZED
    WARNING: GigaTIME failed on patch (22528, 56320): cuDNN error: CUDNN_STATUS_NOT_INITIALIZED
    WARNING: GigaTIME failed on patch (22528, 57344): cuDNN error: CUDNN_STATUS_NOT_INITIALIZED
    WARNING: GigaTIME failed on patch (22528, 58368): cuDNN error: CUDNN_STATUS_NOT_INITIALIZED
    WARNING: GigaTIME failed on patch (22528, 59392): cuDNN error: CUDNN_STATUS_NOT_INITIALIZED
    WARNING: GigaTIME failed on patch (22528, 60416): cuDNN error: CUDNN_STATUS_NOT_INITIALIZED
    WARNING: GigaTIME failed on patch (22528, 61440): cuDNN error: CUDNN_STATUS_NOT_INITIALIZED
    WARNING: GigaTIME failed on patch (22528, 62464): cuDNN error: CUDNN_STATUS_NOT_INITIALIZED
    WARNING: GigaTIME failed on patch (22528, 78848): cuDNN error: CUDNN_STATUS_NOT_INITIALIZED
    WARNING: GigaTIME failed on patch (22528, 79872): cuDNN error: CUDNN_STATUS_NOT_INITIALIZED
    WARNING: GigaTIME failed on patch (23552, 18432): cuDNN error: CUDNN_STATUS_NOT_INITIALIZED
    WARNING: GigaTIME failed on patch (23552, 19456): cuDNN error: CUDNN_STATUS_NOT_INITIALIZED
    WARNING: GigaTIME failed on patch (23552, 20480): cuDNN error: CUDNN_STATUS_NOT_INITIALIZED
    WARNING: GigaTIME failed on patch (23552, 21504): cuDNN error: CUDNN_STATUS_NOT_INITIALIZED
    WARNING: GigaTIME failed on patch (23552, 22528): cuDNN error: CUDNN_STATUS_NOT_INITIALIZED
    WARNING: GigaTIME failed on patch (23552, 23552): cuDNN error: CUDNN_STATUS_NOT_INITIALIZED
    WARNING: GigaTIME failed on patch (23552, 24576): cuDNN error: CUDNN_STATUS_NOT_INITIALIZED
    WARNING: GigaTIME failed on patch (23552, 25600): cuDNN error: CUDNN_STATUS_NOT_INITIALIZED
    WARNING: GigaTIME failed on patch (23552, 26624): cuDNN error: CUDNN_STATUS_NOT_INITIALIZED
    WARNING: GigaTIME failed on patch (23552, 27648): cuDNN error: CUDNN_STATUS_NOT_INITIALIZED
    WARNING: GigaTIME failed on patch (23552, 28672): cuDNN error: CUDNN_STATUS_NOT_INITIALIZED
    WARNING: GigaTIME failed on patch (23552, 29696): cuDNN error: CUDNN_STATUS_NOT_INITIALIZED
    WARNING: GigaTIME failed on patch (23552, 30720): cuDNN error: CUDNN_STATUS_NOT_INITIALIZED
    WARNING: GigaTIME failed on patch (23552, 31744): cuDNN error: CUDNN_STATUS_NOT_INITIALIZED
    WARNING: GigaTIME failed on patch (23552, 32768): cuDNN error: CUDNN_STATUS_NOT_INITIALIZED
    WARNING: GigaTIME failed on patch (23552, 33792): cuDNN error: CUDNN_STATUS_NOT_INITIALIZED
    WARNING: GigaTIME failed on patch (23552, 34816): cuDNN error: CUDNN_STATUS_NOT_INITIALIZED
    WARNING: GigaTIME failed on patch (23552, 35840): cuDNN error: CUDNN_STATUS_NOT_INITIALIZED
    WARNING: GigaTIME failed on patch (23552, 36864): cuDNN error: CUDNN_STATUS_NOT_INITIALIZED
    WARNING: GigaTIME failed on patch (23552, 37888): cuDNN error: CUDNN_STATUS_NOT_INITIALIZED
    WARNING: GigaTIME failed on patch (23552, 38912): cuDNN error: CUDNN_STATUS_NOT_INITIALIZED
    WARNING: GigaTIME failed on patch (23552, 39936): cuDNN error: CUDNN_STATUS_NOT_INITIALIZED
    WARNING: GigaTIME failed on patch (23552, 40960): cuDNN error: CUDNN_STATUS_NOT_INITIALIZED
    WARNING: GigaTIME failed on patch (23552, 41984): cuDNN error: CUDNN_STATUS_NOT_INITIALIZED
    WARNING: GigaTIME failed on patch (23552, 43008): cuDNN error: CUDNN_STATUS_NOT_INITIALIZED
    WARNING: GigaTIME failed on patch (23552, 44032): cuDNN error: CUDNN_STATUS_NOT_INITIALIZED
    WARNING: GigaTIME failed on patch (23552, 45056): cuDNN error: CUDNN_STATUS_NOT_INITIALIZED
    WARNING: GigaTIME failed on patch (23552, 46080): cuDNN error: CUDNN_STATUS_NOT_INITIALIZED
    WARNING: GigaTIME failed on patch (23552, 47104): cuDNN error: CUDNN_STATUS_NOT_INITIALIZED
    WARNING: GigaTIME failed on patch (23552, 48128): cuDNN error: CUDNN_STATUS_NOT_INITIALIZED
    WARNING: GigaTIME failed on patch (23552, 49152): cuDNN error: CUDNN_STATUS_NOT_INITIALIZED
    WARNING: GigaTIME failed on patch (23552, 50176): cuDNN error: CUDNN_STATUS_NOT_INITIALIZED
    WARNING: GigaTIME failed on patch (23552, 51200): cuDNN error: CUDNN_STATUS_NOT_INITIALIZED
    WARNING: GigaTIME failed on patch (23552, 52224): cuDNN error: CUDNN_STATUS_NOT_INITIALIZED
    WARNING: GigaTIME failed on patch (23552, 53248): cuDNN error: CUDNN_STATUS_NOT_INITIALIZED
    WARNING: GigaTIME failed on patch (23552, 54272): cuDNN error: CUDNN_STATUS_NOT_INITIALIZED
    WARNING: GigaTIME failed on patch (23552, 55296): cuDNN error: CUDNN_STATUS_NOT_INITIALIZED
    WARNING: GigaTIME failed on patch (23552, 56320): cuDNN error: CUDNN_STATUS_NOT_INITIALIZED
    WARNING: GigaTIME failed on patch (23552, 57344): cuDNN error: CUDNN_STATUS_NOT_INITIALIZED
    WARNING: GigaTIME failed on patch (23552, 58368): cuDNN error: CUDNN_STATUS_NOT_INITIALIZED
    WARNING: GigaTIME failed on patch (23552, 59392): cuDNN error: CUDNN_STATUS_NOT_INITIALIZED
    WARNING: GigaTIME failed on patch (23552, 60416): cuDNN error: CUDNN_STATUS_NOT_INITIALIZED
    WARNING: GigaTIME failed on patch (23552, 61440): cuDNN error: CUDNN_STATUS_NOT_INITIALIZED
    WARNING: GigaTIME failed on patch (23552, 79872): cuDNN error: CUDNN_STATUS_NOT_INITIALIZED
    WARNING: GigaTIME failed on patch (23552, 80896): cuDNN error: CUDNN_STATUS_NOT_INITIALIZED
    WARNING: GigaTIME failed on patch (24576, 18432): cuDNN error: CUDNN_STATUS_NOT_INITIALIZED
    WARNING: GigaTIME failed on patch (24576, 19456): cuDNN error: CUDNN_STATUS_NOT_INITIALIZED
    WARNING: GigaTIME failed on patch (24576, 20480): cuDNN error: CUDNN_STATUS_NOT_INITIALIZED
    WARNING: GigaTIME failed on patch (24576, 21504): cuDNN error: CUDNN_STATUS_NOT_INITIALIZED
    WARNING: GigaTIME failed on patch (24576, 22528): cuDNN error: CUDNN_STATUS_NOT_INITIALIZED
    WARNING: GigaTIME failed on patch (24576, 23552): cuDNN error: CUDNN_STATUS_NOT_INITIALIZED
    WARNING: GigaTIME failed on patch (24576, 24576): cuDNN error: CUDNN_STATUS_NOT_INITIALIZED
    WARNING: GigaTIME failed on patch (24576, 25600): cuDNN error: CUDNN_STATUS_NOT_INITIALIZED
    WARNING: GigaTIME failed on patch (24576, 26624): cuDNN error: CUDNN_STATUS_NOT_INITIALIZED
    WARNING: GigaTIME failed on patch (24576, 27648): cuDNN error: CUDNN_STATUS_NOT_INITIALIZED
    WARNING: GigaTIME failed on patch (24576, 28672): cuDNN error: CUDNN_STATUS_NOT_INITIALIZED
    WARNING: GigaTIME failed on patch (24576, 29696): cuDNN error: CUDNN_STATUS_NOT_INITIALIZED
    WARNING: GigaTIME failed on patch (24576, 30720): cuDNN error: CUDNN_STATUS_NOT_INITIALIZED
    WARNING: GigaTIME failed on patch (24576, 31744): cuDNN error: CUDNN_STATUS_NOT_INITIALIZED
    WARNING: GigaTIME failed on patch (24576, 32768): cuDNN error: CUDNN_STATUS_NOT_INITIALIZED
    WARNING: GigaTIME failed on patch (24576, 33792): cuDNN error: CUDNN_STATUS_NOT_INITIALIZED
    WARNING: GigaTIME failed on patch (24576, 34816): cuDNN error: CUDNN_STATUS_NOT_INITIALIZED
    WARNING: GigaTIME failed on patch (24576, 35840): cuDNN error: CUDNN_STATUS_NOT_INITIALIZED
    WARNING: GigaTIME failed on patch (24576, 36864): cuDNN error: CUDNN_STATUS_NOT_INITIALIZED
    WARNING: GigaTIME failed on patch (24576, 37888): cuDNN error: CUDNN_STATUS_NOT_INITIALIZED
    WARNING: GigaTIME failed on patch (24576, 38912): cuDNN error: CUDNN_STATUS_NOT_INITIALIZED
    WARNING: GigaTIME failed on patch (24576, 39936): cuDNN error: CUDNN_STATUS_NOT_INITIALIZED
    WARNING: GigaTIME failed on patch (24576, 40960): cuDNN error: CUDNN_STATUS_NOT_INITIALIZED
    WARNING: GigaTIME failed on patch (24576, 41984): cuDNN error: CUDNN_STATUS_NOT_INITIALIZED
    WARNING: GigaTIME failed on patch (24576, 43008): cuDNN error: CUDNN_STATUS_NOT_INITIALIZED
    WARNING: GigaTIME failed on patch (24576, 44032): cuDNN error: CUDNN_STATUS_NOT_INITIALIZED
    WARNING: GigaTIME failed on patch (24576, 45056): cuDNN error: CUDNN_STATUS_NOT_INITIALIZED
    WARNING: GigaTIME failed on patch (24576, 46080): cuDNN error: CUDNN_STATUS_NOT_INITIALIZED
    WARNING: GigaTIME failed on patch (24576, 47104): cuDNN error: CUDNN_STATUS_NOT_INITIALIZED
    WARNING: GigaTIME failed on patch (24576, 48128): cuDNN error: CUDNN_STATUS_NOT_INITIALIZED
    WARNING: GigaTIME failed on patch (24576, 49152): cuDNN error: CUDNN_STATUS_NOT_INITIALIZED
    WARNING: GigaTIME failed on patch (24576, 50176): cuDNN error: CUDNN_STATUS_NOT_INITIALIZED
    WARNING: GigaTIME failed on patch (24576, 51200): cuDNN error: CUDNN_STATUS_NOT_INITIALIZED
    WARNING: GigaTIME failed on patch (24576, 52224): cuDNN error: CUDNN_STATUS_NOT_INITIALIZED
    WARNING: GigaTIME failed on patch (24576, 53248): cuDNN error: CUDNN_STATUS_NOT_INITIALIZED
    WARNING: GigaTIME failed on patch (24576, 54272): cuDNN error: CUDNN_STATUS_NOT_INITIALIZED
    WARNING: GigaTIME failed on patch (24576, 55296): cuDNN error: CUDNN_STATUS_NOT_INITIALIZED
    WARNING: GigaTIME failed on patch (24576, 56320): cuDNN error: CUDNN_STATUS_NOT_INITIALIZED
    WARNING: GigaTIME failed on patch (24576, 57344): cuDNN error: CUDNN_STATUS_NOT_INITIALIZED
    WARNING: GigaTIME failed on patch (24576, 58368): cuDNN error: CUDNN_STATUS_NOT_INITIALIZED
    WARNING: GigaTIME failed on patch (24576, 59392): cuDNN error: CUDNN_STATUS_NOT_INITIALIZED
    WARNING: GigaTIME failed on patch (24576, 60416): cuDNN error: CUDNN_STATUS_NOT_INITIALIZED
    WARNING: GigaTIME failed on patch (24576, 65536): cuDNN error: CUDNN_STATUS_NOT_INITIALIZED
    WARNING: GigaTIME failed on patch (24576, 66560): cuDNN error: CUDNN_STATUS_NOT_INITIALIZED
    WARNING: GigaTIME failed on patch (24576, 67584): cuDNN error: CUDNN_STATUS_NOT_INITIALIZED
    WARNING: GigaTIME failed on patch (24576, 68608): cuDNN error: CUDNN_STATUS_NOT_INITIALIZED
    WARNING: GigaTIME failed on patch (24576, 80896): cuDNN error: CUDNN_STATUS_NOT_INITIALIZED
    WARNING: GigaTIME failed on patch (25600, 18432): cuDNN error: CUDNN_STATUS_NOT_INITIALIZED
    WARNING: GigaTIME failed on patch (25600, 19456): cuDNN error: CUDNN_STATUS_NOT_INITIALIZED
    WARNING: GigaTIME failed on patch (25600, 20480): cuDNN error: CUDNN_STATUS_NOT_INITIALIZED
    WARNING: GigaTIME failed on patch (25600, 21504): cuDNN error: CUDNN_STATUS_NOT_INITIALIZED
    WARNING: GigaTIME failed on patch (25600, 22528): cuDNN error: CUDNN_STATUS_NOT_INITIALIZED
    WARNING: GigaTIME failed on patch (25600, 23552): cuDNN error: CUDNN_STATUS_NOT_INITIALIZED
    WARNING: GigaTIME failed on patch (25600, 24576): cuDNN error: CUDNN_STATUS_NOT_INITIALIZED
    WARNING: GigaTIME failed on patch (25600, 25600): cuDNN error: CUDNN_STATUS_NOT_INITIALIZED
    WARNING: GigaTIME failed on patch (25600, 26624): cuDNN error: CUDNN_STATUS_NOT_INITIALIZED
    WARNING: GigaTIME failed on patch (25600, 27648): cuDNN error: CUDNN_STATUS_NOT_INITIALIZED
    WARNING: GigaTIME failed on patch (25600, 28672): cuDNN error: CUDNN_STATUS_NOT_INITIALIZED
    WARNING: GigaTIME failed on patch (25600, 29696): cuDNN error: CUDNN_STATUS_NOT_INITIALIZED
    WARNING: GigaTIME failed on patch (25600, 30720): cuDNN error: CUDNN_STATUS_NOT_INITIALIZED
    WARNING: GigaTIME failed on patch (25600, 31744): cuDNN error: CUDNN_STATUS_NOT_INITIALIZED
    WARNING: GigaTIME failed on patch (25600, 32768): cuDNN error: CUDNN_STATUS_NOT_INITIALIZED
    WARNING: GigaTIME failed on patch (25600, 33792): cuDNN error: CUDNN_STATUS_NOT_INITIALIZED
    WARNING: GigaTIME failed on patch (25600, 34816): cuDNN error: CUDNN_STATUS_NOT_INITIALIZED
    WARNING: GigaTIME failed on patch (25600, 35840): cuDNN error: CUDNN_STATUS_NOT_INITIALIZED
    WARNING: GigaTIME failed on patch (25600, 36864): cuDNN error: CUDNN_STATUS_NOT_INITIALIZED
    WARNING: GigaTIME failed on patch (25600, 37888): cuDNN error: CUDNN_STATUS_NOT_INITIALIZED
    WARNING: GigaTIME failed on patch (25600, 38912): cuDNN error: CUDNN_STATUS_NOT_INITIALIZED
    WARNING: GigaTIME failed on patch (25600, 39936): cuDNN error: CUDNN_STATUS_NOT_INITIALIZED
    WARNING: GigaTIME failed on patch (25600, 40960): cuDNN error: CUDNN_STATUS_NOT_INITIALIZED
    WARNING: GigaTIME failed on patch (25600, 41984): cuDNN error: CUDNN_STATUS_NOT_INITIALIZED
    WARNING: GigaTIME failed on patch (25600, 43008): cuDNN error: CUDNN_STATUS_NOT_INITIALIZED
    WARNING: GigaTIME failed on patch (25600, 44032): cuDNN error: CUDNN_STATUS_NOT_INITIALIZED
    WARNING: GigaTIME failed on patch (25600, 45056): cuDNN error: CUDNN_STATUS_NOT_INITIALIZED
    WARNING: GigaTIME failed on patch (25600, 46080): cuDNN error: CUDNN_STATUS_NOT_INITIALIZED
    WARNING: GigaTIME failed on patch (25600, 47104): cuDNN error: CUDNN_STATUS_NOT_INITIALIZED
    WARNING: GigaTIME failed on patch (25600, 48128): cuDNN error: CUDNN_STATUS_NOT_INITIALIZED
    WARNING: GigaTIME failed on patch (25600, 49152): cuDNN error: CUDNN_STATUS_NOT_INITIALIZED
    WARNING: GigaTIME failed on patch (25600, 50176): cuDNN error: CUDNN_STATUS_NOT_INITIALIZED
    WARNING: GigaTIME failed on patch (25600, 51200): cuDNN error: CUDNN_STATUS_NOT_INITIALIZED
    WARNING: GigaTIME failed on patch (25600, 52224): cuDNN error: CUDNN_STATUS_NOT_INITIALIZED
    WARNING: GigaTIME failed on patch (25600, 53248): cuDNN error: CUDNN_STATUS_NOT_INITIALIZED
    WARNING: GigaTIME failed on patch (25600, 54272): cuDNN error: CUDNN_STATUS_NOT_INITIALIZED
    WARNING: GigaTIME failed on patch (25600, 55296): cuDNN error: CUDNN_STATUS_NOT_INITIALIZED
    WARNING: GigaTIME failed on patch (25600, 56320): cuDNN error: CUDNN_STATUS_NOT_INITIALIZED
    WARNING: GigaTIME failed on patch (25600, 57344): cuDNN error: CUDNN_STATUS_NOT_INITIALIZED
    WARNING: GigaTIME failed on patch (25600, 58368): cuDNN error: CUDNN_STATUS_NOT_INITIALIZED
    WARNING: GigaTIME failed on patch (25600, 59392): cuDNN error: CUDNN_STATUS_NOT_INITIALIZED
    WARNING: GigaTIME failed on patch (25600, 65536): cuDNN error: CUDNN_STATUS_NOT_INITIALIZED
    WARNING: GigaTIME failed on patch (25600, 66560): cuDNN error: CUDNN_STATUS_NOT_INITIALIZED
    WARNING: GigaTIME failed on patch (25600, 67584): cuDNN error: CUDNN_STATUS_NOT_INITIALIZED
    WARNING: GigaTIME failed on patch (25600, 68608): cuDNN error: CUDNN_STATUS_NOT_INITIALIZED
    WARNING: GigaTIME failed on patch (25600, 69632): cuDNN error: CUDNN_STATUS_NOT_INITIALIZED
    WARNING: GigaTIME failed on patch (25600, 72704): cuDNN error: CUDNN_STATUS_NOT_INITIALIZED
    WARNING: GigaTIME failed on patch (25600, 74752): cuDNN error: CUDNN_STATUS_NOT_INITIALIZED
    WARNING: GigaTIME failed on patch (26624, 17408): cuDNN error: CUDNN_STATUS_NOT_INITIALIZED
    WARNING: GigaTIME failed on patch (26624, 18432): cuDNN error: CUDNN_STATUS_NOT_INITIALIZED
    WARNING: GigaTIME failed on patch (26624, 19456): cuDNN error: CUDNN_STATUS_NOT_INITIALIZED
    WARNING: GigaTIME failed on patch (26624, 20480): cuDNN error: CUDNN_STATUS_NOT_INITIALIZED
    WARNING: GigaTIME failed on patch (26624, 21504): cuDNN error: CUDNN_STATUS_NOT_INITIALIZED
    WARNING: GigaTIME failed on patch (26624, 22528): cuDNN error: CUDNN_STATUS_NOT_INITIALIZED
    WARNING: GigaTIME failed on patch (26624, 23552): cuDNN error: CUDNN_STATUS_NOT_INITIALIZED
    WARNING: GigaTIME failed on patch (26624, 24576): cuDNN error: CUDNN_STATUS_NOT_INITIALIZED
    WARNING: GigaTIME failed on patch (26624, 25600): cuDNN error: CUDNN_STATUS_NOT_INITIALIZED
    WARNING: GigaTIME failed on patch (26624, 26624): cuDNN error: CUDNN_STATUS_NOT_INITIALIZED
    WARNING: GigaTIME failed on patch (26624, 27648): cuDNN error: CUDNN_STATUS_NOT_INITIALIZED
    WARNING: GigaTIME failed on patch (26624, 28672): cuDNN error: CUDNN_STATUS_NOT_INITIALIZED
    WARNING: GigaTIME failed on patch (26624, 29696): cuDNN error: CUDNN_STATUS_NOT_INITIALIZED
    WARNING: GigaTIME failed on patch (26624, 30720): cuDNN error: CUDNN_STATUS_NOT_INITIALIZED
    WARNING: GigaTIME failed on patch (26624, 31744): cuDNN error: CUDNN_STATUS_NOT_INITIALIZED
    WARNING: GigaTIME failed on patch (26624, 32768): cuDNN error: CUDNN_STATUS_NOT_INITIALIZED
    WARNING: GigaTIME failed on patch (26624, 33792): cuDNN error: CUDNN_STATUS_NOT_INITIALIZED
    WARNING: GigaTIME failed on patch (26624, 34816): cuDNN error: CUDNN_STATUS_NOT_INITIALIZED
    WARNING: GigaTIME failed on patch (26624, 35840): cuDNN error: CUDNN_STATUS_NOT_INITIALIZED
    WARNING: GigaTIME failed on patch (26624, 36864): cuDNN error: CUDNN_STATUS_NOT_INITIALIZED
    WARNING: GigaTIME failed on patch (26624, 37888): cuDNN error: CUDNN_STATUS_NOT_INITIALIZED
    WARNING: GigaTIME failed on patch (26624, 38912): cuDNN error: CUDNN_STATUS_NOT_INITIALIZED
    WARNING: GigaTIME failed on patch (26624, 39936): cuDNN error: CUDNN_STATUS_NOT_INITIALIZED
    WARNING: GigaTIME failed on patch (26624, 40960): cuDNN error: CUDNN_STATUS_NOT_INITIALIZED
    WARNING: GigaTIME failed on patch (26624, 41984): cuDNN error: CUDNN_STATUS_NOT_INITIALIZED
    WARNING: GigaTIME failed on patch (26624, 43008): cuDNN error: CUDNN_STATUS_NOT_INITIALIZED
    WARNING: GigaTIME failed on patch (26624, 44032): cuDNN error: CUDNN_STATUS_NOT_INITIALIZED
    WARNING: GigaTIME failed on patch (26624, 45056): cuDNN error: CUDNN_STATUS_NOT_INITIALIZED
    WARNING: GigaTIME failed on patch (26624, 46080): cuDNN error: CUDNN_STATUS_NOT_INITIALIZED
    WARNING: GigaTIME failed on patch (26624, 47104): cuDNN error: CUDNN_STATUS_NOT_INITIALIZED
    WARNING: GigaTIME failed on patch (26624, 48128): cuDNN error: CUDNN_STATUS_NOT_INITIALIZED
    WARNING: GigaTIME failed on patch (26624, 49152): cuDNN error: CUDNN_STATUS_NOT_INITIALIZED
    WARNING: GigaTIME failed on patch (26624, 50176): cuDNN error: CUDNN_STATUS_NOT_INITIALIZED
    WARNING: GigaTIME failed on patch (26624, 51200): cuDNN error: CUDNN_STATUS_NOT_INITIALIZED
    WARNING: GigaTIME failed on patch (26624, 52224): cuDNN error: CUDNN_STATUS_NOT_INITIALIZED
    WARNING: GigaTIME failed on patch (26624, 53248): cuDNN error: CUDNN_STATUS_NOT_INITIALIZED
    WARNING: GigaTIME failed on patch (26624, 54272): cuDNN error: CUDNN_STATUS_NOT_INITIALIZED
    WARNING: GigaTIME failed on patch (26624, 55296): cuDNN error: CUDNN_STATUS_NOT_INITIALIZED
    WARNING: GigaTIME failed on patch (26624, 56320): cuDNN error: CUDNN_STATUS_NOT_INITIALIZED
    WARNING: GigaTIME failed on patch (26624, 57344): cuDNN error: CUDNN_STATUS_NOT_INITIALIZED
    WARNING: GigaTIME failed on patch (26624, 58368): cuDNN error: CUDNN_STATUS_NOT_INITIALIZED
    WARNING: GigaTIME failed on patch (26624, 59392): cuDNN error: CUDNN_STATUS_NOT_INITIALIZED
    WARNING: GigaTIME failed on patch (26624, 60416): cuDNN error: CUDNN_STATUS_NOT_INITIALIZED
    WARNING: GigaTIME failed on patch (26624, 65536): cuDNN error: CUDNN_STATUS_NOT_INITIALIZED
    WARNING: GigaTIME failed on patch (26624, 66560): cuDNN error: CUDNN_STATUS_NOT_INITIALIZED
    WARNING: GigaTIME failed on patch (26624, 67584): cuDNN error: CUDNN_STATUS_NOT_INITIALIZED
    WARNING: GigaTIME failed on patch (26624, 68608): cuDNN error: CUDNN_STATUS_NOT_INITIALIZED
    WARNING: GigaTIME failed on patch (26624, 69632): cuDNN error: CUDNN_STATUS_NOT_INITIALIZED
    WARNING: GigaTIME failed on patch (26624, 72704): cuDNN error: CUDNN_STATUS_NOT_INITIALIZED
    WARNING: GigaTIME failed on patch (26624, 73728): cuDNN error: CUDNN_STATUS_NOT_INITIALIZED
    WARNING: GigaTIME failed on patch (26624, 74752): cuDNN error: CUDNN_STATUS_NOT_INITIALIZED
    WARNING: GigaTIME failed on patch (26624, 75776): cuDNN error: CUDNN_STATUS_NOT_INITIALIZED
    WARNING: GigaTIME failed on patch (26624, 76800): cuDNN error: CUDNN_STATUS_NOT_INITIALIZED
    WARNING: GigaTIME failed on patch (27648, 18432): cuDNN error: CUDNN_STATUS_NOT_INITIALIZED
    WARNING: GigaTIME failed on patch (27648, 19456): cuDNN error: CUDNN_STATUS_NOT_INITIALIZED
    WARNING: GigaTIME failed on patch (27648, 20480): cuDNN error: CUDNN_STATUS_NOT_INITIALIZED
    WARNING: GigaTIME failed on patch (27648, 21504): cuDNN error: CUDNN_STATUS_NOT_INITIALIZED
    WARNING: GigaTIME failed on patch (27648, 22528): cuDNN error: CUDNN_STATUS_NOT_INITIALIZED
    WARNING: GigaTIME failed on patch (27648, 23552): cuDNN error: CUDNN_STATUS_NOT_INITIALIZED
    WARNING: GigaTIME failed on patch (27648, 24576): cuDNN error: CUDNN_STATUS_NOT_INITIALIZED
    WARNING: GigaTIME failed on patch (27648, 25600): cuDNN error: CUDNN_STATUS_NOT_INITIALIZED
    WARNING: GigaTIME failed on patch (27648, 26624): cuDNN error: CUDNN_STATUS_NOT_INITIALIZED
    WARNING: GigaTIME failed on patch (27648, 27648): cuDNN error: CUDNN_STATUS_NOT_INITIALIZED
    WARNING: GigaTIME failed on patch (27648, 28672): cuDNN error: CUDNN_STATUS_NOT_INITIALIZED
    WARNING: GigaTIME failed on patch (27648, 29696): cuDNN error: CUDNN_STATUS_NOT_INITIALIZED
    WARNING: GigaTIME failed on patch (27648, 30720): cuDNN error: CUDNN_STATUS_NOT_INITIALIZED
    WARNING: GigaTIME failed on patch (27648, 31744): cuDNN error: CUDNN_STATUS_NOT_INITIALIZED
    WARNING: GigaTIME failed on patch (27648, 32768): cuDNN error: CUDNN_STATUS_NOT_INITIALIZED
    WARNING: GigaTIME failed on patch (27648, 33792): cuDNN error: CUDNN_STATUS_NOT_INITIALIZED
    WARNING: GigaTIME failed on patch (27648, 34816): cuDNN error: CUDNN_STATUS_NOT_INITIALIZED
    WARNING: GigaTIME failed on patch (27648, 35840): cuDNN error: CUDNN_STATUS_NOT_INITIALIZED
    WARNING: GigaTIME failed on patch (27648, 36864): cuDNN error: CUDNN_STATUS_NOT_INITIALIZED
    WARNING: GigaTIME failed on patch (27648, 37888): cuDNN error: CUDNN_STATUS_NOT_INITIALIZED
    WARNING: GigaTIME failed on patch (27648, 38912): cuDNN error: CUDNN_STATUS_NOT_INITIALIZED
    WARNING: GigaTIME failed on patch (27648, 39936): cuDNN error: CUDNN_STATUS_NOT_INITIALIZED
    WARNING: GigaTIME failed on patch (27648, 40960): cuDNN error: CUDNN_STATUS_NOT_INITIALIZED
    WARNING: GigaTIME failed on patch (27648, 41984): cuDNN error: CUDNN_STATUS_NOT_INITIALIZED
    WARNING: GigaTIME failed on patch (27648, 43008): cuDNN error: CUDNN_STATUS_NOT_INITIALIZED
    WARNING: GigaTIME failed on patch (27648, 44032): cuDNN error: CUDNN_STATUS_NOT_INITIALIZED
    WARNING: GigaTIME failed on patch (27648, 45056): cuDNN error: CUDNN_STATUS_NOT_INITIALIZED
    WARNING: GigaTIME failed on patch (27648, 46080): cuDNN error: CUDNN_STATUS_NOT_INITIALIZED
    WARNING: GigaTIME failed on patch (27648, 47104): cuDNN error: CUDNN_STATUS_NOT_INITIALIZED
    WARNING: GigaTIME failed on patch (27648, 48128): cuDNN error: CUDNN_STATUS_NOT_INITIALIZED
    WARNING: GigaTIME failed on patch (27648, 49152): cuDNN error: CUDNN_STATUS_NOT_INITIALIZED
    WARNING: GigaTIME failed on patch (27648, 50176): cuDNN error: CUDNN_STATUS_NOT_INITIALIZED
    WARNING: GigaTIME failed on patch (27648, 51200): cuDNN error: CUDNN_STATUS_NOT_INITIALIZED
    WARNING: GigaTIME failed on patch (27648, 52224): cuDNN error: CUDNN_STATUS_NOT_INITIALIZED
    WARNING: GigaTIME failed on patch (27648, 53248): cuDNN error: CUDNN_STATUS_NOT_INITIALIZED
    WARNING: GigaTIME failed on patch (27648, 54272): cuDNN error: CUDNN_STATUS_NOT_INITIALIZED
    WARNING: GigaTIME failed on patch (27648, 55296): cuDNN error: CUDNN_STATUS_NOT_INITIALIZED
    WARNING: GigaTIME failed on patch (27648, 56320): cuDNN error: CUDNN_STATUS_NOT_INITIALIZED
    WARNING: GigaTIME failed on patch (27648, 57344): cuDNN error: CUDNN_STATUS_NOT_INITIALIZED
    WARNING: GigaTIME failed on patch (27648, 58368): cuDNN error: CUDNN_STATUS_NOT_INITIALIZED
    WARNING: GigaTIME failed on patch (27648, 59392): cuDNN error: CUDNN_STATUS_NOT_INITIALIZED
    WARNING: GigaTIME failed on patch (27648, 60416): cuDNN error: CUDNN_STATUS_NOT_INITIALIZED
    WARNING: GigaTIME failed on patch (27648, 64512): cuDNN error: CUDNN_STATUS_NOT_INITIALIZED
    WARNING: GigaTIME failed on patch (27648, 65536): cuDNN error: CUDNN_STATUS_NOT_INITIALIZED
    WARNING: GigaTIME failed on patch (27648, 66560): cuDNN error: CUDNN_STATUS_NOT_INITIALIZED
    WARNING: GigaTIME failed on patch (27648, 67584): cuDNN error: CUDNN_STATUS_NOT_INITIALIZED
    WARNING: GigaTIME failed on patch (27648, 68608): cuDNN error: CUDNN_STATUS_NOT_INITIALIZED
    WARNING: GigaTIME failed on patch (27648, 69632): cuDNN error: CUDNN_STATUS_NOT_INITIALIZED
    WARNING: GigaTIME failed on patch (27648, 71680): cuDNN error: CUDNN_STATUS_NOT_INITIALIZED
    WARNING: GigaTIME failed on patch (27648, 72704): cuDNN error: CUDNN_STATUS_NOT_INITIALIZED
    WARNING: GigaTIME failed on patch (27648, 73728): cuDNN error: CUDNN_STATUS_NOT_INITIALIZED
    WARNING: GigaTIME failed on patch (27648, 74752): cuDNN error: CUDNN_STATUS_NOT_INITIALIZED
    WARNING: GigaTIME failed on patch (27648, 75776): cuDNN error: CUDNN_STATUS_NOT_INITIALIZED
    WARNING: GigaTIME failed on patch (27648, 76800): cuDNN error: CUDNN_STATUS_NOT_INITIALIZED
    WARNING: GigaTIME failed on patch (27648, 77824): cuDNN error: CUDNN_STATUS_NOT_INITIALIZED
    WARNING: GigaTIME failed on patch (27648, 78848): cuDNN error: CUDNN_STATUS_NOT_INITIALIZED
    WARNING: GigaTIME failed on patch (28672, 18432): cuDNN error: CUDNN_STATUS_NOT_INITIALIZED
    WARNING: GigaTIME failed on patch (28672, 19456): cuDNN error: CUDNN_STATUS_NOT_INITIALIZED
    WARNING: GigaTIME failed on patch (28672, 20480): cuDNN error: CUDNN_STATUS_NOT_INITIALIZED
    WARNING: GigaTIME failed on patch (28672, 21504): cuDNN error: CUDNN_STATUS_NOT_INITIALIZED
    WARNING: GigaTIME failed on patch (28672, 22528): cuDNN error: CUDNN_STATUS_NOT_INITIALIZED
    WARNING: GigaTIME failed on patch (28672, 23552): cuDNN error: CUDNN_STATUS_NOT_INITIALIZED
    WARNING: GigaTIME failed on patch (28672, 24576): cuDNN error: CUDNN_STATUS_NOT_INITIALIZED
    WARNING: GigaTIME failed on patch (28672, 25600): cuDNN error: CUDNN_STATUS_NOT_INITIALIZED
    WARNING: GigaTIME failed on patch (28672, 26624): cuDNN error: CUDNN_STATUS_NOT_INITIALIZED
    WARNING: GigaTIME failed on patch (28672, 27648): cuDNN error: CUDNN_STATUS_NOT_INITIALIZED
    WARNING: GigaTIME failed on patch (28672, 28672): cuDNN error: CUDNN_STATUS_NOT_INITIALIZED
    WARNING: GigaTIME failed on patch (28672, 29696): cuDNN error: CUDNN_STATUS_NOT_INITIALIZED
    WARNING: GigaTIME failed on patch (28672, 30720): cuDNN error: CUDNN_STATUS_NOT_INITIALIZED
    WARNING: GigaTIME failed on patch (28672, 31744): cuDNN error: CUDNN_STATUS_NOT_INITIALIZED
    WARNING: GigaTIME failed on patch (28672, 32768): cuDNN error: CUDNN_STATUS_NOT_INITIALIZED
    WARNING: GigaTIME failed on patch (28672, 33792): cuDNN error: CUDNN_STATUS_NOT_INITIALIZED
    WARNING: GigaTIME failed on patch (28672, 34816): cuDNN error: CUDNN_STATUS_NOT_INITIALIZED
    WARNING: GigaTIME failed on patch (28672, 35840): cuDNN error: CUDNN_STATUS_NOT_INITIALIZED
    WARNING: GigaTIME failed on patch (28672, 36864): cuDNN error: CUDNN_STATUS_NOT_INITIALIZED
    WARNING: GigaTIME failed on patch (28672, 37888): cuDNN error: CUDNN_STATUS_NOT_INITIALIZED
    WARNING: GigaTIME failed on patch (28672, 38912): cuDNN error: CUDNN_STATUS_NOT_INITIALIZED
    WARNING: GigaTIME failed on patch (28672, 39936): cuDNN error: CUDNN_STATUS_NOT_INITIALIZED
    WARNING: GigaTIME failed on patch (28672, 40960): cuDNN error: CUDNN_STATUS_NOT_INITIALIZED
    WARNING: GigaTIME failed on patch (28672, 41984): cuDNN error: CUDNN_STATUS_NOT_INITIALIZED
    WARNING: GigaTIME failed on patch (28672, 43008): cuDNN error: CUDNN_STATUS_NOT_INITIALIZED
    WARNING: GigaTIME failed on patch (28672, 44032): cuDNN error: CUDNN_STATUS_NOT_INITIALIZED
    WARNING: GigaTIME failed on patch (28672, 45056): cuDNN error: CUDNN_STATUS_NOT_INITIALIZED
    WARNING: GigaTIME failed on patch (28672, 46080): cuDNN error: CUDNN_STATUS_NOT_INITIALIZED
    WARNING: GigaTIME failed on patch (28672, 47104): cuDNN error: CUDNN_STATUS_NOT_INITIALIZED
    WARNING: GigaTIME failed on patch (28672, 48128): cuDNN error: CUDNN_STATUS_NOT_INITIALIZED
    WARNING: GigaTIME failed on patch (28672, 49152): cuDNN error: CUDNN_STATUS_NOT_INITIALIZED
    WARNING: GigaTIME failed on patch (28672, 50176): cuDNN error: CUDNN_STATUS_NOT_INITIALIZED
    WARNING: GigaTIME failed on patch (28672, 51200): cuDNN error: CUDNN_STATUS_NOT_INITIALIZED
    WARNING: GigaTIME failed on patch (28672, 52224): cuDNN error: CUDNN_STATUS_NOT_INITIALIZED
    WARNING: GigaTIME failed on patch (28672, 56320): cuDNN error: CUDNN_STATUS_NOT_INITIALIZED
    WARNING: GigaTIME failed on patch (28672, 57344): cuDNN error: CUDNN_STATUS_NOT_INITIALIZED
    WARNING: GigaTIME failed on patch (28672, 58368): cuDNN error: CUDNN_STATUS_NOT_INITIALIZED
    WARNING: GigaTIME failed on patch (28672, 59392): cuDNN error: CUDNN_STATUS_NOT_INITIALIZED
    WARNING: GigaTIME failed on patch (28672, 60416): cuDNN error: CUDNN_STATUS_NOT_INITIALIZED
    WARNING: GigaTIME failed on patch (28672, 63488): cuDNN error: CUDNN_STATUS_NOT_INITIALIZED
    WARNING: GigaTIME failed on patch (28672, 64512): cuDNN error: CUDNN_STATUS_NOT_INITIALIZED
    WARNING: GigaTIME failed on patch (28672, 65536): cuDNN error: CUDNN_STATUS_NOT_INITIALIZED
    WARNING: GigaTIME failed on patch (28672, 66560): cuDNN error: CUDNN_STATUS_NOT_INITIALIZED
    WARNING: GigaTIME failed on patch (28672, 67584): cuDNN error: CUDNN_STATUS_NOT_INITIALIZED
    WARNING: GigaTIME failed on patch (28672, 68608): cuDNN error: CUDNN_STATUS_NOT_INITIALIZED
    WARNING: GigaTIME failed on patch (28672, 69632): cuDNN error: CUDNN_STATUS_NOT_INITIALIZED
    WARNING: GigaTIME failed on patch (28672, 70656): cuDNN error: CUDNN_STATUS_NOT_INITIALIZED
    WARNING: GigaTIME failed on patch (28672, 71680): cuDNN error: CUDNN_STATUS_NOT_INITIALIZED
    WARNING: GigaTIME failed on patch (28672, 72704): cuDNN error: CUDNN_STATUS_NOT_INITIALIZED
    WARNING: GigaTIME failed on patch (28672, 73728): cuDNN error: CUDNN_STATUS_NOT_INITIALIZED
    WARNING: GigaTIME failed on patch (28672, 74752): cuDNN error: CUDNN_STATUS_NOT_INITIALIZED
    WARNING: GigaTIME failed on patch (28672, 75776): cuDNN error: CUDNN_STATUS_NOT_INITIALIZED
    WARNING: GigaTIME failed on patch (28672, 76800): cuDNN error: CUDNN_STATUS_NOT_INITIALIZED
    WARNING: GigaTIME failed on patch (28672, 77824): cuDNN error: CUDNN_STATUS_NOT_INITIALIZED
    WARNING: GigaTIME failed on patch (28672, 78848): cuDNN error: CUDNN_STATUS_NOT_INITIALIZED
    WARNING: GigaTIME failed on patch (28672, 79872): cuDNN error: CUDNN_STATUS_NOT_INITIALIZED
    WARNING: GigaTIME failed on patch (29696, 18432): cuDNN error: CUDNN_STATUS_NOT_INITIALIZED
    WARNING: GigaTIME failed on patch (29696, 19456): cuDNN error: CUDNN_STATUS_NOT_INITIALIZED
    WARNING: GigaTIME failed on patch (29696, 20480): cuDNN error: CUDNN_STATUS_NOT_INITIALIZED
    WARNING: GigaTIME failed on patch (29696, 21504): cuDNN error: CUDNN_STATUS_NOT_INITIALIZED
    WARNING: GigaTIME failed on patch (29696, 22528): cuDNN error: CUDNN_STATUS_NOT_INITIALIZED
    WARNING: GigaTIME failed on patch (29696, 23552): cuDNN error: CUDNN_STATUS_NOT_INITIALIZED
    WARNING: GigaTIME failed on patch (29696, 24576): cuDNN error: CUDNN_STATUS_NOT_INITIALIZED
    WARNING: GigaTIME failed on patch (29696, 25600): cuDNN error: CUDNN_STATUS_NOT_INITIALIZED
    WARNING: GigaTIME failed on patch (29696, 26624): cuDNN error: CUDNN_STATUS_NOT_INITIALIZED
    WARNING: GigaTIME failed on patch (29696, 27648): cuDNN error: CUDNN_STATUS_NOT_INITIALIZED
    WARNING: GigaTIME failed on patch (29696, 28672): cuDNN error: CUDNN_STATUS_NOT_INITIALIZED
    WARNING: GigaTIME failed on patch (29696, 29696): cuDNN error: CUDNN_STATUS_NOT_INITIALIZED
    WARNING: GigaTIME failed on patch (29696, 30720): cuDNN error: CUDNN_STATUS_NOT_INITIALIZED
    WARNING: GigaTIME failed on patch (29696, 31744): cuDNN error: CUDNN_STATUS_NOT_INITIALIZED
    WARNING: GigaTIME failed on patch (29696, 32768): cuDNN error: CUDNN_STATUS_NOT_INITIALIZED
    WARNING: GigaTIME failed on patch (29696, 33792): cuDNN error: CUDNN_STATUS_NOT_INITIALIZED
    WARNING: GigaTIME failed on patch (29696, 34816): cuDNN error: CUDNN_STATUS_NOT_INITIALIZED
    WARNING: GigaTIME failed on patch (29696, 35840): cuDNN error: CUDNN_STATUS_NOT_INITIALIZED
    WARNING: GigaTIME failed on patch (29696, 36864): cuDNN error: CUDNN_STATUS_NOT_INITIALIZED
    WARNING: GigaTIME failed on patch (29696, 37888): cuDNN error: CUDNN_STATUS_NOT_INITIALIZED
    WARNING: GigaTIME failed on patch (29696, 38912): cuDNN error: CUDNN_STATUS_NOT_INITIALIZED
    WARNING: GigaTIME failed on patch (29696, 39936): cuDNN error: CUDNN_STATUS_NOT_INITIALIZED
    WARNING: GigaTIME failed on patch (29696, 40960): cuDNN error: CUDNN_STATUS_NOT_INITIALIZED
    WARNING: GigaTIME failed on patch (29696, 41984): cuDNN error: CUDNN_STATUS_NOT_INITIALIZED
    WARNING: GigaTIME failed on patch (29696, 43008): cuDNN error: CUDNN_STATUS_NOT_INITIALIZED
    WARNING: GigaTIME failed on patch (29696, 44032): cuDNN error: CUDNN_STATUS_NOT_INITIALIZED
    WARNING: GigaTIME failed on patch (29696, 45056): cuDNN error: CUDNN_STATUS_NOT_INITIALIZED
    WARNING: GigaTIME failed on patch (29696, 46080): cuDNN error: CUDNN_STATUS_NOT_INITIALIZED
    WARNING: GigaTIME failed on patch (29696, 47104): cuDNN error: CUDNN_STATUS_NOT_INITIALIZED
    WARNING: GigaTIME failed on patch (29696, 48128): cuDNN error: CUDNN_STATUS_NOT_INITIALIZED
    WARNING: GigaTIME failed on patch (29696, 49152): cuDNN error: CUDNN_STATUS_NOT_INITIALIZED
    WARNING: GigaTIME failed on patch (29696, 50176): cuDNN error: CUDNN_STATUS_NOT_INITIALIZED
    WARNING: GigaTIME failed on patch (29696, 51200): cuDNN error: CUDNN_STATUS_NOT_INITIALIZED
    WARNING: GigaTIME failed on patch (29696, 52224): cuDNN error: CUDNN_STATUS_NOT_INITIALIZED
    WARNING: GigaTIME failed on patch (29696, 53248): cuDNN error: CUDNN_STATUS_NOT_INITIALIZED
    WARNING: GigaTIME failed on patch (29696, 56320): cuDNN error: CUDNN_STATUS_NOT_INITIALIZED
    WARNING: GigaTIME failed on patch (29696, 57344): cuDNN error: CUDNN_STATUS_NOT_INITIALIZED
    WARNING: GigaTIME failed on patch (29696, 58368): cuDNN error: CUDNN_STATUS_NOT_INITIALIZED
    WARNING: GigaTIME failed on patch (29696, 59392): cuDNN error: CUDNN_STATUS_NOT_INITIALIZED
    WARNING: GigaTIME failed on patch (29696, 62464): cuDNN error: CUDNN_STATUS_NOT_INITIALIZED
    WARNING: GigaTIME failed on patch (29696, 63488): cuDNN error: CUDNN_STATUS_NOT_INITIALIZED
    WARNING: GigaTIME failed on patch (29696, 64512): cuDNN error: CUDNN_STATUS_NOT_INITIALIZED
    WARNING: GigaTIME failed on patch (29696, 65536): cuDNN error: CUDNN_STATUS_NOT_INITIALIZED
    WARNING: GigaTIME failed on patch (29696, 66560): cuDNN error: CUDNN_STATUS_NOT_INITIALIZED
    WARNING: GigaTIME failed on patch (29696, 67584): cuDNN error: CUDNN_STATUS_NOT_INITIALIZED
    WARNING: GigaTIME failed on patch (29696, 68608): cuDNN error: CUDNN_STATUS_NOT_INITIALIZED
    WARNING: GigaTIME failed on patch (29696, 69632): cuDNN error: CUDNN_STATUS_NOT_INITIALIZED
    WARNING: GigaTIME failed on patch (29696, 70656): cuDNN error: CUDNN_STATUS_NOT_INITIALIZED
    WARNING: GigaTIME failed on patch (29696, 71680): cuDNN error: CUDNN_STATUS_NOT_INITIALIZED
    WARNING: GigaTIME failed on patch (29696, 72704): cuDNN error: CUDNN_STATUS_NOT_INITIALIZED
    WARNING: GigaTIME failed on patch (29696, 73728): cuDNN error: CUDNN_STATUS_NOT_INITIALIZED
    WARNING: GigaTIME failed on patch (29696, 74752): cuDNN error: CUDNN_STATUS_NOT_INITIALIZED
    WARNING: GigaTIME failed on patch (29696, 75776): cuDNN error: CUDNN_STATUS_NOT_INITIALIZED
    WARNING: GigaTIME failed on patch (29696, 76800): cuDNN error: CUDNN_STATUS_NOT_INITIALIZED
    WARNING: GigaTIME failed on patch (29696, 77824): cuDNN error: CUDNN_STATUS_NOT_INITIALIZED
    WARNING: GigaTIME failed on patch (29696, 78848): cuDNN error: CUDNN_STATUS_NOT_INITIALIZED
    WARNING: GigaTIME failed on patch (29696, 79872): cuDNN error: CUDNN_STATUS_NOT_INITIALIZED
    WARNING: GigaTIME failed on patch (30720, 18432): cuDNN error: CUDNN_STATUS_NOT_INITIALIZED
    WARNING: GigaTIME failed on patch (30720, 19456): cuDNN error: CUDNN_STATUS_NOT_INITIALIZED
    WARNING: GigaTIME failed on patch (30720, 20480): cuDNN error: CUDNN_STATUS_NOT_INITIALIZED
    WARNING: GigaTIME failed on patch (30720, 21504): cuDNN error: CUDNN_STATUS_NOT_INITIALIZED
    WARNING: GigaTIME failed on patch (30720, 22528): cuDNN error: CUDNN_STATUS_NOT_INITIALIZED
    WARNING: GigaTIME failed on patch (30720, 23552): cuDNN error: CUDNN_STATUS_NOT_INITIALIZED
    WARNING: GigaTIME failed on patch (30720, 24576): cuDNN error: CUDNN_STATUS_NOT_INITIALIZED
    WARNING: GigaTIME failed on patch (30720, 25600): cuDNN error: CUDNN_STATUS_NOT_INITIALIZED
    WARNING: GigaTIME failed on patch (30720, 26624): cuDNN error: CUDNN_STATUS_NOT_INITIALIZED
    WARNING: GigaTIME failed on patch (30720, 27648): cuDNN error: CUDNN_STATUS_NOT_INITIALIZED
    WARNING: GigaTIME failed on patch (30720, 28672): cuDNN error: CUDNN_STATUS_NOT_INITIALIZED
    WARNING: GigaTIME failed on patch (30720, 29696): cuDNN error: CUDNN_STATUS_NOT_INITIALIZED
    WARNING: GigaTIME failed on patch (30720, 30720): cuDNN error: CUDNN_STATUS_NOT_INITIALIZED
    WARNING: GigaTIME failed on patch (30720, 31744): cuDNN error: CUDNN_STATUS_NOT_INITIALIZED
    WARNING: GigaTIME failed on patch (30720, 32768): cuDNN error: CUDNN_STATUS_NOT_INITIALIZED
    WARNING: GigaTIME failed on patch (30720, 33792): cuDNN error: CUDNN_STATUS_NOT_INITIALIZED
    WARNING: GigaTIME failed on patch (30720, 34816): cuDNN error: CUDNN_STATUS_NOT_INITIALIZED
    WARNING: GigaTIME failed on patch (30720, 35840): cuDNN error: CUDNN_STATUS_NOT_INITIALIZED
    WARNING: GigaTIME failed on patch (30720, 36864): cuDNN error: CUDNN_STATUS_NOT_INITIALIZED
    WARNING: GigaTIME failed on patch (30720, 37888): cuDNN error: CUDNN_STATUS_NOT_INITIALIZED
    WARNING: GigaTIME failed on patch (30720, 38912): cuDNN error: CUDNN_STATUS_NOT_INITIALIZED
    WARNING: GigaTIME failed on patch (30720, 39936): cuDNN error: CUDNN_STATUS_NOT_INITIALIZED
    WARNING: GigaTIME failed on patch (30720, 40960): cuDNN error: CUDNN_STATUS_NOT_INITIALIZED
    WARNING: GigaTIME failed on patch (30720, 41984): cuDNN error: CUDNN_STATUS_NOT_INITIALIZED
    WARNING: GigaTIME failed on patch (30720, 43008): cuDNN error: CUDNN_STATUS_NOT_INITIALIZED
    WARNING: GigaTIME failed on patch (30720, 44032): cuDNN error: CUDNN_STATUS_NOT_INITIALIZED
    WARNING: GigaTIME failed on patch (30720, 45056): cuDNN error: CUDNN_STATUS_NOT_INITIALIZED
    WARNING: GigaTIME failed on patch (30720, 46080): cuDNN error: CUDNN_STATUS_NOT_INITIALIZED
    WARNING: GigaTIME failed on patch (30720, 47104): cuDNN error: CUDNN_STATUS_NOT_INITIALIZED
    WARNING: GigaTIME failed on patch (30720, 48128): cuDNN error: CUDNN_STATUS_NOT_INITIALIZED
    WARNING: GigaTIME failed on patch (30720, 49152): cuDNN error: CUDNN_STATUS_NOT_INITIALIZED
    WARNING: GigaTIME failed on patch (30720, 50176): cuDNN error: CUDNN_STATUS_NOT_INITIALIZED
    WARNING: GigaTIME failed on patch (30720, 51200): cuDNN error: CUDNN_STATUS_NOT_INITIALIZED
    WARNING: GigaTIME failed on patch (30720, 52224): cuDNN error: CUDNN_STATUS_NOT_INITIALIZED
    WARNING: GigaTIME failed on patch (30720, 53248): cuDNN error: CUDNN_STATUS_NOT_INITIALIZED
    WARNING: GigaTIME failed on patch (30720, 56320): cuDNN error: CUDNN_STATUS_NOT_INITIALIZED
    WARNING: GigaTIME failed on patch (30720, 57344): cuDNN error: CUDNN_STATUS_NOT_INITIALIZED
    WARNING: GigaTIME failed on patch (30720, 58368): cuDNN error: CUDNN_STATUS_NOT_INITIALIZED
    WARNING: GigaTIME failed on patch (30720, 59392): cuDNN error: CUDNN_STATUS_NOT_INITIALIZED
    WARNING: GigaTIME failed on patch (30720, 62464): cuDNN error: CUDNN_STATUS_NOT_INITIALIZED
    WARNING: GigaTIME failed on patch (30720, 63488): cuDNN error: CUDNN_STATUS_NOT_INITIALIZED
    WARNING: GigaTIME failed on patch (30720, 64512): cuDNN error: CUDNN_STATUS_NOT_INITIALIZED
    WARNING: GigaTIME failed on patch (30720, 65536): cuDNN error: CUDNN_STATUS_NOT_INITIALIZED
    WARNING: GigaTIME failed on patch (30720, 66560): cuDNN error: CUDNN_STATUS_NOT_INITIALIZED
    WARNING: GigaTIME failed on patch (30720, 67584): cuDNN error: CUDNN_STATUS_NOT_INITIALIZED
    WARNING: GigaTIME failed on patch (30720, 68608): cuDNN error: CUDNN_STATUS_NOT_INITIALIZED
    WARNING: GigaTIME failed on patch (30720, 69632): cuDNN error: CUDNN_STATUS_NOT_INITIALIZED
    WARNING: GigaTIME failed on patch (30720, 70656): cuDNN error: CUDNN_STATUS_NOT_INITIALIZED
    WARNING: GigaTIME failed on patch (30720, 71680): cuDNN error: CUDNN_STATUS_NOT_INITIALIZED
    WARNING: GigaTIME failed on patch (30720, 72704): cuDNN error: CUDNN_STATUS_NOT_INITIALIZED
    WARNING: GigaTIME failed on patch (30720, 73728): cuDNN error: CUDNN_STATUS_NOT_INITIALIZED
    WARNING: GigaTIME failed on patch (30720, 74752): cuDNN error: CUDNN_STATUS_NOT_INITIALIZED
    WARNING: GigaTIME failed on patch (30720, 75776): cuDNN error: CUDNN_STATUS_NOT_INITIALIZED
    WARNING: GigaTIME failed on patch (30720, 76800): cuDNN error: CUDNN_STATUS_NOT_INITIALIZED
    WARNING: GigaTIME failed on patch (30720, 77824): cuDNN error: CUDNN_STATUS_NOT_INITIALIZED
    WARNING: GigaTIME failed on patch (30720, 78848): cuDNN error: CUDNN_STATUS_NOT_INITIALIZED
    WARNING: GigaTIME failed on patch (31744, 18432): cuDNN error: CUDNN_STATUS_NOT_INITIALIZED
    WARNING: GigaTIME failed on patch (31744, 19456): cuDNN error: CUDNN_STATUS_NOT_INITIALIZED
    WARNING: GigaTIME failed on patch (31744, 20480): cuDNN error: CUDNN_STATUS_NOT_INITIALIZED
    WARNING: GigaTIME failed on patch (31744, 21504): cuDNN error: CUDNN_STATUS_NOT_INITIALIZED
    WARNING: GigaTIME failed on patch (31744, 22528): cuDNN error: CUDNN_STATUS_NOT_INITIALIZED
    WARNING: GigaTIME failed on patch (31744, 23552): cuDNN error: CUDNN_STATUS_NOT_INITIALIZED
    WARNING: GigaTIME failed on patch (31744, 24576): cuDNN error: CUDNN_STATUS_NOT_INITIALIZED
    WARNING: GigaTIME failed on patch (31744, 25600): cuDNN error: CUDNN_STATUS_NOT_INITIALIZED
    WARNING: GigaTIME failed on patch (31744, 26624): cuDNN error: CUDNN_STATUS_NOT_INITIALIZED
    WARNING: GigaTIME failed on patch (31744, 27648): cuDNN error: CUDNN_STATUS_NOT_INITIALIZED
    WARNING: GigaTIME failed on patch (31744, 28672): cuDNN error: CUDNN_STATUS_NOT_INITIALIZED
    WARNING: GigaTIME failed on patch (31744, 29696): cuDNN error: CUDNN_STATUS_NOT_INITIALIZED
    WARNING: GigaTIME failed on patch (31744, 30720): cuDNN error: CUDNN_STATUS_NOT_INITIALIZED
    WARNING: GigaTIME failed on patch (31744, 31744): cuDNN error: CUDNN_STATUS_NOT_INITIALIZED
    WARNING: GigaTIME failed on patch (31744, 32768): cuDNN error: CUDNN_STATUS_NOT_INITIALIZED
    WARNING: GigaTIME failed on patch (31744, 33792): cuDNN error: CUDNN_STATUS_NOT_INITIALIZED
    WARNING: GigaTIME failed on patch (31744, 34816): cuDNN error: CUDNN_STATUS_NOT_INITIALIZED
    WARNING: GigaTIME failed on patch (31744, 35840): cuDNN error: CUDNN_STATUS_NOT_INITIALIZED
    WARNING: GigaTIME failed on patch (31744, 36864): cuDNN error: CUDNN_STATUS_NOT_INITIALIZED
    WARNING: GigaTIME failed on patch (31744, 37888): cuDNN error: CUDNN_STATUS_NOT_INITIALIZED
    WARNING: GigaTIME failed on patch (31744, 38912): cuDNN error: CUDNN_STATUS_NOT_INITIALIZED
    WARNING: GigaTIME failed on patch (31744, 39936): cuDNN error: CUDNN_STATUS_NOT_INITIALIZED
    WARNING: GigaTIME failed on patch (31744, 40960): cuDNN error: CUDNN_STATUS_NOT_INITIALIZED
    WARNING: GigaTIME failed on patch (31744, 41984): cuDNN error: CUDNN_STATUS_NOT_INITIALIZED
    WARNING: GigaTIME failed on patch (31744, 43008): cuDNN error: CUDNN_STATUS_NOT_INITIALIZED
    WARNING: GigaTIME failed on patch (31744, 44032): cuDNN error: CUDNN_STATUS_NOT_INITIALIZED
    WARNING: GigaTIME failed on patch (31744, 45056): cuDNN error: CUDNN_STATUS_NOT_INITIALIZED
    WARNING: GigaTIME failed on patch (31744, 46080): cuDNN error: CUDNN_STATUS_NOT_INITIALIZED
    WARNING: GigaTIME failed on patch (31744, 47104): cuDNN error: CUDNN_STATUS_NOT_INITIALIZED
    WARNING: GigaTIME failed on patch (31744, 48128): cuDNN error: CUDNN_STATUS_NOT_INITIALIZED
    WARNING: GigaTIME failed on patch (31744, 49152): cuDNN error: CUDNN_STATUS_NOT_INITIALIZED
    WARNING: GigaTIME failed on patch (31744, 50176): cuDNN error: CUDNN_STATUS_NOT_INITIALIZED
    WARNING: GigaTIME failed on patch (31744, 51200): cuDNN error: CUDNN_STATUS_NOT_INITIALIZED
    WARNING: GigaTIME failed on patch (31744, 52224): cuDNN error: CUDNN_STATUS_NOT_INITIALIZED
    WARNING: GigaTIME failed on patch (31744, 53248): cuDNN error: CUDNN_STATUS_NOT_INITIALIZED
    WARNING: GigaTIME failed on patch (31744, 55296): cuDNN error: CUDNN_STATUS_NOT_INITIALIZED
    WARNING: GigaTIME failed on patch (31744, 56320): cuDNN error: CUDNN_STATUS_NOT_INITIALIZED
    WARNING: GigaTIME failed on patch (31744, 57344): cuDNN error: CUDNN_STATUS_NOT_INITIALIZED
    WARNING: GigaTIME failed on patch (31744, 58368): cuDNN error: CUDNN_STATUS_NOT_INITIALIZED
    WARNING: GigaTIME failed on patch (31744, 61440): cuDNN error: CUDNN_STATUS_NOT_INITIALIZED
    WARNING: GigaTIME failed on patch (31744, 62464): cuDNN error: CUDNN_STATUS_NOT_INITIALIZED
    WARNING: GigaTIME failed on patch (31744, 63488): cuDNN error: CUDNN_STATUS_NOT_INITIALIZED
    WARNING: GigaTIME failed on patch (31744, 64512): cuDNN error: CUDNN_STATUS_NOT_INITIALIZED
    WARNING: GigaTIME failed on patch (31744, 65536): cuDNN error: CUDNN_STATUS_NOT_INITIALIZED
    WARNING: GigaTIME failed on patch (31744, 66560): cuDNN error: CUDNN_STATUS_NOT_INITIALIZED
    WARNING: GigaTIME failed on patch (31744, 67584): cuDNN error: CUDNN_STATUS_NOT_INITIALIZED
    WARNING: GigaTIME failed on patch (31744, 68608): cuDNN error: CUDNN_STATUS_NOT_INITIALIZED
    WARNING: GigaTIME failed on patch (31744, 69632): cuDNN error: CUDNN_STATUS_NOT_INITIALIZED
    WARNING: GigaTIME failed on patch (31744, 70656): cuDNN error: CUDNN_STATUS_NOT_INITIALIZED
    WARNING: GigaTIME failed on patch (31744, 71680): cuDNN error: CUDNN_STATUS_NOT_INITIALIZED
    WARNING: GigaTIME failed on patch (31744, 72704): cuDNN error: CUDNN_STATUS_NOT_INITIALIZED
    WARNING: GigaTIME failed on patch (32768, 18432): cuDNN error: CUDNN_STATUS_NOT_INITIALIZED
    WARNING: GigaTIME failed on patch (32768, 19456): cuDNN error: CUDNN_STATUS_NOT_INITIALIZED
    WARNING: GigaTIME failed on patch (32768, 20480): cuDNN error: CUDNN_STATUS_NOT_INITIALIZED
    WARNING: GigaTIME failed on patch (32768, 21504): cuDNN error: CUDNN_STATUS_NOT_INITIALIZED
    WARNING: GigaTIME failed on patch (32768, 22528): cuDNN error: CUDNN_STATUS_NOT_INITIALIZED
    WARNING: GigaTIME failed on patch (32768, 23552): cuDNN error: CUDNN_STATUS_NOT_INITIALIZED
    WARNING: GigaTIME failed on patch (32768, 24576): cuDNN error: CUDNN_STATUS_NOT_INITIALIZED
    WARNING: GigaTIME failed on patch (32768, 25600): cuDNN error: CUDNN_STATUS_NOT_INITIALIZED
    WARNING: GigaTIME failed on patch (32768, 26624): cuDNN error: CUDNN_STATUS_NOT_INITIALIZED
    WARNING: GigaTIME failed on patch (32768, 27648): cuDNN error: CUDNN_STATUS_NOT_INITIALIZED
    WARNING: GigaTIME failed on patch (32768, 28672): cuDNN error: CUDNN_STATUS_NOT_INITIALIZED
    WARNING: GigaTIME failed on patch (32768, 29696): cuDNN error: CUDNN_STATUS_NOT_INITIALIZED
    WARNING: GigaTIME failed on patch (32768, 30720): cuDNN error: CUDNN_STATUS_NOT_INITIALIZED
    WARNING: GigaTIME failed on patch (32768, 31744): cuDNN error: CUDNN_STATUS_NOT_INITIALIZED
    WARNING: GigaTIME failed on patch (32768, 32768): cuDNN error: CUDNN_STATUS_NOT_INITIALIZED
    WARNING: GigaTIME failed on patch (32768, 33792): cuDNN error: CUDNN_STATUS_NOT_INITIALIZED
    WARNING: GigaTIME failed on patch (32768, 34816): cuDNN error: CUDNN_STATUS_NOT_INITIALIZED
    WARNING: GigaTIME failed on patch (32768, 35840): cuDNN error: CUDNN_STATUS_NOT_INITIALIZED
    WARNING: GigaTIME failed on patch (32768, 36864): cuDNN error: CUDNN_STATUS_NOT_INITIALIZED
    WARNING: GigaTIME failed on patch (32768, 37888): cuDNN error: CUDNN_STATUS_NOT_INITIALIZED
    WARNING: GigaTIME failed on patch (32768, 38912): cuDNN error: CUDNN_STATUS_NOT_INITIALIZED
    WARNING: GigaTIME failed on patch (32768, 39936): cuDNN error: CUDNN_STATUS_NOT_INITIALIZED
    WARNING: GigaTIME failed on patch (32768, 40960): cuDNN error: CUDNN_STATUS_NOT_INITIALIZED
    WARNING: GigaTIME failed on patch (32768, 41984): cuDNN error: CUDNN_STATUS_NOT_INITIALIZED
    WARNING: GigaTIME failed on patch (32768, 43008): cuDNN error: CUDNN_STATUS_NOT_INITIALIZED
    WARNING: GigaTIME failed on patch (32768, 44032): cuDNN error: CUDNN_STATUS_NOT_INITIALIZED
    WARNING: GigaTIME failed on patch (32768, 45056): cuDNN error: CUDNN_STATUS_NOT_INITIALIZED
    WARNING: GigaTIME failed on patch (32768, 46080): cuDNN error: CUDNN_STATUS_NOT_INITIALIZED
    WARNING: GigaTIME failed on patch (32768, 47104): cuDNN error: CUDNN_STATUS_NOT_INITIALIZED
    WARNING: GigaTIME failed on patch (32768, 48128): cuDNN error: CUDNN_STATUS_NOT_INITIALIZED
    WARNING: GigaTIME failed on patch (32768, 49152): cuDNN error: CUDNN_STATUS_NOT_INITIALIZED
    WARNING: GigaTIME failed on patch (32768, 50176): cuDNN error: CUDNN_STATUS_NOT_INITIALIZED
    WARNING: GigaTIME failed on patch (32768, 51200): cuDNN error: CUDNN_STATUS_NOT_INITIALIZED
    WARNING: GigaTIME failed on patch (32768, 52224): cuDNN error: CUDNN_STATUS_NOT_INITIALIZED
    WARNING: GigaTIME failed on patch (32768, 55296): cuDNN error: CUDNN_STATUS_NOT_INITIALIZED
    WARNING: GigaTIME failed on patch (32768, 56320): cuDNN error: CUDNN_STATUS_NOT_INITIALIZED
    WARNING: GigaTIME failed on patch (32768, 57344): cuDNN error: CUDNN_STATUS_NOT_INITIALIZED
    WARNING: GigaTIME failed on patch (32768, 58368): cuDNN error: CUDNN_STATUS_NOT_INITIALIZED
    WARNING: GigaTIME failed on patch (32768, 59392): cuDNN error: CUDNN_STATUS_NOT_INITIALIZED
    WARNING: GigaTIME failed on patch (32768, 61440): cuDNN error: CUDNN_STATUS_NOT_INITIALIZED
    WARNING: GigaTIME failed on patch (32768, 62464): cuDNN error: CUDNN_STATUS_NOT_INITIALIZED
    WARNING: GigaTIME failed on patch (32768, 63488): cuDNN error: CUDNN_STATUS_NOT_INITIALIZED
    WARNING: GigaTIME failed on patch (32768, 64512): cuDNN error: CUDNN_STATUS_NOT_INITIALIZED
    WARNING: GigaTIME failed on patch (32768, 65536): cuDNN error: CUDNN_STATUS_NOT_INITIALIZED
    WARNING: GigaTIME failed on patch (32768, 66560): cuDNN error: CUDNN_STATUS_NOT_INITIALIZED
    WARNING: GigaTIME failed on patch (32768, 67584): cuDNN error: CUDNN_STATUS_NOT_INITIALIZED
    WARNING: GigaTIME failed on patch (32768, 68608): cuDNN error: CUDNN_STATUS_NOT_INITIALIZED
    WARNING: GigaTIME failed on patch (32768, 69632): cuDNN error: CUDNN_STATUS_NOT_INITIALIZED
    WARNING: GigaTIME failed on patch (32768, 70656): cuDNN error: CUDNN_STATUS_NOT_INITIALIZED
    WARNING: GigaTIME failed on patch (32768, 71680): cuDNN error: CUDNN_STATUS_NOT_INITIALIZED
    WARNING: GigaTIME failed on patch (32768, 72704): cuDNN error: CUDNN_STATUS_NOT_INITIALIZED
    WARNING: GigaTIME failed on patch (32768, 74752): cuDNN error: CUDNN_STATUS_NOT_INITIALIZED
    WARNING: GigaTIME failed on patch (32768, 75776): cuDNN error: CUDNN_STATUS_NOT_INITIALIZED
    WARNING: GigaTIME failed on patch (32768, 76800): cuDNN error: CUDNN_STATUS_NOT_INITIALIZED
    WARNING: GigaTIME failed on patch (32768, 77824): cuDNN error: CUDNN_STATUS_NOT_INITIALIZED
    WARNING: GigaTIME failed on patch (32768, 78848): cuDNN error: CUDNN_STATUS_NOT_INITIALIZED
    WARNING: GigaTIME failed on patch (33792, 18432): cuDNN error: CUDNN_STATUS_NOT_INITIALIZED
    WARNING: GigaTIME failed on patch (33792, 19456): cuDNN error: CUDNN_STATUS_NOT_INITIALIZED
    WARNING: GigaTIME failed on patch (33792, 20480): cuDNN error: CUDNN_STATUS_NOT_INITIALIZED
    WARNING: GigaTIME failed on patch (33792, 21504): cuDNN error: CUDNN_STATUS_NOT_INITIALIZED
    WARNING: GigaTIME failed on patch (33792, 22528): cuDNN error: CUDNN_STATUS_NOT_INITIALIZED
    WARNING: GigaTIME failed on patch (33792, 23552): cuDNN error: CUDNN_STATUS_NOT_INITIALIZED
    WARNING: GigaTIME failed on patch (33792, 24576): cuDNN error: CUDNN_STATUS_NOT_INITIALIZED
    WARNING: GigaTIME failed on patch (33792, 25600): cuDNN error: CUDNN_STATUS_NOT_INITIALIZED
    WARNING: GigaTIME failed on patch (33792, 26624): cuDNN error: CUDNN_STATUS_NOT_INITIALIZED
    WARNING: GigaTIME failed on patch (33792, 27648): cuDNN error: CUDNN_STATUS_NOT_INITIALIZED
    WARNING: GigaTIME failed on patch (33792, 28672): cuDNN error: CUDNN_STATUS_NOT_INITIALIZED
    WARNING: GigaTIME failed on patch (33792, 29696): cuDNN error: CUDNN_STATUS_NOT_INITIALIZED
    WARNING: GigaTIME failed on patch (33792, 30720): cuDNN error: CUDNN_STATUS_NOT_INITIALIZED
    WARNING: GigaTIME failed on patch (33792, 31744): cuDNN error: CUDNN_STATUS_NOT_INITIALIZED
    WARNING: GigaTIME failed on patch (33792, 32768): cuDNN error: CUDNN_STATUS_NOT_INITIALIZED
    WARNING: GigaTIME failed on patch (33792, 33792): cuDNN error: CUDNN_STATUS_NOT_INITIALIZED
    WARNING: GigaTIME failed on patch (33792, 34816): cuDNN error: CUDNN_STATUS_NOT_INITIALIZED
    WARNING: GigaTIME failed on patch (33792, 35840): cuDNN error: CUDNN_STATUS_NOT_INITIALIZED
    WARNING: GigaTIME failed on patch (33792, 36864): cuDNN error: CUDNN_STATUS_NOT_INITIALIZED
    WARNING: GigaTIME failed on patch (33792, 37888): cuDNN error: CUDNN_STATUS_NOT_INITIALIZED
    WARNING: GigaTIME failed on patch (33792, 38912): cuDNN error: CUDNN_STATUS_NOT_INITIALIZED
    WARNING: GigaTIME failed on patch (33792, 39936): cuDNN error: CUDNN_STATUS_NOT_INITIALIZED
    WARNING: GigaTIME failed on patch (33792, 40960): cuDNN error: CUDNN_STATUS_NOT_INITIALIZED
    WARNING: GigaTIME failed on patch (33792, 41984): cuDNN error: CUDNN_STATUS_NOT_INITIALIZED
    WARNING: GigaTIME failed on patch (33792, 43008): cuDNN error: CUDNN_STATUS_NOT_INITIALIZED
    WARNING: GigaTIME failed on patch (33792, 44032): cuDNN error: CUDNN_STATUS_NOT_INITIALIZED
    WARNING: GigaTIME failed on patch (33792, 45056): cuDNN error: CUDNN_STATUS_NOT_INITIALIZED
    WARNING: GigaTIME failed on patch (33792, 46080): cuDNN error: CUDNN_STATUS_NOT_INITIALIZED
    WARNING: GigaTIME failed on patch (33792, 47104): cuDNN error: CUDNN_STATUS_NOT_INITIALIZED
    WARNING: GigaTIME failed on patch (33792, 48128): cuDNN error: CUDNN_STATUS_NOT_INITIALIZED
    WARNING: GigaTIME failed on patch (33792, 49152): cuDNN error: CUDNN_STATUS_NOT_INITIALIZED
    WARNING: GigaTIME failed on patch (33792, 51200): cuDNN error: CUDNN_STATUS_NOT_INITIALIZED
    WARNING: GigaTIME failed on patch (33792, 53248): cuDNN error: CUDNN_STATUS_NOT_INITIALIZED
    WARNING: GigaTIME failed on patch (33792, 54272): cuDNN error: CUDNN_STATUS_NOT_INITIALIZED
    WARNING: GigaTIME failed on patch (33792, 55296): cuDNN error: CUDNN_STATUS_NOT_INITIALIZED
    WARNING: GigaTIME failed on patch (33792, 56320): cuDNN error: CUDNN_STATUS_NOT_INITIALIZED
    WARNING: GigaTIME failed on patch (33792, 57344): cuDNN error: CUDNN_STATUS_NOT_INITIALIZED
    WARNING: GigaTIME failed on patch (33792, 58368): cuDNN error: CUDNN_STATUS_NOT_INITIALIZED
    WARNING: GigaTIME failed on patch (33792, 59392): cuDNN error: CUDNN_STATUS_NOT_INITIALIZED
    WARNING: GigaTIME failed on patch (33792, 60416): cuDNN error: CUDNN_STATUS_NOT_INITIALIZED
    WARNING: GigaTIME failed on patch (33792, 61440): cuDNN error: CUDNN_STATUS_NOT_INITIALIZED
    WARNING: GigaTIME failed on patch (33792, 62464): cuDNN error: CUDNN_STATUS_NOT_INITIALIZED
    WARNING: GigaTIME failed on patch (33792, 63488): cuDNN error: CUDNN_STATUS_NOT_INITIALIZED
    WARNING: GigaTIME failed on patch (33792, 64512): cuDNN error: CUDNN_STATUS_NOT_INITIALIZED
    WARNING: GigaTIME failed on patch (33792, 65536): cuDNN error: CUDNN_STATUS_NOT_INITIALIZED
    WARNING: GigaTIME failed on patch (33792, 66560): cuDNN error: CUDNN_STATUS_NOT_INITIALIZED
    WARNING: GigaTIME failed on patch (33792, 67584): cuDNN error: CUDNN_STATUS_NOT_INITIALIZED
    WARNING: GigaTIME failed on patch (33792, 68608): cuDNN error: CUDNN_STATUS_NOT_INITIALIZED
    WARNING: GigaTIME failed on patch (33792, 69632): cuDNN error: CUDNN_STATUS_NOT_INITIALIZED
    WARNING: GigaTIME failed on patch (33792, 70656): cuDNN error: CUDNN_STATUS_NOT_INITIALIZED
    WARNING: GigaTIME failed on patch (33792, 71680): cuDNN error: CUDNN_STATUS_NOT_INITIALIZED
    WARNING: GigaTIME failed on patch (33792, 72704): cuDNN error: CUDNN_STATUS_NOT_INITIALIZED
    WARNING: GigaTIME failed on patch (33792, 73728): cuDNN error: CUDNN_STATUS_NOT_INITIALIZED
    WARNING: GigaTIME failed on patch (33792, 74752): cuDNN error: CUDNN_STATUS_NOT_INITIALIZED
    WARNING: GigaTIME failed on patch (33792, 75776): cuDNN error: CUDNN_STATUS_NOT_INITIALIZED
    WARNING: GigaTIME failed on patch (33792, 76800): cuDNN error: CUDNN_STATUS_NOT_INITIALIZED
    WARNING: GigaTIME failed on patch (33792, 77824): cuDNN error: CUDNN_STATUS_NOT_INITIALIZED
    WARNING: GigaTIME failed on patch (34816, 18432): cuDNN error: CUDNN_STATUS_NOT_INITIALIZED
    WARNING: GigaTIME failed on patch (34816, 19456): cuDNN error: CUDNN_STATUS_NOT_INITIALIZED
    WARNING: GigaTIME failed on patch (34816, 20480): cuDNN error: CUDNN_STATUS_NOT_INITIALIZED
    WARNING: GigaTIME failed on patch (34816, 21504): cuDNN error: CUDNN_STATUS_NOT_INITIALIZED
    WARNING: GigaTIME failed on patch (34816, 22528): cuDNN error: CUDNN_STATUS_NOT_INITIALIZED
    WARNING: GigaTIME failed on patch (34816, 23552): cuDNN error: CUDNN_STATUS_NOT_INITIALIZED
    WARNING: GigaTIME failed on patch (34816, 24576): cuDNN error: CUDNN_STATUS_NOT_INITIALIZED
    WARNING: GigaTIME failed on patch (34816, 25600): cuDNN error: CUDNN_STATUS_NOT_INITIALIZED
    WARNING: GigaTIME failed on patch (34816, 26624): cuDNN error: CUDNN_STATUS_NOT_INITIALIZED
    WARNING: GigaTIME failed on patch (34816, 27648): cuDNN error: CUDNN_STATUS_NOT_INITIALIZED
    WARNING: GigaTIME failed on patch (34816, 28672): cuDNN error: CUDNN_STATUS_NOT_INITIALIZED
    WARNING: GigaTIME failed on patch (34816, 29696): cuDNN error: CUDNN_STATUS_NOT_INITIALIZED
    WARNING: GigaTIME failed on patch (34816, 30720): cuDNN error: CUDNN_STATUS_NOT_INITIALIZED
    WARNING: GigaTIME failed on patch (34816, 31744): cuDNN error: CUDNN_STATUS_NOT_INITIALIZED
    WARNING: GigaTIME failed on patch (34816, 32768): cuDNN error: CUDNN_STATUS_NOT_INITIALIZED
    WARNING: GigaTIME failed on patch (34816, 33792): cuDNN error: CUDNN_STATUS_NOT_INITIALIZED
    WARNING: GigaTIME failed on patch (34816, 34816): cuDNN error: CUDNN_STATUS_NOT_INITIALIZED
    WARNING: GigaTIME failed on patch (34816, 35840): cuDNN error: CUDNN_STATUS_NOT_INITIALIZED
    WARNING: GigaTIME failed on patch (34816, 36864): cuDNN error: CUDNN_STATUS_NOT_INITIALIZED
    WARNING: GigaTIME failed on patch (34816, 37888): cuDNN error: CUDNN_STATUS_NOT_INITIALIZED
    WARNING: GigaTIME failed on patch (34816, 38912): cuDNN error: CUDNN_STATUS_NOT_INITIALIZED
    WARNING: GigaTIME failed on patch (34816, 39936): cuDNN error: CUDNN_STATUS_NOT_INITIALIZED
    WARNING: GigaTIME failed on patch (34816, 40960): cuDNN error: CUDNN_STATUS_NOT_INITIALIZED
    WARNING: GigaTIME failed on patch (34816, 41984): cuDNN error: CUDNN_STATUS_NOT_INITIALIZED
    WARNING: GigaTIME failed on patch (34816, 44032): cuDNN error: CUDNN_STATUS_NOT_INITIALIZED
    WARNING: GigaTIME failed on patch (34816, 45056): cuDNN error: CUDNN_STATUS_NOT_INITIALIZED
    WARNING: GigaTIME failed on patch (34816, 46080): cuDNN error: CUDNN_STATUS_NOT_INITIALIZED
    WARNING: GigaTIME failed on patch (34816, 52224): cuDNN error: CUDNN_STATUS_NOT_INITIALIZED
    WARNING: GigaTIME failed on patch (34816, 53248): cuDNN error: CUDNN_STATUS_NOT_INITIALIZED
    WARNING: GigaTIME failed on patch (34816, 54272): cuDNN error: CUDNN_STATUS_NOT_INITIALIZED
    WARNING: GigaTIME failed on patch (34816, 55296): cuDNN error: CUDNN_STATUS_NOT_INITIALIZED
    WARNING: GigaTIME failed on patch (34816, 56320): cuDNN error: CUDNN_STATUS_NOT_INITIALIZED
    WARNING: GigaTIME failed on patch (34816, 57344): cuDNN error: CUDNN_STATUS_NOT_INITIALIZED
    WARNING: GigaTIME failed on patch (34816, 58368): cuDNN error: CUDNN_STATUS_NOT_INITIALIZED
    WARNING: GigaTIME failed on patch (34816, 59392): cuDNN error: CUDNN_STATUS_NOT_INITIALIZED
    WARNING: GigaTIME failed on patch (34816, 60416): cuDNN error: CUDNN_STATUS_NOT_INITIALIZED
    WARNING: GigaTIME failed on patch (34816, 61440): cuDNN error: CUDNN_STATUS_NOT_INITIALIZED
    WARNING: GigaTIME failed on patch (34816, 62464): cuDNN error: CUDNN_STATUS_NOT_INITIALIZED
    WARNING: GigaTIME failed on patch (34816, 63488): cuDNN error: CUDNN_STATUS_NOT_INITIALIZED
    WARNING: GigaTIME failed on patch (34816, 64512): cuDNN error: CUDNN_STATUS_NOT_INITIALIZED
    WARNING: GigaTIME failed on patch (34816, 65536): cuDNN error: CUDNN_STATUS_NOT_INITIALIZED
    WARNING: GigaTIME failed on patch (34816, 69632): cuDNN error: CUDNN_STATUS_NOT_INITIALIZED
    WARNING: GigaTIME failed on patch (34816, 70656): cuDNN error: CUDNN_STATUS_NOT_INITIALIZED
    WARNING: GigaTIME failed on patch (34816, 72704): cuDNN error: CUDNN_STATUS_NOT_INITIALIZED
    WARNING: GigaTIME failed on patch (34816, 73728): cuDNN error: CUDNN_STATUS_NOT_INITIALIZED
    WARNING: GigaTIME failed on patch (34816, 77824): cuDNN error: CUDNN_STATUS_NOT_INITIALIZED
    WARNING: GigaTIME failed on patch (35840, 19456): cuDNN error: CUDNN_STATUS_NOT_INITIALIZED
    WARNING: GigaTIME failed on patch (35840, 20480): cuDNN error: CUDNN_STATUS_NOT_INITIALIZED
    WARNING: GigaTIME failed on patch (35840, 21504): cuDNN error: CUDNN_STATUS_NOT_INITIALIZED
    WARNING: GigaTIME failed on patch (35840, 22528): cuDNN error: CUDNN_STATUS_NOT_INITIALIZED
    WARNING: GigaTIME failed on patch (35840, 23552): cuDNN error: CUDNN_STATUS_NOT_INITIALIZED
    WARNING: GigaTIME failed on patch (35840, 24576): cuDNN error: CUDNN_STATUS_NOT_INITIALIZED
    WARNING: GigaTIME failed on patch (35840, 25600): cuDNN error: CUDNN_STATUS_NOT_INITIALIZED
    WARNING: GigaTIME failed on patch (35840, 26624): cuDNN error: CUDNN_STATUS_NOT_INITIALIZED
    WARNING: GigaTIME failed on patch (35840, 27648): cuDNN error: CUDNN_STATUS_NOT_INITIALIZED
    WARNING: GigaTIME failed on patch (35840, 28672): cuDNN error: CUDNN_STATUS_NOT_INITIALIZED
    WARNING: GigaTIME failed on patch (35840, 29696): cuDNN error: CUDNN_STATUS_NOT_INITIALIZED
    WARNING: GigaTIME failed on patch (35840, 30720): cuDNN error: CUDNN_STATUS_NOT_INITIALIZED
    WARNING: GigaTIME failed on patch (35840, 31744): cuDNN error: CUDNN_STATUS_NOT_INITIALIZED
    WARNING: GigaTIME failed on patch (35840, 32768): cuDNN error: CUDNN_STATUS_NOT_INITIALIZED
    WARNING: GigaTIME failed on patch (35840, 33792): cuDNN error: CUDNN_STATUS_NOT_INITIALIZED
    WARNING: GigaTIME failed on patch (35840, 34816): cuDNN error: CUDNN_STATUS_NOT_INITIALIZED
    WARNING: GigaTIME failed on patch (35840, 35840): cuDNN error: CUDNN_STATUS_NOT_INITIALIZED
    WARNING: GigaTIME failed on patch (35840, 36864): cuDNN error: CUDNN_STATUS_NOT_INITIALIZED
    WARNING: GigaTIME failed on patch (35840, 37888): cuDNN error: CUDNN_STATUS_NOT_INITIALIZED
    WARNING: GigaTIME failed on patch (35840, 38912): cuDNN error: CUDNN_STATUS_NOT_INITIALIZED
    WARNING: GigaTIME failed on patch (35840, 39936): cuDNN error: CUDNN_STATUS_NOT_INITIALIZED
    WARNING: GigaTIME failed on patch (35840, 40960): cuDNN error: CUDNN_STATUS_NOT_INITIALIZED
    WARNING: GigaTIME failed on patch (35840, 45056): cuDNN error: CUDNN_STATUS_NOT_INITIALIZED
    WARNING: GigaTIME failed on patch (35840, 49152): cuDNN error: CUDNN_STATUS_NOT_INITIALIZED
    WARNING: GigaTIME failed on patch (35840, 50176): cuDNN error: CUDNN_STATUS_NOT_INITIALIZED
    WARNING: GigaTIME failed on patch (35840, 51200): cuDNN error: CUDNN_STATUS_NOT_INITIALIZED
    WARNING: GigaTIME failed on patch (35840, 52224): cuDNN error: CUDNN_STATUS_NOT_INITIALIZED
    WARNING: GigaTIME failed on patch (35840, 53248): cuDNN error: CUDNN_STATUS_NOT_INITIALIZED
    WARNING: GigaTIME failed on patch (35840, 54272): cuDNN error: CUDNN_STATUS_NOT_INITIALIZED
    WARNING: GigaTIME failed on patch (35840, 55296): cuDNN error: CUDNN_STATUS_NOT_INITIALIZED
    WARNING: GigaTIME failed on patch (35840, 56320): cuDNN error: CUDNN_STATUS_NOT_INITIALIZED
    WARNING: GigaTIME failed on patch (35840, 57344): cuDNN error: CUDNN_STATUS_NOT_INITIALIZED
    WARNING: GigaTIME failed on patch (35840, 58368): cuDNN error: CUDNN_STATUS_NOT_INITIALIZED
    WARNING: GigaTIME failed on patch (35840, 59392): cuDNN error: CUDNN_STATUS_NOT_INITIALIZED
    WARNING: GigaTIME failed on patch (35840, 60416): cuDNN error: CUDNN_STATUS_NOT_INITIALIZED
    WARNING: GigaTIME failed on patch (35840, 63488): cuDNN error: CUDNN_STATUS_NOT_INITIALIZED
    WARNING: GigaTIME failed on patch (35840, 64512): cuDNN error: CUDNN_STATUS_NOT_INITIALIZED
    WARNING: GigaTIME failed on patch (35840, 69632): cuDNN error: CUDNN_STATUS_NOT_INITIALIZED
    WARNING: GigaTIME failed on patch (35840, 70656): cuDNN error: CUDNN_STATUS_NOT_INITIALIZED
    WARNING: GigaTIME failed on patch (35840, 73728): cuDNN error: CUDNN_STATUS_NOT_INITIALIZED
    WARNING: GigaTIME failed on patch (35840, 74752): cuDNN error: CUDNN_STATUS_NOT_INITIALIZED
    WARNING: GigaTIME failed on patch (36864, 18432): cuDNN error: CUDNN_STATUS_NOT_INITIALIZED
    WARNING: GigaTIME failed on patch (36864, 19456): cuDNN error: CUDNN_STATUS_NOT_INITIALIZED
    WARNING: GigaTIME failed on patch (36864, 20480): cuDNN error: CUDNN_STATUS_NOT_INITIALIZED
    WARNING: GigaTIME failed on patch (36864, 21504): cuDNN error: CUDNN_STATUS_NOT_INITIALIZED
    WARNING: GigaTIME failed on patch (36864, 22528): cuDNN error: CUDNN_STATUS_NOT_INITIALIZED
    WARNING: GigaTIME failed on patch (36864, 23552): cuDNN error: CUDNN_STATUS_NOT_INITIALIZED
    WARNING: GigaTIME failed on patch (36864, 24576): cuDNN error: CUDNN_STATUS_NOT_INITIALIZED
    WARNING: GigaTIME failed on patch (36864, 25600): cuDNN error: CUDNN_STATUS_NOT_INITIALIZED
    WARNING: GigaTIME failed on patch (36864, 26624): cuDNN error: CUDNN_STATUS_NOT_INITIALIZED
    WARNING: GigaTIME failed on patch (36864, 27648): cuDNN error: CUDNN_STATUS_NOT_INITIALIZED
    WARNING: GigaTIME failed on patch (36864, 28672): cuDNN error: CUDNN_STATUS_NOT_INITIALIZED
    WARNING: GigaTIME failed on patch (36864, 29696): cuDNN error: CUDNN_STATUS_NOT_INITIALIZED
    WARNING: GigaTIME failed on patch (36864, 30720): cuDNN error: CUDNN_STATUS_NOT_INITIALIZED
    WARNING: GigaTIME failed on patch (36864, 31744): cuDNN error: CUDNN_STATUS_NOT_INITIALIZED
    WARNING: GigaTIME failed on patch (36864, 32768): cuDNN error: CUDNN_STATUS_NOT_INITIALIZED
    WARNING: GigaTIME failed on patch (36864, 33792): cuDNN error: CUDNN_STATUS_NOT_INITIALIZED
    WARNING: GigaTIME failed on patch (36864, 34816): cuDNN error: CUDNN_STATUS_NOT_INITIALIZED
    WARNING: GigaTIME failed on patch (36864, 35840): cuDNN error: CUDNN_STATUS_NOT_INITIALIZED
    WARNING: GigaTIME failed on patch (36864, 36864): cuDNN error: CUDNN_STATUS_NOT_INITIALIZED
    WARNING: GigaTIME failed on patch (36864, 37888): cuDNN error: CUDNN_STATUS_NOT_INITIALIZED
    WARNING: GigaTIME failed on patch (36864, 38912): cuDNN error: CUDNN_STATUS_NOT_INITIALIZED
    WARNING: GigaTIME failed on patch (36864, 39936): cuDNN error: CUDNN_STATUS_NOT_INITIALIZED
    WARNING: GigaTIME failed on patch (36864, 40960): cuDNN error: CUDNN_STATUS_NOT_INITIALIZED
    WARNING: GigaTIME failed on patch (36864, 50176): cuDNN error: CUDNN_STATUS_NOT_INITIALIZED
    WARNING: GigaTIME failed on patch (36864, 51200): cuDNN error: CUDNN_STATUS_NOT_INITIALIZED
    WARNING: GigaTIME failed on patch (36864, 52224): cuDNN error: CUDNN_STATUS_NOT_INITIALIZED
    WARNING: GigaTIME failed on patch (36864, 53248): cuDNN error: CUDNN_STATUS_NOT_INITIALIZED
    WARNING: GigaTIME failed on patch (36864, 54272): cuDNN error: CUDNN_STATUS_NOT_INITIALIZED
    WARNING: GigaTIME failed on patch (36864, 55296): cuDNN error: CUDNN_STATUS_NOT_INITIALIZED
    WARNING: GigaTIME failed on patch (36864, 56320): cuDNN error: CUDNN_STATUS_NOT_INITIALIZED
    WARNING: GigaTIME failed on patch (36864, 57344): cuDNN error: CUDNN_STATUS_NOT_INITIALIZED
    WARNING: GigaTIME failed on patch (36864, 60416): cuDNN error: CUDNN_STATUS_NOT_INITIALIZED
    WARNING: GigaTIME failed on patch (36864, 61440): cuDNN error: CUDNN_STATUS_NOT_INITIALIZED
    WARNING: GigaTIME failed on patch (36864, 67584): cuDNN error: CUDNN_STATUS_NOT_INITIALIZED
    WARNING: GigaTIME failed on patch (36864, 68608): cuDNN error: CUDNN_STATUS_NOT_INITIALIZED
    WARNING: GigaTIME failed on patch (36864, 69632): cuDNN error: CUDNN_STATUS_NOT_INITIALIZED
    WARNING: GigaTIME failed on patch (36864, 70656): cuDNN error: CUDNN_STATUS_NOT_INITIALIZED
    WARNING: GigaTIME failed on patch (36864, 71680): cuDNN error: CUDNN_STATUS_NOT_INITIALIZED
    WARNING: GigaTIME failed on patch (36864, 73728): cuDNN error: CUDNN_STATUS_NOT_INITIALIZED
    WARNING: GigaTIME failed on patch (36864, 74752): cuDNN error: CUDNN_STATUS_NOT_INITIALIZED
    WARNING: GigaTIME failed on patch (36864, 75776): cuDNN error: CUDNN_STATUS_NOT_INITIALIZED
    WARNING: GigaTIME failed on patch (36864, 76800): cuDNN error: CUDNN_STATUS_NOT_INITIALIZED
    WARNING: GigaTIME failed on patch (36864, 77824): cuDNN error: CUDNN_STATUS_NOT_INITIALIZED
    WARNING: GigaTIME failed on patch (36864, 78848): cuDNN error: CUDNN_STATUS_NOT_INITIALIZED
    WARNING: GigaTIME failed on patch (37888, 18432): cuDNN error: CUDNN_STATUS_NOT_INITIALIZED
    WARNING: GigaTIME failed on patch (37888, 19456): cuDNN error: CUDNN_STATUS_NOT_INITIALIZED
    WARNING: GigaTIME failed on patch (37888, 20480): cuDNN error: CUDNN_STATUS_NOT_INITIALIZED
    WARNING: GigaTIME failed on patch (37888, 21504): cuDNN error: CUDNN_STATUS_NOT_INITIALIZED
    WARNING: GigaTIME failed on patch (37888, 22528): cuDNN error: CUDNN_STATUS_NOT_INITIALIZED
    WARNING: GigaTIME failed on patch (37888, 23552): cuDNN error: CUDNN_STATUS_NOT_INITIALIZED
    WARNING: GigaTIME failed on patch (37888, 24576): cuDNN error: CUDNN_STATUS_NOT_INITIALIZED
    WARNING: GigaTIME failed on patch (37888, 25600): cuDNN error: CUDNN_STATUS_NOT_INITIALIZED
    WARNING: GigaTIME failed on patch (37888, 26624): cuDNN error: CUDNN_STATUS_NOT_INITIALIZED
    WARNING: GigaTIME failed on patch (37888, 27648): cuDNN error: CUDNN_STATUS_NOT_INITIALIZED
    WARNING: GigaTIME failed on patch (37888, 28672): cuDNN error: CUDNN_STATUS_NOT_INITIALIZED
    WARNING: GigaTIME failed on patch (37888, 29696): cuDNN error: CUDNN_STATUS_NOT_INITIALIZED
    WARNING: GigaTIME failed on patch (37888, 30720): cuDNN error: CUDNN_STATUS_NOT_INITIALIZED
    WARNING: GigaTIME failed on patch (37888, 31744): cuDNN error: CUDNN_STATUS_NOT_INITIALIZED
    WARNING: GigaTIME failed on patch (37888, 32768): cuDNN error: CUDNN_STATUS_NOT_INITIALIZED
    WARNING: GigaTIME failed on patch (37888, 33792): cuDNN error: CUDNN_STATUS_NOT_INITIALIZED
    WARNING: GigaTIME failed on patch (37888, 34816): cuDNN error: CUDNN_STATUS_NOT_INITIALIZED
    WARNING: GigaTIME failed on patch (37888, 35840): cuDNN error: CUDNN_STATUS_NOT_INITIALIZED
    WARNING: GigaTIME failed on patch (37888, 36864): cuDNN error: CUDNN_STATUS_NOT_INITIALIZED
    WARNING: GigaTIME failed on patch (37888, 37888): cuDNN error: CUDNN_STATUS_NOT_INITIALIZED
    WARNING: GigaTIME failed on patch (37888, 38912): cuDNN error: CUDNN_STATUS_NOT_INITIALIZED
    WARNING: GigaTIME failed on patch (37888, 39936): cuDNN error: CUDNN_STATUS_NOT_INITIALIZED
    WARNING: GigaTIME failed on patch (37888, 40960): cuDNN error: CUDNN_STATUS_NOT_INITIALIZED
    WARNING: GigaTIME failed on patch (37888, 47104): cuDNN error: CUDNN_STATUS_NOT_INITIALIZED
    WARNING: GigaTIME failed on patch (37888, 49152): cuDNN error: CUDNN_STATUS_NOT_INITIALIZED
    WARNING: GigaTIME failed on patch (37888, 50176): cuDNN error: CUDNN_STATUS_NOT_INITIALIZED
    WARNING: GigaTIME failed on patch (37888, 51200): cuDNN error: CUDNN_STATUS_NOT_INITIALIZED
    WARNING: GigaTIME failed on patch (37888, 52224): cuDNN error: CUDNN_STATUS_NOT_INITIALIZED
    WARNING: GigaTIME failed on patch (37888, 53248): cuDNN error: CUDNN_STATUS_NOT_INITIALIZED
    WARNING: GigaTIME failed on patch (37888, 54272): cuDNN error: CUDNN_STATUS_NOT_INITIALIZED
    WARNING: GigaTIME failed on patch (37888, 55296): cuDNN error: CUDNN_STATUS_NOT_INITIALIZED
    WARNING: GigaTIME failed on patch (37888, 57344): cuDNN error: CUDNN_STATUS_NOT_INITIALIZED
    WARNING: GigaTIME failed on patch (37888, 59392): cuDNN error: CUDNN_STATUS_NOT_INITIALIZED
    WARNING: GigaTIME failed on patch (37888, 60416): cuDNN error: CUDNN_STATUS_NOT_INITIALIZED
    WARNING: GigaTIME failed on patch (37888, 66560): cuDNN error: CUDNN_STATUS_NOT_INITIALIZED
    WARNING: GigaTIME failed on patch (37888, 67584): cuDNN error: CUDNN_STATUS_NOT_INITIALIZED
    WARNING: GigaTIME failed on patch (37888, 68608): cuDNN error: CUDNN_STATUS_NOT_INITIALIZED
    WARNING: GigaTIME failed on patch (37888, 69632): cuDNN error: CUDNN_STATUS_NOT_INITIALIZED
    WARNING: GigaTIME failed on patch (37888, 70656): cuDNN error: CUDNN_STATUS_NOT_INITIALIZED
    WARNING: GigaTIME failed on patch (37888, 71680): cuDNN error: CUDNN_STATUS_NOT_INITIALIZED
    WARNING: GigaTIME failed on patch (37888, 75776): cuDNN error: CUDNN_STATUS_NOT_INITIALIZED
    WARNING: GigaTIME failed on patch (37888, 76800): cuDNN error: CUDNN_STATUS_NOT_INITIALIZED
    WARNING: GigaTIME failed on patch (37888, 77824): cuDNN error: CUDNN_STATUS_NOT_INITIALIZED
    WARNING: GigaTIME failed on patch (37888, 78848): cuDNN error: CUDNN_STATUS_NOT_INITIALIZED
    WARNING: GigaTIME failed on patch (38912, 18432): cuDNN error: CUDNN_STATUS_NOT_INITIALIZED
    WARNING: GigaTIME failed on patch (38912, 19456): cuDNN error: CUDNN_STATUS_NOT_INITIALIZED
    WARNING: GigaTIME failed on patch (38912, 20480): cuDNN error: CUDNN_STATUS_NOT_INITIALIZED
    WARNING: GigaTIME failed on patch (38912, 21504): cuDNN error: CUDNN_STATUS_NOT_INITIALIZED
    WARNING: GigaTIME failed on patch (38912, 22528): cuDNN error: CUDNN_STATUS_NOT_INITIALIZED
    WARNING: GigaTIME failed on patch (38912, 23552): cuDNN error: CUDNN_STATUS_NOT_INITIALIZED
    WARNING: GigaTIME failed on patch (38912, 24576): cuDNN error: CUDNN_STATUS_NOT_INITIALIZED
    WARNING: GigaTIME failed on patch (38912, 25600): cuDNN error: CUDNN_STATUS_NOT_INITIALIZED
    WARNING: GigaTIME failed on patch (38912, 26624): cuDNN error: CUDNN_STATUS_NOT_INITIALIZED
    WARNING: GigaTIME failed on patch (38912, 27648): cuDNN error: CUDNN_STATUS_NOT_INITIALIZED
    WARNING: GigaTIME failed on patch (38912, 28672): cuDNN error: CUDNN_STATUS_NOT_INITIALIZED
    WARNING: GigaTIME failed on patch (38912, 29696): cuDNN error: CUDNN_STATUS_NOT_INITIALIZED
    WARNING: GigaTIME failed on patch (38912, 30720): cuDNN error: CUDNN_STATUS_NOT_INITIALIZED
    WARNING: GigaTIME failed on patch (38912, 31744): cuDNN error: CUDNN_STATUS_NOT_INITIALIZED
    WARNING: GigaTIME failed on patch (38912, 32768): cuDNN error: CUDNN_STATUS_NOT_INITIALIZED
    WARNING: GigaTIME failed on patch (38912, 33792): cuDNN error: CUDNN_STATUS_NOT_INITIALIZED
    WARNING: GigaTIME failed on patch (38912, 34816): cuDNN error: CUDNN_STATUS_NOT_INITIALIZED
    WARNING: GigaTIME failed on patch (38912, 35840): cuDNN error: CUDNN_STATUS_NOT_INITIALIZED
    WARNING: GigaTIME failed on patch (38912, 36864): cuDNN error: CUDNN_STATUS_NOT_INITIALIZED
    WARNING: GigaTIME failed on patch (38912, 37888): cuDNN error: CUDNN_STATUS_NOT_INITIALIZED
    WARNING: GigaTIME failed on patch (38912, 38912): cuDNN error: CUDNN_STATUS_NOT_INITIALIZED
    WARNING: GigaTIME failed on patch (38912, 39936): cuDNN error: CUDNN_STATUS_NOT_INITIALIZED
    WARNING: GigaTIME failed on patch (38912, 40960): cuDNN error: CUDNN_STATUS_NOT_INITIALIZED
    WARNING: GigaTIME failed on patch (38912, 47104): cuDNN error: CUDNN_STATUS_NOT_INITIALIZED
    WARNING: GigaTIME failed on patch (38912, 48128): cuDNN error: CUDNN_STATUS_NOT_INITIALIZED
    WARNING: GigaTIME failed on patch (38912, 49152): cuDNN error: CUDNN_STATUS_NOT_INITIALIZED
    WARNING: GigaTIME failed on patch (38912, 50176): cuDNN error: CUDNN_STATUS_NOT_INITIALIZED
    WARNING: GigaTIME failed on patch (38912, 51200): cuDNN error: CUDNN_STATUS_NOT_INITIALIZED
    WARNING: GigaTIME failed on patch (38912, 52224): cuDNN error: CUDNN_STATUS_NOT_INITIALIZED
    WARNING: GigaTIME failed on patch (38912, 53248): cuDNN error: CUDNN_STATUS_NOT_INITIALIZED
    WARNING: GigaTIME failed on patch (38912, 54272): cuDNN error: CUDNN_STATUS_NOT_INITIALIZED
    WARNING: GigaTIME failed on patch (38912, 55296): cuDNN error: CUDNN_STATUS_NOT_INITIALIZED
    WARNING: GigaTIME failed on patch (38912, 58368): cuDNN error: CUDNN_STATUS_NOT_INITIALIZED
    WARNING: GigaTIME failed on patch (38912, 59392): cuDNN error: CUDNN_STATUS_NOT_INITIALIZED
    WARNING: GigaTIME failed on patch (38912, 60416): cuDNN error: CUDNN_STATUS_NOT_INITIALIZED
    WARNING: GigaTIME failed on patch (38912, 61440): cuDNN error: CUDNN_STATUS_NOT_INITIALIZED
    WARNING: GigaTIME failed on patch (38912, 62464): cuDNN error: CUDNN_STATUS_NOT_INITIALIZED
    WARNING: GigaTIME failed on patch (38912, 66560): cuDNN error: CUDNN_STATUS_NOT_INITIALIZED
    WARNING: GigaTIME failed on patch (38912, 67584): cuDNN error: CUDNN_STATUS_NOT_INITIALIZED
    WARNING: GigaTIME failed on patch (38912, 68608): cuDNN error: CUDNN_STATUS_NOT_INITIALIZED
    WARNING: GigaTIME failed on patch (38912, 69632): cuDNN error: CUDNN_STATUS_NOT_INITIALIZED
    WARNING: GigaTIME failed on patch (38912, 70656): cuDNN error: CUDNN_STATUS_NOT_INITIALIZED
    WARNING: GigaTIME failed on patch (38912, 71680): cuDNN error: CUDNN_STATUS_NOT_INITIALIZED
    WARNING: GigaTIME failed on patch (38912, 72704): cuDNN error: CUDNN_STATUS_NOT_INITIALIZED
    WARNING: GigaTIME failed on patch (38912, 75776): cuDNN error: CUDNN_STATUS_NOT_INITIALIZED
    WARNING: GigaTIME failed on patch (38912, 76800): cuDNN error: CUDNN_STATUS_NOT_INITIALIZED
    WARNING: GigaTIME failed on patch (38912, 77824): cuDNN error: CUDNN_STATUS_NOT_INITIALIZED
    WARNING: GigaTIME failed on patch (38912, 78848): cuDNN error: CUDNN_STATUS_NOT_INITIALIZED
    WARNING: GigaTIME failed on patch (39936, 18432): cuDNN error: CUDNN_STATUS_NOT_INITIALIZED
    WARNING: GigaTIME failed on patch (39936, 19456): cuDNN error: CUDNN_STATUS_NOT_INITIALIZED
    WARNING: GigaTIME failed on patch (39936, 20480): cuDNN error: CUDNN_STATUS_NOT_INITIALIZED
    WARNING: GigaTIME failed on patch (39936, 21504): cuDNN error: CUDNN_STATUS_NOT_INITIALIZED
    WARNING: GigaTIME failed on patch (39936, 22528): cuDNN error: CUDNN_STATUS_NOT_INITIALIZED
    WARNING: GigaTIME failed on patch (39936, 23552): cuDNN error: CUDNN_STATUS_NOT_INITIALIZED
    WARNING: GigaTIME failed on patch (39936, 24576): cuDNN error: CUDNN_STATUS_NOT_INITIALIZED
    WARNING: GigaTIME failed on patch (39936, 25600): cuDNN error: CUDNN_STATUS_NOT_INITIALIZED
    WARNING: GigaTIME failed on patch (39936, 26624): cuDNN error: CUDNN_STATUS_NOT_INITIALIZED
    WARNING: GigaTIME failed on patch (39936, 27648): cuDNN error: CUDNN_STATUS_NOT_INITIALIZED
    WARNING: GigaTIME failed on patch (39936, 28672): cuDNN error: CUDNN_STATUS_NOT_INITIALIZED
    WARNING: GigaTIME failed on patch (39936, 29696): cuDNN error: CUDNN_STATUS_NOT_INITIALIZED
    WARNING: GigaTIME failed on patch (39936, 30720): cuDNN error: CUDNN_STATUS_NOT_INITIALIZED
    WARNING: GigaTIME failed on patch (39936, 31744): cuDNN error: CUDNN_STATUS_NOT_INITIALIZED
    WARNING: GigaTIME failed on patch (39936, 32768): cuDNN error: CUDNN_STATUS_NOT_INITIALIZED
    WARNING: GigaTIME failed on patch (39936, 33792): cuDNN error: CUDNN_STATUS_NOT_INITIALIZED
    WARNING: GigaTIME failed on patch (39936, 34816): cuDNN error: CUDNN_STATUS_NOT_INITIALIZED
    WARNING: GigaTIME failed on patch (39936, 35840): cuDNN error: CUDNN_STATUS_NOT_INITIALIZED
    WARNING: GigaTIME failed on patch (39936, 36864): cuDNN error: CUDNN_STATUS_NOT_INITIALIZED
    WARNING: GigaTIME failed on patch (39936, 37888): cuDNN error: CUDNN_STATUS_NOT_INITIALIZED
    WARNING: GigaTIME failed on patch (39936, 38912): cuDNN error: CUDNN_STATUS_NOT_INITIALIZED
    WARNING: GigaTIME failed on patch (39936, 39936): cuDNN error: CUDNN_STATUS_NOT_INITIALIZED
    WARNING: GigaTIME failed on patch (39936, 40960): cuDNN error: CUDNN_STATUS_NOT_INITIALIZED
    WARNING: GigaTIME failed on patch (39936, 46080): cuDNN error: CUDNN_STATUS_NOT_INITIALIZED
    WARNING: GigaTIME failed on patch (39936, 47104): cuDNN error: CUDNN_STATUS_NOT_INITIALIZED
    WARNING: GigaTIME failed on patch (39936, 48128): cuDNN error: CUDNN_STATUS_NOT_INITIALIZED
    WARNING: GigaTIME failed on patch (39936, 49152): cuDNN error: CUDNN_STATUS_NOT_INITIALIZED
    WARNING: GigaTIME failed on patch (39936, 50176): cuDNN error: CUDNN_STATUS_NOT_INITIALIZED
    WARNING: GigaTIME failed on patch (39936, 51200): cuDNN error: CUDNN_STATUS_NOT_INITIALIZED
    WARNING: GigaTIME failed on patch (39936, 52224): cuDNN error: CUDNN_STATUS_NOT_INITIALIZED
    WARNING: GigaTIME failed on patch (39936, 53248): cuDNN error: CUDNN_STATUS_NOT_INITIALIZED
    WARNING: GigaTIME failed on patch (39936, 57344): cuDNN error: CUDNN_STATUS_NOT_INITIALIZED
    WARNING: GigaTIME failed on patch (39936, 58368): cuDNN error: CUDNN_STATUS_NOT_INITIALIZED
    WARNING: GigaTIME failed on patch (39936, 59392): cuDNN error: CUDNN_STATUS_NOT_INITIALIZED
    WARNING: GigaTIME failed on patch (39936, 60416): cuDNN error: CUDNN_STATUS_NOT_INITIALIZED
    WARNING: GigaTIME failed on patch (39936, 63488): cuDNN error: CUDNN_STATUS_NOT_INITIALIZED
    WARNING: GigaTIME failed on patch (39936, 66560): cuDNN error: CUDNN_STATUS_NOT_INITIALIZED
    WARNING: GigaTIME failed on patch (39936, 67584): cuDNN error: CUDNN_STATUS_NOT_INITIALIZED
    WARNING: GigaTIME failed on patch (39936, 68608): cuDNN error: CUDNN_STATUS_NOT_INITIALIZED
    WARNING: GigaTIME failed on patch (39936, 69632): cuDNN error: CUDNN_STATUS_NOT_INITIALIZED
    WARNING: GigaTIME failed on patch (39936, 70656): cuDNN error: CUDNN_STATUS_NOT_INITIALIZED
    WARNING: GigaTIME failed on patch (39936, 71680): cuDNN error: CUDNN_STATUS_NOT_INITIALIZED
    WARNING: GigaTIME failed on patch (39936, 72704): cuDNN error: CUDNN_STATUS_NOT_INITIALIZED
    WARNING: GigaTIME failed on patch (39936, 76800): cuDNN error: CUDNN_STATUS_NOT_INITIALIZED
    WARNING: GigaTIME failed on patch (39936, 77824): cuDNN error: CUDNN_STATUS_NOT_INITIALIZED
    WARNING: GigaTIME failed on patch (39936, 78848): cuDNN error: CUDNN_STATUS_NOT_INITIALIZED
    WARNING: GigaTIME failed on patch (40960, 19456): cuDNN error: CUDNN_STATUS_NOT_INITIALIZED
    WARNING: GigaTIME failed on patch (40960, 20480): cuDNN error: CUDNN_STATUS_NOT_INITIALIZED
    WARNING: GigaTIME failed on patch (40960, 21504): cuDNN error: CUDNN_STATUS_NOT_INITIALIZED
    WARNING: GigaTIME failed on patch (40960, 22528): cuDNN error: CUDNN_STATUS_NOT_INITIALIZED
    WARNING: GigaTIME failed on patch (40960, 23552): cuDNN error: CUDNN_STATUS_NOT_INITIALIZED
    WARNING: GigaTIME failed on patch (40960, 24576): cuDNN error: CUDNN_STATUS_NOT_INITIALIZED
    WARNING: GigaTIME failed on patch (40960, 25600): cuDNN error: CUDNN_STATUS_NOT_INITIALIZED
    WARNING: GigaTIME failed on patch (40960, 26624): cuDNN error: CUDNN_STATUS_NOT_INITIALIZED
    WARNING: GigaTIME failed on patch (40960, 27648): cuDNN error: CUDNN_STATUS_NOT_INITIALIZED
    WARNING: GigaTIME failed on patch (40960, 28672): cuDNN error: CUDNN_STATUS_NOT_INITIALIZED
    WARNING: GigaTIME failed on patch (40960, 29696): cuDNN error: CUDNN_STATUS_NOT_INITIALIZED
    WARNING: GigaTIME failed on patch (40960, 30720): cuDNN error: CUDNN_STATUS_NOT_INITIALIZED
    WARNING: GigaTIME failed on patch (40960, 31744): cuDNN error: CUDNN_STATUS_NOT_INITIALIZED
    WARNING: GigaTIME failed on patch (40960, 32768): cuDNN error: CUDNN_STATUS_NOT_INITIALIZED
    WARNING: GigaTIME failed on patch (40960, 33792): cuDNN error: CUDNN_STATUS_NOT_INITIALIZED
    WARNING: GigaTIME failed on patch (40960, 34816): cuDNN error: CUDNN_STATUS_NOT_INITIALIZED
    WARNING: GigaTIME failed on patch (40960, 35840): cuDNN error: CUDNN_STATUS_NOT_INITIALIZED
    WARNING: GigaTIME failed on patch (40960, 36864): cuDNN error: CUDNN_STATUS_NOT_INITIALIZED
    WARNING: GigaTIME failed on patch (40960, 37888): cuDNN error: CUDNN_STATUS_NOT_INITIALIZED
    WARNING: GigaTIME failed on patch (40960, 38912): cuDNN error: CUDNN_STATUS_NOT_INITIALIZED
    WARNING: GigaTIME failed on patch (40960, 39936): cuDNN error: CUDNN_STATUS_NOT_INITIALIZED
    WARNING: GigaTIME failed on patch (40960, 40960): cuDNN error: CUDNN_STATUS_NOT_INITIALIZED
    WARNING: GigaTIME failed on patch (40960, 41984): cuDNN error: CUDNN_STATUS_NOT_INITIALIZED
    WARNING: GigaTIME failed on patch (40960, 45056): cuDNN error: CUDNN_STATUS_NOT_INITIALIZED
    WARNING: GigaTIME failed on patch (40960, 46080): cuDNN error: CUDNN_STATUS_NOT_INITIALIZED
    WARNING: GigaTIME failed on patch (40960, 47104): cuDNN error: CUDNN_STATUS_NOT_INITIALIZED
    WARNING: GigaTIME failed on patch (40960, 48128): cuDNN error: CUDNN_STATUS_NOT_INITIALIZED
    WARNING: GigaTIME failed on patch (40960, 49152): cuDNN error: CUDNN_STATUS_NOT_INITIALIZED
    WARNING: GigaTIME failed on patch (40960, 50176): cuDNN error: CUDNN_STATUS_NOT_INITIALIZED
    WARNING: GigaTIME failed on patch (40960, 51200): cuDNN error: CUDNN_STATUS_NOT_INITIALIZED
    WARNING: GigaTIME failed on patch (40960, 52224): cuDNN error: CUDNN_STATUS_NOT_INITIALIZED
    WARNING: GigaTIME failed on patch (40960, 56320): cuDNN error: CUDNN_STATUS_NOT_INITIALIZED
    WARNING: GigaTIME failed on patch (40960, 57344): cuDNN error: CUDNN_STATUS_NOT_INITIALIZED
    WARNING: GigaTIME failed on patch (40960, 58368): cuDNN error: CUDNN_STATUS_NOT_INITIALIZED
    WARNING: GigaTIME failed on patch (40960, 59392): cuDNN error: CUDNN_STATUS_NOT_INITIALIZED
    WARNING: GigaTIME failed on patch (40960, 62464): cuDNN error: CUDNN_STATUS_NOT_INITIALIZED
    WARNING: GigaTIME failed on patch (40960, 63488): cuDNN error: CUDNN_STATUS_NOT_INITIALIZED
    WARNING: GigaTIME failed on patch (40960, 64512): cuDNN error: CUDNN_STATUS_NOT_INITIALIZED
    WARNING: GigaTIME failed on patch (40960, 66560): cuDNN error: CUDNN_STATUS_NOT_INITIALIZED
    WARNING: GigaTIME failed on patch (40960, 67584): cuDNN error: CUDNN_STATUS_NOT_INITIALIZED
    WARNING: GigaTIME failed on patch (40960, 68608): cuDNN error: CUDNN_STATUS_NOT_INITIALIZED
    WARNING: GigaTIME failed on patch (40960, 69632): cuDNN error: CUDNN_STATUS_NOT_INITIALIZED
    WARNING: GigaTIME failed on patch (40960, 70656): cuDNN error: CUDNN_STATUS_NOT_INITIALIZED
    WARNING: GigaTIME failed on patch (40960, 71680): cuDNN error: CUDNN_STATUS_NOT_INITIALIZED
    WARNING: GigaTIME failed on patch (40960, 75776): cuDNN error: CUDNN_STATUS_NOT_INITIALIZED
    WARNING: GigaTIME failed on patch (40960, 76800): cuDNN error: CUDNN_STATUS_NOT_INITIALIZED
    WARNING: GigaTIME failed on patch (40960, 77824): cuDNN error: CUDNN_STATUS_NOT_INITIALIZED
    WARNING: GigaTIME failed on patch (40960, 78848): cuDNN error: CUDNN_STATUS_NOT_INITIALIZED
    WARNING: GigaTIME failed on patch (41984, 19456): cuDNN error: CUDNN_STATUS_NOT_INITIALIZED
    WARNING: GigaTIME failed on patch (41984, 20480): cuDNN error: CUDNN_STATUS_NOT_INITIALIZED
    WARNING: GigaTIME failed on patch (41984, 21504): cuDNN error: CUDNN_STATUS_NOT_INITIALIZED
    WARNING: GigaTIME failed on patch (41984, 22528): cuDNN error: CUDNN_STATUS_NOT_INITIALIZED
    WARNING: GigaTIME failed on patch (41984, 23552): cuDNN error: CUDNN_STATUS_NOT_INITIALIZED
    WARNING: GigaTIME failed on patch (41984, 24576): cuDNN error: CUDNN_STATUS_NOT_INITIALIZED
    WARNING: GigaTIME failed on patch (41984, 25600): cuDNN error: CUDNN_STATUS_NOT_INITIALIZED
    WARNING: GigaTIME failed on patch (41984, 26624): cuDNN error: CUDNN_STATUS_NOT_INITIALIZED
    WARNING: GigaTIME failed on patch (41984, 27648): cuDNN error: CUDNN_STATUS_NOT_INITIALIZED
    WARNING: GigaTIME failed on patch (41984, 28672): cuDNN error: CUDNN_STATUS_NOT_INITIALIZED
    WARNING: GigaTIME failed on patch (41984, 29696): cuDNN error: CUDNN_STATUS_NOT_INITIALIZED
    WARNING: GigaTIME failed on patch (41984, 30720): cuDNN error: CUDNN_STATUS_NOT_INITIALIZED
    WARNING: GigaTIME failed on patch (41984, 31744): cuDNN error: CUDNN_STATUS_NOT_INITIALIZED
    WARNING: GigaTIME failed on patch (41984, 32768): cuDNN error: CUDNN_STATUS_NOT_INITIALIZED
    WARNING: GigaTIME failed on patch (41984, 33792): cuDNN error: CUDNN_STATUS_NOT_INITIALIZED
    WARNING: GigaTIME failed on patch (41984, 34816): cuDNN error: CUDNN_STATUS_NOT_INITIALIZED
    WARNING: GigaTIME failed on patch (41984, 35840): cuDNN error: CUDNN_STATUS_NOT_INITIALIZED
    WARNING: GigaTIME failed on patch (41984, 36864): cuDNN error: CUDNN_STATUS_NOT_INITIALIZED
    WARNING: GigaTIME failed on patch (41984, 37888): cuDNN error: CUDNN_STATUS_NOT_INITIALIZED
    WARNING: GigaTIME failed on patch (41984, 38912): cuDNN error: CUDNN_STATUS_NOT_INITIALIZED
    WARNING: GigaTIME failed on patch (41984, 39936): cuDNN error: CUDNN_STATUS_NOT_INITIALIZED
    WARNING: GigaTIME failed on patch (41984, 40960): cuDNN error: CUDNN_STATUS_NOT_INITIALIZED
    WARNING: GigaTIME failed on patch (41984, 41984): cuDNN error: CUDNN_STATUS_NOT_INITIALIZED
    WARNING: GigaTIME failed on patch (41984, 43008): cuDNN error: CUDNN_STATUS_NOT_INITIALIZED
    WARNING: GigaTIME failed on patch (41984, 44032): cuDNN error: CUDNN_STATUS_NOT_INITIALIZED
    WARNING: GigaTIME failed on patch (41984, 45056): cuDNN error: CUDNN_STATUS_NOT_INITIALIZED
    WARNING: GigaTIME failed on patch (41984, 46080): cuDNN error: CUDNN_STATUS_NOT_INITIALIZED
    WARNING: GigaTIME failed on patch (41984, 47104): cuDNN error: CUDNN_STATUS_NOT_INITIALIZED
    WARNING: GigaTIME failed on patch (41984, 48128): cuDNN error: CUDNN_STATUS_NOT_INITIALIZED
    WARNING: GigaTIME failed on patch (41984, 49152): cuDNN error: CUDNN_STATUS_NOT_INITIALIZED
    WARNING: GigaTIME failed on patch (41984, 50176): cuDNN error: CUDNN_STATUS_NOT_INITIALIZED
    WARNING: GigaTIME failed on patch (41984, 51200): cuDNN error: CUDNN_STATUS_NOT_INITIALIZED
    WARNING: GigaTIME failed on patch (41984, 52224): cuDNN error: CUDNN_STATUS_NOT_INITIALIZED
    WARNING: GigaTIME failed on patch (41984, 53248): cuDNN error: CUDNN_STATUS_NOT_INITIALIZED
    WARNING: GigaTIME failed on patch (41984, 63488): cuDNN error: CUDNN_STATUS_NOT_INITIALIZED
    WARNING: GigaTIME failed on patch (41984, 64512): cuDNN error: CUDNN_STATUS_NOT_INITIALIZED
    WARNING: GigaTIME failed on patch (41984, 69632): cuDNN error: CUDNN_STATUS_NOT_INITIALIZED
    WARNING: GigaTIME failed on patch (41984, 70656): cuDNN error: CUDNN_STATUS_NOT_INITIALIZED
    WARNING: GigaTIME failed on patch (41984, 74752): cuDNN error: CUDNN_STATUS_NOT_INITIALIZED
    WARNING: GigaTIME failed on patch (41984, 75776): cuDNN error: CUDNN_STATUS_NOT_INITIALIZED
    WARNING: GigaTIME failed on patch (43008, 19456): cuDNN error: CUDNN_STATUS_NOT_INITIALIZED
    WARNING: GigaTIME failed on patch (43008, 20480): cuDNN error: CUDNN_STATUS_NOT_INITIALIZED
    WARNING: GigaTIME failed on patch (43008, 21504): cuDNN error: CUDNN_STATUS_NOT_INITIALIZED
    WARNING: GigaTIME failed on patch (43008, 22528): cuDNN error: CUDNN_STATUS_NOT_INITIALIZED
    WARNING: GigaTIME failed on patch (43008, 23552): cuDNN error: CUDNN_STATUS_NOT_INITIALIZED
    WARNING: GigaTIME failed on patch (43008, 24576): cuDNN error: CUDNN_STATUS_NOT_INITIALIZED
    WARNING: GigaTIME failed on patch (43008, 25600): cuDNN error: CUDNN_STATUS_NOT_INITIALIZED
    WARNING: GigaTIME failed on patch (43008, 26624): cuDNN error: CUDNN_STATUS_NOT_INITIALIZED
    WARNING: GigaTIME failed on patch (43008, 27648): cuDNN error: CUDNN_STATUS_NOT_INITIALIZED
    WARNING: GigaTIME failed on patch (43008, 28672): cuDNN error: CUDNN_STATUS_NOT_INITIALIZED
    WARNING: GigaTIME failed on patch (43008, 29696): cuDNN error: CUDNN_STATUS_NOT_INITIALIZED
    WARNING: GigaTIME failed on patch (43008, 30720): cuDNN error: CUDNN_STATUS_NOT_INITIALIZED
    WARNING: GigaTIME failed on patch (43008, 31744): cuDNN error: CUDNN_STATUS_NOT_INITIALIZED
    WARNING: GigaTIME failed on patch (43008, 32768): cuDNN error: CUDNN_STATUS_NOT_INITIALIZED
    WARNING: GigaTIME failed on patch (43008, 33792): cuDNN error: CUDNN_STATUS_NOT_INITIALIZED
    WARNING: GigaTIME failed on patch (43008, 34816): cuDNN error: CUDNN_STATUS_NOT_INITIALIZED
    WARNING: GigaTIME failed on patch (43008, 35840): cuDNN error: CUDNN_STATUS_NOT_INITIALIZED
    WARNING: GigaTIME failed on patch (43008, 36864): cuDNN error: CUDNN_STATUS_NOT_INITIALIZED
    WARNING: GigaTIME failed on patch (43008, 37888): cuDNN error: CUDNN_STATUS_NOT_INITIALIZED
    WARNING: GigaTIME failed on patch (43008, 38912): cuDNN error: CUDNN_STATUS_NOT_INITIALIZED
    WARNING: GigaTIME failed on patch (43008, 39936): cuDNN error: CUDNN_STATUS_NOT_INITIALIZED
    WARNING: GigaTIME failed on patch (43008, 40960): cuDNN error: CUDNN_STATUS_NOT_INITIALIZED
    WARNING: GigaTIME failed on patch (43008, 41984): cuDNN error: CUDNN_STATUS_NOT_INITIALIZED
    WARNING: GigaTIME failed on patch (43008, 43008): cuDNN error: CUDNN_STATUS_NOT_INITIALIZED
    WARNING: GigaTIME failed on patch (43008, 44032): cuDNN error: CUDNN_STATUS_NOT_INITIALIZED
    WARNING: GigaTIME failed on patch (43008, 45056): cuDNN error: CUDNN_STATUS_NOT_INITIALIZED
    WARNING: GigaTIME failed on patch (43008, 46080): cuDNN error: CUDNN_STATUS_NOT_INITIALIZED
    WARNING: GigaTIME failed on patch (43008, 47104): cuDNN error: CUDNN_STATUS_NOT_INITIALIZED
    WARNING: GigaTIME failed on patch (43008, 48128): cuDNN error: CUDNN_STATUS_NOT_INITIALIZED
    WARNING: GigaTIME failed on patch (43008, 49152): cuDNN error: CUDNN_STATUS_NOT_INITIALIZED
    WARNING: GigaTIME failed on patch (43008, 50176): cuDNN error: CUDNN_STATUS_NOT_INITIALIZED
    WARNING: GigaTIME failed on patch (43008, 51200): cuDNN error: CUDNN_STATUS_NOT_INITIALIZED
    WARNING: GigaTIME failed on patch (43008, 52224): cuDNN error: CUDNN_STATUS_NOT_INITIALIZED
    WARNING: GigaTIME failed on patch (43008, 53248): cuDNN error: CUDNN_STATUS_NOT_INITIALIZED
    WARNING: GigaTIME failed on patch (43008, 64512): cuDNN error: CUDNN_STATUS_NOT_INITIALIZED
    WARNING: GigaTIME failed on patch (43008, 65536): cuDNN error: CUDNN_STATUS_NOT_INITIALIZED
    WARNING: GigaTIME failed on patch (43008, 66560): cuDNN error: CUDNN_STATUS_NOT_INITIALIZED
    WARNING: GigaTIME failed on patch (43008, 67584): cuDNN error: CUDNN_STATUS_NOT_INITIALIZED
    WARNING: GigaTIME failed on patch (43008, 68608): cuDNN error: CUDNN_STATUS_NOT_INITIALIZED
    WARNING: GigaTIME failed on patch (43008, 71680): cuDNN error: CUDNN_STATUS_NOT_INITIALIZED
    WARNING: GigaTIME failed on patch (43008, 72704): cuDNN error: CUDNN_STATUS_NOT_INITIALIZED
    WARNING: GigaTIME failed on patch (43008, 73728): cuDNN error: CUDNN_STATUS_NOT_INITIALIZED
    WARNING: GigaTIME failed on patch (44032, 19456): cuDNN error: CUDNN_STATUS_NOT_INITIALIZED
    WARNING: GigaTIME failed on patch (44032, 20480): cuDNN error: CUDNN_STATUS_NOT_INITIALIZED
    WARNING: GigaTIME failed on patch (44032, 21504): cuDNN error: CUDNN_STATUS_NOT_INITIALIZED
    WARNING: GigaTIME failed on patch (44032, 22528): cuDNN error: CUDNN_STATUS_NOT_INITIALIZED
    WARNING: GigaTIME failed on patch (44032, 23552): cuDNN error: CUDNN_STATUS_NOT_INITIALIZED
    WARNING: GigaTIME failed on patch (44032, 24576): cuDNN error: CUDNN_STATUS_NOT_INITIALIZED
    WARNING: GigaTIME failed on patch (44032, 25600): cuDNN error: CUDNN_STATUS_NOT_INITIALIZED
    WARNING: GigaTIME failed on patch (44032, 26624): cuDNN error: CUDNN_STATUS_NOT_INITIALIZED
    WARNING: GigaTIME failed on patch (44032, 27648): cuDNN error: CUDNN_STATUS_NOT_INITIALIZED
    WARNING: GigaTIME failed on patch (44032, 28672): cuDNN error: CUDNN_STATUS_NOT_INITIALIZED
    WARNING: GigaTIME failed on patch (44032, 29696): cuDNN error: CUDNN_STATUS_NOT_INITIALIZED
    WARNING: GigaTIME failed on patch (44032, 30720): cuDNN error: CUDNN_STATUS_NOT_INITIALIZED
    WARNING: GigaTIME failed on patch (44032, 31744): cuDNN error: CUDNN_STATUS_NOT_INITIALIZED
    WARNING: GigaTIME failed on patch (44032, 32768): cuDNN error: CUDNN_STATUS_NOT_INITIALIZED
    WARNING: GigaTIME failed on patch (44032, 33792): cuDNN error: CUDNN_STATUS_NOT_INITIALIZED
    WARNING: GigaTIME failed on patch (44032, 34816): cuDNN error: CUDNN_STATUS_NOT_INITIALIZED
    WARNING: GigaTIME failed on patch (44032, 35840): cuDNN error: CUDNN_STATUS_NOT_INITIALIZED
    WARNING: GigaTIME failed on patch (44032, 36864): cuDNN error: CUDNN_STATUS_NOT_INITIALIZED
    WARNING: GigaTIME failed on patch (44032, 37888): cuDNN error: CUDNN_STATUS_NOT_INITIALIZED
    WARNING: GigaTIME failed on patch (44032, 38912): cuDNN error: CUDNN_STATUS_NOT_INITIALIZED
    WARNING: GigaTIME failed on patch (44032, 39936): cuDNN error: CUDNN_STATUS_NOT_INITIALIZED
    WARNING: GigaTIME failed on patch (44032, 40960): cuDNN error: CUDNN_STATUS_NOT_INITIALIZED
    WARNING: GigaTIME failed on patch (44032, 41984): cuDNN error: CUDNN_STATUS_NOT_INITIALIZED
    WARNING: GigaTIME failed on patch (44032, 43008): cuDNN error: CUDNN_STATUS_NOT_INITIALIZED
    WARNING: GigaTIME failed on patch (44032, 44032): cuDNN error: CUDNN_STATUS_NOT_INITIALIZED
    WARNING: GigaTIME failed on patch (44032, 45056): cuDNN error: CUDNN_STATUS_NOT_INITIALIZED
    WARNING: GigaTIME failed on patch (44032, 46080): cuDNN error: CUDNN_STATUS_NOT_INITIALIZED
    WARNING: GigaTIME failed on patch (44032, 47104): cuDNN error: CUDNN_STATUS_NOT_INITIALIZED
    WARNING: GigaTIME failed on patch (44032, 48128): cuDNN error: CUDNN_STATUS_NOT_INITIALIZED
    WARNING: GigaTIME failed on patch (44032, 49152): cuDNN error: CUDNN_STATUS_NOT_INITIALIZED
    WARNING: GigaTIME failed on patch (44032, 50176): cuDNN error: CUDNN_STATUS_NOT_INITIALIZED
    WARNING: GigaTIME failed on patch (44032, 51200): cuDNN error: CUDNN_STATUS_NOT_INITIALIZED
    WARNING: GigaTIME failed on patch (44032, 66560): cuDNN error: CUDNN_STATUS_NOT_INITIALIZED
    WARNING: GigaTIME failed on patch (44032, 67584): cuDNN error: CUDNN_STATUS_NOT_INITIALIZED
    WARNING: GigaTIME failed on patch (44032, 68608): cuDNN error: CUDNN_STATUS_NOT_INITIALIZED
    WARNING: GigaTIME failed on patch (44032, 69632): cuDNN error: CUDNN_STATUS_NOT_INITIALIZED
    WARNING: GigaTIME failed on patch (44032, 70656): cuDNN error: CUDNN_STATUS_NOT_INITIALIZED
    WARNING: GigaTIME failed on patch (44032, 71680): cuDNN error: CUDNN_STATUS_NOT_INITIALIZED
    WARNING: GigaTIME failed on patch (45056, 19456): cuDNN error: CUDNN_STATUS_NOT_INITIALIZED
    WARNING: GigaTIME failed on patch (45056, 20480): cuDNN error: CUDNN_STATUS_NOT_INITIALIZED
    WARNING: GigaTIME failed on patch (45056, 21504): cuDNN error: CUDNN_STATUS_NOT_INITIALIZED
    WARNING: GigaTIME failed on patch (45056, 22528): cuDNN error: CUDNN_STATUS_NOT_INITIALIZED
    WARNING: GigaTIME failed on patch (45056, 23552): cuDNN error: CUDNN_STATUS_NOT_INITIALIZED
    WARNING: GigaTIME failed on patch (45056, 24576): cuDNN error: CUDNN_STATUS_NOT_INITIALIZED
    WARNING: GigaTIME failed on patch (45056, 25600): cuDNN error: CUDNN_STATUS_NOT_INITIALIZED
    WARNING: GigaTIME failed on patch (45056, 26624): cuDNN error: CUDNN_STATUS_NOT_INITIALIZED
    WARNING: GigaTIME failed on patch (45056, 27648): cuDNN error: CUDNN_STATUS_NOT_INITIALIZED
    WARNING: GigaTIME failed on patch (45056, 28672): cuDNN error: CUDNN_STATUS_NOT_INITIALIZED
    WARNING: GigaTIME failed on patch (45056, 29696): cuDNN error: CUDNN_STATUS_NOT_INITIALIZED
    WARNING: GigaTIME failed on patch (45056, 30720): cuDNN error: CUDNN_STATUS_NOT_INITIALIZED
    WARNING: GigaTIME failed on patch (45056, 31744): cuDNN error: CUDNN_STATUS_NOT_INITIALIZED
    WARNING: GigaTIME failed on patch (45056, 32768): cuDNN error: CUDNN_STATUS_NOT_INITIALIZED
    WARNING: GigaTIME failed on patch (45056, 33792): cuDNN error: CUDNN_STATUS_NOT_INITIALIZED
    WARNING: GigaTIME failed on patch (45056, 37888): cuDNN error: CUDNN_STATUS_NOT_INITIALIZED
    WARNING: GigaTIME failed on patch (45056, 38912): cuDNN error: CUDNN_STATUS_NOT_INITIALIZED
    WARNING: GigaTIME failed on patch (45056, 39936): cuDNN error: CUDNN_STATUS_NOT_INITIALIZED
    WARNING: GigaTIME failed on patch (45056, 40960): cuDNN error: CUDNN_STATUS_NOT_INITIALIZED
    WARNING: GigaTIME failed on patch (45056, 41984): cuDNN error: CUDNN_STATUS_NOT_INITIALIZED
    WARNING: GigaTIME failed on patch (45056, 43008): cuDNN error: CUDNN_STATUS_NOT_INITIALIZED
    WARNING: GigaTIME failed on patch (45056, 44032): cuDNN error: CUDNN_STATUS_NOT_INITIALIZED
    WARNING: GigaTIME failed on patch (45056, 45056): cuDNN error: CUDNN_STATUS_NOT_INITIALIZED
    WARNING: GigaTIME failed on patch (45056, 46080): cuDNN error: CUDNN_STATUS_NOT_INITIALIZED
    WARNING: GigaTIME failed on patch (45056, 47104): cuDNN error: CUDNN_STATUS_NOT_INITIALIZED
    WARNING: GigaTIME failed on patch (45056, 48128): cuDNN error: CUDNN_STATUS_NOT_INITIALIZED
    WARNING: GigaTIME failed on patch (45056, 49152): cuDNN error: CUDNN_STATUS_NOT_INITIALIZED
    WARNING: GigaTIME failed on patch (45056, 50176): cuDNN error: CUDNN_STATUS_NOT_INITIALIZED
    WARNING: GigaTIME failed on patch (45056, 61440): cuDNN error: CUDNN_STATUS_NOT_INITIALIZED
    WARNING: GigaTIME failed on patch (45056, 69632): cuDNN error: CUDNN_STATUS_NOT_INITIALIZED
    WARNING: GigaTIME failed on patch (45056, 70656): cuDNN error: CUDNN_STATUS_NOT_INITIALIZED
    WARNING: GigaTIME failed on patch (45056, 71680): cuDNN error: CUDNN_STATUS_NOT_INITIALIZED
    WARNING: GigaTIME failed on patch (46080, 19456): cuDNN error: CUDNN_STATUS_NOT_INITIALIZED
    WARNING: GigaTIME failed on patch (46080, 20480): cuDNN error: CUDNN_STATUS_NOT_INITIALIZED
    WARNING: GigaTIME failed on patch (46080, 21504): cuDNN error: CUDNN_STATUS_NOT_INITIALIZED
    WARNING: GigaTIME failed on patch (46080, 22528): cuDNN error: CUDNN_STATUS_NOT_INITIALIZED
    WARNING: GigaTIME failed on patch (46080, 23552): cuDNN error: CUDNN_STATUS_NOT_INITIALIZED
    WARNING: GigaTIME failed on patch (46080, 24576): cuDNN error: CUDNN_STATUS_NOT_INITIALIZED
    WARNING: GigaTIME failed on patch (46080, 25600): cuDNN error: CUDNN_STATUS_NOT_INITIALIZED
    WARNING: GigaTIME failed on patch (46080, 26624): cuDNN error: CUDNN_STATUS_NOT_INITIALIZED
    WARNING: GigaTIME failed on patch (46080, 27648): cuDNN error: CUDNN_STATUS_NOT_INITIALIZED
    WARNING: GigaTIME failed on patch (46080, 28672): cuDNN error: CUDNN_STATUS_NOT_INITIALIZED
    WARNING: GigaTIME failed on patch (46080, 29696): cuDNN error: CUDNN_STATUS_NOT_INITIALIZED
    WARNING: GigaTIME failed on patch (46080, 30720): cuDNN error: CUDNN_STATUS_NOT_INITIALIZED
    WARNING: GigaTIME failed on patch (46080, 31744): cuDNN error: CUDNN_STATUS_NOT_INITIALIZED
    WARNING: GigaTIME failed on patch (46080, 32768): cuDNN error: CUDNN_STATUS_NOT_INITIALIZED
    WARNING: GigaTIME failed on patch (46080, 37888): cuDNN error: CUDNN_STATUS_NOT_INITIALIZED
    WARNING: GigaTIME failed on patch (46080, 38912): cuDNN error: CUDNN_STATUS_NOT_INITIALIZED
    WARNING: GigaTIME failed on patch (46080, 39936): cuDNN error: CUDNN_STATUS_NOT_INITIALIZED
    WARNING: GigaTIME failed on patch (46080, 40960): cuDNN error: CUDNN_STATUS_NOT_INITIALIZED
    WARNING: GigaTIME failed on patch (46080, 41984): cuDNN error: CUDNN_STATUS_NOT_INITIALIZED
    WARNING: GigaTIME failed on patch (46080, 43008): cuDNN error: CUDNN_STATUS_NOT_INITIALIZED
    WARNING: GigaTIME failed on patch (46080, 44032): cuDNN error: CUDNN_STATUS_NOT_INITIALIZED
    WARNING: GigaTIME failed on patch (46080, 45056): cuDNN error: CUDNN_STATUS_NOT_INITIALIZED
    WARNING: GigaTIME failed on patch (46080, 46080): cuDNN error: CUDNN_STATUS_NOT_INITIALIZED
    WARNING: GigaTIME failed on patch (46080, 47104): cuDNN error: CUDNN_STATUS_NOT_INITIALIZED
    WARNING: GigaTIME failed on patch (46080, 53248): cuDNN error: CUDNN_STATUS_NOT_INITIALIZED
    WARNING: GigaTIME failed on patch (46080, 60416): cuDNN error: CUDNN_STATUS_NOT_INITIALIZED
    WARNING: GigaTIME failed on patch (46080, 61440): cuDNN error: CUDNN_STATUS_NOT_INITIALIZED
    WARNING: GigaTIME failed on patch (46080, 69632): cuDNN error: CUDNN_STATUS_NOT_INITIALIZED
    WARNING: GigaTIME failed on patch (47104, 20480): cuDNN error: CUDNN_STATUS_NOT_INITIALIZED
    WARNING: GigaTIME failed on patch (47104, 21504): cuDNN error: CUDNN_STATUS_NOT_INITIALIZED
    WARNING: GigaTIME failed on patch (47104, 22528): cuDNN error: CUDNN_STATUS_NOT_INITIALIZED
    WARNING: GigaTIME failed on patch (47104, 23552): cuDNN error: CUDNN_STATUS_NOT_INITIALIZED
    WARNING: GigaTIME failed on patch (47104, 24576): cuDNN error: CUDNN_STATUS_NOT_INITIALIZED
    WARNING: GigaTIME failed on patch (47104, 25600): cuDNN error: CUDNN_STATUS_NOT_INITIALIZED
    WARNING: GigaTIME failed on patch (47104, 26624): cuDNN error: CUDNN_STATUS_NOT_INITIALIZED
    WARNING: GigaTIME failed on patch (47104, 27648): cuDNN error: CUDNN_STATUS_NOT_INITIALIZED
    WARNING: GigaTIME failed on patch (47104, 28672): cuDNN error: CUDNN_STATUS_NOT_INITIALIZED
    WARNING: GigaTIME failed on patch (47104, 29696): cuDNN error: CUDNN_STATUS_NOT_INITIALIZED
    WARNING: GigaTIME failed on patch (47104, 30720): cuDNN error: CUDNN_STATUS_NOT_INITIALIZED
    WARNING: GigaTIME failed on patch (47104, 31744): cuDNN error: CUDNN_STATUS_NOT_INITIALIZED
    WARNING: GigaTIME failed on patch (47104, 32768): cuDNN error: CUDNN_STATUS_NOT_INITIALIZED
    WARNING: GigaTIME failed on patch (47104, 37888): cuDNN error: CUDNN_STATUS_NOT_INITIALIZED
    WARNING: GigaTIME failed on patch (47104, 38912): cuDNN error: CUDNN_STATUS_NOT_INITIALIZED
    WARNING: GigaTIME failed on patch (47104, 39936): cuDNN error: CUDNN_STATUS_NOT_INITIALIZED
    WARNING: GigaTIME failed on patch (47104, 40960): cuDNN error: CUDNN_STATUS_NOT_INITIALIZED
    WARNING: GigaTIME failed on patch (47104, 41984): cuDNN error: CUDNN_STATUS_NOT_INITIALIZED
    WARNING: GigaTIME failed on patch (47104, 43008): cuDNN error: CUDNN_STATUS_NOT_INITIALIZED
    WARNING: GigaTIME failed on patch (47104, 44032): cuDNN error: CUDNN_STATUS_NOT_INITIALIZED
    WARNING: GigaTIME failed on patch (47104, 45056): cuDNN error: CUDNN_STATUS_NOT_INITIALIZED
    WARNING: GigaTIME failed on patch (47104, 46080): cuDNN error: CUDNN_STATUS_NOT_INITIALIZED
    WARNING: GigaTIME failed on patch (47104, 50176): cuDNN error: CUDNN_STATUS_NOT_INITIALIZED
    WARNING: GigaTIME failed on patch (47104, 51200): cuDNN error: CUDNN_STATUS_NOT_INITIALIZED
    WARNING: GigaTIME failed on patch (47104, 52224): cuDNN error: CUDNN_STATUS_NOT_INITIALIZED
    WARNING: GigaTIME failed on patch (47104, 59392): cuDNN error: CUDNN_STATUS_NOT_INITIALIZED
    WARNING: GigaTIME failed on patch (47104, 60416): cuDNN error: CUDNN_STATUS_NOT_INITIALIZED
    WARNING: GigaTIME failed on patch (47104, 61440): cuDNN error: CUDNN_STATUS_NOT_INITIALIZED
    WARNING: GigaTIME failed on patch (47104, 69632): cuDNN error: CUDNN_STATUS_NOT_INITIALIZED
    WARNING: GigaTIME failed on patch (48128, 20480): cuDNN error: CUDNN_STATUS_NOT_INITIALIZED
    WARNING: GigaTIME failed on patch (48128, 21504): cuDNN error: CUDNN_STATUS_NOT_INITIALIZED
    WARNING: GigaTIME failed on patch (48128, 22528): cuDNN error: CUDNN_STATUS_NOT_INITIALIZED
    WARNING: GigaTIME failed on patch (48128, 23552): cuDNN error: CUDNN_STATUS_NOT_INITIALIZED
    WARNING: GigaTIME failed on patch (48128, 24576): cuDNN error: CUDNN_STATUS_NOT_INITIALIZED
    WARNING: GigaTIME failed on patch (48128, 25600): cuDNN error: CUDNN_STATUS_NOT_INITIALIZED
    WARNING: GigaTIME failed on patch (48128, 26624): cuDNN error: CUDNN_STATUS_NOT_INITIALIZED
    WARNING: GigaTIME failed on patch (48128, 27648): cuDNN error: CUDNN_STATUS_NOT_INITIALIZED
    WARNING: GigaTIME failed on patch (48128, 28672): cuDNN error: CUDNN_STATUS_NOT_INITIALIZED
    WARNING: GigaTIME failed on patch (48128, 29696): cuDNN error: CUDNN_STATUS_NOT_INITIALIZED
    WARNING: GigaTIME failed on patch (48128, 30720): cuDNN error: CUDNN_STATUS_NOT_INITIALIZED
    WARNING: GigaTIME failed on patch (48128, 31744): cuDNN error: CUDNN_STATUS_NOT_INITIALIZED
    WARNING: GigaTIME failed on patch (48128, 36864): cuDNN error: CUDNN_STATUS_NOT_INITIALIZED
    WARNING: GigaTIME failed on patch (48128, 37888): cuDNN error: CUDNN_STATUS_NOT_INITIALIZED
    WARNING: GigaTIME failed on patch (48128, 38912): cuDNN error: CUDNN_STATUS_NOT_INITIALIZED
    WARNING: GigaTIME failed on patch (48128, 39936): cuDNN error: CUDNN_STATUS_NOT_INITIALIZED
    WARNING: GigaTIME failed on patch (48128, 40960): cuDNN error: CUDNN_STATUS_NOT_INITIALIZED
    WARNING: GigaTIME failed on patch (48128, 41984): cuDNN error: CUDNN_STATUS_NOT_INITIALIZED
    WARNING: GigaTIME failed on patch (48128, 43008): cuDNN error: CUDNN_STATUS_NOT_INITIALIZED
    WARNING: GigaTIME failed on patch (48128, 48128): cuDNN error: CUDNN_STATUS_NOT_INITIALIZED
    WARNING: GigaTIME failed on patch (48128, 50176): cuDNN error: CUDNN_STATUS_NOT_INITIALIZED
    WARNING: GigaTIME failed on patch (48128, 51200): cuDNN error: CUDNN_STATUS_NOT_INITIALIZED
    WARNING: GigaTIME failed on patch (48128, 58368): cuDNN error: CUDNN_STATUS_NOT_INITIALIZED
    WARNING: GigaTIME failed on patch (48128, 59392): cuDNN error: CUDNN_STATUS_NOT_INITIALIZED
    WARNING: GigaTIME failed on patch (48128, 60416): cuDNN error: CUDNN_STATUS_NOT_INITIALIZED
    WARNING: GigaTIME failed on patch (48128, 61440): cuDNN error: CUDNN_STATUS_NOT_INITIALIZED
    WARNING: GigaTIME failed on patch (48128, 68608): cuDNN error: CUDNN_STATUS_NOT_INITIALIZED
    WARNING: GigaTIME failed on patch (49152, 20480): cuDNN error: CUDNN_STATUS_NOT_INITIALIZED
    WARNING: GigaTIME failed on patch (49152, 21504): cuDNN error: CUDNN_STATUS_NOT_INITIALIZED
    WARNING: GigaTIME failed on patch (49152, 22528): cuDNN error: CUDNN_STATUS_NOT_INITIALIZED
    WARNING: GigaTIME failed on patch (49152, 23552): cuDNN error: CUDNN_STATUS_NOT_INITIALIZED
    WARNING: GigaTIME failed on patch (49152, 24576): cuDNN error: CUDNN_STATUS_NOT_INITIALIZED
    WARNING: GigaTIME failed on patch (49152, 25600): cuDNN error: CUDNN_STATUS_NOT_INITIALIZED
    WARNING: GigaTIME failed on patch (49152, 26624): cuDNN error: CUDNN_STATUS_NOT_INITIALIZED
    WARNING: GigaTIME failed on patch (49152, 27648): cuDNN error: CUDNN_STATUS_NOT_INITIALIZED
    WARNING: GigaTIME failed on patch (49152, 28672): cuDNN error: CUDNN_STATUS_NOT_INITIALIZED
    WARNING: GigaTIME failed on patch (49152, 29696): cuDNN error: CUDNN_STATUS_NOT_INITIALIZED
    WARNING: GigaTIME failed on patch (49152, 30720): cuDNN error: CUDNN_STATUS_NOT_INITIALIZED
    WARNING: GigaTIME failed on patch (49152, 31744): cuDNN error: CUDNN_STATUS_NOT_INITIALIZED
    WARNING: GigaTIME failed on patch (49152, 36864): cuDNN error: CUDNN_STATUS_NOT_INITIALIZED
    WARNING: GigaTIME failed on patch (49152, 37888): cuDNN error: CUDNN_STATUS_NOT_INITIALIZED
    WARNING: GigaTIME failed on patch (49152, 38912): cuDNN error: CUDNN_STATUS_NOT_INITIALIZED
    WARNING: GigaTIME failed on patch (49152, 39936): cuDNN error: CUDNN_STATUS_NOT_INITIALIZED
    WARNING: GigaTIME failed on patch (49152, 40960): cuDNN error: CUDNN_STATUS_NOT_INITIALIZED
    WARNING: GigaTIME failed on patch (49152, 41984): cuDNN error: CUDNN_STATUS_NOT_INITIALIZED
    WARNING: GigaTIME failed on patch (49152, 43008): cuDNN error: CUDNN_STATUS_NOT_INITIALIZED
    WARNING: GigaTIME failed on patch (49152, 44032): cuDNN error: CUDNN_STATUS_NOT_INITIALIZED
    WARNING: GigaTIME failed on patch (49152, 45056): cuDNN error: CUDNN_STATUS_NOT_INITIALIZED
    WARNING: GigaTIME failed on patch (49152, 46080): cuDNN error: CUDNN_STATUS_NOT_INITIALIZED
    WARNING: GigaTIME failed on patch (49152, 58368): cuDNN error: CUDNN_STATUS_NOT_INITIALIZED
    WARNING: GigaTIME failed on patch (49152, 59392): cuDNN error: CUDNN_STATUS_NOT_INITIALIZED
    WARNING: GigaTIME failed on patch (49152, 60416): cuDNN error: CUDNN_STATUS_NOT_INITIALIZED
    WARNING: GigaTIME failed on patch (49152, 61440): cuDNN error: CUDNN_STATUS_NOT_INITIALIZED
    WARNING: GigaTIME failed on patch (49152, 67584): cuDNN error: CUDNN_STATUS_NOT_INITIALIZED
    WARNING: GigaTIME failed on patch (50176, 20480): cuDNN error: CUDNN_STATUS_NOT_INITIALIZED
    WARNING: GigaTIME failed on patch (50176, 21504): cuDNN error: CUDNN_STATUS_NOT_INITIALIZED
    WARNING: GigaTIME failed on patch (50176, 22528): cuDNN error: CUDNN_STATUS_NOT_INITIALIZED
    WARNING: GigaTIME failed on patch (50176, 23552): cuDNN error: CUDNN_STATUS_NOT_INITIALIZED
    WARNING: GigaTIME failed on patch (50176, 24576): cuDNN error: CUDNN_STATUS_NOT_INITIALIZED
    WARNING: GigaTIME failed on patch (50176, 25600): cuDNN error: CUDNN_STATUS_NOT_INITIALIZED
    WARNING: GigaTIME failed on patch (50176, 26624): cuDNN error: CUDNN_STATUS_NOT_INITIALIZED
    WARNING: GigaTIME failed on patch (50176, 27648): cuDNN error: CUDNN_STATUS_NOT_INITIALIZED
    WARNING: GigaTIME failed on patch (50176, 28672): cuDNN error: CUDNN_STATUS_NOT_INITIALIZED
    WARNING: GigaTIME failed on patch (50176, 29696): cuDNN error: CUDNN_STATUS_NOT_INITIALIZED
    WARNING: GigaTIME failed on patch (50176, 30720): cuDNN error: CUDNN_STATUS_NOT_INITIALIZED
    WARNING: GigaTIME failed on patch (50176, 31744): cuDNN error: CUDNN_STATUS_NOT_INITIALIZED
    WARNING: GigaTIME failed on patch (50176, 32768): cuDNN error: CUDNN_STATUS_NOT_INITIALIZED
    WARNING: GigaTIME failed on patch (50176, 36864): cuDNN error: CUDNN_STATUS_NOT_INITIALIZED
    WARNING: GigaTIME failed on patch (50176, 37888): cuDNN error: CUDNN_STATUS_NOT_INITIALIZED
    WARNING: GigaTIME failed on patch (50176, 38912): cuDNN error: CUDNN_STATUS_NOT_INITIALIZED
    WARNING: GigaTIME failed on patch (50176, 39936): cuDNN error: CUDNN_STATUS_NOT_INITIALIZED
    WARNING: GigaTIME failed on patch (50176, 40960): cuDNN error: CUDNN_STATUS_NOT_INITIALIZED
    WARNING: GigaTIME failed on patch (50176, 41984): cuDNN error: CUDNN_STATUS_NOT_INITIALIZED
    WARNING: GigaTIME failed on patch (50176, 43008): cuDNN error: CUDNN_STATUS_NOT_INITIALIZED
    WARNING: GigaTIME failed on patch (50176, 44032): cuDNN error: CUDNN_STATUS_NOT_INITIALIZED
    WARNING: GigaTIME failed on patch (50176, 45056): cuDNN error: CUDNN_STATUS_NOT_INITIALIZED
    WARNING: GigaTIME failed on patch (50176, 46080): cuDNN error: CUDNN_STATUS_NOT_INITIALIZED
    WARNING: GigaTIME failed on patch (50176, 49152): cuDNN error: CUDNN_STATUS_NOT_INITIALIZED
    WARNING: GigaTIME failed on patch (50176, 50176): cuDNN error: CUDNN_STATUS_NOT_INITIALIZED
    WARNING: GigaTIME failed on patch (50176, 57344): cuDNN error: CUDNN_STATUS_NOT_INITIALIZED
    WARNING: GigaTIME failed on patch (50176, 58368): cuDNN error: CUDNN_STATUS_NOT_INITIALIZED
    WARNING: GigaTIME failed on patch (50176, 59392): cuDNN error: CUDNN_STATUS_NOT_INITIALIZED
    WARNING: GigaTIME failed on patch (50176, 60416): cuDNN error: CUDNN_STATUS_NOT_INITIALIZED
    WARNING: GigaTIME failed on patch (50176, 61440): cuDNN error: CUDNN_STATUS_NOT_INITIALIZED
    WARNING: GigaTIME failed on patch (50176, 63488): cuDNN error: CUDNN_STATUS_NOT_INITIALIZED
    WARNING: GigaTIME failed on patch (50176, 64512): cuDNN error: CUDNN_STATUS_NOT_INITIALIZED
    WARNING: GigaTIME failed on patch (50176, 65536): cuDNN error: CUDNN_STATUS_NOT_INITIALIZED
    WARNING: GigaTIME failed on patch (51200, 20480): cuDNN error: CUDNN_STATUS_NOT_INITIALIZED
    WARNING: GigaTIME failed on patch (51200, 21504): cuDNN error: CUDNN_STATUS_NOT_INITIALIZED
    WARNING: GigaTIME failed on patch (51200, 22528): cuDNN error: CUDNN_STATUS_NOT_INITIALIZED
    WARNING: GigaTIME failed on patch (51200, 23552): cuDNN error: CUDNN_STATUS_NOT_INITIALIZED
    WARNING: GigaTIME failed on patch (51200, 24576): cuDNN error: CUDNN_STATUS_NOT_INITIALIZED
    WARNING: GigaTIME failed on patch (51200, 25600): cuDNN error: CUDNN_STATUS_NOT_INITIALIZED
    WARNING: GigaTIME failed on patch (51200, 26624): cuDNN error: CUDNN_STATUS_NOT_INITIALIZED
    WARNING: GigaTIME failed on patch (51200, 27648): cuDNN error: CUDNN_STATUS_NOT_INITIALIZED
    WARNING: GigaTIME failed on patch (51200, 28672): cuDNN error: CUDNN_STATUS_NOT_INITIALIZED
    WARNING: GigaTIME failed on patch (51200, 29696): cuDNN error: CUDNN_STATUS_NOT_INITIALIZED
    WARNING: GigaTIME failed on patch (51200, 30720): cuDNN error: CUDNN_STATUS_NOT_INITIALIZED
    WARNING: GigaTIME failed on patch (51200, 31744): cuDNN error: CUDNN_STATUS_NOT_INITIALIZED
    WARNING: GigaTIME failed on patch (51200, 32768): cuDNN error: CUDNN_STATUS_NOT_INITIALIZED
    WARNING: GigaTIME failed on patch (51200, 33792): cuDNN error: CUDNN_STATUS_NOT_INITIALIZED
    WARNING: GigaTIME failed on patch (51200, 34816): cuDNN error: CUDNN_STATUS_NOT_INITIALIZED
    WARNING: GigaTIME failed on patch (51200, 36864): cuDNN error: CUDNN_STATUS_NOT_INITIALIZED
    WARNING: GigaTIME failed on patch (51200, 37888): cuDNN error: CUDNN_STATUS_NOT_INITIALIZED
    WARNING: GigaTIME failed on patch (51200, 38912): cuDNN error: CUDNN_STATUS_NOT_INITIALIZED
    WARNING: GigaTIME failed on patch (51200, 40960): cuDNN error: CUDNN_STATUS_NOT_INITIALIZED
    WARNING: GigaTIME failed on patch (51200, 41984): cuDNN error: CUDNN_STATUS_NOT_INITIALIZED
    WARNING: GigaTIME failed on patch (51200, 43008): cuDNN error: CUDNN_STATUS_NOT_INITIALIZED
    WARNING: GigaTIME failed on patch (51200, 60416): cuDNN error: CUDNN_STATUS_NOT_INITIALIZED
    WARNING: GigaTIME failed on patch (51200, 61440): cuDNN error: CUDNN_STATUS_NOT_INITIALIZED
    WARNING: GigaTIME failed on patch (51200, 62464): cuDNN error: CUDNN_STATUS_NOT_INITIALIZED
    WARNING: GigaTIME failed on patch (51200, 63488): cuDNN error: CUDNN_STATUS_NOT_INITIALIZED
    WARNING: GigaTIME failed on patch (51200, 66560): cuDNN error: CUDNN_STATUS_NOT_INITIALIZED
    WARNING: GigaTIME failed on patch (52224, 20480): cuDNN error: CUDNN_STATUS_NOT_INITIALIZED
    WARNING: GigaTIME failed on patch (52224, 21504): cuDNN error: CUDNN_STATUS_NOT_INITIALIZED
    WARNING: GigaTIME failed on patch (52224, 22528): cuDNN error: CUDNN_STATUS_NOT_INITIALIZED
    WARNING: GigaTIME failed on patch (52224, 23552): cuDNN error: CUDNN_STATUS_NOT_INITIALIZED
    WARNING: GigaTIME failed on patch (52224, 24576): cuDNN error: CUDNN_STATUS_NOT_INITIALIZED
    WARNING: GigaTIME failed on patch (52224, 25600): cuDNN error: CUDNN_STATUS_NOT_INITIALIZED
    WARNING: GigaTIME failed on patch (52224, 26624): cuDNN error: CUDNN_STATUS_NOT_INITIALIZED
    WARNING: GigaTIME failed on patch (52224, 27648): cuDNN error: CUDNN_STATUS_NOT_INITIALIZED
    WARNING: GigaTIME failed on patch (52224, 28672): cuDNN error: CUDNN_STATUS_NOT_INITIALIZED
    WARNING: GigaTIME failed on patch (52224, 29696): cuDNN error: CUDNN_STATUS_NOT_INITIALIZED
    WARNING: GigaTIME failed on patch (52224, 30720): cuDNN error: CUDNN_STATUS_NOT_INITIALIZED
    WARNING: GigaTIME failed on patch (52224, 31744): cuDNN error: CUDNN_STATUS_NOT_INITIALIZED
    WARNING: GigaTIME failed on patch (52224, 32768): cuDNN error: CUDNN_STATUS_NOT_INITIALIZED
    WARNING: GigaTIME failed on patch (52224, 33792): cuDNN error: CUDNN_STATUS_NOT_INITIALIZED
    WARNING: GigaTIME failed on patch (52224, 34816): cuDNN error: CUDNN_STATUS_NOT_INITIALIZED
    WARNING: GigaTIME failed on patch (52224, 35840): cuDNN error: CUDNN_STATUS_NOT_INITIALIZED
    WARNING: GigaTIME failed on patch (52224, 36864): cuDNN error: CUDNN_STATUS_NOT_INITIALIZED
    WARNING: GigaTIME failed on patch (52224, 37888): cuDNN error: CUDNN_STATUS_NOT_INITIALIZED
    WARNING: GigaTIME failed on patch (52224, 41984): cuDNN error: CUDNN_STATUS_NOT_INITIALIZED
    WARNING: GigaTIME failed on patch (52224, 61440): cuDNN error: CUDNN_STATUS_NOT_INITIALIZED
    WARNING: GigaTIME failed on patch (52224, 62464): cuDNN error: CUDNN_STATUS_NOT_INITIALIZED
    WARNING: GigaTIME failed on patch (52224, 63488): cuDNN error: CUDNN_STATUS_NOT_INITIALIZED
    WARNING: GigaTIME failed on patch (52224, 64512): cuDNN error: CUDNN_STATUS_NOT_INITIALIZED
    WARNING: GigaTIME failed on patch (52224, 65536): cuDNN error: CUDNN_STATUS_NOT_INITIALIZED
    WARNING: GigaTIME failed on patch (53248, 20480): cuDNN error: CUDNN_STATUS_NOT_INITIALIZED
    WARNING: GigaTIME failed on patch (53248, 21504): cuDNN error: CUDNN_STATUS_NOT_INITIALIZED
    WARNING: GigaTIME failed on patch (53248, 22528): cuDNN error: CUDNN_STATUS_NOT_INITIALIZED
    WARNING: GigaTIME failed on patch (53248, 23552): cuDNN error: CUDNN_STATUS_NOT_INITIALIZED
    WARNING: GigaTIME failed on patch (53248, 24576): cuDNN error: CUDNN_STATUS_NOT_INITIALIZED
    WARNING: GigaTIME failed on patch (53248, 25600): cuDNN error: CUDNN_STATUS_NOT_INITIALIZED
    WARNING: GigaTIME failed on patch (53248, 26624): cuDNN error: CUDNN_STATUS_NOT_INITIALIZED
    WARNING: GigaTIME failed on patch (53248, 27648): cuDNN error: CUDNN_STATUS_NOT_INITIALIZED
    WARNING: GigaTIME failed on patch (53248, 28672): cuDNN error: CUDNN_STATUS_NOT_INITIALIZED
    WARNING: GigaTIME failed on patch (53248, 29696): cuDNN error: CUDNN_STATUS_NOT_INITIALIZED
    WARNING: GigaTIME failed on patch (53248, 30720): cuDNN error: CUDNN_STATUS_NOT_INITIALIZED
    WARNING: GigaTIME failed on patch (53248, 31744): cuDNN error: CUDNN_STATUS_NOT_INITIALIZED
    WARNING: GigaTIME failed on patch (53248, 32768): cuDNN error: CUDNN_STATUS_NOT_INITIALIZED
    WARNING: GigaTIME failed on patch (53248, 33792): cuDNN error: CUDNN_STATUS_NOT_INITIALIZED
    WARNING: GigaTIME failed on patch (53248, 34816): cuDNN error: CUDNN_STATUS_NOT_INITIALIZED
    WARNING: GigaTIME failed on patch (53248, 35840): cuDNN error: CUDNN_STATUS_NOT_INITIALIZED
    WARNING: GigaTIME failed on patch (53248, 36864): cuDNN error: CUDNN_STATUS_NOT_INITIALIZED
    WARNING: GigaTIME failed on patch (53248, 60416): cuDNN error: CUDNN_STATUS_NOT_INITIALIZED
    WARNING: GigaTIME failed on patch (53248, 61440): cuDNN error: CUDNN_STATUS_NOT_INITIALIZED
    WARNING: GigaTIME failed on patch (53248, 62464): cuDNN error: CUDNN_STATUS_NOT_INITIALIZED
    WARNING: GigaTIME failed on patch (53248, 63488): cuDNN error: CUDNN_STATUS_NOT_INITIALIZED
    WARNING: GigaTIME failed on patch (53248, 64512): cuDNN error: CUDNN_STATUS_NOT_INITIALIZED
    WARNING: GigaTIME failed on patch (54272, 20480): cuDNN error: CUDNN_STATUS_NOT_INITIALIZED
    WARNING: GigaTIME failed on patch (54272, 21504): cuDNN error: CUDNN_STATUS_NOT_INITIALIZED
    WARNING: GigaTIME failed on patch (54272, 22528): cuDNN error: CUDNN_STATUS_NOT_INITIALIZED
    WARNING: GigaTIME failed on patch (54272, 23552): cuDNN error: CUDNN_STATUS_NOT_INITIALIZED
    WARNING: GigaTIME failed on patch (54272, 24576): cuDNN error: CUDNN_STATUS_NOT_INITIALIZED
    WARNING: GigaTIME failed on patch (54272, 25600): cuDNN error: CUDNN_STATUS_NOT_INITIALIZED
    WARNING: GigaTIME failed on patch (54272, 26624): cuDNN error: CUDNN_STATUS_NOT_INITIALIZED
    WARNING: GigaTIME failed on patch (54272, 27648): cuDNN error: CUDNN_STATUS_NOT_INITIALIZED
    WARNING: GigaTIME failed on patch (54272, 28672): cuDNN error: CUDNN_STATUS_NOT_INITIALIZED
    WARNING: GigaTIME failed on patch (54272, 29696): cuDNN error: CUDNN_STATUS_NOT_INITIALIZED
    WARNING: GigaTIME failed on patch (54272, 30720): cuDNN error: CUDNN_STATUS_NOT_INITIALIZED
    WARNING: GigaTIME failed on patch (54272, 31744): cuDNN error: CUDNN_STATUS_NOT_INITIALIZED
    WARNING: GigaTIME failed on patch (54272, 32768): cuDNN error: CUDNN_STATUS_NOT_INITIALIZED
    WARNING: GigaTIME failed on patch (54272, 33792): cuDNN error: CUDNN_STATUS_NOT_INITIALIZED
    WARNING: GigaTIME failed on patch (54272, 34816): cuDNN error: CUDNN_STATUS_NOT_INITIALIZED
    WARNING: GigaTIME failed on patch (54272, 35840): cuDNN error: CUDNN_STATUS_NOT_INITIALIZED
    WARNING: GigaTIME failed on patch (54272, 59392): cuDNN error: CUDNN_STATUS_NOT_INITIALIZED
    WARNING: GigaTIME failed on patch (54272, 60416): cuDNN error: CUDNN_STATUS_NOT_INITIALIZED
    WARNING: GigaTIME failed on patch (54272, 61440): cuDNN error: CUDNN_STATUS_NOT_INITIALIZED
    WARNING: GigaTIME failed on patch (54272, 62464): cuDNN error: CUDNN_STATUS_NOT_INITIALIZED
    WARNING: GigaTIME failed on patch (55296, 20480): cuDNN error: CUDNN_STATUS_NOT_INITIALIZED
    WARNING: GigaTIME failed on patch (55296, 21504): cuDNN error: CUDNN_STATUS_NOT_INITIALIZED
    WARNING: GigaTIME failed on patch (55296, 22528): cuDNN error: CUDNN_STATUS_NOT_INITIALIZED
    WARNING: GigaTIME failed on patch (55296, 23552): cuDNN error: CUDNN_STATUS_NOT_INITIALIZED
    WARNING: GigaTIME failed on patch (55296, 24576): cuDNN error: CUDNN_STATUS_NOT_INITIALIZED
    WARNING: GigaTIME failed on patch (55296, 25600): cuDNN error: CUDNN_STATUS_NOT_INITIALIZED
    WARNING: GigaTIME failed on patch (55296, 26624): cuDNN error: CUDNN_STATUS_NOT_INITIALIZED
    WARNING: GigaTIME failed on patch (55296, 27648): cuDNN error: CUDNN_STATUS_NOT_INITIALIZED
    WARNING: GigaTIME failed on patch (55296, 28672): cuDNN error: CUDNN_STATUS_NOT_INITIALIZED
    WARNING: GigaTIME failed on patch (55296, 29696): cuDNN error: CUDNN_STATUS_NOT_INITIALIZED
    WARNING: GigaTIME failed on patch (55296, 30720): cuDNN error: CUDNN_STATUS_NOT_INITIALIZED
    WARNING: GigaTIME failed on patch (55296, 31744): cuDNN error: CUDNN_STATUS_NOT_INITIALIZED
    WARNING: GigaTIME failed on patch (55296, 32768): cuDNN error: CUDNN_STATUS_NOT_INITIALIZED
    WARNING: GigaTIME failed on patch (55296, 33792): cuDNN error: CUDNN_STATUS_NOT_INITIALIZED
    WARNING: GigaTIME failed on patch (55296, 34816): cuDNN error: CUDNN_STATUS_NOT_INITIALIZED
    WARNING: GigaTIME failed on patch (55296, 60416): cuDNN error: CUDNN_STATUS_NOT_INITIALIZED
    WARNING: GigaTIME failed on patch (56320, 20480): cuDNN error: CUDNN_STATUS_NOT_INITIALIZED
    WARNING: GigaTIME failed on patch (56320, 21504): cuDNN error: CUDNN_STATUS_NOT_INITIALIZED
    WARNING: GigaTIME failed on patch (56320, 22528): cuDNN error: CUDNN_STATUS_NOT_INITIALIZED
    WARNING: GigaTIME failed on patch (56320, 23552): cuDNN error: CUDNN_STATUS_NOT_INITIALIZED
    WARNING: GigaTIME failed on patch (56320, 24576): cuDNN error: CUDNN_STATUS_NOT_INITIALIZED
    WARNING: GigaTIME failed on patch (56320, 25600): cuDNN error: CUDNN_STATUS_NOT_INITIALIZED
    WARNING: GigaTIME failed on patch (56320, 26624): cuDNN error: CUDNN_STATUS_NOT_INITIALIZED
    WARNING: GigaTIME failed on patch (56320, 27648): cuDNN error: CUDNN_STATUS_NOT_INITIALIZED
    WARNING: GigaTIME failed on patch (56320, 28672): cuDNN error: CUDNN_STATUS_NOT_INITIALIZED
    WARNING: GigaTIME failed on patch (56320, 29696): cuDNN error: CUDNN_STATUS_NOT_INITIALIZED
    WARNING: GigaTIME failed on patch (56320, 30720): cuDNN error: CUDNN_STATUS_NOT_INITIALIZED
    WARNING: GigaTIME failed on patch (56320, 31744): cuDNN error: CUDNN_STATUS_NOT_INITIALIZED
    WARNING: GigaTIME failed on patch (56320, 32768): cuDNN error: CUDNN_STATUS_NOT_INITIALIZED
    WARNING: GigaTIME failed on patch (56320, 33792): cuDNN error: CUDNN_STATUS_NOT_INITIALIZED
    WARNING: GigaTIME failed on patch (57344, 20480): cuDNN error: CUDNN_STATUS_NOT_INITIALIZED
    WARNING: GigaTIME failed on patch (57344, 21504): cuDNN error: CUDNN_STATUS_NOT_INITIALIZED
    WARNING: GigaTIME failed on patch (57344, 22528): cuDNN error: CUDNN_STATUS_NOT_INITIALIZED
    WARNING: GigaTIME failed on patch (57344, 23552): cuDNN error: CUDNN_STATUS_NOT_INITIALIZED
    WARNING: GigaTIME failed on patch (57344, 24576): cuDNN error: CUDNN_STATUS_NOT_INITIALIZED
    WARNING: GigaTIME failed on patch (57344, 25600): cuDNN error: CUDNN_STATUS_NOT_INITIALIZED
    WARNING: GigaTIME failed on patch (57344, 29696): cuDNN error: CUDNN_STATUS_NOT_INITIALIZED
    WARNING: GigaTIME failed on patch (57344, 30720): cuDNN error: CUDNN_STATUS_NOT_INITIALIZED
    WARNING: GigaTIME failed on patch (57344, 31744): cuDNN error: CUDNN_STATUS_NOT_INITIALIZED
    WARNING: GigaTIME failed on patch (57344, 32768): cuDNN error: CUDNN_STATUS_NOT_INITIALIZED
    WARNING: GigaTIME failed on patch (57344, 33792): cuDNN error: CUDNN_STATUS_NOT_INITIALIZED
    WARNING: GigaTIME failed on patch (58368, 21504): cuDNN error: CUDNN_STATUS_NOT_INITIALIZED
    WARNING: GigaTIME failed on patch (58368, 22528): cuDNN error: CUDNN_STATUS_NOT_INITIALIZED
    WARNING: GigaTIME failed on patch (58368, 23552): cuDNN error: CUDNN_STATUS_NOT_INITIALIZED
    WARNING: GigaTIME failed on patch (58368, 24576): cuDNN error: CUDNN_STATUS_NOT_INITIALIZED
    WARNING: GigaTIME failed on patch (58368, 25600): cuDNN error: CUDNN_STATUS_NOT_INITIALIZED
    WARNING: GigaTIME failed on patch (59392, 21504): cuDNN error: CUDNN_STATUS_NOT_INITIALIZED
    WARNING: GigaTIME failed on patch (59392, 22528): cuDNN error: CUDNN_STATUS_NOT_INITIALIZED
    WARNING: GigaTIME failed on patch (59392, 23552): cuDNN error: CUDNN_STATUS_NOT_INITIALIZED
    WARNING: GigaTIME failed on patch (59392, 24576): cuDNN error: CUDNN_STATUS_NOT_INITIALIZED
    WARNING: GigaTIME failed on patch (60416, 23552): cuDNN error: CUDNN_STATUS_NOT_INITIALIZED
    WARNING: GigaTIME failed on patch (90112, 16384): cuDNN error: CUDNN_STATUS_NOT_INITIALIZED
    WARNING: GigaTIME failed on patch (90112, 17408): cuDNN error: CUDNN_STATUS_NOT_INITIALIZED
    WARNING: GigaTIME failed on patch (90112, 18432): cuDNN error: CUDNN_STATUS_NOT_INITIALIZED
    WARNING: GigaTIME failed on patch (90112, 19456): cuDNN error: CUDNN_STATUS_NOT_INITIALIZED
    WARNING: GigaTIME failed on patch (90112, 20480): cuDNN error: CUDNN_STATUS_NOT_INITIALIZED
    WARNING: GigaTIME failed on patch (90112, 22528): cuDNN error: CUDNN_STATUS_NOT_INITIALIZED
    WARNING: GigaTIME failed on patch (91136, 15360): cuDNN error: CUDNN_STATUS_NOT_INITIALIZED
    WARNING: GigaTIME failed on patch (91136, 16384): cuDNN error: CUDNN_STATUS_NOT_INITIALIZED
    WARNING: GigaTIME failed on patch (91136, 17408): cuDNN error: CUDNN_STATUS_NOT_INITIALIZED
    WARNING: GigaTIME failed on patch (91136, 18432): cuDNN error: CUDNN_STATUS_NOT_INITIALIZED
    WARNING: GigaTIME failed on patch (91136, 19456): cuDNN error: CUDNN_STATUS_NOT_INITIALIZED
    WARNING: GigaTIME failed on patch (91136, 20480): cuDNN error: CUDNN_STATUS_NOT_INITIALIZED
    WARNING: GigaTIME failed on patch (91136, 21504): cuDNN error: CUDNN_STATUS_NOT_INITIALIZED
    WARNING: GigaTIME failed on patch (91136, 22528): cuDNN error: CUDNN_STATUS_NOT_INITIALIZED
    WARNING: GigaTIME failed on patch (91136, 23552): cuDNN error: CUDNN_STATUS_NOT_INITIALIZED
    WARNING: GigaTIME failed on patch (91136, 24576): cuDNN error: CUDNN_STATUS_NOT_INITIALIZED
    WARNING: GigaTIME failed on patch (92160, 6144): cuDNN error: CUDNN_STATUS_NOT_INITIALIZED
    WARNING: GigaTIME failed on patch (92160, 14336): cuDNN error: CUDNN_STATUS_NOT_INITIALIZED
    WARNING: GigaTIME failed on patch (92160, 15360): cuDNN error: CUDNN_STATUS_NOT_INITIALIZED
    WARNING: GigaTIME failed on patch (92160, 16384): cuDNN error: CUDNN_STATUS_NOT_INITIALIZED
    WARNING: GigaTIME failed on patch (92160, 17408): cuDNN error: CUDNN_STATUS_NOT_INITIALIZED
    WARNING: GigaTIME failed on patch (92160, 18432): cuDNN error: CUDNN_STATUS_NOT_INITIALIZED
    WARNING: GigaTIME failed on patch (92160, 19456): cuDNN error: CUDNN_STATUS_NOT_INITIALIZED
    WARNING: GigaTIME failed on patch (92160, 20480): cuDNN error: CUDNN_STATUS_NOT_INITIALIZED
    WARNING: GigaTIME failed on patch (92160, 21504): cuDNN error: CUDNN_STATUS_NOT_INITIALIZED
    WARNING: GigaTIME failed on patch (92160, 22528): cuDNN error: CUDNN_STATUS_NOT_INITIALIZED
    WARNING: GigaTIME failed on patch (92160, 23552): cuDNN error: CUDNN_STATUS_NOT_INITIALIZED
    WARNING: GigaTIME failed on patch (92160, 24576): cuDNN error: CUDNN_STATUS_NOT_INITIALIZED
    WARNING: GigaTIME failed on patch (92160, 25600): cuDNN error: CUDNN_STATUS_NOT_INITIALIZED
    WARNING: GigaTIME failed on patch (92160, 26624): cuDNN error: CUDNN_STATUS_NOT_INITIALIZED
    WARNING: GigaTIME failed on patch (92160, 27648): cuDNN error: CUDNN_STATUS_NOT_INITIALIZED
    WARNING: GigaTIME failed on patch (92160, 28672): cuDNN error: CUDNN_STATUS_NOT_INITIALIZED
    WARNING: GigaTIME failed on patch (92160, 65536): cuDNN error: CUDNN_STATUS_NOT_INITIALIZED
    WARNING: GigaTIME failed on patch (92160, 66560): cuDNN error: CUDNN_STATUS_NOT_INITIALIZED
    WARNING: GigaTIME failed on patch (92160, 67584): cuDNN error: CUDNN_STATUS_NOT_INITIALIZED
    WARNING: GigaTIME failed on patch (92160, 68608): cuDNN error: CUDNN_STATUS_NOT_INITIALIZED
    WARNING: GigaTIME failed on patch (93184, 12288): cuDNN error: CUDNN_STATUS_NOT_INITIALIZED
    WARNING: GigaTIME failed on patch (93184, 13312): cuDNN error: CUDNN_STATUS_NOT_INITIALIZED
    WARNING: GigaTIME failed on patch (93184, 14336): cuDNN error: CUDNN_STATUS_NOT_INITIALIZED
    WARNING: GigaTIME failed on patch (93184, 15360): cuDNN error: CUDNN_STATUS_NOT_INITIALIZED
    WARNING: GigaTIME failed on patch (93184, 16384): cuDNN error: CUDNN_STATUS_NOT_INITIALIZED
    WARNING: GigaTIME failed on patch (93184, 17408): cuDNN error: CUDNN_STATUS_NOT_INITIALIZED
    WARNING: GigaTIME failed on patch (93184, 18432): cuDNN error: CUDNN_STATUS_NOT_INITIALIZED
    WARNING: GigaTIME failed on patch (93184, 19456): cuDNN error: CUDNN_STATUS_NOT_INITIALIZED
    WARNING: GigaTIME failed on patch (93184, 20480): cuDNN error: CUDNN_STATUS_NOT_INITIALIZED
    WARNING: GigaTIME failed on patch (93184, 21504): cuDNN error: CUDNN_STATUS_NOT_INITIALIZED
    WARNING: GigaTIME failed on patch (93184, 22528): cuDNN error: CUDNN_STATUS_NOT_INITIALIZED
    WARNING: GigaTIME failed on patch (93184, 23552): cuDNN error: CUDNN_STATUS_NOT_INITIALIZED
    WARNING: GigaTIME failed on patch (93184, 24576): cuDNN error: CUDNN_STATUS_NOT_INITIALIZED
    WARNING: GigaTIME failed on patch (93184, 25600): cuDNN error: CUDNN_STATUS_NOT_INITIALIZED
    WARNING: GigaTIME failed on patch (93184, 26624): cuDNN error: CUDNN_STATUS_NOT_INITIALIZED
    WARNING: GigaTIME failed on patch (93184, 27648): cuDNN error: CUDNN_STATUS_NOT_INITIALIZED
    WARNING: GigaTIME failed on patch (93184, 28672): cuDNN error: CUDNN_STATUS_NOT_INITIALIZED
    WARNING: GigaTIME failed on patch (93184, 29696): cuDNN error: CUDNN_STATUS_NOT_INITIALIZED
    WARNING: GigaTIME failed on patch (93184, 62464): cuDNN error: CUDNN_STATUS_NOT_INITIALIZED
    WARNING: GigaTIME failed on patch (93184, 63488): cuDNN error: CUDNN_STATUS_NOT_INITIALIZED
    WARNING: GigaTIME failed on patch (93184, 64512): cuDNN error: CUDNN_STATUS_NOT_INITIALIZED
    WARNING: GigaTIME failed on patch (93184, 65536): cuDNN error: CUDNN_STATUS_NOT_INITIALIZED
    WARNING: GigaTIME failed on patch (93184, 66560): cuDNN error: CUDNN_STATUS_NOT_INITIALIZED
    WARNING: GigaTIME failed on patch (93184, 67584): cuDNN error: CUDNN_STATUS_NOT_INITIALIZED
    WARNING: GigaTIME failed on patch (93184, 68608): cuDNN error: CUDNN_STATUS_NOT_INITIALIZED
    WARNING: GigaTIME failed on patch (93184, 69632): cuDNN error: CUDNN_STATUS_NOT_INITIALIZED
    WARNING: GigaTIME failed on patch (94208, 6144): cuDNN error: CUDNN_STATUS_NOT_INITIALIZED
    WARNING: GigaTIME failed on patch (94208, 7168): cuDNN error: CUDNN_STATUS_NOT_INITIALIZED
    WARNING: GigaTIME failed on patch (94208, 8192): cuDNN error: CUDNN_STATUS_NOT_INITIALIZED
    WARNING: GigaTIME failed on patch (94208, 9216): cuDNN error: CUDNN_STATUS_NOT_INITIALIZED
    WARNING: GigaTIME failed on patch (94208, 10240): cuDNN error: CUDNN_STATUS_NOT_INITIALIZED
    WARNING: GigaTIME failed on patch (94208, 11264): cuDNN error: CUDNN_STATUS_NOT_INITIALIZED
    WARNING: GigaTIME failed on patch (94208, 12288): cuDNN error: CUDNN_STATUS_NOT_INITIALIZED
    WARNING: GigaTIME failed on patch (94208, 13312): cuDNN error: CUDNN_STATUS_NOT_INITIALIZED
    WARNING: GigaTIME failed on patch (94208, 14336): cuDNN error: CUDNN_STATUS_NOT_INITIALIZED
    WARNING: GigaTIME failed on patch (94208, 15360): cuDNN error: CUDNN_STATUS_NOT_INITIALIZED
    WARNING: GigaTIME failed on patch (94208, 16384): cuDNN error: CUDNN_STATUS_NOT_INITIALIZED
    WARNING: GigaTIME failed on patch (94208, 17408): cuDNN error: CUDNN_STATUS_NOT_INITIALIZED
    WARNING: GigaTIME failed on patch (94208, 18432): cuDNN error: CUDNN_STATUS_NOT_INITIALIZED
    WARNING: GigaTIME failed on patch (94208, 19456): cuDNN error: CUDNN_STATUS_NOT_INITIALIZED
    WARNING: GigaTIME failed on patch (94208, 20480): cuDNN error: CUDNN_STATUS_NOT_INITIALIZED
    WARNING: GigaTIME failed on patch (94208, 21504): cuDNN error: CUDNN_STATUS_NOT_INITIALIZED
    WARNING: GigaTIME failed on patch (94208, 22528): cuDNN error: CUDNN_STATUS_NOT_INITIALIZED
    WARNING: GigaTIME failed on patch (94208, 23552): cuDNN error: CUDNN_STATUS_NOT_INITIALIZED
    WARNING: GigaTIME failed on patch (94208, 24576): cuDNN error: CUDNN_STATUS_NOT_INITIALIZED
    WARNING: GigaTIME failed on patch (94208, 25600): cuDNN error: CUDNN_STATUS_NOT_INITIALIZED
    WARNING: GigaTIME failed on patch (94208, 26624): cuDNN error: CUDNN_STATUS_NOT_INITIALIZED
    WARNING: GigaTIME failed on patch (94208, 27648): cuDNN error: CUDNN_STATUS_NOT_INITIALIZED
    WARNING: GigaTIME failed on patch (94208, 28672): cuDNN error: CUDNN_STATUS_NOT_INITIALIZED
    WARNING: GigaTIME failed on patch (94208, 29696): cuDNN error: CUDNN_STATUS_NOT_INITIALIZED
    WARNING: GigaTIME failed on patch (94208, 30720): cuDNN error: CUDNN_STATUS_NOT_INITIALIZED
    WARNING: GigaTIME failed on patch (94208, 62464): cuDNN error: CUDNN_STATUS_NOT_INITIALIZED
    WARNING: GigaTIME failed on patch (94208, 63488): cuDNN error: CUDNN_STATUS_NOT_INITIALIZED
    WARNING: GigaTIME failed on patch (94208, 64512): cuDNN error: CUDNN_STATUS_NOT_INITIALIZED
    WARNING: GigaTIME failed on patch (94208, 65536): cuDNN error: CUDNN_STATUS_NOT_INITIALIZED
    WARNING: GigaTIME failed on patch (94208, 66560): cuDNN error: CUDNN_STATUS_NOT_INITIALIZED
    WARNING: GigaTIME failed on patch (94208, 67584): cuDNN error: CUDNN_STATUS_NOT_INITIALIZED
    WARNING: GigaTIME failed on patch (94208, 68608): cuDNN error: CUDNN_STATUS_NOT_INITIALIZED
    WARNING: GigaTIME failed on patch (94208, 69632): cuDNN error: CUDNN_STATUS_NOT_INITIALIZED
    WARNING: GigaTIME failed on patch (95232, 7168): cuDNN error: CUDNN_STATUS_NOT_INITIALIZED
    WARNING: GigaTIME failed on patch (95232, 8192): cuDNN error: CUDNN_STATUS_NOT_INITIALIZED
    WARNING: GigaTIME failed on patch (95232, 9216): cuDNN error: CUDNN_STATUS_NOT_INITIALIZED
    WARNING: GigaTIME failed on patch (95232, 10240): cuDNN error: CUDNN_STATUS_NOT_INITIALIZED
    WARNING: GigaTIME failed on patch (95232, 11264): cuDNN error: CUDNN_STATUS_NOT_INITIALIZED
    WARNING: GigaTIME failed on patch (95232, 12288): cuDNN error: CUDNN_STATUS_NOT_INITIALIZED
    WARNING: GigaTIME failed on patch (95232, 13312): cuDNN error: CUDNN_STATUS_NOT_INITIALIZED
    WARNING: GigaTIME failed on patch (95232, 14336): cuDNN error: CUDNN_STATUS_NOT_INITIALIZED
    WARNING: GigaTIME failed on patch (95232, 15360): cuDNN error: CUDNN_STATUS_NOT_INITIALIZED
    WARNING: GigaTIME failed on patch (95232, 16384): cuDNN error: CUDNN_STATUS_NOT_INITIALIZED
    WARNING: GigaTIME failed on patch (95232, 17408): cuDNN error: CUDNN_STATUS_NOT_INITIALIZED
    WARNING: GigaTIME failed on patch (95232, 18432): cuDNN error: CUDNN_STATUS_NOT_INITIALIZED
    WARNING: GigaTIME failed on patch (95232, 19456): cuDNN error: CUDNN_STATUS_NOT_INITIALIZED
    WARNING: GigaTIME failed on patch (95232, 20480): cuDNN error: CUDNN_STATUS_NOT_INITIALIZED
    WARNING: GigaTIME failed on patch (95232, 21504): cuDNN error: CUDNN_STATUS_NOT_INITIALIZED
    WARNING: GigaTIME failed on patch (95232, 22528): cuDNN error: CUDNN_STATUS_NOT_INITIALIZED
    WARNING: GigaTIME failed on patch (95232, 23552): cuDNN error: CUDNN_STATUS_NOT_INITIALIZED
    WARNING: GigaTIME failed on patch (95232, 24576): cuDNN error: CUDNN_STATUS_NOT_INITIALIZED
    WARNING: GigaTIME failed on patch (95232, 25600): cuDNN error: CUDNN_STATUS_NOT_INITIALIZED
    WARNING: GigaTIME failed on patch (95232, 26624): cuDNN error: CUDNN_STATUS_NOT_INITIALIZED
    WARNING: GigaTIME failed on patch (95232, 27648): cuDNN error: CUDNN_STATUS_NOT_INITIALIZED
    WARNING: GigaTIME failed on patch (95232, 28672): cuDNN error: CUDNN_STATUS_NOT_INITIALIZED
    WARNING: GigaTIME failed on patch (95232, 29696): cuDNN error: CUDNN_STATUS_NOT_INITIALIZED
    WARNING: GigaTIME failed on patch (95232, 30720): cuDNN error: CUDNN_STATUS_NOT_INITIALIZED
    WARNING: GigaTIME failed on patch (95232, 31744): cuDNN error: CUDNN_STATUS_NOT_INITIALIZED
    WARNING: GigaTIME failed on patch (95232, 58368): cuDNN error: CUDNN_STATUS_NOT_INITIALIZED
    WARNING: GigaTIME failed on patch (95232, 59392): cuDNN error: CUDNN_STATUS_NOT_INITIALIZED
    WARNING: GigaTIME failed on patch (95232, 63488): cuDNN error: CUDNN_STATUS_NOT_INITIALIZED
    WARNING: GigaTIME failed on patch (95232, 64512): cuDNN error: CUDNN_STATUS_NOT_INITIALIZED
    WARNING: GigaTIME failed on patch (95232, 65536): cuDNN error: CUDNN_STATUS_NOT_INITIALIZED
    WARNING: GigaTIME failed on patch (95232, 66560): cuDNN error: CUDNN_STATUS_NOT_INITIALIZED
    WARNING: GigaTIME failed on patch (95232, 67584): cuDNN error: CUDNN_STATUS_NOT_INITIALIZED
    WARNING: GigaTIME failed on patch (95232, 68608): cuDNN error: CUDNN_STATUS_NOT_INITIALIZED
    WARNING: GigaTIME failed on patch (95232, 69632): cuDNN error: CUDNN_STATUS_NOT_INITIALIZED
    WARNING: GigaTIME failed on patch (96256, 12288): cuDNN error: CUDNN_STATUS_NOT_INITIALIZED
    WARNING: GigaTIME failed on patch (96256, 13312): cuDNN error: CUDNN_STATUS_NOT_INITIALIZED
    WARNING: GigaTIME failed on patch (96256, 14336): cuDNN error: CUDNN_STATUS_NOT_INITIALIZED
    WARNING: GigaTIME failed on patch (96256, 15360): cuDNN error: CUDNN_STATUS_NOT_INITIALIZED
    WARNING: GigaTIME failed on patch (96256, 16384): cuDNN error: CUDNN_STATUS_NOT_INITIALIZED
    WARNING: GigaTIME failed on patch (96256, 17408): cuDNN error: CUDNN_STATUS_NOT_INITIALIZED
    WARNING: GigaTIME failed on patch (96256, 18432): cuDNN error: CUDNN_STATUS_NOT_INITIALIZED
    WARNING: GigaTIME failed on patch (96256, 19456): cuDNN error: CUDNN_STATUS_NOT_INITIALIZED
    WARNING: GigaTIME failed on patch (96256, 20480): cuDNN error: CUDNN_STATUS_NOT_INITIALIZED
    WARNING: GigaTIME failed on patch (96256, 21504): cuDNN error: CUDNN_STATUS_NOT_INITIALIZED
    WARNING: GigaTIME failed on patch (96256, 22528): cuDNN error: CUDNN_STATUS_NOT_INITIALIZED
    WARNING: GigaTIME failed on patch (96256, 23552): cuDNN error: CUDNN_STATUS_NOT_INITIALIZED
    WARNING: GigaTIME failed on patch (96256, 24576): cuDNN error: CUDNN_STATUS_NOT_INITIALIZED
    WARNING: GigaTIME failed on patch (96256, 25600): cuDNN error: CUDNN_STATUS_NOT_INITIALIZED
    WARNING: GigaTIME failed on patch (96256, 26624): cuDNN error: CUDNN_STATUS_NOT_INITIALIZED
    WARNING: GigaTIME failed on patch (96256, 27648): cuDNN error: CUDNN_STATUS_NOT_INITIALIZED
    WARNING: GigaTIME failed on patch (96256, 28672): cuDNN error: CUDNN_STATUS_NOT_INITIALIZED
    WARNING: GigaTIME failed on patch (96256, 29696): cuDNN error: CUDNN_STATUS_NOT_INITIALIZED
    WARNING: GigaTIME failed on patch (96256, 30720): cuDNN error: CUDNN_STATUS_NOT_INITIALIZED
    WARNING: GigaTIME failed on patch (96256, 44032): cuDNN error: CUDNN_STATUS_NOT_INITIALIZED
    WARNING: GigaTIME failed on patch (96256, 45056): cuDNN error: CUDNN_STATUS_NOT_INITIALIZED
    WARNING: GigaTIME failed on patch (96256, 46080): cuDNN error: CUDNN_STATUS_NOT_INITIALIZED
    WARNING: GigaTIME failed on patch (96256, 47104): cuDNN error: CUDNN_STATUS_NOT_INITIALIZED
    WARNING: GigaTIME failed on patch (96256, 48128): cuDNN error: CUDNN_STATUS_NOT_INITIALIZED
    WARNING: GigaTIME failed on patch (96256, 49152): cuDNN error: CUDNN_STATUS_NOT_INITIALIZED
    WARNING: GigaTIME failed on patch (96256, 58368): cuDNN error: CUDNN_STATUS_NOT_INITIALIZED
    WARNING: GigaTIME failed on patch (96256, 59392): cuDNN error: CUDNN_STATUS_NOT_INITIALIZED
    WARNING: GigaTIME failed on patch (96256, 63488): cuDNN error: CUDNN_STATUS_NOT_INITIALIZED
    WARNING: GigaTIME failed on patch (96256, 64512): cuDNN error: CUDNN_STATUS_NOT_INITIALIZED
    WARNING: GigaTIME failed on patch (96256, 65536): cuDNN error: CUDNN_STATUS_NOT_INITIALIZED
    WARNING: GigaTIME failed on patch (96256, 66560): cuDNN error: CUDNN_STATUS_NOT_INITIALIZED
    WARNING: GigaTIME failed on patch (96256, 67584): cuDNN error: CUDNN_STATUS_NOT_INITIALIZED
    WARNING: GigaTIME failed on patch (96256, 68608): cuDNN error: CUDNN_STATUS_NOT_INITIALIZED
    WARNING: GigaTIME failed on patch (96256, 69632): cuDNN error: CUDNN_STATUS_NOT_INITIALIZED
    WARNING: GigaTIME failed on patch (97280, 22528): cuDNN error: CUDNN_STATUS_NOT_INITIALIZED
    WARNING: GigaTIME failed on patch (97280, 23552): cuDNN error: CUDNN_STATUS_NOT_INITIALIZED
    WARNING: GigaTIME failed on patch (97280, 24576): cuDNN error: CUDNN_STATUS_NOT_INITIALIZED
    WARNING: GigaTIME failed on patch (97280, 25600): cuDNN error: CUDNN_STATUS_NOT_INITIALIZED
    WARNING: GigaTIME failed on patch (97280, 26624): cuDNN error: CUDNN_STATUS_NOT_INITIALIZED
    WARNING: GigaTIME failed on patch (97280, 27648): cuDNN error: CUDNN_STATUS_NOT_INITIALIZED
    WARNING: GigaTIME failed on patch (97280, 28672): cuDNN error: CUDNN_STATUS_NOT_INITIALIZED
    WARNING: GigaTIME failed on patch (97280, 29696): cuDNN error: CUDNN_STATUS_NOT_INITIALIZED
    WARNING: GigaTIME failed on patch (97280, 30720): cuDNN error: CUDNN_STATUS_NOT_INITIALIZED
    WARNING: GigaTIME failed on patch (97280, 31744): cuDNN error: CUDNN_STATUS_NOT_INITIALIZED
    WARNING: GigaTIME failed on patch (97280, 44032): cuDNN error: CUDNN_STATUS_NOT_INITIALIZED
    WARNING: GigaTIME failed on patch (97280, 45056): cuDNN error: CUDNN_STATUS_NOT_INITIALIZED
    WARNING: GigaTIME failed on patch (97280, 46080): cuDNN error: CUDNN_STATUS_NOT_INITIALIZED
    WARNING: GigaTIME failed on patch (97280, 47104): cuDNN error: CUDNN_STATUS_NOT_INITIALIZED
    WARNING: GigaTIME failed on patch (97280, 48128): cuDNN error: CUDNN_STATUS_NOT_INITIALIZED
    WARNING: GigaTIME failed on patch (97280, 49152): cuDNN error: CUDNN_STATUS_NOT_INITIALIZED
    WARNING: GigaTIME failed on patch (97280, 50176): cuDNN error: CUDNN_STATUS_NOT_INITIALIZED
    WARNING: GigaTIME failed on patch (97280, 59392): cuDNN error: CUDNN_STATUS_NOT_INITIALIZED
    WARNING: GigaTIME failed on patch (97280, 64512): cuDNN error: CUDNN_STATUS_NOT_INITIALIZED
    WARNING: GigaTIME failed on patch (97280, 65536): cuDNN error: CUDNN_STATUS_NOT_INITIALIZED
    WARNING: GigaTIME failed on patch (97280, 66560): cuDNN error: CUDNN_STATUS_NOT_INITIALIZED
    WARNING: GigaTIME failed on patch (97280, 67584): cuDNN error: CUDNN_STATUS_NOT_INITIALIZED
    WARNING: GigaTIME failed on patch (97280, 69632): cuDNN error: CUDNN_STATUS_NOT_INITIALIZED
    WARNING: GigaTIME failed on patch (98304, 26624): cuDNN error: CUDNN_STATUS_NOT_INITIALIZED
    WARNING: GigaTIME failed on patch (98304, 27648): cuDNN error: CUDNN_STATUS_NOT_INITIALIZED
    WARNING: GigaTIME failed on patch (98304, 28672): cuDNN error: CUDNN_STATUS_NOT_INITIALIZED
    WARNING: GigaTIME failed on patch (98304, 29696): cuDNN error: CUDNN_STATUS_NOT_INITIALIZED
    WARNING: GigaTIME failed on patch (98304, 30720): cuDNN error: CUDNN_STATUS_NOT_INITIALIZED
    WARNING: GigaTIME failed on patch (98304, 31744): cuDNN error: CUDNN_STATUS_NOT_INITIALIZED
    WARNING: GigaTIME failed on patch (98304, 32768): cuDNN error: CUDNN_STATUS_NOT_INITIALIZED
    WARNING: GigaTIME failed on patch (98304, 33792): cuDNN error: CUDNN_STATUS_NOT_INITIALIZED
    WARNING: GigaTIME failed on patch (98304, 34816): cuDNN error: CUDNN_STATUS_NOT_INITIALIZED
    WARNING: GigaTIME failed on patch (98304, 35840): cuDNN error: CUDNN_STATUS_NOT_INITIALIZED
    WARNING: GigaTIME failed on patch (98304, 40960): cuDNN error: CUDNN_STATUS_NOT_INITIALIZED
    WARNING: GigaTIME failed on patch (98304, 41984): cuDNN error: CUDNN_STATUS_NOT_INITIALIZED
    WARNING: GigaTIME failed on patch (98304, 43008): cuDNN error: CUDNN_STATUS_NOT_INITIALIZED
    WARNING: GigaTIME failed on patch (98304, 44032): cuDNN error: CUDNN_STATUS_NOT_INITIALIZED
    WARNING: GigaTIME failed on patch (98304, 45056): cuDNN error: CUDNN_STATUS_NOT_INITIALIZED
    WARNING: GigaTIME failed on patch (98304, 46080): cuDNN error: CUDNN_STATUS_NOT_INITIALIZED
    WARNING: GigaTIME failed on patch (98304, 47104): cuDNN error: CUDNN_STATUS_NOT_INITIALIZED
    WARNING: GigaTIME failed on patch (98304, 48128): cuDNN error: CUDNN_STATUS_NOT_INITIALIZED
    WARNING: GigaTIME failed on patch (98304, 49152): cuDNN error: CUDNN_STATUS_NOT_INITIALIZED
    WARNING: GigaTIME failed on patch (98304, 50176): cuDNN error: CUDNN_STATUS_NOT_INITIALIZED
    WARNING: GigaTIME failed on patch (98304, 58368): cuDNN error: CUDNN_STATUS_NOT_INITIALIZED
    WARNING: GigaTIME failed on patch (98304, 60416): cuDNN error: CUDNN_STATUS_NOT_INITIALIZED
    WARNING: GigaTIME failed on patch (98304, 61440): cuDNN error: CUDNN_STATUS_NOT_INITIALIZED
    WARNING: GigaTIME failed on patch (99328, 7168): cuDNN error: CUDNN_STATUS_NOT_INITIALIZED
    WARNING: GigaTIME failed on patch (99328, 8192): cuDNN error: CUDNN_STATUS_NOT_INITIALIZED
    WARNING: GigaTIME failed on patch (99328, 9216): cuDNN error: CUDNN_STATUS_NOT_INITIALIZED
    WARNING: GigaTIME failed on patch (99328, 10240): cuDNN error: CUDNN_STATUS_NOT_INITIALIZED
    WARNING: GigaTIME failed on patch (99328, 11264): cuDNN error: CUDNN_STATUS_NOT_INITIALIZED
    WARNING: GigaTIME failed on patch (99328, 12288): cuDNN error: CUDNN_STATUS_NOT_INITIALIZED
    WARNING: GigaTIME failed on patch (99328, 13312): cuDNN error: CUDNN_STATUS_NOT_INITIALIZED
    WARNING: GigaTIME failed on patch (99328, 14336): cuDNN error: CUDNN_STATUS_NOT_INITIALIZED
    WARNING: GigaTIME failed on patch (99328, 15360): cuDNN error: CUDNN_STATUS_NOT_INITIALIZED
    WARNING: GigaTIME failed on patch (99328, 16384): cuDNN error: CUDNN_STATUS_NOT_INITIALIZED
    WARNING: GigaTIME failed on patch (99328, 17408): cuDNN error: CUDNN_STATUS_NOT_INITIALIZED
    WARNING: GigaTIME failed on patch (99328, 18432): cuDNN error: CUDNN_STATUS_NOT_INITIALIZED
    WARNING: GigaTIME failed on patch (99328, 19456): cuDNN error: CUDNN_STATUS_NOT_INITIALIZED
    WARNING: GigaTIME failed on patch (99328, 20480): cuDNN error: CUDNN_STATUS_NOT_INITIALIZED
    WARNING: GigaTIME failed on patch (99328, 21504): cuDNN error: CUDNN_STATUS_NOT_INITIALIZED
    WARNING: GigaTIME failed on patch (99328, 26624): cuDNN error: CUDNN_STATUS_NOT_INITIALIZED
    WARNING: GigaTIME failed on patch (99328, 27648): cuDNN error: CUDNN_STATUS_NOT_INITIALIZED
    WARNING: GigaTIME failed on patch (99328, 28672): cuDNN error: CUDNN_STATUS_NOT_INITIALIZED
    WARNING: GigaTIME failed on patch (99328, 29696): cuDNN error: CUDNN_STATUS_NOT_INITIALIZED
    WARNING: GigaTIME failed on patch (99328, 30720): cuDNN error: CUDNN_STATUS_NOT_INITIALIZED
    WARNING: GigaTIME failed on patch (99328, 31744): cuDNN error: CUDNN_STATUS_NOT_INITIALIZED
    WARNING: GigaTIME failed on patch (99328, 32768): cuDNN error: CUDNN_STATUS_NOT_INITIALIZED
    WARNING: GigaTIME failed on patch (99328, 33792): cuDNN error: CUDNN_STATUS_NOT_INITIALIZED
    WARNING: GigaTIME failed on patch (99328, 34816): cuDNN error: CUDNN_STATUS_NOT_INITIALIZED
    WARNING: GigaTIME failed on patch (99328, 35840): cuDNN error: CUDNN_STATUS_NOT_INITIALIZED
    WARNING: GigaTIME failed on patch (99328, 36864): cuDNN error: CUDNN_STATUS_NOT_INITIALIZED
    WARNING: GigaTIME failed on patch (99328, 37888): cuDNN error: CUDNN_STATUS_NOT_INITIALIZED
    WARNING: GigaTIME failed on patch (99328, 38912): cuDNN error: CUDNN_STATUS_NOT_INITIALIZED
    WARNING: GigaTIME failed on patch (99328, 39936): cuDNN error: CUDNN_STATUS_NOT_INITIALIZED
    WARNING: GigaTIME failed on patch (99328, 40960): cuDNN error: CUDNN_STATUS_NOT_INITIALIZED
    WARNING: GigaTIME failed on patch (99328, 41984): cuDNN error: CUDNN_STATUS_NOT_INITIALIZED
    WARNING: GigaTIME failed on patch (99328, 43008): cuDNN error: CUDNN_STATUS_NOT_INITIALIZED
    WARNING: GigaTIME failed on patch (99328, 44032): cuDNN error: CUDNN_STATUS_NOT_INITIALIZED
    WARNING: GigaTIME failed on patch (99328, 45056): cuDNN error: CUDNN_STATUS_NOT_INITIALIZED
    WARNING: GigaTIME failed on patch (99328, 46080): cuDNN error: CUDNN_STATUS_NOT_INITIALIZED
    WARNING: GigaTIME failed on patch (99328, 47104): cuDNN error: CUDNN_STATUS_NOT_INITIALIZED
    WARNING: GigaTIME failed on patch (99328, 48128): cuDNN error: CUDNN_STATUS_NOT_INITIALIZED
    WARNING: GigaTIME failed on patch (99328, 49152): cuDNN error: CUDNN_STATUS_NOT_INITIALIZED
    WARNING: GigaTIME failed on patch (99328, 50176): cuDNN error: CUDNN_STATUS_NOT_INITIALIZED
    WARNING: GigaTIME failed on patch (99328, 51200): cuDNN error: CUDNN_STATUS_NOT_INITIALIZED
    WARNING: GigaTIME failed on patch (99328, 52224): cuDNN error: CUDNN_STATUS_NOT_INITIALIZED
    WARNING: GigaTIME failed on patch (99328, 58368): cuDNN error: CUDNN_STATUS_NOT_INITIALIZED
    WARNING: GigaTIME failed on patch (99328, 59392): cuDNN error: CUDNN_STATUS_NOT_INITIALIZED
    WARNING: GigaTIME failed on patch (99328, 61440): cuDNN error: CUDNN_STATUS_NOT_INITIALIZED
    WARNING: GigaTIME failed on patch (99328, 62464): cuDNN error: CUDNN_STATUS_NOT_INITIALIZED
    WARNING: GigaTIME failed on patch (99328, 69632): cuDNN error: CUDNN_STATUS_NOT_INITIALIZED
    WARNING: GigaTIME failed on patch (99328, 70656): cuDNN error: CUDNN_STATUS_NOT_INITIALIZED
    WARNING: GigaTIME failed on patch (100352, 4096): cuDNN error: CUDNN_STATUS_NOT_INITIALIZED
    WARNING: GigaTIME failed on patch (100352, 5120): cuDNN error: CUDNN_STATUS_NOT_INITIALIZED
    WARNING: GigaTIME failed on patch (100352, 6144): cuDNN error: CUDNN_STATUS_NOT_INITIALIZED
    WARNING: GigaTIME failed on patch (100352, 7168): cuDNN error: CUDNN_STATUS_NOT_INITIALIZED
    WARNING: GigaTIME failed on patch (100352, 8192): cuDNN error: CUDNN_STATUS_NOT_INITIALIZED
    WARNING: GigaTIME failed on patch (100352, 9216): cuDNN error: CUDNN_STATUS_NOT_INITIALIZED
    WARNING: GigaTIME failed on patch (100352, 10240): cuDNN error: CUDNN_STATUS_NOT_INITIALIZED
    WARNING: GigaTIME failed on patch (100352, 11264): cuDNN error: CUDNN_STATUS_NOT_INITIALIZED
    WARNING: GigaTIME failed on patch (100352, 12288): cuDNN error: CUDNN_STATUS_NOT_INITIALIZED
    WARNING: GigaTIME failed on patch (100352, 13312): cuDNN error: CUDNN_STATUS_NOT_INITIALIZED
    WARNING: GigaTIME failed on patch (100352, 14336): cuDNN error: CUDNN_STATUS_NOT_INITIALIZED
    WARNING: GigaTIME failed on patch (100352, 15360): cuDNN error: CUDNN_STATUS_NOT_INITIALIZED
    WARNING: GigaTIME failed on patch (100352, 16384): cuDNN error: CUDNN_STATUS_NOT_INITIALIZED
    WARNING: GigaTIME failed on patch (100352, 17408): cuDNN error: CUDNN_STATUS_NOT_INITIALIZED
    WARNING: GigaTIME failed on patch (100352, 18432): cuDNN error: CUDNN_STATUS_NOT_INITIALIZED
    WARNING: GigaTIME failed on patch (100352, 19456): cuDNN error: CUDNN_STATUS_NOT_INITIALIZED
    WARNING: GigaTIME failed on patch (100352, 20480): cuDNN error: CUDNN_STATUS_NOT_INITIALIZED
    WARNING: GigaTIME failed on patch (100352, 21504): cuDNN error: CUDNN_STATUS_NOT_INITIALIZED
    WARNING: GigaTIME failed on patch (100352, 22528): cuDNN error: CUDNN_STATUS_NOT_INITIALIZED
    WARNING: GigaTIME failed on patch (100352, 23552): cuDNN error: CUDNN_STATUS_NOT_INITIALIZED
    WARNING: GigaTIME failed on patch (100352, 27648): cuDNN error: CUDNN_STATUS_NOT_INITIALIZED
    WARNING: GigaTIME failed on patch (100352, 28672): cuDNN error: CUDNN_STATUS_NOT_INITIALIZED
    WARNING: GigaTIME failed on patch (100352, 29696): cuDNN error: CUDNN_STATUS_NOT_INITIALIZED
    WARNING: GigaTIME failed on patch (100352, 30720): cuDNN error: CUDNN_STATUS_NOT_INITIALIZED
    WARNING: GigaTIME failed on patch (100352, 31744): cuDNN error: CUDNN_STATUS_NOT_INITIALIZED
    WARNING: GigaTIME failed on patch (100352, 32768): cuDNN error: CUDNN_STATUS_NOT_INITIALIZED
    WARNING: GigaTIME failed on patch (100352, 33792): cuDNN error: CUDNN_STATUS_NOT_INITIALIZED
    WARNING: GigaTIME failed on patch (100352, 34816): cuDNN error: CUDNN_STATUS_NOT_INITIALIZED
    WARNING: GigaTIME failed on patch (100352, 35840): cuDNN error: CUDNN_STATUS_NOT_INITIALIZED
    WARNING: GigaTIME failed on patch (100352, 36864): cuDNN error: CUDNN_STATUS_NOT_INITIALIZED
    WARNING: GigaTIME failed on patch (100352, 37888): cuDNN error: CUDNN_STATUS_NOT_INITIALIZED
    WARNING: GigaTIME failed on patch (100352, 38912): cuDNN error: CUDNN_STATUS_NOT_INITIALIZED
    WARNING: GigaTIME failed on patch (100352, 39936): cuDNN error: CUDNN_STATUS_NOT_INITIALIZED
    WARNING: GigaTIME failed on patch (100352, 40960): cuDNN error: CUDNN_STATUS_NOT_INITIALIZED
    WARNING: GigaTIME failed on patch (100352, 41984): cuDNN error: CUDNN_STATUS_NOT_INITIALIZED
    WARNING: GigaTIME failed on patch (100352, 43008): cuDNN error: CUDNN_STATUS_NOT_INITIALIZED
    WARNING: GigaTIME failed on patch (100352, 44032): cuDNN error: CUDNN_STATUS_NOT_INITIALIZED
    WARNING: GigaTIME failed on patch (100352, 45056): cuDNN error: CUDNN_STATUS_NOT_INITIALIZED
    WARNING: GigaTIME failed on patch (100352, 46080): cuDNN error: CUDNN_STATUS_NOT_INITIALIZED
    WARNING: GigaTIME failed on patch (100352, 47104): cuDNN error: CUDNN_STATUS_NOT_INITIALIZED
    WARNING: GigaTIME failed on patch (100352, 48128): cuDNN error: CUDNN_STATUS_NOT_INITIALIZED
    WARNING: GigaTIME failed on patch (100352, 49152): cuDNN error: CUDNN_STATUS_NOT_INITIALIZED
    WARNING: GigaTIME failed on patch (100352, 50176): cuDNN error: CUDNN_STATUS_NOT_INITIALIZED
    WARNING: GigaTIME failed on patch (100352, 51200): cuDNN error: CUDNN_STATUS_NOT_INITIALIZED
    WARNING: GigaTIME failed on patch (100352, 53248): cuDNN error: CUDNN_STATUS_NOT_INITIALIZED
    WARNING: GigaTIME failed on patch (100352, 58368): cuDNN error: CUDNN_STATUS_NOT_INITIALIZED
    WARNING: GigaTIME failed on patch (100352, 59392): cuDNN error: CUDNN_STATUS_NOT_INITIALIZED
    WARNING: GigaTIME failed on patch (100352, 65536): cuDNN error: CUDNN_STATUS_NOT_INITIALIZED
    WARNING: GigaTIME failed on patch (100352, 66560): cuDNN error: CUDNN_STATUS_NOT_INITIALIZED
    WARNING: GigaTIME failed on patch (100352, 67584): cuDNN error: CUDNN_STATUS_NOT_INITIALIZED
    WARNING: GigaTIME failed on patch (100352, 68608): cuDNN error: CUDNN_STATUS_NOT_INITIALIZED
    WARNING: GigaTIME failed on patch (100352, 69632): cuDNN error: CUDNN_STATUS_NOT_INITIALIZED
    WARNING: GigaTIME failed on patch (100352, 70656): cuDNN error: CUDNN_STATUS_NOT_INITIALIZED
    WARNING: GigaTIME failed on patch (101376, 5120): cuDNN error: CUDNN_STATUS_NOT_INITIALIZED
    WARNING: GigaTIME failed on patch (101376, 6144): cuDNN error: CUDNN_STATUS_NOT_INITIALIZED
    WARNING: GigaTIME failed on patch (101376, 7168): cuDNN error: CUDNN_STATUS_NOT_INITIALIZED
    WARNING: GigaTIME failed on patch (101376, 8192): cuDNN error: CUDNN_STATUS_NOT_INITIALIZED
    WARNING: GigaTIME failed on patch (101376, 9216): cuDNN error: CUDNN_STATUS_NOT_INITIALIZED
    WARNING: GigaTIME failed on patch (101376, 10240): cuDNN error: CUDNN_STATUS_NOT_INITIALIZED
    WARNING: GigaTIME failed on patch (101376, 11264): cuDNN error: CUDNN_STATUS_NOT_INITIALIZED
    WARNING: GigaTIME failed on patch (101376, 12288): cuDNN error: CUDNN_STATUS_NOT_INITIALIZED
    WARNING: GigaTIME failed on patch (101376, 13312): cuDNN error: CUDNN_STATUS_NOT_INITIALIZED
    WARNING: GigaTIME failed on patch (101376, 14336): cuDNN error: CUDNN_STATUS_NOT_INITIALIZED
    WARNING: GigaTIME failed on patch (101376, 15360): cuDNN error: CUDNN_STATUS_NOT_INITIALIZED
    WARNING: GigaTIME failed on patch (101376, 16384): cuDNN error: CUDNN_STATUS_NOT_INITIALIZED
    WARNING: GigaTIME failed on patch (101376, 17408): cuDNN error: CUDNN_STATUS_NOT_INITIALIZED
    WARNING: GigaTIME failed on patch (101376, 18432): cuDNN error: CUDNN_STATUS_NOT_INITIALIZED
    WARNING: GigaTIME failed on patch (101376, 19456): cuDNN error: CUDNN_STATUS_NOT_INITIALIZED
    WARNING: GigaTIME failed on patch (101376, 20480): cuDNN error: CUDNN_STATUS_NOT_INITIALIZED
    WARNING: GigaTIME failed on patch (101376, 21504): cuDNN error: CUDNN_STATUS_NOT_INITIALIZED
    WARNING: GigaTIME failed on patch (101376, 22528): cuDNN error: CUDNN_STATUS_NOT_INITIALIZED
    WARNING: GigaTIME failed on patch (101376, 23552): cuDNN error: CUDNN_STATUS_NOT_INITIALIZED
    WARNING: GigaTIME failed on patch (101376, 27648): cuDNN error: CUDNN_STATUS_NOT_INITIALIZED
    WARNING: GigaTIME failed on patch (101376, 29696): cuDNN error: CUDNN_STATUS_NOT_INITIALIZED
    WARNING: GigaTIME failed on patch (101376, 32768): cuDNN error: CUDNN_STATUS_NOT_INITIALIZED
    WARNING: GigaTIME failed on patch (101376, 33792): cuDNN error: CUDNN_STATUS_NOT_INITIALIZED
    WARNING: GigaTIME failed on patch (101376, 35840): cuDNN error: CUDNN_STATUS_NOT_INITIALIZED
    WARNING: GigaTIME failed on patch (101376, 36864): cuDNN error: CUDNN_STATUS_NOT_INITIALIZED
    WARNING: GigaTIME failed on patch (101376, 38912): cuDNN error: CUDNN_STATUS_NOT_INITIALIZED
    WARNING: GigaTIME failed on patch (101376, 39936): cuDNN error: CUDNN_STATUS_NOT_INITIALIZED
    WARNING: GigaTIME failed on patch (101376, 40960): cuDNN error: CUDNN_STATUS_NOT_INITIALIZED
    WARNING: GigaTIME failed on patch (101376, 41984): cuDNN error: CUDNN_STATUS_NOT_INITIALIZED
    WARNING: GigaTIME failed on patch (101376, 43008): cuDNN error: CUDNN_STATUS_NOT_INITIALIZED
    WARNING: GigaTIME failed on patch (101376, 44032): cuDNN error: CUDNN_STATUS_NOT_INITIALIZED
    WARNING: GigaTIME failed on patch (101376, 45056): cuDNN error: CUDNN_STATUS_NOT_INITIALIZED
    WARNING: GigaTIME failed on patch (101376, 46080): cuDNN error: CUDNN_STATUS_NOT_INITIALIZED
    WARNING: GigaTIME failed on patch (101376, 47104): cuDNN error: CUDNN_STATUS_NOT_INITIALIZED
    WARNING: GigaTIME failed on patch (101376, 48128): cuDNN error: CUDNN_STATUS_NOT_INITIALIZED
    WARNING: GigaTIME failed on patch (101376, 49152): cuDNN error: CUDNN_STATUS_NOT_INITIALIZED
    WARNING: GigaTIME failed on patch (101376, 50176): cuDNN error: CUDNN_STATUS_NOT_INITIALIZED
    WARNING: GigaTIME failed on patch (101376, 51200): cuDNN error: CUDNN_STATUS_NOT_INITIALIZED
    WARNING: GigaTIME failed on patch (101376, 53248): cuDNN error: CUDNN_STATUS_NOT_INITIALIZED
    WARNING: GigaTIME failed on patch (101376, 59392): cuDNN error: CUDNN_STATUS_NOT_INITIALIZED
    WARNING: GigaTIME failed on patch (101376, 64512): cuDNN error: CUDNN_STATUS_NOT_INITIALIZED
    WARNING: GigaTIME failed on patch (101376, 65536): cuDNN error: CUDNN_STATUS_NOT_INITIALIZED
    WARNING: GigaTIME failed on patch (101376, 66560): cuDNN error: CUDNN_STATUS_NOT_INITIALIZED
    WARNING: GigaTIME failed on patch (101376, 67584): cuDNN error: CUDNN_STATUS_NOT_INITIALIZED
    WARNING: GigaTIME failed on patch (101376, 68608): cuDNN error: CUDNN_STATUS_NOT_INITIALIZED
    WARNING: GigaTIME failed on patch (101376, 69632): cuDNN error: CUDNN_STATUS_NOT_INITIALIZED
    WARNING: GigaTIME failed on patch (101376, 70656): cuDNN error: CUDNN_STATUS_NOT_INITIALIZED
    WARNING: GigaTIME failed on patch (101376, 71680): cuDNN error: CUDNN_STATUS_NOT_INITIALIZED
    WARNING: GigaTIME failed on patch (102400, 5120): cuDNN error: CUDNN_STATUS_NOT_INITIALIZED
    WARNING: GigaTIME failed on patch (102400, 6144): cuDNN error: CUDNN_STATUS_NOT_INITIALIZED
    WARNING: GigaTIME failed on patch (102400, 7168): cuDNN error: CUDNN_STATUS_NOT_INITIALIZED
    WARNING: GigaTIME failed on patch (102400, 8192): cuDNN error: CUDNN_STATUS_NOT_INITIALIZED
    WARNING: GigaTIME failed on patch (102400, 9216): cuDNN error: CUDNN_STATUS_NOT_INITIALIZED
    WARNING: GigaTIME failed on patch (102400, 10240): cuDNN error: CUDNN_STATUS_NOT_INITIALIZED
    WARNING: GigaTIME failed on patch (102400, 11264): cuDNN error: CUDNN_STATUS_NOT_INITIALIZED
    WARNING: GigaTIME failed on patch (102400, 12288): cuDNN error: CUDNN_STATUS_NOT_INITIALIZED
    WARNING: GigaTIME failed on patch (102400, 13312): cuDNN error: CUDNN_STATUS_NOT_INITIALIZED
    WARNING: GigaTIME failed on patch (102400, 14336): cuDNN error: CUDNN_STATUS_NOT_INITIALIZED
    WARNING: GigaTIME failed on patch (102400, 15360): cuDNN error: CUDNN_STATUS_NOT_INITIALIZED
    WARNING: GigaTIME failed on patch (102400, 16384): cuDNN error: CUDNN_STATUS_NOT_INITIALIZED
    WARNING: GigaTIME failed on patch (102400, 17408): cuDNN error: CUDNN_STATUS_NOT_INITIALIZED
    WARNING: GigaTIME failed on patch (102400, 18432): cuDNN error: CUDNN_STATUS_NOT_INITIALIZED
    WARNING: GigaTIME failed on patch (102400, 19456): cuDNN error: CUDNN_STATUS_NOT_INITIALIZED
    WARNING: GigaTIME failed on patch (102400, 20480): cuDNN error: CUDNN_STATUS_NOT_INITIALIZED
    WARNING: GigaTIME failed on patch (102400, 21504): cuDNN error: CUDNN_STATUS_NOT_INITIALIZED
    WARNING: GigaTIME failed on patch (102400, 22528): cuDNN error: CUDNN_STATUS_NOT_INITIALIZED
    WARNING: GigaTIME failed on patch (102400, 23552): cuDNN error: CUDNN_STATUS_NOT_INITIALIZED
    WARNING: GigaTIME failed on patch (102400, 24576): cuDNN error: CUDNN_STATUS_NOT_INITIALIZED
    WARNING: GigaTIME failed on patch (102400, 25600): cuDNN error: CUDNN_STATUS_NOT_INITIALIZED
    WARNING: GigaTIME failed on patch (102400, 26624): cuDNN error: CUDNN_STATUS_NOT_INITIALIZED
    WARNING: GigaTIME failed on patch (102400, 27648): cuDNN error: CUDNN_STATUS_NOT_INITIALIZED
    WARNING: GigaTIME failed on patch (102400, 32768): cuDNN error: CUDNN_STATUS_NOT_INITIALIZED
    WARNING: GigaTIME failed on patch (102400, 33792): cuDNN error: CUDNN_STATUS_NOT_INITIALIZED
    WARNING: GigaTIME failed on patch (102400, 34816): cuDNN error: CUDNN_STATUS_NOT_INITIALIZED
    WARNING: GigaTIME failed on patch (102400, 36864): cuDNN error: CUDNN_STATUS_NOT_INITIALIZED
    WARNING: GigaTIME failed on patch (102400, 37888): cuDNN error: CUDNN_STATUS_NOT_INITIALIZED
    WARNING: GigaTIME failed on patch (102400, 38912): cuDNN error: CUDNN_STATUS_NOT_INITIALIZED
    WARNING: GigaTIME failed on patch (102400, 39936): cuDNN error: CUDNN_STATUS_NOT_INITIALIZED
    WARNING: GigaTIME failed on patch (102400, 40960): cuDNN error: CUDNN_STATUS_NOT_INITIALIZED
    WARNING: GigaTIME failed on patch (102400, 41984): cuDNN error: CUDNN_STATUS_NOT_INITIALIZED
    WARNING: GigaTIME failed on patch (102400, 43008): cuDNN error: CUDNN_STATUS_NOT_INITIALIZED
    WARNING: GigaTIME failed on patch (102400, 44032): cuDNN error: CUDNN_STATUS_NOT_INITIALIZED
    WARNING: GigaTIME failed on patch (102400, 45056): cuDNN error: CUDNN_STATUS_NOT_INITIALIZED
    WARNING: GigaTIME failed on patch (102400, 46080): cuDNN error: CUDNN_STATUS_NOT_INITIALIZED
    WARNING: GigaTIME failed on patch (102400, 47104): cuDNN error: CUDNN_STATUS_NOT_INITIALIZED
    WARNING: GigaTIME failed on patch (102400, 48128): cuDNN error: CUDNN_STATUS_NOT_INITIALIZED
    WARNING: GigaTIME failed on patch (102400, 49152): cuDNN error: CUDNN_STATUS_NOT_INITIALIZED
    WARNING: GigaTIME failed on patch (102400, 50176): cuDNN error: CUDNN_STATUS_NOT_INITIALIZED
    WARNING: GigaTIME failed on patch (102400, 51200): cuDNN error: CUDNN_STATUS_NOT_INITIALIZED
    WARNING: GigaTIME failed on patch (102400, 52224): cuDNN error: CUDNN_STATUS_NOT_INITIALIZED
    WARNING: GigaTIME failed on patch (102400, 53248): cuDNN error: CUDNN_STATUS_NOT_INITIALIZED
    WARNING: GigaTIME failed on patch (102400, 64512): cuDNN error: CUDNN_STATUS_NOT_INITIALIZED
    WARNING: GigaTIME failed on patch (102400, 65536): cuDNN error: CUDNN_STATUS_NOT_INITIALIZED
    WARNING: GigaTIME failed on patch (102400, 68608): cuDNN error: CUDNN_STATUS_NOT_INITIALIZED
    WARNING: GigaTIME failed on patch (102400, 69632): cuDNN error: CUDNN_STATUS_NOT_INITIALIZED
    WARNING: GigaTIME failed on patch (102400, 70656): cuDNN error: CUDNN_STATUS_NOT_INITIALIZED
    WARNING: GigaTIME failed on patch (102400, 71680): cuDNN error: CUDNN_STATUS_NOT_INITIALIZED
    WARNING: GigaTIME failed on patch (103424, 5120): cuDNN error: CUDNN_STATUS_NOT_INITIALIZED
    WARNING: GigaTIME failed on patch (103424, 6144): cuDNN error: CUDNN_STATUS_NOT_INITIALIZED
    WARNING: GigaTIME failed on patch (103424, 7168): cuDNN error: CUDNN_STATUS_NOT_INITIALIZED
    WARNING: GigaTIME failed on patch (103424, 8192): cuDNN error: CUDNN_STATUS_NOT_INITIALIZED
    WARNING: GigaTIME failed on patch (103424, 9216): cuDNN error: CUDNN_STATUS_NOT_INITIALIZED
    WARNING: GigaTIME failed on patch (103424, 10240): cuDNN error: CUDNN_STATUS_NOT_INITIALIZED
    WARNING: GigaTIME failed on patch (103424, 11264): cuDNN error: CUDNN_STATUS_NOT_INITIALIZED
    WARNING: GigaTIME failed on patch (103424, 12288): cuDNN error: CUDNN_STATUS_NOT_INITIALIZED
    WARNING: GigaTIME failed on patch (103424, 13312): cuDNN error: CUDNN_STATUS_NOT_INITIALIZED
    WARNING: GigaTIME failed on patch (103424, 14336): cuDNN error: CUDNN_STATUS_NOT_INITIALIZED
    WARNING: GigaTIME failed on patch (103424, 15360): cuDNN error: CUDNN_STATUS_NOT_INITIALIZED
    WARNING: GigaTIME failed on patch (103424, 16384): cuDNN error: CUDNN_STATUS_NOT_INITIALIZED
    WARNING: GigaTIME failed on patch (103424, 17408): cuDNN error: CUDNN_STATUS_NOT_INITIALIZED
    WARNING: GigaTIME failed on patch (103424, 18432): cuDNN error: CUDNN_STATUS_NOT_INITIALIZED
    WARNING: GigaTIME failed on patch (103424, 19456): cuDNN error: CUDNN_STATUS_NOT_INITIALIZED
    WARNING: GigaTIME failed on patch (103424, 20480): cuDNN error: CUDNN_STATUS_NOT_INITIALIZED
    WARNING: GigaTIME failed on patch (103424, 21504): cuDNN error: CUDNN_STATUS_NOT_INITIALIZED
    WARNING: GigaTIME failed on patch (103424, 22528): cuDNN error: CUDNN_STATUS_NOT_INITIALIZED
    WARNING: GigaTIME failed on patch (103424, 23552): cuDNN error: CUDNN_STATUS_NOT_INITIALIZED
    WARNING: GigaTIME failed on patch (103424, 24576): cuDNN error: CUDNN_STATUS_NOT_INITIALIZED
    WARNING: GigaTIME failed on patch (103424, 25600): cuDNN error: CUDNN_STATUS_NOT_INITIALIZED
    WARNING: GigaTIME failed on patch (103424, 26624): cuDNN error: CUDNN_STATUS_NOT_INITIALIZED
    WARNING: GigaTIME failed on patch (103424, 27648): cuDNN error: CUDNN_STATUS_NOT_INITIALIZED
    WARNING: GigaTIME failed on patch (103424, 28672): cuDNN error: CUDNN_STATUS_NOT_INITIALIZED
    WARNING: GigaTIME failed on patch (103424, 29696): cuDNN error: CUDNN_STATUS_NOT_INITIALIZED
    WARNING: GigaTIME failed on patch (103424, 36864): cuDNN error: CUDNN_STATUS_NOT_INITIALIZED
    WARNING: GigaTIME failed on patch (103424, 37888): cuDNN error: CUDNN_STATUS_NOT_INITIALIZED
    WARNING: GigaTIME failed on patch (103424, 38912): cuDNN error: CUDNN_STATUS_NOT_INITIALIZED
    WARNING: GigaTIME failed on patch (103424, 39936): cuDNN error: CUDNN_STATUS_NOT_INITIALIZED
    WARNING: GigaTIME failed on patch (103424, 40960): cuDNN error: CUDNN_STATUS_NOT_INITIALIZED
    WARNING: GigaTIME failed on patch (103424, 41984): cuDNN error: CUDNN_STATUS_NOT_INITIALIZED
    WARNING: GigaTIME failed on patch (103424, 43008): cuDNN error: CUDNN_STATUS_NOT_INITIALIZED
    WARNING: GigaTIME failed on patch (103424, 44032): cuDNN error: CUDNN_STATUS_NOT_INITIALIZED
    WARNING: GigaTIME failed on patch (103424, 45056): cuDNN error: CUDNN_STATUS_NOT_INITIALIZED
    WARNING: GigaTIME failed on patch (103424, 46080): cuDNN error: CUDNN_STATUS_NOT_INITIALIZED
    WARNING: GigaTIME failed on patch (103424, 47104): cuDNN error: CUDNN_STATUS_NOT_INITIALIZED
    WARNING: GigaTIME failed on patch (103424, 48128): cuDNN error: CUDNN_STATUS_NOT_INITIALIZED
    WARNING: GigaTIME failed on patch (103424, 49152): cuDNN error: CUDNN_STATUS_NOT_INITIALIZED
    WARNING: GigaTIME failed on patch (103424, 50176): cuDNN error: CUDNN_STATUS_NOT_INITIALIZED
    WARNING: GigaTIME failed on patch (103424, 51200): cuDNN error: CUDNN_STATUS_NOT_INITIALIZED
    WARNING: GigaTIME failed on patch (103424, 52224): cuDNN error: CUDNN_STATUS_NOT_INITIALIZED
    WARNING: GigaTIME failed on patch (103424, 65536): cuDNN error: CUDNN_STATUS_NOT_INITIALIZED
    WARNING: GigaTIME failed on patch (103424, 69632): cuDNN error: CUDNN_STATUS_NOT_INITIALIZED
    WARNING: GigaTIME failed on patch (103424, 70656): cuDNN error: CUDNN_STATUS_NOT_INITIALIZED
    WARNING: GigaTIME failed on patch (104448, 6144): cuDNN error: CUDNN_STATUS_NOT_INITIALIZED
    WARNING: GigaTIME failed on patch (104448, 7168): cuDNN error: CUDNN_STATUS_NOT_INITIALIZED
    WARNING: GigaTIME failed on patch (104448, 8192): cuDNN error: CUDNN_STATUS_NOT_INITIALIZED
    WARNING: GigaTIME failed on patch (104448, 9216): cuDNN error: CUDNN_STATUS_NOT_INITIALIZED
    WARNING: GigaTIME failed on patch (104448, 10240): cuDNN error: CUDNN_STATUS_NOT_INITIALIZED
    WARNING: GigaTIME failed on patch (104448, 11264): cuDNN error: CUDNN_STATUS_NOT_INITIALIZED
    WARNING: GigaTIME failed on patch (104448, 12288): cuDNN error: CUDNN_STATUS_NOT_INITIALIZED
    WARNING: GigaTIME failed on patch (104448, 13312): cuDNN error: CUDNN_STATUS_NOT_INITIALIZED
    WARNING: GigaTIME failed on patch (104448, 14336): cuDNN error: CUDNN_STATUS_NOT_INITIALIZED
    WARNING: GigaTIME failed on patch (104448, 15360): cuDNN error: CUDNN_STATUS_NOT_INITIALIZED
    WARNING: GigaTIME failed on patch (104448, 16384): cuDNN error: CUDNN_STATUS_NOT_INITIALIZED
    WARNING: GigaTIME failed on patch (104448, 17408): cuDNN error: CUDNN_STATUS_NOT_INITIALIZED
    WARNING: GigaTIME failed on patch (104448, 18432): cuDNN error: CUDNN_STATUS_NOT_INITIALIZED
    WARNING: GigaTIME failed on patch (104448, 19456): cuDNN error: CUDNN_STATUS_NOT_INITIALIZED
    WARNING: GigaTIME failed on patch (104448, 20480): cuDNN error: CUDNN_STATUS_NOT_INITIALIZED
    WARNING: GigaTIME failed on patch (104448, 21504): cuDNN error: CUDNN_STATUS_NOT_INITIALIZED
    WARNING: GigaTIME failed on patch (104448, 22528): cuDNN error: CUDNN_STATUS_NOT_INITIALIZED
    WARNING: GigaTIME failed on patch (104448, 23552): cuDNN error: CUDNN_STATUS_NOT_INITIALIZED
    WARNING: GigaTIME failed on patch (104448, 24576): cuDNN error: CUDNN_STATUS_NOT_INITIALIZED
    WARNING: GigaTIME failed on patch (104448, 25600): cuDNN error: CUDNN_STATUS_NOT_INITIALIZED
    WARNING: GigaTIME failed on patch (104448, 26624): cuDNN error: CUDNN_STATUS_NOT_INITIALIZED
    WARNING: GigaTIME failed on patch (104448, 27648): cuDNN error: CUDNN_STATUS_NOT_INITIALIZED
    WARNING: GigaTIME failed on patch (104448, 28672): cuDNN error: CUDNN_STATUS_NOT_INITIALIZED
    WARNING: GigaTIME failed on patch (104448, 29696): cuDNN error: CUDNN_STATUS_NOT_INITIALIZED
    WARNING: GigaTIME failed on patch (104448, 30720): cuDNN error: CUDNN_STATUS_NOT_INITIALIZED
    WARNING: GigaTIME failed on patch (104448, 31744): cuDNN error: CUDNN_STATUS_NOT_INITIALIZED
    WARNING: GigaTIME failed on patch (104448, 32768): cuDNN error: CUDNN_STATUS_NOT_INITIALIZED
    WARNING: GigaTIME failed on patch (104448, 33792): cuDNN error: CUDNN_STATUS_NOT_INITIALIZED
    WARNING: GigaTIME failed on patch (104448, 37888): cuDNN error: CUDNN_STATUS_NOT_INITIALIZED
    WARNING: GigaTIME failed on patch (104448, 38912): cuDNN error: CUDNN_STATUS_NOT_INITIALIZED
    WARNING: GigaTIME failed on patch (104448, 39936): cuDNN error: CUDNN_STATUS_NOT_INITIALIZED
    WARNING: GigaTIME failed on patch (104448, 40960): cuDNN error: CUDNN_STATUS_NOT_INITIALIZED
    WARNING: GigaTIME failed on patch (104448, 41984): cuDNN error: CUDNN_STATUS_NOT_INITIALIZED
    WARNING: GigaTIME failed on patch (104448, 43008): cuDNN error: CUDNN_STATUS_NOT_INITIALIZED
    WARNING: GigaTIME failed on patch (104448, 44032): cuDNN error: CUDNN_STATUS_NOT_INITIALIZED
    WARNING: GigaTIME failed on patch (104448, 45056): cuDNN error: CUDNN_STATUS_NOT_INITIALIZED
    WARNING: GigaTIME failed on patch (104448, 46080): cuDNN error: CUDNN_STATUS_NOT_INITIALIZED
    WARNING: GigaTIME failed on patch (104448, 47104): cuDNN error: CUDNN_STATUS_NOT_INITIALIZED
    WARNING: GigaTIME failed on patch (104448, 48128): cuDNN error: CUDNN_STATUS_NOT_INITIALIZED
    WARNING: GigaTIME failed on patch (104448, 49152): cuDNN error: CUDNN_STATUS_NOT_INITIALIZED
    WARNING: GigaTIME failed on patch (104448, 50176): cuDNN error: CUDNN_STATUS_NOT_INITIALIZED
    WARNING: GigaTIME failed on patch (104448, 51200): cuDNN error: CUDNN_STATUS_NOT_INITIALIZED
    WARNING: GigaTIME failed on patch (104448, 52224): cuDNN error: CUDNN_STATUS_NOT_INITIALIZED
    WARNING: GigaTIME failed on patch (104448, 53248): cuDNN error: CUDNN_STATUS_NOT_INITIALIZED
    WARNING: GigaTIME failed on patch (104448, 66560): cuDNN error: CUDNN_STATUS_NOT_INITIALIZED
    WARNING: GigaTIME failed on patch (104448, 77824): cuDNN error: CUDNN_STATUS_NOT_INITIALIZED
    WARNING: GigaTIME failed on patch (104448, 78848): cuDNN error: CUDNN_STATUS_NOT_INITIALIZED
    WARNING: GigaTIME failed on patch (105472, 6144): cuDNN error: CUDNN_STATUS_NOT_INITIALIZED
    WARNING: GigaTIME failed on patch (105472, 7168): cuDNN error: CUDNN_STATUS_NOT_INITIALIZED
    WARNING: GigaTIME failed on patch (105472, 8192): cuDNN error: CUDNN_STATUS_NOT_INITIALIZED
    WARNING: GigaTIME failed on patch (105472, 9216): cuDNN error: CUDNN_STATUS_NOT_INITIALIZED
    WARNING: GigaTIME failed on patch (105472, 10240): cuDNN error: CUDNN_STATUS_NOT_INITIALIZED
    WARNING: GigaTIME failed on patch (105472, 11264): cuDNN error: CUDNN_STATUS_NOT_INITIALIZED
    WARNING: GigaTIME failed on patch (105472, 12288): cuDNN error: CUDNN_STATUS_NOT_INITIALIZED
    WARNING: GigaTIME failed on patch (105472, 13312): cuDNN error: CUDNN_STATUS_NOT_INITIALIZED
    WARNING: GigaTIME failed on patch (105472, 14336): cuDNN error: CUDNN_STATUS_NOT_INITIALIZED
    WARNING: GigaTIME failed on patch (105472, 15360): cuDNN error: CUDNN_STATUS_NOT_INITIALIZED
    WARNING: GigaTIME failed on patch (105472, 16384): cuDNN error: CUDNN_STATUS_NOT_INITIALIZED
    WARNING: GigaTIME failed on patch (105472, 17408): cuDNN error: CUDNN_STATUS_NOT_INITIALIZED
    WARNING: GigaTIME failed on patch (105472, 18432): cuDNN error: CUDNN_STATUS_NOT_INITIALIZED
    WARNING: GigaTIME failed on patch (105472, 19456): cuDNN error: CUDNN_STATUS_NOT_INITIALIZED
    WARNING: GigaTIME failed on patch (105472, 20480): cuDNN error: CUDNN_STATUS_NOT_INITIALIZED
    WARNING: GigaTIME failed on patch (105472, 21504): cuDNN error: CUDNN_STATUS_NOT_INITIALIZED
    WARNING: GigaTIME failed on patch (105472, 22528): cuDNN error: CUDNN_STATUS_NOT_INITIALIZED
    WARNING: GigaTIME failed on patch (105472, 23552): cuDNN error: CUDNN_STATUS_NOT_INITIALIZED
    WARNING: GigaTIME failed on patch (105472, 24576): cuDNN error: CUDNN_STATUS_NOT_INITIALIZED
    WARNING: GigaTIME failed on patch (105472, 25600): cuDNN error: CUDNN_STATUS_NOT_INITIALIZED
    WARNING: GigaTIME failed on patch (105472, 26624): cuDNN error: CUDNN_STATUS_NOT_INITIALIZED
    WARNING: GigaTIME failed on patch (105472, 27648): cuDNN error: CUDNN_STATUS_NOT_INITIALIZED
    WARNING: GigaTIME failed on patch (105472, 28672): cuDNN error: CUDNN_STATUS_NOT_INITIALIZED
    WARNING: GigaTIME failed on patch (105472, 29696): cuDNN error: CUDNN_STATUS_NOT_INITIALIZED
    WARNING: GigaTIME failed on patch (105472, 30720): cuDNN error: CUDNN_STATUS_NOT_INITIALIZED
    WARNING: GigaTIME failed on patch (105472, 31744): cuDNN error: CUDNN_STATUS_NOT_INITIALIZED
    WARNING: GigaTIME failed on patch (105472, 32768): cuDNN error: CUDNN_STATUS_NOT_INITIALIZED
    WARNING: GigaTIME failed on patch (105472, 38912): cuDNN error: CUDNN_STATUS_NOT_INITIALIZED
    WARNING: GigaTIME failed on patch (105472, 39936): cuDNN error: CUDNN_STATUS_NOT_INITIALIZED
    WARNING: GigaTIME failed on patch (105472, 40960): cuDNN error: CUDNN_STATUS_NOT_INITIALIZED
    WARNING: GigaTIME failed on patch (105472, 41984): cuDNN error: CUDNN_STATUS_NOT_INITIALIZED
    WARNING: GigaTIME failed on patch (105472, 43008): cuDNN error: CUDNN_STATUS_NOT_INITIALIZED
    WARNING: GigaTIME failed on patch (105472, 44032): cuDNN error: CUDNN_STATUS_NOT_INITIALIZED
    WARNING: GigaTIME failed on patch (105472, 45056): cuDNN error: CUDNN_STATUS_NOT_INITIALIZED
    WARNING: GigaTIME failed on patch (105472, 46080): cuDNN error: CUDNN_STATUS_NOT_INITIALIZED
    WARNING: GigaTIME failed on patch (105472, 47104): cuDNN error: CUDNN_STATUS_NOT_INITIALIZED
    WARNING: GigaTIME failed on patch (105472, 48128): cuDNN error: CUDNN_STATUS_NOT_INITIALIZED
    WARNING: GigaTIME failed on patch (105472, 49152): cuDNN error: CUDNN_STATUS_NOT_INITIALIZED
    WARNING: GigaTIME failed on patch (105472, 50176): cuDNN error: CUDNN_STATUS_NOT_INITIALIZED
    WARNING: GigaTIME failed on patch (105472, 51200): cuDNN error: CUDNN_STATUS_NOT_INITIALIZED
    WARNING: GigaTIME failed on patch (105472, 52224): cuDNN error: CUDNN_STATUS_NOT_INITIALIZED
    WARNING: GigaTIME failed on patch (105472, 53248): cuDNN error: CUDNN_STATUS_NOT_INITIALIZED
    WARNING: GigaTIME failed on patch (105472, 63488): cuDNN error: CUDNN_STATUS_NOT_INITIALIZED
    WARNING: GigaTIME failed on patch (105472, 64512): cuDNN error: CUDNN_STATUS_NOT_INITIALIZED
    WARNING: GigaTIME failed on patch (105472, 65536): cuDNN error: CUDNN_STATUS_NOT_INITIALIZED
    WARNING: GigaTIME failed on patch (105472, 67584): cuDNN error: CUDNN_STATUS_NOT_INITIALIZED
    WARNING: GigaTIME failed on patch (105472, 69632): cuDNN error: CUDNN_STATUS_NOT_INITIALIZED
    WARNING: GigaTIME failed on patch (105472, 70656): cuDNN error: CUDNN_STATUS_NOT_INITIALIZED
    WARNING: GigaTIME failed on patch (105472, 71680): cuDNN error: CUDNN_STATUS_NOT_INITIALIZED
    WARNING: GigaTIME failed on patch (105472, 77824): cuDNN error: CUDNN_STATUS_NOT_INITIALIZED
    WARNING: GigaTIME failed on patch (105472, 78848): cuDNN error: CUDNN_STATUS_NOT_INITIALIZED
    WARNING: GigaTIME failed on patch (105472, 79872): cuDNN error: CUDNN_STATUS_NOT_INITIALIZED
    WARNING: GigaTIME failed on patch (106496, 6144): cuDNN error: CUDNN_STATUS_NOT_INITIALIZED
    WARNING: GigaTIME failed on patch (106496, 7168): cuDNN error: CUDNN_STATUS_NOT_INITIALIZED
    WARNING: GigaTIME failed on patch (106496, 8192): cuDNN error: CUDNN_STATUS_NOT_INITIALIZED
    WARNING: GigaTIME failed on patch (106496, 9216): cuDNN error: CUDNN_STATUS_NOT_INITIALIZED
    WARNING: GigaTIME failed on patch (106496, 10240): cuDNN error: CUDNN_STATUS_NOT_INITIALIZED
    WARNING: GigaTIME failed on patch (106496, 11264): cuDNN error: CUDNN_STATUS_NOT_INITIALIZED
    WARNING: GigaTIME failed on patch (106496, 12288): cuDNN error: CUDNN_STATUS_NOT_INITIALIZED
    WARNING: GigaTIME failed on patch (106496, 13312): cuDNN error: CUDNN_STATUS_NOT_INITIALIZED
    WARNING: GigaTIME failed on patch (106496, 14336): cuDNN error: CUDNN_STATUS_NOT_INITIALIZED
    WARNING: GigaTIME failed on patch (106496, 15360): cuDNN error: CUDNN_STATUS_NOT_INITIALIZED
    WARNING: GigaTIME failed on patch (106496, 16384): cuDNN error: CUDNN_STATUS_NOT_INITIALIZED
    WARNING: GigaTIME failed on patch (106496, 17408): cuDNN error: CUDNN_STATUS_NOT_INITIALIZED
    WARNING: GigaTIME failed on patch (106496, 18432): cuDNN error: CUDNN_STATUS_NOT_INITIALIZED
    WARNING: GigaTIME failed on patch (106496, 19456): cuDNN error: CUDNN_STATUS_NOT_INITIALIZED
    WARNING: GigaTIME failed on patch (106496, 20480): cuDNN error: CUDNN_STATUS_NOT_INITIALIZED
    WARNING: GigaTIME failed on patch (106496, 21504): cuDNN error: CUDNN_STATUS_NOT_INITIALIZED
    WARNING: GigaTIME failed on patch (106496, 22528): cuDNN error: CUDNN_STATUS_NOT_INITIALIZED
    WARNING: GigaTIME failed on patch (106496, 23552): cuDNN error: CUDNN_STATUS_NOT_INITIALIZED
    WARNING: GigaTIME failed on patch (106496, 24576): cuDNN error: CUDNN_STATUS_NOT_INITIALIZED
    WARNING: GigaTIME failed on patch (106496, 25600): cuDNN error: CUDNN_STATUS_NOT_INITIALIZED
    WARNING: GigaTIME failed on patch (106496, 26624): cuDNN error: CUDNN_STATUS_NOT_INITIALIZED
    WARNING: GigaTIME failed on patch (106496, 27648): cuDNN error: CUDNN_STATUS_NOT_INITIALIZED
    WARNING: GigaTIME failed on patch (106496, 28672): cuDNN error: CUDNN_STATUS_NOT_INITIALIZED
    WARNING: GigaTIME failed on patch (106496, 29696): cuDNN error: CUDNN_STATUS_NOT_INITIALIZED
    WARNING: GigaTIME failed on patch (106496, 30720): cuDNN error: CUDNN_STATUS_NOT_INITIALIZED
    WARNING: GigaTIME failed on patch (106496, 31744): cuDNN error: CUDNN_STATUS_NOT_INITIALIZED
    WARNING: GigaTIME failed on patch (106496, 32768): cuDNN error: CUDNN_STATUS_NOT_INITIALIZED
    WARNING: GigaTIME failed on patch (106496, 38912): cuDNN error: CUDNN_STATUS_NOT_INITIALIZED
    WARNING: GigaTIME failed on patch (106496, 39936): cuDNN error: CUDNN_STATUS_NOT_INITIALIZED
    WARNING: GigaTIME failed on patch (106496, 40960): cuDNN error: CUDNN_STATUS_NOT_INITIALIZED
    WARNING: GigaTIME failed on patch (106496, 41984): cuDNN error: CUDNN_STATUS_NOT_INITIALIZED
    WARNING: GigaTIME failed on patch (106496, 43008): cuDNN error: CUDNN_STATUS_NOT_INITIALIZED
    WARNING: GigaTIME failed on patch (106496, 44032): cuDNN error: CUDNN_STATUS_NOT_INITIALIZED
    WARNING: GigaTIME failed on patch (106496, 45056): cuDNN error: CUDNN_STATUS_NOT_INITIALIZED
    WARNING: GigaTIME failed on patch (106496, 46080): cuDNN error: CUDNN_STATUS_NOT_INITIALIZED
    WARNING: GigaTIME failed on patch (106496, 47104): cuDNN error: CUDNN_STATUS_NOT_INITIALIZED
    WARNING: GigaTIME failed on patch (106496, 48128): cuDNN error: CUDNN_STATUS_NOT_INITIALIZED
    WARNING: GigaTIME failed on patch (106496, 49152): cuDNN error: CUDNN_STATUS_NOT_INITIALIZED
    WARNING: GigaTIME failed on patch (106496, 50176): cuDNN error: CUDNN_STATUS_NOT_INITIALIZED
    WARNING: GigaTIME failed on patch (106496, 51200): cuDNN error: CUDNN_STATUS_NOT_INITIALIZED
    WARNING: GigaTIME failed on patch (106496, 52224): cuDNN error: CUDNN_STATUS_NOT_INITIALIZED
    WARNING: GigaTIME failed on patch (106496, 53248): cuDNN error: CUDNN_STATUS_NOT_INITIALIZED
    WARNING: GigaTIME failed on patch (106496, 62464): cuDNN error: CUDNN_STATUS_NOT_INITIALIZED
    WARNING: GigaTIME failed on patch (106496, 63488): cuDNN error: CUDNN_STATUS_NOT_INITIALIZED
    WARNING: GigaTIME failed on patch (106496, 64512): cuDNN error: CUDNN_STATUS_NOT_INITIALIZED
    WARNING: GigaTIME failed on patch (106496, 65536): cuDNN error: CUDNN_STATUS_NOT_INITIALIZED
    WARNING: GigaTIME failed on patch (106496, 68608): cuDNN error: CUDNN_STATUS_NOT_INITIALIZED
    WARNING: GigaTIME failed on patch (106496, 70656): cuDNN error: CUDNN_STATUS_NOT_INITIALIZED
    WARNING: GigaTIME failed on patch (106496, 77824): cuDNN error: CUDNN_STATUS_NOT_INITIALIZED
    WARNING: GigaTIME failed on patch (106496, 78848): cuDNN error: CUDNN_STATUS_NOT_INITIALIZED
    WARNING: GigaTIME failed on patch (106496, 79872): cuDNN error: CUDNN_STATUS_NOT_INITIALIZED
    WARNING: GigaTIME failed on patch (107520, 5120): cuDNN error: CUDNN_STATUS_NOT_INITIALIZED
    WARNING: GigaTIME failed on patch (107520, 6144): cuDNN error: CUDNN_STATUS_NOT_INITIALIZED
    WARNING: GigaTIME failed on patch (107520, 7168): cuDNN error: CUDNN_STATUS_NOT_INITIALIZED
    WARNING: GigaTIME failed on patch (107520, 8192): cuDNN error: CUDNN_STATUS_NOT_INITIALIZED
    WARNING: GigaTIME failed on patch (107520, 9216): cuDNN error: CUDNN_STATUS_NOT_INITIALIZED
    WARNING: GigaTIME failed on patch (107520, 10240): cuDNN error: CUDNN_STATUS_NOT_INITIALIZED
    WARNING: GigaTIME failed on patch (107520, 11264): cuDNN error: CUDNN_STATUS_NOT_INITIALIZED
    WARNING: GigaTIME failed on patch (107520, 12288): cuDNN error: CUDNN_STATUS_NOT_INITIALIZED
    WARNING: GigaTIME failed on patch (107520, 13312): cuDNN error: CUDNN_STATUS_NOT_INITIALIZED
    WARNING: GigaTIME failed on patch (107520, 14336): cuDNN error: CUDNN_STATUS_NOT_INITIALIZED
    WARNING: GigaTIME failed on patch (107520, 15360): cuDNN error: CUDNN_STATUS_NOT_INITIALIZED
    WARNING: GigaTIME failed on patch (107520, 16384): cuDNN error: CUDNN_STATUS_NOT_INITIALIZED
    WARNING: GigaTIME failed on patch (107520, 17408): cuDNN error: CUDNN_STATUS_NOT_INITIALIZED
    WARNING: GigaTIME failed on patch (107520, 18432): cuDNN error: CUDNN_STATUS_NOT_INITIALIZED
    WARNING: GigaTIME failed on patch (107520, 19456): cuDNN error: CUDNN_STATUS_NOT_INITIALIZED
    WARNING: GigaTIME failed on patch (107520, 20480): cuDNN error: CUDNN_STATUS_NOT_INITIALIZED
    WARNING: GigaTIME failed on patch (107520, 21504): cuDNN error: CUDNN_STATUS_NOT_INITIALIZED
    WARNING: GigaTIME failed on patch (107520, 22528): cuDNN error: CUDNN_STATUS_NOT_INITIALIZED
    WARNING: GigaTIME failed on patch (107520, 23552): cuDNN error: CUDNN_STATUS_NOT_INITIALIZED
    WARNING: GigaTIME failed on patch (107520, 24576): cuDNN error: CUDNN_STATUS_NOT_INITIALIZED
    WARNING: GigaTIME failed on patch (107520, 25600): cuDNN error: CUDNN_STATUS_NOT_INITIALIZED
    WARNING: GigaTIME failed on patch (107520, 26624): cuDNN error: CUDNN_STATUS_NOT_INITIALIZED
    WARNING: GigaTIME failed on patch (107520, 27648): cuDNN error: CUDNN_STATUS_NOT_INITIALIZED
    WARNING: GigaTIME failed on patch (107520, 28672): cuDNN error: CUDNN_STATUS_NOT_INITIALIZED
    WARNING: GigaTIME failed on patch (107520, 29696): cuDNN error: CUDNN_STATUS_NOT_INITIALIZED
    WARNING: GigaTIME failed on patch (107520, 30720): cuDNN error: CUDNN_STATUS_NOT_INITIALIZED
    WARNING: GigaTIME failed on patch (107520, 31744): cuDNN error: CUDNN_STATUS_NOT_INITIALIZED
    WARNING: GigaTIME failed on patch (107520, 32768): cuDNN error: CUDNN_STATUS_NOT_INITIALIZED
    WARNING: GigaTIME failed on patch (107520, 33792): cuDNN error: CUDNN_STATUS_NOT_INITIALIZED
    WARNING: GigaTIME failed on patch (107520, 34816): cuDNN error: CUDNN_STATUS_NOT_INITIALIZED
    WARNING: GigaTIME failed on patch (107520, 38912): cuDNN error: CUDNN_STATUS_NOT_INITIALIZED
    WARNING: GigaTIME failed on patch (107520, 39936): cuDNN error: CUDNN_STATUS_NOT_INITIALIZED
    WARNING: GigaTIME failed on patch (107520, 40960): cuDNN error: CUDNN_STATUS_NOT_INITIALIZED
    WARNING: GigaTIME failed on patch (107520, 41984): cuDNN error: CUDNN_STATUS_NOT_INITIALIZED
    WARNING: GigaTIME failed on patch (107520, 43008): cuDNN error: CUDNN_STATUS_NOT_INITIALIZED
    WARNING: GigaTIME failed on patch (107520, 44032): cuDNN error: CUDNN_STATUS_NOT_INITIALIZED
    WARNING: GigaTIME failed on patch (107520, 45056): cuDNN error: CUDNN_STATUS_NOT_INITIALIZED
    WARNING: GigaTIME failed on patch (107520, 46080): cuDNN error: CUDNN_STATUS_NOT_INITIALIZED
    WARNING: GigaTIME failed on patch (107520, 47104): cuDNN error: CUDNN_STATUS_NOT_INITIALIZED
    WARNING: GigaTIME failed on patch (107520, 48128): cuDNN error: CUDNN_STATUS_NOT_INITIALIZED
    WARNING: GigaTIME failed on patch (107520, 49152): cuDNN error: CUDNN_STATUS_NOT_INITIALIZED
    WARNING: GigaTIME failed on patch (107520, 50176): cuDNN error: CUDNN_STATUS_NOT_INITIALIZED
    WARNING: GigaTIME failed on patch (107520, 51200): cuDNN error: CUDNN_STATUS_NOT_INITIALIZED
    WARNING: GigaTIME failed on patch (107520, 52224): cuDNN error: CUDNN_STATUS_NOT_INITIALIZED
    WARNING: GigaTIME failed on patch (107520, 53248): cuDNN error: CUDNN_STATUS_NOT_INITIALIZED
    WARNING: GigaTIME failed on patch (107520, 54272): cuDNN error: CUDNN_STATUS_NOT_INITIALIZED
    WARNING: GigaTIME failed on patch (107520, 63488): cuDNN error: CUDNN_STATUS_NOT_INITIALIZED
    WARNING: GigaTIME failed on patch (107520, 64512): cuDNN error: CUDNN_STATUS_NOT_INITIALIZED
    WARNING: GigaTIME failed on patch (107520, 65536): cuDNN error: CUDNN_STATUS_NOT_INITIALIZED
    WARNING: GigaTIME failed on patch (107520, 66560): cuDNN error: CUDNN_STATUS_NOT_INITIALIZED
    WARNING: GigaTIME failed on patch (107520, 69632): cuDNN error: CUDNN_STATUS_NOT_INITIALIZED
    WARNING: GigaTIME failed on patch (107520, 79872): cuDNN error: CUDNN_STATUS_NOT_INITIALIZED
    WARNING: GigaTIME failed on patch (108544, 5120): cuDNN error: CUDNN_STATUS_NOT_INITIALIZED
    WARNING: GigaTIME failed on patch (108544, 6144): cuDNN error: CUDNN_STATUS_NOT_INITIALIZED
    WARNING: GigaTIME failed on patch (108544, 7168): cuDNN error: CUDNN_STATUS_NOT_INITIALIZED
    WARNING: GigaTIME failed on patch (108544, 8192): cuDNN error: CUDNN_STATUS_NOT_INITIALIZED
    WARNING: GigaTIME failed on patch (108544, 9216): cuDNN error: CUDNN_STATUS_NOT_INITIALIZED
    WARNING: GigaTIME failed on patch (108544, 10240): cuDNN error: CUDNN_STATUS_NOT_INITIALIZED
    WARNING: GigaTIME failed on patch (108544, 11264): cuDNN error: CUDNN_STATUS_NOT_INITIALIZED
    WARNING: GigaTIME failed on patch (108544, 12288): cuDNN error: CUDNN_STATUS_NOT_INITIALIZED
    WARNING: GigaTIME failed on patch (108544, 13312): cuDNN error: CUDNN_STATUS_NOT_INITIALIZED
    WARNING: GigaTIME failed on patch (108544, 14336): cuDNN error: CUDNN_STATUS_NOT_INITIALIZED
    WARNING: GigaTIME failed on patch (108544, 15360): cuDNN error: CUDNN_STATUS_NOT_INITIALIZED
    WARNING: GigaTIME failed on patch (108544, 16384): cuDNN error: CUDNN_STATUS_NOT_INITIALIZED
    WARNING: GigaTIME failed on patch (108544, 17408): cuDNN error: CUDNN_STATUS_NOT_INITIALIZED
    WARNING: GigaTIME failed on patch (108544, 18432): cuDNN error: CUDNN_STATUS_NOT_INITIALIZED
    WARNING: GigaTIME failed on patch (108544, 19456): cuDNN error: CUDNN_STATUS_NOT_INITIALIZED
    WARNING: GigaTIME failed on patch (108544, 20480): cuDNN error: CUDNN_STATUS_NOT_INITIALIZED
    WARNING: GigaTIME failed on patch (108544, 21504): cuDNN error: CUDNN_STATUS_NOT_INITIALIZED
    WARNING: GigaTIME failed on patch (108544, 22528): cuDNN error: CUDNN_STATUS_NOT_INITIALIZED
    WARNING: GigaTIME failed on patch (108544, 23552): cuDNN error: CUDNN_STATUS_NOT_INITIALIZED
    WARNING: GigaTIME failed on patch (108544, 24576): cuDNN error: CUDNN_STATUS_NOT_INITIALIZED
    WARNING: GigaTIME failed on patch (108544, 25600): cuDNN error: CUDNN_STATUS_NOT_INITIALIZED
    WARNING: GigaTIME failed on patch (108544, 26624): cuDNN error: CUDNN_STATUS_NOT_INITIALIZED
    WARNING: GigaTIME failed on patch (108544, 27648): cuDNN error: CUDNN_STATUS_NOT_INITIALIZED
    WARNING: GigaTIME failed on patch (108544, 28672): cuDNN error: CUDNN_STATUS_NOT_INITIALIZED
    WARNING: GigaTIME failed on patch (108544, 29696): cuDNN error: CUDNN_STATUS_NOT_INITIALIZED
    WARNING: GigaTIME failed on patch (108544, 30720): cuDNN error: CUDNN_STATUS_NOT_INITIALIZED
    WARNING: GigaTIME failed on patch (108544, 31744): cuDNN error: CUDNN_STATUS_NOT_INITIALIZED
    WARNING: GigaTIME failed on patch (108544, 32768): cuDNN error: CUDNN_STATUS_NOT_INITIALIZED
    WARNING: GigaTIME failed on patch (108544, 33792): cuDNN error: CUDNN_STATUS_NOT_INITIALIZED
    WARNING: GigaTIME failed on patch (108544, 34816): cuDNN error: CUDNN_STATUS_NOT_INITIALIZED
    WARNING: GigaTIME failed on patch (108544, 35840): cuDNN error: CUDNN_STATUS_NOT_INITIALIZED
    WARNING: GigaTIME failed on patch (108544, 37888): cuDNN error: CUDNN_STATUS_NOT_INITIALIZED
    WARNING: GigaTIME failed on patch (108544, 38912): cuDNN error: CUDNN_STATUS_NOT_INITIALIZED
    WARNING: GigaTIME failed on patch (108544, 39936): cuDNN error: CUDNN_STATUS_NOT_INITIALIZED
    WARNING: GigaTIME failed on patch (108544, 40960): cuDNN error: CUDNN_STATUS_NOT_INITIALIZED
    WARNING: GigaTIME failed on patch (108544, 41984): cuDNN error: CUDNN_STATUS_NOT_INITIALIZED
    WARNING: GigaTIME failed on patch (108544, 43008): cuDNN error: CUDNN_STATUS_NOT_INITIALIZED
    WARNING: GigaTIME failed on patch (108544, 44032): cuDNN error: CUDNN_STATUS_NOT_INITIALIZED
    WARNING: GigaTIME failed on patch (108544, 45056): cuDNN error: CUDNN_STATUS_NOT_INITIALIZED
    WARNING: GigaTIME failed on patch (108544, 46080): cuDNN error: CUDNN_STATUS_NOT_INITIALIZED
    WARNING: GigaTIME failed on patch (108544, 47104): cuDNN error: CUDNN_STATUS_NOT_INITIALIZED
    WARNING: GigaTIME failed on patch (108544, 48128): cuDNN error: CUDNN_STATUS_NOT_INITIALIZED
    WARNING: GigaTIME failed on patch (108544, 49152): cuDNN error: CUDNN_STATUS_NOT_INITIALIZED
    WARNING: GigaTIME failed on patch (108544, 50176): cuDNN error: CUDNN_STATUS_NOT_INITIALIZED
    WARNING: GigaTIME failed on patch (108544, 51200): cuDNN error: CUDNN_STATUS_NOT_INITIALIZED
    WARNING: GigaTIME failed on patch (108544, 52224): cuDNN error: CUDNN_STATUS_NOT_INITIALIZED
    WARNING: GigaTIME failed on patch (108544, 53248): cuDNN error: CUDNN_STATUS_NOT_INITIALIZED
    WARNING: GigaTIME failed on patch (108544, 54272): cuDNN error: CUDNN_STATUS_NOT_INITIALIZED
    WARNING: GigaTIME failed on patch (108544, 55296): cuDNN error: CUDNN_STATUS_NOT_INITIALIZED
    WARNING: GigaTIME failed on patch (108544, 63488): cuDNN error: CUDNN_STATUS_NOT_INITIALIZED
    WARNING: GigaTIME failed on patch (108544, 64512): cuDNN error: CUDNN_STATUS_NOT_INITIALIZED
    WARNING: GigaTIME failed on patch (108544, 65536): cuDNN error: CUDNN_STATUS_NOT_INITIALIZED
    WARNING: GigaTIME failed on patch (108544, 66560): cuDNN error: CUDNN_STATUS_NOT_INITIALIZED
    WARNING: GigaTIME failed on patch (108544, 67584): cuDNN error: CUDNN_STATUS_NOT_INITIALIZED
    WARNING: GigaTIME failed on patch (108544, 69632): cuDNN error: CUDNN_STATUS_NOT_INITIALIZED
    WARNING: GigaTIME failed on patch (108544, 73728): cuDNN error: CUDNN_STATUS_NOT_INITIALIZED
    WARNING: GigaTIME failed on patch (108544, 75776): cuDNN error: CUDNN_STATUS_NOT_INITIALIZED
    WARNING: GigaTIME failed on patch (108544, 79872): cuDNN error: CUDNN_STATUS_NOT_INITIALIZED
    WARNING: GigaTIME failed on patch (109568, 5120): cuDNN error: CUDNN_STATUS_NOT_INITIALIZED
    WARNING: GigaTIME failed on patch (109568, 6144): cuDNN error: CUDNN_STATUS_NOT_INITIALIZED
    WARNING: GigaTIME failed on patch (109568, 7168): cuDNN error: CUDNN_STATUS_NOT_INITIALIZED
    WARNING: GigaTIME failed on patch (109568, 8192): cuDNN error: CUDNN_STATUS_NOT_INITIALIZED
    WARNING: GigaTIME failed on patch (109568, 9216): cuDNN error: CUDNN_STATUS_NOT_INITIALIZED
    WARNING: GigaTIME failed on patch (109568, 10240): cuDNN error: CUDNN_STATUS_NOT_INITIALIZED
    WARNING: GigaTIME failed on patch (109568, 11264): cuDNN error: CUDNN_STATUS_NOT_INITIALIZED
    WARNING: GigaTIME failed on patch (109568, 12288): cuDNN error: CUDNN_STATUS_NOT_INITIALIZED
    WARNING: GigaTIME failed on patch (109568, 13312): cuDNN error: CUDNN_STATUS_NOT_INITIALIZED
    WARNING: GigaTIME failed on patch (109568, 14336): cuDNN error: CUDNN_STATUS_NOT_INITIALIZED
    WARNING: GigaTIME failed on patch (109568, 15360): cuDNN error: CUDNN_STATUS_NOT_INITIALIZED
    WARNING: GigaTIME failed on patch (109568, 16384): cuDNN error: CUDNN_STATUS_NOT_INITIALIZED
    WARNING: GigaTIME failed on patch (109568, 17408): cuDNN error: CUDNN_STATUS_NOT_INITIALIZED
    WARNING: GigaTIME failed on patch (109568, 18432): cuDNN error: CUDNN_STATUS_NOT_INITIALIZED
    WARNING: GigaTIME failed on patch (109568, 19456): cuDNN error: CUDNN_STATUS_NOT_INITIALIZED
    WARNING: GigaTIME failed on patch (109568, 20480): cuDNN error: CUDNN_STATUS_NOT_INITIALIZED
    WARNING: GigaTIME failed on patch (109568, 21504): cuDNN error: CUDNN_STATUS_NOT_INITIALIZED
    WARNING: GigaTIME failed on patch (109568, 22528): cuDNN error: CUDNN_STATUS_NOT_INITIALIZED
    WARNING: GigaTIME failed on patch (109568, 23552): cuDNN error: CUDNN_STATUS_NOT_INITIALIZED
    WARNING: GigaTIME failed on patch (109568, 24576): cuDNN error: CUDNN_STATUS_NOT_INITIALIZED
    WARNING: GigaTIME failed on patch (109568, 25600): cuDNN error: CUDNN_STATUS_NOT_INITIALIZED
    WARNING: GigaTIME failed on patch (109568, 26624): cuDNN error: CUDNN_STATUS_NOT_INITIALIZED
    WARNING: GigaTIME failed on patch (109568, 27648): cuDNN error: CUDNN_STATUS_NOT_INITIALIZED
    WARNING: GigaTIME failed on patch (109568, 28672): cuDNN error: CUDNN_STATUS_NOT_INITIALIZED
    WARNING: GigaTIME failed on patch (109568, 29696): cuDNN error: CUDNN_STATUS_NOT_INITIALIZED
    WARNING: GigaTIME failed on patch (109568, 30720): cuDNN error: CUDNN_STATUS_NOT_INITIALIZED
    WARNING: GigaTIME failed on patch (109568, 31744): cuDNN error: CUDNN_STATUS_NOT_INITIALIZED
    WARNING: GigaTIME failed on patch (109568, 32768): cuDNN error: CUDNN_STATUS_NOT_INITIALIZED
    WARNING: GigaTIME failed on patch (109568, 33792): cuDNN error: CUDNN_STATUS_NOT_INITIALIZED
    WARNING: GigaTIME failed on patch (109568, 34816): cuDNN error: CUDNN_STATUS_NOT_INITIALIZED
    WARNING: GigaTIME failed on patch (109568, 35840): cuDNN error: CUDNN_STATUS_NOT_INITIALIZED
    WARNING: GigaTIME failed on patch (109568, 36864): cuDNN error: CUDNN_STATUS_NOT_INITIALIZED
    WARNING: GigaTIME failed on patch (109568, 38912): cuDNN error: CUDNN_STATUS_NOT_INITIALIZED
    WARNING: GigaTIME failed on patch (109568, 39936): cuDNN error: CUDNN_STATUS_NOT_INITIALIZED
    WARNING: GigaTIME failed on patch (109568, 40960): cuDNN error: CUDNN_STATUS_NOT_INITIALIZED
    WARNING: GigaTIME failed on patch (109568, 41984): cuDNN error: CUDNN_STATUS_NOT_INITIALIZED
    WARNING: GigaTIME failed on patch (109568, 43008): cuDNN error: CUDNN_STATUS_NOT_INITIALIZED
    WARNING: GigaTIME failed on patch (109568, 44032): cuDNN error: CUDNN_STATUS_NOT_INITIALIZED
    WARNING: GigaTIME failed on patch (109568, 47104): cuDNN error: CUDNN_STATUS_NOT_INITIALIZED
    WARNING: GigaTIME failed on patch (109568, 48128): cuDNN error: CUDNN_STATUS_NOT_INITIALIZED
    WARNING: GigaTIME failed on patch (109568, 49152): cuDNN error: CUDNN_STATUS_NOT_INITIALIZED
    WARNING: GigaTIME failed on patch (109568, 50176): cuDNN error: CUDNN_STATUS_NOT_INITIALIZED
    WARNING: GigaTIME failed on patch (109568, 51200): cuDNN error: CUDNN_STATUS_NOT_INITIALIZED
    WARNING: GigaTIME failed on patch (109568, 52224): cuDNN error: CUDNN_STATUS_NOT_INITIALIZED
    WARNING: GigaTIME failed on patch (109568, 53248): cuDNN error: CUDNN_STATUS_NOT_INITIALIZED
    WARNING: GigaTIME failed on patch (109568, 54272): cuDNN error: CUDNN_STATUS_NOT_INITIALIZED
    WARNING: GigaTIME failed on patch (109568, 55296): cuDNN error: CUDNN_STATUS_NOT_INITIALIZED
    WARNING: GigaTIME failed on patch (109568, 63488): cuDNN error: CUDNN_STATUS_NOT_INITIALIZED
    WARNING: GigaTIME failed on patch (109568, 64512): cuDNN error: CUDNN_STATUS_NOT_INITIALIZED
    WARNING: GigaTIME failed on patch (109568, 65536): cuDNN error: CUDNN_STATUS_NOT_INITIALIZED
    WARNING: GigaTIME failed on patch (109568, 66560): cuDNN error: CUDNN_STATUS_NOT_INITIALIZED
    WARNING: GigaTIME failed on patch (109568, 67584): cuDNN error: CUDNN_STATUS_NOT_INITIALIZED
    WARNING: GigaTIME failed on patch (109568, 69632): cuDNN error: CUDNN_STATUS_NOT_INITIALIZED
    WARNING: GigaTIME failed on patch (109568, 70656): cuDNN error: CUDNN_STATUS_NOT_INITIALIZED
    WARNING: GigaTIME failed on patch (109568, 71680): cuDNN error: CUDNN_STATUS_NOT_INITIALIZED
    WARNING: GigaTIME failed on patch (109568, 73728): cuDNN error: CUDNN_STATUS_NOT_INITIALIZED
    WARNING: GigaTIME failed on patch (109568, 75776): cuDNN error: CUDNN_STATUS_NOT_INITIALIZED
    WARNING: GigaTIME failed on patch (109568, 76800): cuDNN error: CUDNN_STATUS_NOT_INITIALIZED
    WARNING: GigaTIME failed on patch (110592, 5120): cuDNN error: CUDNN_STATUS_NOT_INITIALIZED
    WARNING: GigaTIME failed on patch (110592, 6144): cuDNN error: CUDNN_STATUS_NOT_INITIALIZED
    WARNING: GigaTIME failed on patch (110592, 7168): cuDNN error: CUDNN_STATUS_NOT_INITIALIZED
    WARNING: GigaTIME failed on patch (110592, 8192): cuDNN error: CUDNN_STATUS_NOT_INITIALIZED
    WARNING: GigaTIME failed on patch (110592, 9216): cuDNN error: CUDNN_STATUS_NOT_INITIALIZED
    WARNING: GigaTIME failed on patch (110592, 10240): cuDNN error: CUDNN_STATUS_NOT_INITIALIZED
    WARNING: GigaTIME failed on patch (110592, 11264): cuDNN error: CUDNN_STATUS_NOT_INITIALIZED
    WARNING: GigaTIME failed on patch (110592, 12288): cuDNN error: CUDNN_STATUS_NOT_INITIALIZED
    WARNING: GigaTIME failed on patch (110592, 13312): cuDNN error: CUDNN_STATUS_NOT_INITIALIZED
    WARNING: GigaTIME failed on patch (110592, 14336): cuDNN error: CUDNN_STATUS_NOT_INITIALIZED
    WARNING: GigaTIME failed on patch (110592, 15360): cuDNN error: CUDNN_STATUS_NOT_INITIALIZED
    WARNING: GigaTIME failed on patch (110592, 16384): cuDNN error: CUDNN_STATUS_NOT_INITIALIZED
    WARNING: GigaTIME failed on patch (110592, 17408): cuDNN error: CUDNN_STATUS_NOT_INITIALIZED
    WARNING: GigaTIME failed on patch (110592, 18432): cuDNN error: CUDNN_STATUS_NOT_INITIALIZED
    WARNING: GigaTIME failed on patch (110592, 19456): cuDNN error: CUDNN_STATUS_NOT_INITIALIZED
    WARNING: GigaTIME failed on patch (110592, 20480): cuDNN error: CUDNN_STATUS_NOT_INITIALIZED
    WARNING: GigaTIME failed on patch (110592, 21504): cuDNN error: CUDNN_STATUS_NOT_INITIALIZED
    WARNING: GigaTIME failed on patch (110592, 22528): cuDNN error: CUDNN_STATUS_NOT_INITIALIZED
    WARNING: GigaTIME failed on patch (110592, 23552): cuDNN error: CUDNN_STATUS_NOT_INITIALIZED
    WARNING: GigaTIME failed on patch (110592, 24576): cuDNN error: CUDNN_STATUS_NOT_INITIALIZED
    WARNING: GigaTIME failed on patch (110592, 25600): cuDNN error: CUDNN_STATUS_NOT_INITIALIZED
    WARNING: GigaTIME failed on patch (110592, 26624): cuDNN error: CUDNN_STATUS_NOT_INITIALIZED
    WARNING: GigaTIME failed on patch (110592, 27648): cuDNN error: CUDNN_STATUS_NOT_INITIALIZED
    WARNING: GigaTIME failed on patch (110592, 28672): cuDNN error: CUDNN_STATUS_NOT_INITIALIZED
    WARNING: GigaTIME failed on patch (110592, 29696): cuDNN error: CUDNN_STATUS_NOT_INITIALIZED
    WARNING: GigaTIME failed on patch (110592, 30720): cuDNN error: CUDNN_STATUS_NOT_INITIALIZED
    WARNING: GigaTIME failed on patch (110592, 31744): cuDNN error: CUDNN_STATUS_NOT_INITIALIZED
    WARNING: GigaTIME failed on patch (110592, 32768): cuDNN error: CUDNN_STATUS_NOT_INITIALIZED
    WARNING: GigaTIME failed on patch (110592, 33792): cuDNN error: CUDNN_STATUS_NOT_INITIALIZED
    WARNING: GigaTIME failed on patch (110592, 34816): cuDNN error: CUDNN_STATUS_NOT_INITIALIZED
    WARNING: GigaTIME failed on patch (110592, 35840): cuDNN error: CUDNN_STATUS_NOT_INITIALIZED
    WARNING: GigaTIME failed on patch (110592, 36864): cuDNN error: CUDNN_STATUS_NOT_INITIALIZED
    WARNING: GigaTIME failed on patch (110592, 37888): cuDNN error: CUDNN_STATUS_NOT_INITIALIZED
    WARNING: GigaTIME failed on patch (110592, 38912): cuDNN error: CUDNN_STATUS_NOT_INITIALIZED
    WARNING: GigaTIME failed on patch (110592, 39936): cuDNN error: CUDNN_STATUS_NOT_INITIALIZED
    WARNING: GigaTIME failed on patch (110592, 40960): cuDNN error: CUDNN_STATUS_NOT_INITIALIZED
    WARNING: GigaTIME failed on patch (110592, 41984): cuDNN error: CUDNN_STATUS_NOT_INITIALIZED
    WARNING: GigaTIME failed on patch (110592, 43008): cuDNN error: CUDNN_STATUS_NOT_INITIALIZED
    WARNING: GigaTIME failed on patch (110592, 44032): cuDNN error: CUDNN_STATUS_NOT_INITIALIZED
    WARNING: GigaTIME failed on patch (110592, 48128): cuDNN error: CUDNN_STATUS_NOT_INITIALIZED
    WARNING: GigaTIME failed on patch (110592, 50176): cuDNN error: CUDNN_STATUS_NOT_INITIALIZED
    WARNING: GigaTIME failed on patch (110592, 51200): cuDNN error: CUDNN_STATUS_NOT_INITIALIZED
    WARNING: GigaTIME failed on patch (110592, 52224): cuDNN error: CUDNN_STATUS_NOT_INITIALIZED
    WARNING: GigaTIME failed on patch (110592, 53248): cuDNN error: CUDNN_STATUS_NOT_INITIALIZED
    WARNING: GigaTIME failed on patch (110592, 63488): cuDNN error: CUDNN_STATUS_NOT_INITIALIZED
    WARNING: GigaTIME failed on patch (110592, 64512): cuDNN error: CUDNN_STATUS_NOT_INITIALIZED
    WARNING: GigaTIME failed on patch (110592, 65536): cuDNN error: CUDNN_STATUS_NOT_INITIALIZED
    WARNING: GigaTIME failed on patch (110592, 66560): cuDNN error: CUDNN_STATUS_NOT_INITIALIZED
    WARNING: GigaTIME failed on patch (110592, 67584): cuDNN error: CUDNN_STATUS_NOT_INITIALIZED
    WARNING: GigaTIME failed on patch (110592, 68608): cuDNN error: CUDNN_STATUS_NOT_INITIALIZED
    WARNING: GigaTIME failed on patch (110592, 69632): cuDNN error: CUDNN_STATUS_NOT_INITIALIZED
    WARNING: GigaTIME failed on patch (110592, 70656): cuDNN error: CUDNN_STATUS_NOT_INITIALIZED
    WARNING: GigaTIME failed on patch (110592, 71680): cuDNN error: CUDNN_STATUS_NOT_INITIALIZED
    WARNING: GigaTIME failed on patch (110592, 75776): cuDNN error: CUDNN_STATUS_NOT_INITIALIZED
    WARNING: GigaTIME failed on patch (110592, 76800): cuDNN error: CUDNN_STATUS_NOT_INITIALIZED
    WARNING: GigaTIME failed on patch (111616, 5120): cuDNN error: CUDNN_STATUS_NOT_INITIALIZED
    WARNING: GigaTIME failed on patch (111616, 6144): cuDNN error: CUDNN_STATUS_NOT_INITIALIZED
    WARNING: GigaTIME failed on patch (111616, 7168): cuDNN error: CUDNN_STATUS_NOT_INITIALIZED
    WARNING: GigaTIME failed on patch (111616, 8192): cuDNN error: CUDNN_STATUS_NOT_INITIALIZED
    WARNING: GigaTIME failed on patch (111616, 9216): cuDNN error: CUDNN_STATUS_NOT_INITIALIZED
    WARNING: GigaTIME failed on patch (111616, 10240): cuDNN error: CUDNN_STATUS_NOT_INITIALIZED
    WARNING: GigaTIME failed on patch (111616, 11264): cuDNN error: CUDNN_STATUS_NOT_INITIALIZED
    WARNING: GigaTIME failed on patch (111616, 12288): cuDNN error: CUDNN_STATUS_NOT_INITIALIZED
    WARNING: GigaTIME failed on patch (111616, 13312): cuDNN error: CUDNN_STATUS_NOT_INITIALIZED
    WARNING: GigaTIME failed on patch (111616, 14336): cuDNN error: CUDNN_STATUS_NOT_INITIALIZED
    WARNING: GigaTIME failed on patch (111616, 15360): cuDNN error: CUDNN_STATUS_NOT_INITIALIZED
    WARNING: GigaTIME failed on patch (111616, 16384): cuDNN error: CUDNN_STATUS_NOT_INITIALIZED
    WARNING: GigaTIME failed on patch (111616, 17408): cuDNN error: CUDNN_STATUS_NOT_INITIALIZED
    WARNING: GigaTIME failed on patch (111616, 18432): cuDNN error: CUDNN_STATUS_NOT_INITIALIZED
    WARNING: GigaTIME failed on patch (111616, 19456): cuDNN error: CUDNN_STATUS_NOT_INITIALIZED
    WARNING: GigaTIME failed on patch (111616, 20480): cuDNN error: CUDNN_STATUS_NOT_INITIALIZED
    WARNING: GigaTIME failed on patch (111616, 21504): cuDNN error: CUDNN_STATUS_NOT_INITIALIZED
    WARNING: GigaTIME failed on patch (111616, 22528): cuDNN error: CUDNN_STATUS_NOT_INITIALIZED
    WARNING: GigaTIME failed on patch (111616, 23552): cuDNN error: CUDNN_STATUS_NOT_INITIALIZED
    WARNING: GigaTIME failed on patch (111616, 24576): cuDNN error: CUDNN_STATUS_NOT_INITIALIZED
    WARNING: GigaTIME failed on patch (111616, 25600): cuDNN error: CUDNN_STATUS_NOT_INITIALIZED
    WARNING: GigaTIME failed on patch (111616, 26624): cuDNN error: CUDNN_STATUS_NOT_INITIALIZED
    WARNING: GigaTIME failed on patch (111616, 27648): cuDNN error: CUDNN_STATUS_NOT_INITIALIZED
    WARNING: GigaTIME failed on patch (111616, 28672): cuDNN error: CUDNN_STATUS_NOT_INITIALIZED
    WARNING: GigaTIME failed on patch (111616, 29696): cuDNN error: CUDNN_STATUS_NOT_INITIALIZED
    WARNING: GigaTIME failed on patch (111616, 30720): cuDNN error: CUDNN_STATUS_NOT_INITIALIZED
    WARNING: GigaTIME failed on patch (111616, 31744): cuDNN error: CUDNN_STATUS_NOT_INITIALIZED
    WARNING: GigaTIME failed on patch (111616, 32768): cuDNN error: CUDNN_STATUS_NOT_INITIALIZED
    WARNING: GigaTIME failed on patch (111616, 33792): cuDNN error: CUDNN_STATUS_NOT_INITIALIZED
    WARNING: GigaTIME failed on patch (111616, 34816): cuDNN error: CUDNN_STATUS_NOT_INITIALIZED
    WARNING: GigaTIME failed on patch (111616, 35840): cuDNN error: CUDNN_STATUS_NOT_INITIALIZED
    WARNING: GigaTIME failed on patch (111616, 36864): cuDNN error: CUDNN_STATUS_NOT_INITIALIZED
    WARNING: GigaTIME failed on patch (111616, 37888): cuDNN error: CUDNN_STATUS_NOT_INITIALIZED
    WARNING: GigaTIME failed on patch (111616, 38912): cuDNN error: CUDNN_STATUS_NOT_INITIALIZED
    WARNING: GigaTIME failed on patch (111616, 39936): cuDNN error: CUDNN_STATUS_NOT_INITIALIZED
    WARNING: GigaTIME failed on patch (111616, 40960): cuDNN error: CUDNN_STATUS_NOT_INITIALIZED
    WARNING: GigaTIME failed on patch (111616, 41984): cuDNN error: CUDNN_STATUS_NOT_INITIALIZED
    WARNING: GigaTIME failed on patch (111616, 43008): cuDNN error: CUDNN_STATUS_NOT_INITIALIZED
    WARNING: GigaTIME failed on patch (111616, 44032): cuDNN error: CUDNN_STATUS_NOT_INITIALIZED
    WARNING: GigaTIME failed on patch (111616, 51200): cuDNN error: CUDNN_STATUS_NOT_INITIALIZED
    WARNING: GigaTIME failed on patch (111616, 52224): cuDNN error: CUDNN_STATUS_NOT_INITIALIZED
    WARNING: GigaTIME failed on patch (111616, 53248): cuDNN error: CUDNN_STATUS_NOT_INITIALIZED
    WARNING: GigaTIME failed on patch (111616, 63488): cuDNN error: CUDNN_STATUS_NOT_INITIALIZED
    WARNING: GigaTIME failed on patch (111616, 64512): cuDNN error: CUDNN_STATUS_NOT_INITIALIZED
    WARNING: GigaTIME failed on patch (111616, 65536): cuDNN error: CUDNN_STATUS_NOT_INITIALIZED
    WARNING: GigaTIME failed on patch (111616, 66560): cuDNN error: CUDNN_STATUS_NOT_INITIALIZED
    WARNING: GigaTIME failed on patch (111616, 67584): cuDNN error: CUDNN_STATUS_NOT_INITIALIZED
    WARNING: GigaTIME failed on patch (111616, 68608): cuDNN error: CUDNN_STATUS_NOT_INITIALIZED
    WARNING: GigaTIME failed on patch (111616, 69632): cuDNN error: CUDNN_STATUS_NOT_INITIALIZED
    WARNING: GigaTIME failed on patch (111616, 70656): cuDNN error: CUDNN_STATUS_NOT_INITIALIZED
    WARNING: GigaTIME failed on patch (111616, 71680): cuDNN error: CUDNN_STATUS_NOT_INITIALIZED
    WARNING: GigaTIME failed on patch (111616, 72704): cuDNN error: CUDNN_STATUS_NOT_INITIALIZED
    WARNING: GigaTIME failed on patch (111616, 73728): cuDNN error: CUDNN_STATUS_NOT_INITIALIZED
    WARNING: GigaTIME failed on patch (111616, 75776): cuDNN error: CUDNN_STATUS_NOT_INITIALIZED
    WARNING: GigaTIME failed on patch (111616, 76800): cuDNN error: CUDNN_STATUS_NOT_INITIALIZED
    WARNING: GigaTIME failed on patch (111616, 77824): cuDNN error: CUDNN_STATUS_NOT_INITIALIZED
    WARNING: GigaTIME failed on patch (111616, 78848): cuDNN error: CUDNN_STATUS_NOT_INITIALIZED
    WARNING: GigaTIME failed on patch (111616, 79872): cuDNN error: CUDNN_STATUS_NOT_INITIALIZED
    WARNING: GigaTIME failed on patch (111616, 80896): cuDNN error: CUDNN_STATUS_NOT_INITIALIZED
    WARNING: GigaTIME failed on patch (112640, 6144): cuDNN error: CUDNN_STATUS_NOT_INITIALIZED
    WARNING: GigaTIME failed on patch (112640, 7168): cuDNN error: CUDNN_STATUS_NOT_INITIALIZED
    WARNING: GigaTIME failed on patch (112640, 8192): cuDNN error: CUDNN_STATUS_NOT_INITIALIZED
    WARNING: GigaTIME failed on patch (112640, 9216): cuDNN error: CUDNN_STATUS_NOT_INITIALIZED
    WARNING: GigaTIME failed on patch (112640, 10240): cuDNN error: CUDNN_STATUS_NOT_INITIALIZED
    WARNING: GigaTIME failed on patch (112640, 11264): cuDNN error: CUDNN_STATUS_NOT_INITIALIZED
    WARNING: GigaTIME failed on patch (112640, 12288): cuDNN error: CUDNN_STATUS_NOT_INITIALIZED
    WARNING: GigaTIME failed on patch (112640, 13312): cuDNN error: CUDNN_STATUS_NOT_INITIALIZED
    WARNING: GigaTIME failed on patch (112640, 14336): cuDNN error: CUDNN_STATUS_NOT_INITIALIZED
    WARNING: GigaTIME failed on patch (112640, 15360): cuDNN error: CUDNN_STATUS_NOT_INITIALIZED
    WARNING: GigaTIME failed on patch (112640, 16384): cuDNN error: CUDNN_STATUS_NOT_INITIALIZED
    WARNING: GigaTIME failed on patch (112640, 17408): cuDNN error: CUDNN_STATUS_NOT_INITIALIZED
    WARNING: GigaTIME failed on patch (112640, 18432): cuDNN error: CUDNN_STATUS_NOT_INITIALIZED
    WARNING: GigaTIME failed on patch (112640, 19456): cuDNN error: CUDNN_STATUS_NOT_INITIALIZED
    WARNING: GigaTIME failed on patch (112640, 20480): cuDNN error: CUDNN_STATUS_NOT_INITIALIZED
    WARNING: GigaTIME failed on patch (112640, 21504): cuDNN error: CUDNN_STATUS_NOT_INITIALIZED
    WARNING: GigaTIME failed on patch (112640, 22528): cuDNN error: CUDNN_STATUS_NOT_INITIALIZED
    WARNING: GigaTIME failed on patch (112640, 23552): cuDNN error: CUDNN_STATUS_NOT_INITIALIZED
    WARNING: GigaTIME failed on patch (112640, 24576): cuDNN error: CUDNN_STATUS_NOT_INITIALIZED
    WARNING: GigaTIME failed on patch (112640, 25600): cuDNN error: CUDNN_STATUS_NOT_INITIALIZED
    WARNING: GigaTIME failed on patch (112640, 26624): cuDNN error: CUDNN_STATUS_NOT_INITIALIZED
    WARNING: GigaTIME failed on patch (112640, 27648): cuDNN error: CUDNN_STATUS_NOT_INITIALIZED
    WARNING: GigaTIME failed on patch (112640, 28672): cuDNN error: CUDNN_STATUS_NOT_INITIALIZED
    WARNING: GigaTIME failed on patch (112640, 29696): cuDNN error: CUDNN_STATUS_NOT_INITIALIZED
    WARNING: GigaTIME failed on patch (112640, 30720): cuDNN error: CUDNN_STATUS_NOT_INITIALIZED
    WARNING: GigaTIME failed on patch (112640, 31744): cuDNN error: CUDNN_STATUS_NOT_INITIALIZED
    WARNING: GigaTIME failed on patch (112640, 32768): cuDNN error: CUDNN_STATUS_NOT_INITIALIZED
    WARNING: GigaTIME failed on patch (112640, 33792): cuDNN error: CUDNN_STATUS_NOT_INITIALIZED
    WARNING: GigaTIME failed on patch (112640, 34816): cuDNN error: CUDNN_STATUS_NOT_INITIALIZED
    WARNING: GigaTIME failed on patch (112640, 35840): cuDNN error: CUDNN_STATUS_NOT_INITIALIZED
    WARNING: GigaTIME failed on patch (112640, 36864): cuDNN error: CUDNN_STATUS_NOT_INITIALIZED
    WARNING: GigaTIME failed on patch (112640, 37888): cuDNN error: CUDNN_STATUS_NOT_INITIALIZED
    WARNING: GigaTIME failed on patch (112640, 38912): cuDNN error: CUDNN_STATUS_NOT_INITIALIZED
    WARNING: GigaTIME failed on patch (112640, 39936): cuDNN error: CUDNN_STATUS_NOT_INITIALIZED
    WARNING: GigaTIME failed on patch (112640, 40960): cuDNN error: CUDNN_STATUS_NOT_INITIALIZED
    WARNING: GigaTIME failed on patch (112640, 43008): cuDNN error: CUDNN_STATUS_NOT_INITIALIZED
    WARNING: GigaTIME failed on patch (112640, 44032): cuDNN error: CUDNN_STATUS_NOT_INITIALIZED
    WARNING: GigaTIME failed on patch (112640, 49152): cuDNN error: CUDNN_STATUS_NOT_INITIALIZED
    WARNING: GigaTIME failed on patch (112640, 50176): cuDNN error: CUDNN_STATUS_NOT_INITIALIZED
    WARNING: GigaTIME failed on patch (112640, 51200): cuDNN error: CUDNN_STATUS_NOT_INITIALIZED
    WARNING: GigaTIME failed on patch (112640, 52224): cuDNN error: CUDNN_STATUS_NOT_INITIALIZED
    WARNING: GigaTIME failed on patch (112640, 53248): cuDNN error: CUDNN_STATUS_NOT_INITIALIZED
    WARNING: GigaTIME failed on patch (112640, 63488): cuDNN error: CUDNN_STATUS_NOT_INITIALIZED
    WARNING: GigaTIME failed on patch (112640, 64512): cuDNN error: CUDNN_STATUS_NOT_INITIALIZED
    WARNING: GigaTIME failed on patch (112640, 65536): cuDNN error: CUDNN_STATUS_NOT_INITIALIZED
    WARNING: GigaTIME failed on patch (112640, 66560): cuDNN error: CUDNN_STATUS_NOT_INITIALIZED
    WARNING: GigaTIME failed on patch (112640, 67584): cuDNN error: CUDNN_STATUS_NOT_INITIALIZED
    WARNING: GigaTIME failed on patch (112640, 68608): cuDNN error: CUDNN_STATUS_NOT_INITIALIZED
    WARNING: GigaTIME failed on patch (112640, 70656): cuDNN error: CUDNN_STATUS_NOT_INITIALIZED
    WARNING: GigaTIME failed on patch (112640, 71680): cuDNN error: CUDNN_STATUS_NOT_INITIALIZED
    WARNING: GigaTIME failed on patch (112640, 72704): cuDNN error: CUDNN_STATUS_NOT_INITIALIZED
    WARNING: GigaTIME failed on patch (112640, 73728): cuDNN error: CUDNN_STATUS_NOT_INITIALIZED
    WARNING: GigaTIME failed on patch (112640, 74752): cuDNN error: CUDNN_STATUS_NOT_INITIALIZED
    WARNING: GigaTIME failed on patch (112640, 76800): cuDNN error: CUDNN_STATUS_NOT_INITIALIZED
    WARNING: GigaTIME failed on patch (112640, 77824): cuDNN error: CUDNN_STATUS_NOT_INITIALIZED
    WARNING: GigaTIME failed on patch (112640, 78848): cuDNN error: CUDNN_STATUS_NOT_INITIALIZED
    WARNING: GigaTIME failed on patch (112640, 79872): cuDNN error: CUDNN_STATUS_NOT_INITIALIZED
    WARNING: GigaTIME failed on patch (112640, 80896): cuDNN error: CUDNN_STATUS_NOT_INITIALIZED
    WARNING: GigaTIME failed on patch (112640, 81920): cuDNN error: CUDNN_STATUS_NOT_INITIALIZED
    WARNING: GigaTIME failed on patch (113664, 5120): cuDNN error: CUDNN_STATUS_NOT_INITIALIZED
    WARNING: GigaTIME failed on patch (113664, 6144): cuDNN error: CUDNN_STATUS_NOT_INITIALIZED
    WARNING: GigaTIME failed on patch (113664, 7168): cuDNN error: CUDNN_STATUS_NOT_INITIALIZED
    WARNING: GigaTIME failed on patch (113664, 8192): cuDNN error: CUDNN_STATUS_NOT_INITIALIZED
    WARNING: GigaTIME failed on patch (113664, 9216): cuDNN error: CUDNN_STATUS_NOT_INITIALIZED
    WARNING: GigaTIME failed on patch (113664, 10240): cuDNN error: CUDNN_STATUS_NOT_INITIALIZED
    WARNING: GigaTIME failed on patch (113664, 11264): cuDNN error: CUDNN_STATUS_NOT_INITIALIZED
    WARNING: GigaTIME failed on patch (113664, 12288): cuDNN error: CUDNN_STATUS_NOT_INITIALIZED
    WARNING: GigaTIME failed on patch (113664, 13312): cuDNN error: CUDNN_STATUS_NOT_INITIALIZED
    WARNING: GigaTIME failed on patch (113664, 14336): cuDNN error: CUDNN_STATUS_NOT_INITIALIZED
    WARNING: GigaTIME failed on patch (113664, 15360): cuDNN error: CUDNN_STATUS_NOT_INITIALIZED
    WARNING: GigaTIME failed on patch (113664, 16384): cuDNN error: CUDNN_STATUS_NOT_INITIALIZED
    WARNING: GigaTIME failed on patch (113664, 17408): cuDNN error: CUDNN_STATUS_NOT_INITIALIZED
    WARNING: GigaTIME failed on patch (113664, 18432): cuDNN error: CUDNN_STATUS_NOT_INITIALIZED
    WARNING: GigaTIME failed on patch (113664, 19456): cuDNN error: CUDNN_STATUS_NOT_INITIALIZED
    WARNING: GigaTIME failed on patch (113664, 20480): cuDNN error: CUDNN_STATUS_NOT_INITIALIZED
    WARNING: GigaTIME failed on patch (113664, 21504): cuDNN error: CUDNN_STATUS_NOT_INITIALIZED
    WARNING: GigaTIME failed on patch (113664, 22528): cuDNN error: CUDNN_STATUS_NOT_INITIALIZED
    WARNING: GigaTIME failed on patch (113664, 23552): cuDNN error: CUDNN_STATUS_NOT_INITIALIZED
    WARNING: GigaTIME failed on patch (113664, 24576): cuDNN error: CUDNN_STATUS_NOT_INITIALIZED
    WARNING: GigaTIME failed on patch (113664, 25600): cuDNN error: CUDNN_STATUS_NOT_INITIALIZED
    WARNING: GigaTIME failed on patch (113664, 26624): cuDNN error: CUDNN_STATUS_NOT_INITIALIZED
    WARNING: GigaTIME failed on patch (113664, 27648): cuDNN error: CUDNN_STATUS_NOT_INITIALIZED
    WARNING: GigaTIME failed on patch (113664, 28672): cuDNN error: CUDNN_STATUS_NOT_INITIALIZED
    WARNING: GigaTIME failed on patch (113664, 29696): cuDNN error: CUDNN_STATUS_NOT_INITIALIZED
    WARNING: GigaTIME failed on patch (113664, 30720): cuDNN error: CUDNN_STATUS_NOT_INITIALIZED
    WARNING: GigaTIME failed on patch (113664, 31744): cuDNN error: CUDNN_STATUS_NOT_INITIALIZED
    WARNING: GigaTIME failed on patch (113664, 32768): cuDNN error: CUDNN_STATUS_NOT_INITIALIZED
    WARNING: GigaTIME failed on patch (113664, 33792): cuDNN error: CUDNN_STATUS_NOT_INITIALIZED
    WARNING: GigaTIME failed on patch (113664, 34816): cuDNN error: CUDNN_STATUS_NOT_INITIALIZED
    WARNING: GigaTIME failed on patch (113664, 35840): cuDNN error: CUDNN_STATUS_NOT_INITIALIZED
    WARNING: GigaTIME failed on patch (113664, 36864): cuDNN error: CUDNN_STATUS_NOT_INITIALIZED
    WARNING: GigaTIME failed on patch (113664, 37888): cuDNN error: CUDNN_STATUS_NOT_INITIALIZED
    WARNING: GigaTIME failed on patch (113664, 38912): cuDNN error: CUDNN_STATUS_NOT_INITIALIZED
    WARNING: GigaTIME failed on patch (113664, 39936): cuDNN error: CUDNN_STATUS_NOT_INITIALIZED
    WARNING: GigaTIME failed on patch (113664, 40960): cuDNN error: CUDNN_STATUS_NOT_INITIALIZED
    WARNING: GigaTIME failed on patch (113664, 41984): cuDNN error: CUDNN_STATUS_NOT_INITIALIZED
    WARNING: GigaTIME failed on patch (113664, 44032): cuDNN error: CUDNN_STATUS_NOT_INITIALIZED
    WARNING: GigaTIME failed on patch (113664, 45056): cuDNN error: CUDNN_STATUS_NOT_INITIALIZED
    WARNING: GigaTIME failed on patch (113664, 50176): cuDNN error: CUDNN_STATUS_NOT_INITIALIZED
    WARNING: GigaTIME failed on patch (113664, 51200): cuDNN error: CUDNN_STATUS_NOT_INITIALIZED
    WARNING: GigaTIME failed on patch (113664, 52224): cuDNN error: CUDNN_STATUS_NOT_INITIALIZED
    WARNING: GigaTIME failed on patch (113664, 63488): cuDNN error: CUDNN_STATUS_NOT_INITIALIZED
    WARNING: GigaTIME failed on patch (113664, 64512): cuDNN error: CUDNN_STATUS_NOT_INITIALIZED
    WARNING: GigaTIME failed on patch (113664, 65536): cuDNN error: CUDNN_STATUS_NOT_INITIALIZED
    WARNING: GigaTIME failed on patch (113664, 66560): cuDNN error: CUDNN_STATUS_NOT_INITIALIZED
    WARNING: GigaTIME failed on patch (113664, 67584): cuDNN error: CUDNN_STATUS_NOT_INITIALIZED
    WARNING: GigaTIME failed on patch (113664, 69632): cuDNN error: CUDNN_STATUS_NOT_INITIALIZED
    WARNING: GigaTIME failed on patch (113664, 71680): cuDNN error: CUDNN_STATUS_NOT_INITIALIZED
    WARNING: GigaTIME failed on patch (113664, 72704): cuDNN error: CUDNN_STATUS_NOT_INITIALIZED
    WARNING: GigaTIME failed on patch (113664, 73728): cuDNN error: CUDNN_STATUS_NOT_INITIALIZED
    WARNING: GigaTIME failed on patch (113664, 74752): cuDNN error: CUDNN_STATUS_NOT_INITIALIZED
    WARNING: GigaTIME failed on patch (113664, 75776): cuDNN error: CUDNN_STATUS_NOT_INITIALIZED
    WARNING: GigaTIME failed on patch (113664, 76800): cuDNN error: CUDNN_STATUS_NOT_INITIALIZED
    WARNING: GigaTIME failed on patch (113664, 77824): cuDNN error: CUDNN_STATUS_NOT_INITIALIZED
    WARNING: GigaTIME failed on patch (113664, 78848): cuDNN error: CUDNN_STATUS_NOT_INITIALIZED
    WARNING: GigaTIME failed on patch (113664, 79872): cuDNN error: CUDNN_STATUS_NOT_INITIALIZED
    WARNING: GigaTIME failed on patch (113664, 80896): cuDNN error: CUDNN_STATUS_NOT_INITIALIZED
    WARNING: GigaTIME failed on patch (113664, 81920): cuDNN error: CUDNN_STATUS_NOT_INITIALIZED
    WARNING: GigaTIME failed on patch (113664, 82944): cuDNN error: CUDNN_STATUS_NOT_INITIALIZED
    WARNING: GigaTIME failed on patch (114688, 6144): cuDNN error: CUDNN_STATUS_NOT_INITIALIZED
    WARNING: GigaTIME failed on patch (114688, 7168): cuDNN error: CUDNN_STATUS_NOT_INITIALIZED
    WARNING: GigaTIME failed on patch (114688, 8192): cuDNN error: CUDNN_STATUS_NOT_INITIALIZED
    WARNING: GigaTIME failed on patch (114688, 9216): cuDNN error: CUDNN_STATUS_NOT_INITIALIZED
    WARNING: GigaTIME failed on patch (114688, 10240): cuDNN error: CUDNN_STATUS_NOT_INITIALIZED
    WARNING: GigaTIME failed on patch (114688, 11264): cuDNN error: CUDNN_STATUS_NOT_INITIALIZED
    WARNING: GigaTIME failed on patch (114688, 12288): cuDNN error: CUDNN_STATUS_NOT_INITIALIZED
    WARNING: GigaTIME failed on patch (114688, 13312): cuDNN error: CUDNN_STATUS_NOT_INITIALIZED
    WARNING: GigaTIME failed on patch (114688, 14336): cuDNN error: CUDNN_STATUS_NOT_INITIALIZED
    WARNING: GigaTIME failed on patch (114688, 15360): cuDNN error: CUDNN_STATUS_NOT_INITIALIZED
    WARNING: GigaTIME failed on patch (114688, 16384): cuDNN error: CUDNN_STATUS_NOT_INITIALIZED
    WARNING: GigaTIME failed on patch (114688, 17408): cuDNN error: CUDNN_STATUS_NOT_INITIALIZED
    WARNING: GigaTIME failed on patch (114688, 18432): cuDNN error: CUDNN_STATUS_NOT_INITIALIZED
    WARNING: GigaTIME failed on patch (114688, 19456): cuDNN error: CUDNN_STATUS_NOT_INITIALIZED
    WARNING: GigaTIME failed on patch (114688, 20480): cuDNN error: CUDNN_STATUS_NOT_INITIALIZED
    WARNING: GigaTIME failed on patch (114688, 21504): cuDNN error: CUDNN_STATUS_NOT_INITIALIZED
    WARNING: GigaTIME failed on patch (114688, 22528): cuDNN error: CUDNN_STATUS_NOT_INITIALIZED
    WARNING: GigaTIME failed on patch (114688, 23552): cuDNN error: CUDNN_STATUS_NOT_INITIALIZED
    WARNING: GigaTIME failed on patch (114688, 24576): cuDNN error: CUDNN_STATUS_NOT_INITIALIZED
    WARNING: GigaTIME failed on patch (114688, 25600): cuDNN error: CUDNN_STATUS_NOT_INITIALIZED
    WARNING: GigaTIME failed on patch (114688, 26624): cuDNN error: CUDNN_STATUS_NOT_INITIALIZED
    WARNING: GigaTIME failed on patch (114688, 27648): cuDNN error: CUDNN_STATUS_NOT_INITIALIZED
    WARNING: GigaTIME failed on patch (114688, 28672): cuDNN error: CUDNN_STATUS_NOT_INITIALIZED
    WARNING: GigaTIME failed on patch (114688, 29696): cuDNN error: CUDNN_STATUS_NOT_INITIALIZED
    WARNING: GigaTIME failed on patch (114688, 30720): cuDNN error: CUDNN_STATUS_NOT_INITIALIZED
    WARNING: GigaTIME failed on patch (114688, 31744): cuDNN error: CUDNN_STATUS_NOT_INITIALIZED
    WARNING: GigaTIME failed on patch (114688, 32768): cuDNN error: CUDNN_STATUS_NOT_INITIALIZED
    WARNING: GigaTIME failed on patch (114688, 33792): cuDNN error: CUDNN_STATUS_NOT_INITIALIZED
    WARNING: GigaTIME failed on patch (114688, 34816): cuDNN error: CUDNN_STATUS_NOT_INITIALIZED
    WARNING: GigaTIME failed on patch (114688, 35840): cuDNN error: CUDNN_STATUS_NOT_INITIALIZED
    WARNING: GigaTIME failed on patch (114688, 36864): cuDNN error: CUDNN_STATUS_NOT_INITIALIZED
    WARNING: GigaTIME failed on patch (114688, 37888): cuDNN error: CUDNN_STATUS_NOT_INITIALIZED
    WARNING: GigaTIME failed on patch (114688, 38912): cuDNN error: CUDNN_STATUS_NOT_INITIALIZED
    WARNING: GigaTIME failed on patch (114688, 39936): cuDNN error: CUDNN_STATUS_NOT_INITIALIZED
    WARNING: GigaTIME failed on patch (114688, 40960): cuDNN error: CUDNN_STATUS_NOT_INITIALIZED
    WARNING: GigaTIME failed on patch (114688, 41984): cuDNN error: CUDNN_STATUS_NOT_INITIALIZED
    WARNING: GigaTIME failed on patch (114688, 44032): cuDNN error: CUDNN_STATUS_NOT_INITIALIZED
    WARNING: GigaTIME failed on patch (114688, 45056): cuDNN error: CUDNN_STATUS_NOT_INITIALIZED
    WARNING: GigaTIME failed on patch (114688, 49152): cuDNN error: CUDNN_STATUS_NOT_INITIALIZED
    WARNING: GigaTIME failed on patch (114688, 50176): cuDNN error: CUDNN_STATUS_NOT_INITIALIZED
    WARNING: GigaTIME failed on patch (114688, 51200): cuDNN error: CUDNN_STATUS_NOT_INITIALIZED
    WARNING: GigaTIME failed on patch (114688, 52224): cuDNN error: CUDNN_STATUS_NOT_INITIALIZED
    WARNING: GigaTIME failed on patch (114688, 54272): cuDNN error: CUDNN_STATUS_NOT_INITIALIZED
    WARNING: GigaTIME failed on patch (114688, 55296): cuDNN error: CUDNN_STATUS_NOT_INITIALIZED
    WARNING: GigaTIME failed on patch (114688, 56320): cuDNN error: CUDNN_STATUS_NOT_INITIALIZED
    WARNING: GigaTIME failed on patch (114688, 57344): cuDNN error: CUDNN_STATUS_NOT_INITIALIZED
    WARNING: GigaTIME failed on patch (114688, 64512): cuDNN error: CUDNN_STATUS_NOT_INITIALIZED
    WARNING: GigaTIME failed on patch (114688, 65536): cuDNN error: CUDNN_STATUS_NOT_INITIALIZED
    WARNING: GigaTIME failed on patch (114688, 66560): cuDNN error: CUDNN_STATUS_NOT_INITIALIZED
    WARNING: GigaTIME failed on patch (114688, 67584): cuDNN error: CUDNN_STATUS_NOT_INITIALIZED
    WARNING: GigaTIME failed on patch (114688, 69632): cuDNN error: CUDNN_STATUS_NOT_INITIALIZED
    WARNING: GigaTIME failed on patch (114688, 70656): cuDNN error: CUDNN_STATUS_NOT_INITIALIZED
    WARNING: GigaTIME failed on patch (114688, 71680): cuDNN error: CUDNN_STATUS_NOT_INITIALIZED
    WARNING: GigaTIME failed on patch (114688, 72704): cuDNN error: CUDNN_STATUS_NOT_INITIALIZED
    WARNING: GigaTIME failed on patch (114688, 73728): cuDNN error: CUDNN_STATUS_NOT_INITIALIZED
    WARNING: GigaTIME failed on patch (114688, 74752): cuDNN error: CUDNN_STATUS_NOT_INITIALIZED
    WARNING: GigaTIME failed on patch (114688, 75776): cuDNN error: CUDNN_STATUS_NOT_INITIALIZED
    WARNING: GigaTIME failed on patch (114688, 76800): cuDNN error: CUDNN_STATUS_NOT_INITIALIZED
    WARNING: GigaTIME failed on patch (114688, 77824): cuDNN error: CUDNN_STATUS_NOT_INITIALIZED
    WARNING: GigaTIME failed on patch (114688, 78848): cuDNN error: CUDNN_STATUS_NOT_INITIALIZED
    WARNING: GigaTIME failed on patch (114688, 79872): cuDNN error: CUDNN_STATUS_NOT_INITIALIZED
    WARNING: GigaTIME failed on patch (114688, 80896): cuDNN error: CUDNN_STATUS_NOT_INITIALIZED
    WARNING: GigaTIME failed on patch (114688, 81920): cuDNN error: CUDNN_STATUS_NOT_INITIALIZED
    WARNING: GigaTIME failed on patch (114688, 82944): cuDNN error: CUDNN_STATUS_NOT_INITIALIZED
    WARNING: GigaTIME failed on patch (115712, 5120): cuDNN error: CUDNN_STATUS_NOT_INITIALIZED
    WARNING: GigaTIME failed on patch (115712, 6144): cuDNN error: CUDNN_STATUS_NOT_INITIALIZED
    WARNING: GigaTIME failed on patch (115712, 7168): cuDNN error: CUDNN_STATUS_NOT_INITIALIZED
    WARNING: GigaTIME failed on patch (115712, 8192): cuDNN error: CUDNN_STATUS_NOT_INITIALIZED
    WARNING: GigaTIME failed on patch (115712, 9216): cuDNN error: CUDNN_STATUS_NOT_INITIALIZED
    WARNING: GigaTIME failed on patch (115712, 10240): cuDNN error: CUDNN_STATUS_NOT_INITIALIZED
    WARNING: GigaTIME failed on patch (115712, 11264): cuDNN error: CUDNN_STATUS_NOT_INITIALIZED
    WARNING: GigaTIME failed on patch (115712, 12288): cuDNN error: CUDNN_STATUS_NOT_INITIALIZED
    WARNING: GigaTIME failed on patch (115712, 13312): cuDNN error: CUDNN_STATUS_NOT_INITIALIZED
    WARNING: GigaTIME failed on patch (115712, 14336): cuDNN error: CUDNN_STATUS_NOT_INITIALIZED
    WARNING: GigaTIME failed on patch (115712, 15360): cuDNN error: CUDNN_STATUS_NOT_INITIALIZED
    WARNING: GigaTIME failed on patch (115712, 16384): cuDNN error: CUDNN_STATUS_NOT_INITIALIZED
    WARNING: GigaTIME failed on patch (115712, 17408): cuDNN error: CUDNN_STATUS_NOT_INITIALIZED
    WARNING: GigaTIME failed on patch (115712, 18432): cuDNN error: CUDNN_STATUS_NOT_INITIALIZED
    WARNING: GigaTIME failed on patch (115712, 19456): cuDNN error: CUDNN_STATUS_NOT_INITIALIZED
    WARNING: GigaTIME failed on patch (115712, 20480): cuDNN error: CUDNN_STATUS_NOT_INITIALIZED
    WARNING: GigaTIME failed on patch (115712, 21504): cuDNN error: CUDNN_STATUS_NOT_INITIALIZED
    WARNING: GigaTIME failed on patch (115712, 22528): cuDNN error: CUDNN_STATUS_NOT_INITIALIZED
    WARNING: GigaTIME failed on patch (115712, 23552): cuDNN error: CUDNN_STATUS_NOT_INITIALIZED
    WARNING: GigaTIME failed on patch (115712, 24576): cuDNN error: CUDNN_STATUS_NOT_INITIALIZED
    WARNING: GigaTIME failed on patch (115712, 25600): cuDNN error: CUDNN_STATUS_NOT_INITIALIZED
    WARNING: GigaTIME failed on patch (115712, 26624): cuDNN error: CUDNN_STATUS_NOT_INITIALIZED
    WARNING: GigaTIME failed on patch (115712, 27648): cuDNN error: CUDNN_STATUS_NOT_INITIALIZED
    WARNING: GigaTIME failed on patch (115712, 28672): cuDNN error: CUDNN_STATUS_NOT_INITIALIZED
    WARNING: GigaTIME failed on patch (115712, 29696): cuDNN error: CUDNN_STATUS_NOT_INITIALIZED
    WARNING: GigaTIME failed on patch (115712, 30720): cuDNN error: CUDNN_STATUS_NOT_INITIALIZED
    WARNING: GigaTIME failed on patch (115712, 31744): cuDNN error: CUDNN_STATUS_NOT_INITIALIZED
    WARNING: GigaTIME failed on patch (115712, 32768): cuDNN error: CUDNN_STATUS_NOT_INITIALIZED
    WARNING: GigaTIME failed on patch (115712, 33792): cuDNN error: CUDNN_STATUS_NOT_INITIALIZED
    WARNING: GigaTIME failed on patch (115712, 34816): cuDNN error: CUDNN_STATUS_NOT_INITIALIZED
    WARNING: GigaTIME failed on patch (115712, 35840): cuDNN error: CUDNN_STATUS_NOT_INITIALIZED
    WARNING: GigaTIME failed on patch (115712, 36864): cuDNN error: CUDNN_STATUS_NOT_INITIALIZED
    WARNING: GigaTIME failed on patch (115712, 37888): cuDNN error: CUDNN_STATUS_NOT_INITIALIZED
    WARNING: GigaTIME failed on patch (115712, 38912): cuDNN error: CUDNN_STATUS_NOT_INITIALIZED
    WARNING: GigaTIME failed on patch (115712, 39936): cuDNN error: CUDNN_STATUS_NOT_INITIALIZED
    WARNING: GigaTIME failed on patch (115712, 40960): cuDNN error: CUDNN_STATUS_NOT_INITIALIZED
    WARNING: GigaTIME failed on patch (115712, 41984): cuDNN error: CUDNN_STATUS_NOT_INITIALIZED
    WARNING: GigaTIME failed on patch (115712, 43008): cuDNN error: CUDNN_STATUS_NOT_INITIALIZED
    WARNING: GigaTIME failed on patch (115712, 44032): cuDNN error: CUDNN_STATUS_NOT_INITIALIZED
    WARNING: GigaTIME failed on patch (115712, 45056): cuDNN error: CUDNN_STATUS_NOT_INITIALIZED
    WARNING: GigaTIME failed on patch (115712, 46080): cuDNN error: CUDNN_STATUS_NOT_INITIALIZED
    WARNING: GigaTIME failed on patch (115712, 49152): cuDNN error: CUDNN_STATUS_NOT_INITIALIZED
    WARNING: GigaTIME failed on patch (115712, 50176): cuDNN error: CUDNN_STATUS_NOT_INITIALIZED
    WARNING: GigaTIME failed on patch (115712, 51200): cuDNN error: CUDNN_STATUS_NOT_INITIALIZED
    WARNING: GigaTIME failed on patch (115712, 52224): cuDNN error: CUDNN_STATUS_NOT_INITIALIZED
    WARNING: GigaTIME failed on patch (115712, 53248): cuDNN error: CUDNN_STATUS_NOT_INITIALIZED
    WARNING: GigaTIME failed on patch (115712, 54272): cuDNN error: CUDNN_STATUS_NOT_INITIALIZED
    WARNING: GigaTIME failed on patch (115712, 55296): cuDNN error: CUDNN_STATUS_NOT_INITIALIZED
    WARNING: GigaTIME failed on patch (115712, 56320): cuDNN error: CUDNN_STATUS_NOT_INITIALIZED
    WARNING: GigaTIME failed on patch (115712, 57344): cuDNN error: CUDNN_STATUS_NOT_INITIALIZED
    WARNING: GigaTIME failed on patch (115712, 64512): cuDNN error: CUDNN_STATUS_NOT_INITIALIZED
    WARNING: GigaTIME failed on patch (115712, 65536): cuDNN error: CUDNN_STATUS_NOT_INITIALIZED
    WARNING: GigaTIME failed on patch (115712, 66560): cuDNN error: CUDNN_STATUS_NOT_INITIALIZED
    WARNING: GigaTIME failed on patch (115712, 67584): cuDNN error: CUDNN_STATUS_NOT_INITIALIZED
    WARNING: GigaTIME failed on patch (115712, 68608): cuDNN error: CUDNN_STATUS_NOT_INITIALIZED
    WARNING: GigaTIME failed on patch (115712, 69632): cuDNN error: CUDNN_STATUS_NOT_INITIALIZED
    WARNING: GigaTIME failed on patch (115712, 70656): cuDNN error: CUDNN_STATUS_NOT_INITIALIZED
    WARNING: GigaTIME failed on patch (115712, 71680): cuDNN error: CUDNN_STATUS_NOT_INITIALIZED
    WARNING: GigaTIME failed on patch (115712, 72704): cuDNN error: CUDNN_STATUS_NOT_INITIALIZED
    WARNING: GigaTIME failed on patch (115712, 73728): cuDNN error: CUDNN_STATUS_NOT_INITIALIZED
    WARNING: GigaTIME failed on patch (115712, 74752): cuDNN error: CUDNN_STATUS_NOT_INITIALIZED
    WARNING: GigaTIME failed on patch (115712, 75776): cuDNN error: CUDNN_STATUS_NOT_INITIALIZED
    WARNING: GigaTIME failed on patch (115712, 76800): cuDNN error: CUDNN_STATUS_NOT_INITIALIZED
    WARNING: GigaTIME failed on patch (115712, 77824): cuDNN error: CUDNN_STATUS_NOT_INITIALIZED
    WARNING: GigaTIME failed on patch (115712, 78848): cuDNN error: CUDNN_STATUS_NOT_INITIALIZED
    WARNING: GigaTIME failed on patch (115712, 79872): cuDNN error: CUDNN_STATUS_NOT_INITIALIZED
    WARNING: GigaTIME failed on patch (115712, 80896): cuDNN error: CUDNN_STATUS_NOT_INITIALIZED
    WARNING: GigaTIME failed on patch (115712, 81920): cuDNN error: CUDNN_STATUS_NOT_INITIALIZED
    WARNING: GigaTIME failed on patch (116736, 5120): cuDNN error: CUDNN_STATUS_NOT_INITIALIZED
    WARNING: GigaTIME failed on patch (116736, 6144): cuDNN error: CUDNN_STATUS_NOT_INITIALIZED
    WARNING: GigaTIME failed on patch (116736, 7168): cuDNN error: CUDNN_STATUS_NOT_INITIALIZED
    WARNING: GigaTIME failed on patch (116736, 8192): cuDNN error: CUDNN_STATUS_NOT_INITIALIZED
    WARNING: GigaTIME failed on patch (116736, 9216): cuDNN error: CUDNN_STATUS_NOT_INITIALIZED
    WARNING: GigaTIME failed on patch (116736, 10240): cuDNN error: CUDNN_STATUS_NOT_INITIALIZED
    WARNING: GigaTIME failed on patch (116736, 11264): cuDNN error: CUDNN_STATUS_NOT_INITIALIZED
    WARNING: GigaTIME failed on patch (116736, 12288): cuDNN error: CUDNN_STATUS_NOT_INITIALIZED
    WARNING: GigaTIME failed on patch (116736, 13312): cuDNN error: CUDNN_STATUS_NOT_INITIALIZED
    WARNING: GigaTIME failed on patch (116736, 14336): cuDNN error: CUDNN_STATUS_NOT_INITIALIZED
    WARNING: GigaTIME failed on patch (116736, 15360): cuDNN error: CUDNN_STATUS_NOT_INITIALIZED
    WARNING: GigaTIME failed on patch (116736, 16384): cuDNN error: CUDNN_STATUS_NOT_INITIALIZED
    WARNING: GigaTIME failed on patch (116736, 17408): cuDNN error: CUDNN_STATUS_NOT_INITIALIZED
    WARNING: GigaTIME failed on patch (116736, 18432): cuDNN error: CUDNN_STATUS_NOT_INITIALIZED
    WARNING: GigaTIME failed on patch (116736, 19456): cuDNN error: CUDNN_STATUS_NOT_INITIALIZED
    WARNING: GigaTIME failed on patch (116736, 20480): cuDNN error: CUDNN_STATUS_NOT_INITIALIZED
    WARNING: GigaTIME failed on patch (116736, 21504): cuDNN error: CUDNN_STATUS_NOT_INITIALIZED
    WARNING: GigaTIME failed on patch (116736, 22528): cuDNN error: CUDNN_STATUS_NOT_INITIALIZED
    WARNING: GigaTIME failed on patch (116736, 23552): cuDNN error: CUDNN_STATUS_NOT_INITIALIZED
    WARNING: GigaTIME failed on patch (116736, 24576): cuDNN error: CUDNN_STATUS_NOT_INITIALIZED
    WARNING: GigaTIME failed on patch (116736, 25600): cuDNN error: CUDNN_STATUS_NOT_INITIALIZED
    WARNING: GigaTIME failed on patch (116736, 26624): cuDNN error: CUDNN_STATUS_NOT_INITIALIZED
    WARNING: GigaTIME failed on patch (116736, 27648): cuDNN error: CUDNN_STATUS_NOT_INITIALIZED
    WARNING: GigaTIME failed on patch (116736, 28672): cuDNN error: CUDNN_STATUS_NOT_INITIALIZED
    WARNING: GigaTIME failed on patch (116736, 29696): cuDNN error: CUDNN_STATUS_NOT_INITIALIZED
    WARNING: GigaTIME failed on patch (116736, 30720): cuDNN error: CUDNN_STATUS_NOT_INITIALIZED
    WARNING: GigaTIME failed on patch (116736, 31744): cuDNN error: CUDNN_STATUS_NOT_INITIALIZED
    WARNING: GigaTIME failed on patch (116736, 32768): cuDNN error: CUDNN_STATUS_NOT_INITIALIZED
    WARNING: GigaTIME failed on patch (116736, 33792): cuDNN error: CUDNN_STATUS_NOT_INITIALIZED
    WARNING: GigaTIME failed on patch (116736, 34816): cuDNN error: CUDNN_STATUS_NOT_INITIALIZED
    WARNING: GigaTIME failed on patch (116736, 35840): cuDNN error: CUDNN_STATUS_NOT_INITIALIZED
    WARNING: GigaTIME failed on patch (116736, 36864): cuDNN error: CUDNN_STATUS_NOT_INITIALIZED
    WARNING: GigaTIME failed on patch (116736, 37888): cuDNN error: CUDNN_STATUS_NOT_INITIALIZED
    WARNING: GigaTIME failed on patch (116736, 38912): cuDNN error: CUDNN_STATUS_NOT_INITIALIZED
    WARNING: GigaTIME failed on patch (116736, 39936): cuDNN error: CUDNN_STATUS_NOT_INITIALIZED
    WARNING: GigaTIME failed on patch (116736, 40960): cuDNN error: CUDNN_STATUS_NOT_INITIALIZED
    WARNING: GigaTIME failed on patch (116736, 41984): cuDNN error: CUDNN_STATUS_NOT_INITIALIZED
    WARNING: GigaTIME failed on patch (116736, 43008): cuDNN error: CUDNN_STATUS_NOT_INITIALIZED
    WARNING: GigaTIME failed on patch (116736, 44032): cuDNN error: CUDNN_STATUS_NOT_INITIALIZED
    WARNING: GigaTIME failed on patch (116736, 45056): cuDNN error: CUDNN_STATUS_NOT_INITIALIZED
    WARNING: GigaTIME failed on patch (116736, 46080): cuDNN error: CUDNN_STATUS_NOT_INITIALIZED
    WARNING: GigaTIME failed on patch (116736, 47104): cuDNN error: CUDNN_STATUS_NOT_INITIALIZED
    WARNING: GigaTIME failed on patch (116736, 48128): cuDNN error: CUDNN_STATUS_NOT_INITIALIZED
    WARNING: GigaTIME failed on patch (116736, 49152): cuDNN error: CUDNN_STATUS_NOT_INITIALIZED
    WARNING: GigaTIME failed on patch (116736, 50176): cuDNN error: CUDNN_STATUS_NOT_INITIALIZED
    WARNING: GigaTIME failed on patch (116736, 51200): cuDNN error: CUDNN_STATUS_NOT_INITIALIZED
    WARNING: GigaTIME failed on patch (116736, 52224): cuDNN error: CUDNN_STATUS_NOT_INITIALIZED
    WARNING: GigaTIME failed on patch (116736, 53248): cuDNN error: CUDNN_STATUS_NOT_INITIALIZED
    WARNING: GigaTIME failed on patch (116736, 54272): cuDNN error: CUDNN_STATUS_NOT_INITIALIZED
    WARNING: GigaTIME failed on patch (116736, 55296): cuDNN error: CUDNN_STATUS_NOT_INITIALIZED
    WARNING: GigaTIME failed on patch (116736, 56320): cuDNN error: CUDNN_STATUS_NOT_INITIALIZED
    WARNING: GigaTIME failed on patch (116736, 57344): cuDNN error: CUDNN_STATUS_NOT_INITIALIZED
    WARNING: GigaTIME failed on patch (116736, 65536): cuDNN error: CUDNN_STATUS_NOT_INITIALIZED
    WARNING: GigaTIME failed on patch (116736, 66560): cuDNN error: CUDNN_STATUS_NOT_INITIALIZED
    WARNING: GigaTIME failed on patch (116736, 67584): cuDNN error: CUDNN_STATUS_NOT_INITIALIZED
    WARNING: GigaTIME failed on patch (116736, 68608): cuDNN error: CUDNN_STATUS_NOT_INITIALIZED
    WARNING: GigaTIME failed on patch (116736, 69632): cuDNN error: CUDNN_STATUS_NOT_INITIALIZED
    WARNING: GigaTIME failed on patch (116736, 70656): cuDNN error: CUDNN_STATUS_NOT_INITIALIZED
    WARNING: GigaTIME failed on patch (116736, 71680): cuDNN error: CUDNN_STATUS_NOT_INITIALIZED
    WARNING: GigaTIME failed on patch (116736, 72704): cuDNN error: CUDNN_STATUS_NOT_INITIALIZED
    WARNING: GigaTIME failed on patch (116736, 73728): cuDNN error: CUDNN_STATUS_NOT_INITIALIZED
    WARNING: GigaTIME failed on patch (116736, 74752): cuDNN error: CUDNN_STATUS_NOT_INITIALIZED
    WARNING: GigaTIME failed on patch (116736, 75776): cuDNN error: CUDNN_STATUS_NOT_INITIALIZED
    WARNING: GigaTIME failed on patch (116736, 76800): cuDNN error: CUDNN_STATUS_NOT_INITIALIZED
    WARNING: GigaTIME failed on patch (116736, 77824): cuDNN error: CUDNN_STATUS_NOT_INITIALIZED
    WARNING: GigaTIME failed on patch (116736, 78848): cuDNN error: CUDNN_STATUS_NOT_INITIALIZED
    WARNING: GigaTIME failed on patch (116736, 79872): cuDNN error: CUDNN_STATUS_NOT_INITIALIZED
    WARNING: GigaTIME failed on patch (117760, 5120): cuDNN error: CUDNN_STATUS_NOT_INITIALIZED
    WARNING: GigaTIME failed on patch (117760, 6144): cuDNN error: CUDNN_STATUS_NOT_INITIALIZED
    WARNING: GigaTIME failed on patch (117760, 7168): cuDNN error: CUDNN_STATUS_NOT_INITIALIZED
    WARNING: GigaTIME failed on patch (117760, 8192): cuDNN error: CUDNN_STATUS_NOT_INITIALIZED
    WARNING: GigaTIME failed on patch (117760, 9216): cuDNN error: CUDNN_STATUS_NOT_INITIALIZED
    WARNING: GigaTIME failed on patch (117760, 10240): cuDNN error: CUDNN_STATUS_NOT_INITIALIZED
    WARNING: GigaTIME failed on patch (117760, 11264): cuDNN error: CUDNN_STATUS_NOT_INITIALIZED
    WARNING: GigaTIME failed on patch (117760, 12288): cuDNN error: CUDNN_STATUS_NOT_INITIALIZED
    WARNING: GigaTIME failed on patch (117760, 13312): cuDNN error: CUDNN_STATUS_NOT_INITIALIZED
    WARNING: GigaTIME failed on patch (117760, 14336): cuDNN error: CUDNN_STATUS_NOT_INITIALIZED
    WARNING: GigaTIME failed on patch (117760, 15360): cuDNN error: CUDNN_STATUS_NOT_INITIALIZED
    WARNING: GigaTIME failed on patch (117760, 16384): cuDNN error: CUDNN_STATUS_NOT_INITIALIZED
    WARNING: GigaTIME failed on patch (117760, 17408): cuDNN error: CUDNN_STATUS_NOT_INITIALIZED
    WARNING: GigaTIME failed on patch (117760, 18432): cuDNN error: CUDNN_STATUS_NOT_INITIALIZED
    WARNING: GigaTIME failed on patch (117760, 19456): cuDNN error: CUDNN_STATUS_NOT_INITIALIZED
    WARNING: GigaTIME failed on patch (117760, 20480): cuDNN error: CUDNN_STATUS_NOT_INITIALIZED
    WARNING: GigaTIME failed on patch (117760, 21504): cuDNN error: CUDNN_STATUS_NOT_INITIALIZED
    WARNING: GigaTIME failed on patch (117760, 22528): cuDNN error: CUDNN_STATUS_NOT_INITIALIZED
    WARNING: GigaTIME failed on patch (117760, 23552): cuDNN error: CUDNN_STATUS_NOT_INITIALIZED
    WARNING: GigaTIME failed on patch (117760, 24576): cuDNN error: CUDNN_STATUS_NOT_INITIALIZED
    WARNING: GigaTIME failed on patch (117760, 25600): cuDNN error: CUDNN_STATUS_NOT_INITIALIZED
    WARNING: GigaTIME failed on patch (117760, 26624): cuDNN error: CUDNN_STATUS_NOT_INITIALIZED
    WARNING: GigaTIME failed on patch (117760, 27648): cuDNN error: CUDNN_STATUS_NOT_INITIALIZED
    WARNING: GigaTIME failed on patch (117760, 28672): cuDNN error: CUDNN_STATUS_NOT_INITIALIZED
    WARNING: GigaTIME failed on patch (117760, 29696): cuDNN error: CUDNN_STATUS_NOT_INITIALIZED
    WARNING: GigaTIME failed on patch (117760, 30720): cuDNN error: CUDNN_STATUS_NOT_INITIALIZED
    WARNING: GigaTIME failed on patch (117760, 31744): cuDNN error: CUDNN_STATUS_NOT_INITIALIZED
    WARNING: GigaTIME failed on patch (117760, 32768): cuDNN error: CUDNN_STATUS_NOT_INITIALIZED
    WARNING: GigaTIME failed on patch (117760, 33792): cuDNN error: CUDNN_STATUS_NOT_INITIALIZED
    WARNING: GigaTIME failed on patch (117760, 34816): cuDNN error: CUDNN_STATUS_NOT_INITIALIZED
    WARNING: GigaTIME failed on patch (117760, 35840): cuDNN error: CUDNN_STATUS_NOT_INITIALIZED
    WARNING: GigaTIME failed on patch (117760, 36864): cuDNN error: CUDNN_STATUS_NOT_INITIALIZED
    WARNING: GigaTIME failed on patch (117760, 37888): cuDNN error: CUDNN_STATUS_NOT_INITIALIZED
    WARNING: GigaTIME failed on patch (117760, 38912): cuDNN error: CUDNN_STATUS_NOT_INITIALIZED
    WARNING: GigaTIME failed on patch (117760, 39936): cuDNN error: CUDNN_STATUS_NOT_INITIALIZED
    WARNING: GigaTIME failed on patch (117760, 40960): cuDNN error: CUDNN_STATUS_NOT_INITIALIZED
    WARNING: GigaTIME failed on patch (117760, 41984): cuDNN error: CUDNN_STATUS_NOT_INITIALIZED
    WARNING: GigaTIME failed on patch (117760, 43008): cuDNN error: CUDNN_STATUS_NOT_INITIALIZED
    WARNING: GigaTIME failed on patch (117760, 44032): cuDNN error: CUDNN_STATUS_NOT_INITIALIZED
    WARNING: GigaTIME failed on patch (117760, 46080): cuDNN error: CUDNN_STATUS_NOT_INITIALIZED
    WARNING: GigaTIME failed on patch (117760, 47104): cuDNN error: CUDNN_STATUS_NOT_INITIALIZED
    WARNING: GigaTIME failed on patch (117760, 48128): cuDNN error: CUDNN_STATUS_NOT_INITIALIZED
    WARNING: GigaTIME failed on patch (117760, 49152): cuDNN error: CUDNN_STATUS_NOT_INITIALIZED
    WARNING: GigaTIME failed on patch (117760, 50176): cuDNN error: CUDNN_STATUS_NOT_INITIALIZED
    WARNING: GigaTIME failed on patch (117760, 51200): cuDNN error: CUDNN_STATUS_NOT_INITIALIZED
    WARNING: GigaTIME failed on patch (117760, 52224): cuDNN error: CUDNN_STATUS_NOT_INITIALIZED
    WARNING: GigaTIME failed on patch (117760, 53248): cuDNN error: CUDNN_STATUS_NOT_INITIALIZED
    WARNING: GigaTIME failed on patch (117760, 54272): cuDNN error: CUDNN_STATUS_NOT_INITIALIZED
    WARNING: GigaTIME failed on patch (117760, 55296): cuDNN error: CUDNN_STATUS_NOT_INITIALIZED
    WARNING: GigaTIME failed on patch (117760, 56320): cuDNN error: CUDNN_STATUS_NOT_INITIALIZED
    WARNING: GigaTIME failed on patch (117760, 57344): cuDNN error: CUDNN_STATUS_NOT_INITIALIZED
    WARNING: GigaTIME failed on patch (117760, 65536): cuDNN error: CUDNN_STATUS_NOT_INITIALIZED
    WARNING: GigaTIME failed on patch (117760, 66560): cuDNN error: CUDNN_STATUS_NOT_INITIALIZED
    WARNING: GigaTIME failed on patch (117760, 67584): cuDNN error: CUDNN_STATUS_NOT_INITIALIZED
    WARNING: GigaTIME failed on patch (117760, 68608): cuDNN error: CUDNN_STATUS_NOT_INITIALIZED
    WARNING: GigaTIME failed on patch (117760, 69632): cuDNN error: CUDNN_STATUS_NOT_INITIALIZED
    WARNING: GigaTIME failed on patch (117760, 70656): cuDNN error: CUDNN_STATUS_NOT_INITIALIZED
    WARNING: GigaTIME failed on patch (117760, 71680): cuDNN error: CUDNN_STATUS_NOT_INITIALIZED
    WARNING: GigaTIME failed on patch (117760, 72704): cuDNN error: CUDNN_STATUS_NOT_INITIALIZED
    WARNING: GigaTIME failed on patch (117760, 73728): cuDNN error: CUDNN_STATUS_NOT_INITIALIZED
    WARNING: GigaTIME failed on patch (117760, 74752): cuDNN error: CUDNN_STATUS_NOT_INITIALIZED
    WARNING: GigaTIME failed on patch (117760, 75776): cuDNN error: CUDNN_STATUS_NOT_INITIALIZED
    WARNING: GigaTIME failed on patch (117760, 76800): cuDNN error: CUDNN_STATUS_NOT_INITIALIZED
    WARNING: GigaTIME failed on patch (117760, 77824): cuDNN error: CUDNN_STATUS_NOT_INITIALIZED
    WARNING: GigaTIME failed on patch (117760, 78848): cuDNN error: CUDNN_STATUS_NOT_INITIALIZED
    WARNING: GigaTIME failed on patch (117760, 79872): cuDNN error: CUDNN_STATUS_NOT_INITIALIZED
    WARNING: GigaTIME failed on patch (117760, 81920): cuDNN error: CUDNN_STATUS_NOT_INITIALIZED
    WARNING: GigaTIME failed on patch (118784, 4096): cuDNN error: CUDNN_STATUS_NOT_INITIALIZED
    WARNING: GigaTIME failed on patch (118784, 5120): cuDNN error: CUDNN_STATUS_NOT_INITIALIZED
    WARNING: GigaTIME failed on patch (118784, 6144): cuDNN error: CUDNN_STATUS_NOT_INITIALIZED
    WARNING: GigaTIME failed on patch (118784, 7168): cuDNN error: CUDNN_STATUS_NOT_INITIALIZED
    WARNING: GigaTIME failed on patch (118784, 8192): cuDNN error: CUDNN_STATUS_NOT_INITIALIZED
    WARNING: GigaTIME failed on patch (118784, 9216): cuDNN error: CUDNN_STATUS_NOT_INITIALIZED
    WARNING: GigaTIME failed on patch (118784, 10240): cuDNN error: CUDNN_STATUS_NOT_INITIALIZED
    WARNING: GigaTIME failed on patch (118784, 11264): cuDNN error: CUDNN_STATUS_NOT_INITIALIZED
    WARNING: GigaTIME failed on patch (118784, 12288): cuDNN error: CUDNN_STATUS_NOT_INITIALIZED
    WARNING: GigaTIME failed on patch (118784, 13312): cuDNN error: CUDNN_STATUS_NOT_INITIALIZED
    WARNING: GigaTIME failed on patch (118784, 14336): cuDNN error: CUDNN_STATUS_NOT_INITIALIZED
    WARNING: GigaTIME failed on patch (118784, 15360): cuDNN error: CUDNN_STATUS_NOT_INITIALIZED
    WARNING: GigaTIME failed on patch (118784, 16384): cuDNN error: CUDNN_STATUS_NOT_INITIALIZED
    WARNING: GigaTIME failed on patch (118784, 17408): cuDNN error: CUDNN_STATUS_NOT_INITIALIZED
    WARNING: GigaTIME failed on patch (118784, 18432): cuDNN error: CUDNN_STATUS_NOT_INITIALIZED
    WARNING: GigaTIME failed on patch (118784, 19456): cuDNN error: CUDNN_STATUS_NOT_INITIALIZED
    WARNING: GigaTIME failed on patch (118784, 20480): cuDNN error: CUDNN_STATUS_NOT_INITIALIZED
    WARNING: GigaTIME failed on patch (118784, 21504): cuDNN error: CUDNN_STATUS_NOT_INITIALIZED
    WARNING: GigaTIME failed on patch (118784, 22528): cuDNN error: CUDNN_STATUS_NOT_INITIALIZED
    WARNING: GigaTIME failed on patch (118784, 23552): cuDNN error: CUDNN_STATUS_NOT_INITIALIZED
    WARNING: GigaTIME failed on patch (118784, 24576): cuDNN error: CUDNN_STATUS_NOT_INITIALIZED
    WARNING: GigaTIME failed on patch (118784, 25600): cuDNN error: CUDNN_STATUS_NOT_INITIALIZED
    WARNING: GigaTIME failed on patch (118784, 26624): cuDNN error: CUDNN_STATUS_NOT_INITIALIZED
    WARNING: GigaTIME failed on patch (118784, 27648): cuDNN error: CUDNN_STATUS_NOT_INITIALIZED
    WARNING: GigaTIME failed on patch (118784, 28672): cuDNN error: CUDNN_STATUS_NOT_INITIALIZED
    WARNING: GigaTIME failed on patch (118784, 29696): cuDNN error: CUDNN_STATUS_NOT_INITIALIZED
    WARNING: GigaTIME failed on patch (118784, 30720): cuDNN error: CUDNN_STATUS_NOT_INITIALIZED
    WARNING: GigaTIME failed on patch (118784, 31744): cuDNN error: CUDNN_STATUS_NOT_INITIALIZED
    WARNING: GigaTIME failed on patch (118784, 32768): cuDNN error: CUDNN_STATUS_NOT_INITIALIZED
    WARNING: GigaTIME failed on patch (118784, 33792): cuDNN error: CUDNN_STATUS_NOT_INITIALIZED
    WARNING: GigaTIME failed on patch (118784, 34816): cuDNN error: CUDNN_STATUS_NOT_INITIALIZED
    WARNING: GigaTIME failed on patch (118784, 35840): cuDNN error: CUDNN_STATUS_NOT_INITIALIZED
    WARNING: GigaTIME failed on patch (118784, 36864): cuDNN error: CUDNN_STATUS_NOT_INITIALIZED
    WARNING: GigaTIME failed on patch (118784, 37888): cuDNN error: CUDNN_STATUS_NOT_INITIALIZED
    WARNING: GigaTIME failed on patch (118784, 38912): cuDNN error: CUDNN_STATUS_NOT_INITIALIZED
    WARNING: GigaTIME failed on patch (118784, 39936): cuDNN error: CUDNN_STATUS_NOT_INITIALIZED
    WARNING: GigaTIME failed on patch (118784, 40960): cuDNN error: CUDNN_STATUS_NOT_INITIALIZED
    WARNING: GigaTIME failed on patch (118784, 41984): cuDNN error: CUDNN_STATUS_NOT_INITIALIZED
    WARNING: GigaTIME failed on patch (118784, 43008): cuDNN error: CUDNN_STATUS_NOT_INITIALIZED
    WARNING: GigaTIME failed on patch (118784, 44032): cuDNN error: CUDNN_STATUS_NOT_INITIALIZED
    WARNING: GigaTIME failed on patch (118784, 45056): cuDNN error: CUDNN_STATUS_NOT_INITIALIZED
    WARNING: GigaTIME failed on patch (118784, 47104): cuDNN error: CUDNN_STATUS_NOT_INITIALIZED
    WARNING: GigaTIME failed on patch (118784, 48128): cuDNN error: CUDNN_STATUS_NOT_INITIALIZED
    WARNING: GigaTIME failed on patch (118784, 49152): cuDNN error: CUDNN_STATUS_NOT_INITIALIZED
    WARNING: GigaTIME failed on patch (118784, 50176): cuDNN error: CUDNN_STATUS_NOT_INITIALIZED
    WARNING: GigaTIME failed on patch (118784, 51200): cuDNN error: CUDNN_STATUS_NOT_INITIALIZED
    WARNING: GigaTIME failed on patch (118784, 52224): cuDNN error: CUDNN_STATUS_NOT_INITIALIZED
    WARNING: GigaTIME failed on patch (118784, 53248): cuDNN error: CUDNN_STATUS_NOT_INITIALIZED
    WARNING: GigaTIME failed on patch (118784, 54272): cuDNN error: CUDNN_STATUS_NOT_INITIALIZED
    WARNING: GigaTIME failed on patch (118784, 55296): cuDNN error: CUDNN_STATUS_NOT_INITIALIZED
    WARNING: GigaTIME failed on patch (118784, 56320): cuDNN error: CUDNN_STATUS_NOT_INITIALIZED
    WARNING: GigaTIME failed on patch (118784, 57344): cuDNN error: CUDNN_STATUS_NOT_INITIALIZED
    WARNING: GigaTIME failed on patch (118784, 58368): cuDNN error: CUDNN_STATUS_NOT_INITIALIZED
    WARNING: GigaTIME failed on patch (118784, 64512): cuDNN error: CUDNN_STATUS_NOT_INITIALIZED
    WARNING: GigaTIME failed on patch (118784, 65536): cuDNN error: CUDNN_STATUS_NOT_INITIALIZED
    WARNING: GigaTIME failed on patch (118784, 66560): cuDNN error: CUDNN_STATUS_NOT_INITIALIZED
    WARNING: GigaTIME failed on patch (118784, 67584): cuDNN error: CUDNN_STATUS_NOT_INITIALIZED
    WARNING: GigaTIME failed on patch (118784, 68608): cuDNN error: CUDNN_STATUS_NOT_INITIALIZED
    WARNING: GigaTIME failed on patch (118784, 69632): cuDNN error: CUDNN_STATUS_NOT_INITIALIZED
    WARNING: GigaTIME failed on patch (118784, 70656): cuDNN error: CUDNN_STATUS_NOT_INITIALIZED
    WARNING: GigaTIME failed on patch (118784, 71680): cuDNN error: CUDNN_STATUS_NOT_INITIALIZED
    WARNING: GigaTIME failed on patch (118784, 72704): cuDNN error: CUDNN_STATUS_NOT_INITIALIZED
    WARNING: GigaTIME failed on patch (118784, 73728): cuDNN error: CUDNN_STATUS_NOT_INITIALIZED
    WARNING: GigaTIME failed on patch (118784, 74752): cuDNN error: CUDNN_STATUS_NOT_INITIALIZED
    WARNING: GigaTIME failed on patch (118784, 75776): cuDNN error: CUDNN_STATUS_NOT_INITIALIZED
    WARNING: GigaTIME failed on patch (118784, 76800): cuDNN error: CUDNN_STATUS_NOT_INITIALIZED
    WARNING: GigaTIME failed on patch (118784, 77824): cuDNN error: CUDNN_STATUS_NOT_INITIALIZED
    WARNING: GigaTIME failed on patch (118784, 78848): cuDNN error: CUDNN_STATUS_NOT_INITIALIZED
    WARNING: GigaTIME failed on patch (118784, 79872): cuDNN error: CUDNN_STATUS_NOT_INITIALIZED
    WARNING: GigaTIME failed on patch (118784, 80896): cuDNN error: CUDNN_STATUS_NOT_INITIALIZED
    WARNING: GigaTIME failed on patch (119808, 5120): cuDNN error: CUDNN_STATUS_NOT_INITIALIZED
    WARNING: GigaTIME failed on patch (119808, 6144): cuDNN error: CUDNN_STATUS_NOT_INITIALIZED
    WARNING: GigaTIME failed on patch (119808, 7168): cuDNN error: CUDNN_STATUS_NOT_INITIALIZED
    WARNING: GigaTIME failed on patch (119808, 8192): cuDNN error: CUDNN_STATUS_NOT_INITIALIZED
    WARNING: GigaTIME failed on patch (119808, 9216): cuDNN error: CUDNN_STATUS_NOT_INITIALIZED
    WARNING: GigaTIME failed on patch (119808, 10240): cuDNN error: CUDNN_STATUS_NOT_INITIALIZED
    WARNING: GigaTIME failed on patch (119808, 11264): cuDNN error: CUDNN_STATUS_NOT_INITIALIZED
    WARNING: GigaTIME failed on patch (119808, 12288): cuDNN error: CUDNN_STATUS_NOT_INITIALIZED
    WARNING: GigaTIME failed on patch (119808, 13312): cuDNN error: CUDNN_STATUS_NOT_INITIALIZED
    WARNING: GigaTIME failed on patch (119808, 14336): cuDNN error: CUDNN_STATUS_NOT_INITIALIZED
    WARNING: GigaTIME failed on patch (119808, 15360): cuDNN error: CUDNN_STATUS_NOT_INITIALIZED
    WARNING: GigaTIME failed on patch (119808, 16384): cuDNN error: CUDNN_STATUS_NOT_INITIALIZED
    WARNING: GigaTIME failed on patch (119808, 17408): cuDNN error: CUDNN_STATUS_NOT_INITIALIZED
    WARNING: GigaTIME failed on patch (119808, 18432): cuDNN error: CUDNN_STATUS_NOT_INITIALIZED
    WARNING: GigaTIME failed on patch (119808, 19456): cuDNN error: CUDNN_STATUS_NOT_INITIALIZED
    WARNING: GigaTIME failed on patch (119808, 20480): cuDNN error: CUDNN_STATUS_NOT_INITIALIZED
    WARNING: GigaTIME failed on patch (119808, 21504): cuDNN error: CUDNN_STATUS_NOT_INITIALIZED
    WARNING: GigaTIME failed on patch (119808, 22528): cuDNN error: CUDNN_STATUS_NOT_INITIALIZED
    WARNING: GigaTIME failed on patch (119808, 23552): cuDNN error: CUDNN_STATUS_NOT_INITIALIZED
    WARNING: GigaTIME failed on patch (119808, 24576): cuDNN error: CUDNN_STATUS_NOT_INITIALIZED
    WARNING: GigaTIME failed on patch (119808, 25600): cuDNN error: CUDNN_STATUS_NOT_INITIALIZED
    WARNING: GigaTIME failed on patch (119808, 26624): cuDNN error: CUDNN_STATUS_NOT_INITIALIZED
    WARNING: GigaTIME failed on patch (119808, 27648): cuDNN error: CUDNN_STATUS_NOT_INITIALIZED
    WARNING: GigaTIME failed on patch (119808, 28672): cuDNN error: CUDNN_STATUS_NOT_INITIALIZED
    WARNING: GigaTIME failed on patch (119808, 29696): cuDNN error: CUDNN_STATUS_NOT_INITIALIZED
    WARNING: GigaTIME failed on patch (119808, 30720): cuDNN error: CUDNN_STATUS_NOT_INITIALIZED
    WARNING: GigaTIME failed on patch (119808, 31744): cuDNN error: CUDNN_STATUS_NOT_INITIALIZED
    WARNING: GigaTIME failed on patch (119808, 32768): cuDNN error: CUDNN_STATUS_NOT_INITIALIZED
    WARNING: GigaTIME failed on patch (119808, 33792): cuDNN error: CUDNN_STATUS_NOT_INITIALIZED
    WARNING: GigaTIME failed on patch (119808, 34816): cuDNN error: CUDNN_STATUS_NOT_INITIALIZED
    WARNING: GigaTIME failed on patch (119808, 35840): cuDNN error: CUDNN_STATUS_NOT_INITIALIZED
    WARNING: GigaTIME failed on patch (119808, 36864): cuDNN error: CUDNN_STATUS_NOT_INITIALIZED
    WARNING: GigaTIME failed on patch (119808, 37888): cuDNN error: CUDNN_STATUS_NOT_INITIALIZED
    WARNING: GigaTIME failed on patch (119808, 38912): cuDNN error: CUDNN_STATUS_NOT_INITIALIZED
    WARNING: GigaTIME failed on patch (119808, 39936): cuDNN error: CUDNN_STATUS_NOT_INITIALIZED
    WARNING: GigaTIME failed on patch (119808, 40960): cuDNN error: CUDNN_STATUS_NOT_INITIALIZED
    WARNING: GigaTIME failed on patch (119808, 41984): cuDNN error: CUDNN_STATUS_NOT_INITIALIZED
    WARNING: GigaTIME failed on patch (119808, 43008): cuDNN error: CUDNN_STATUS_NOT_INITIALIZED
    WARNING: GigaTIME failed on patch (119808, 44032): cuDNN error: CUDNN_STATUS_NOT_INITIALIZED
    WARNING: GigaTIME failed on patch (119808, 45056): cuDNN error: CUDNN_STATUS_NOT_INITIALIZED
    WARNING: GigaTIME failed on patch (119808, 47104): cuDNN error: CUDNN_STATUS_NOT_INITIALIZED
    WARNING: GigaTIME failed on patch (119808, 48128): cuDNN error: CUDNN_STATUS_NOT_INITIALIZED
    WARNING: GigaTIME failed on patch (119808, 49152): cuDNN error: CUDNN_STATUS_NOT_INITIALIZED
    WARNING: GigaTIME failed on patch (119808, 50176): cuDNN error: CUDNN_STATUS_NOT_INITIALIZED
    WARNING: GigaTIME failed on patch (119808, 51200): cuDNN error: CUDNN_STATUS_NOT_INITIALIZED
    WARNING: GigaTIME failed on patch (119808, 52224): cuDNN error: CUDNN_STATUS_NOT_INITIALIZED
    WARNING: GigaTIME failed on patch (119808, 53248): cuDNN error: CUDNN_STATUS_NOT_INITIALIZED
    WARNING: GigaTIME failed on patch (119808, 54272): cuDNN error: CUDNN_STATUS_NOT_INITIALIZED
    WARNING: GigaTIME failed on patch (119808, 55296): cuDNN error: CUDNN_STATUS_NOT_INITIALIZED
    WARNING: GigaTIME failed on patch (119808, 56320): cuDNN error: CUDNN_STATUS_NOT_INITIALIZED
    WARNING: GigaTIME failed on patch (119808, 57344): cuDNN error: CUDNN_STATUS_NOT_INITIALIZED
    WARNING: GigaTIME failed on patch (119808, 58368): cuDNN error: CUDNN_STATUS_NOT_INITIALIZED
    WARNING: GigaTIME failed on patch (119808, 59392): cuDNN error: CUDNN_STATUS_NOT_INITIALIZED
    WARNING: GigaTIME failed on patch (119808, 60416): cuDNN error: CUDNN_STATUS_NOT_INITIALIZED
    WARNING: GigaTIME failed on patch (119808, 67584): cuDNN error: CUDNN_STATUS_NOT_INITIALIZED
    WARNING: GigaTIME failed on patch (119808, 68608): cuDNN error: CUDNN_STATUS_NOT_INITIALIZED
    WARNING: GigaTIME failed on patch (119808, 69632): cuDNN error: CUDNN_STATUS_NOT_INITIALIZED
    WARNING: GigaTIME failed on patch (119808, 70656): cuDNN error: CUDNN_STATUS_NOT_INITIALIZED
    WARNING: GigaTIME failed on patch (119808, 71680): cuDNN error: CUDNN_STATUS_NOT_INITIALIZED
    WARNING: GigaTIME failed on patch (119808, 72704): cuDNN error: CUDNN_STATUS_NOT_INITIALIZED
    WARNING: GigaTIME failed on patch (119808, 73728): cuDNN error: CUDNN_STATUS_NOT_INITIALIZED
    WARNING: GigaTIME failed on patch (119808, 74752): cuDNN error: CUDNN_STATUS_NOT_INITIALIZED
    WARNING: GigaTIME failed on patch (119808, 75776): cuDNN error: CUDNN_STATUS_NOT_INITIALIZED
    WARNING: GigaTIME failed on patch (119808, 76800): cuDNN error: CUDNN_STATUS_NOT_INITIALIZED
    WARNING: GigaTIME failed on patch (119808, 77824): cuDNN error: CUDNN_STATUS_NOT_INITIALIZED
    WARNING: GigaTIME failed on patch (119808, 78848): cuDNN error: CUDNN_STATUS_NOT_INITIALIZED
    WARNING: GigaTIME failed on patch (119808, 79872): cuDNN error: CUDNN_STATUS_NOT_INITIALIZED
    WARNING: GigaTIME failed on patch (119808, 80896): cuDNN error: CUDNN_STATUS_NOT_INITIALIZED
    WARNING: GigaTIME failed on patch (120832, 5120): cuDNN error: CUDNN_STATUS_NOT_INITIALIZED
    WARNING: GigaTIME failed on patch (120832, 6144): cuDNN error: CUDNN_STATUS_NOT_INITIALIZED
    WARNING: GigaTIME failed on patch (120832, 7168): cuDNN error: CUDNN_STATUS_NOT_INITIALIZED
    WARNING: GigaTIME failed on patch (120832, 8192): cuDNN error: CUDNN_STATUS_NOT_INITIALIZED
    WARNING: GigaTIME failed on patch (120832, 9216): cuDNN error: CUDNN_STATUS_NOT_INITIALIZED
    WARNING: GigaTIME failed on patch (120832, 10240): cuDNN error: CUDNN_STATUS_NOT_INITIALIZED
    WARNING: GigaTIME failed on patch (120832, 11264): cuDNN error: CUDNN_STATUS_NOT_INITIALIZED
    WARNING: GigaTIME failed on patch (120832, 12288): cuDNN error: CUDNN_STATUS_NOT_INITIALIZED
    WARNING: GigaTIME failed on patch (120832, 13312): cuDNN error: CUDNN_STATUS_NOT_INITIALIZED
    WARNING: GigaTIME failed on patch (120832, 14336): cuDNN error: CUDNN_STATUS_NOT_INITIALIZED
    WARNING: GigaTIME failed on patch (120832, 15360): cuDNN error: CUDNN_STATUS_NOT_INITIALIZED
    WARNING: GigaTIME failed on patch (120832, 16384): cuDNN error: CUDNN_STATUS_NOT_INITIALIZED
    WARNING: GigaTIME failed on patch (120832, 17408): cuDNN error: CUDNN_STATUS_NOT_INITIALIZED
    WARNING: GigaTIME failed on patch (120832, 18432): cuDNN error: CUDNN_STATUS_NOT_INITIALIZED
    WARNING: GigaTIME failed on patch (120832, 19456): cuDNN error: CUDNN_STATUS_NOT_INITIALIZED
    WARNING: GigaTIME failed on patch (120832, 20480): cuDNN error: CUDNN_STATUS_NOT_INITIALIZED
    WARNING: GigaTIME failed on patch (120832, 21504): cuDNN error: CUDNN_STATUS_NOT_INITIALIZED
    WARNING: GigaTIME failed on patch (120832, 22528): cuDNN error: CUDNN_STATUS_NOT_INITIALIZED
    WARNING: GigaTIME failed on patch (120832, 23552): cuDNN error: CUDNN_STATUS_NOT_INITIALIZED
    WARNING: GigaTIME failed on patch (120832, 24576): cuDNN error: CUDNN_STATUS_NOT_INITIALIZED
    WARNING: GigaTIME failed on patch (120832, 25600): cuDNN error: CUDNN_STATUS_NOT_INITIALIZED
    WARNING: GigaTIME failed on patch (120832, 26624): cuDNN error: CUDNN_STATUS_NOT_INITIALIZED
    WARNING: GigaTIME failed on patch (120832, 27648): cuDNN error: CUDNN_STATUS_NOT_INITIALIZED
    WARNING: GigaTIME failed on patch (120832, 28672): cuDNN error: CUDNN_STATUS_NOT_INITIALIZED
    WARNING: GigaTIME failed on patch (120832, 29696): cuDNN error: CUDNN_STATUS_NOT_INITIALIZED
    WARNING: GigaTIME failed on patch (120832, 30720): cuDNN error: CUDNN_STATUS_NOT_INITIALIZED
    WARNING: GigaTIME failed on patch (120832, 31744): cuDNN error: CUDNN_STATUS_NOT_INITIALIZED
    WARNING: GigaTIME failed on patch (120832, 32768): cuDNN error: CUDNN_STATUS_NOT_INITIALIZED
    WARNING: GigaTIME failed on patch (120832, 33792): cuDNN error: CUDNN_STATUS_NOT_INITIALIZED
    WARNING: GigaTIME failed on patch (120832, 34816): cuDNN error: CUDNN_STATUS_NOT_INITIALIZED
    WARNING: GigaTIME failed on patch (120832, 35840): cuDNN error: CUDNN_STATUS_NOT_INITIALIZED
    WARNING: GigaTIME failed on patch (120832, 36864): cuDNN error: CUDNN_STATUS_NOT_INITIALIZED
    WARNING: GigaTIME failed on patch (120832, 37888): cuDNN error: CUDNN_STATUS_NOT_INITIALIZED
    WARNING: GigaTIME failed on patch (120832, 38912): cuDNN error: CUDNN_STATUS_NOT_INITIALIZED
    WARNING: GigaTIME failed on patch (120832, 39936): cuDNN error: CUDNN_STATUS_NOT_INITIALIZED
    WARNING: GigaTIME failed on patch (120832, 40960): cuDNN error: CUDNN_STATUS_NOT_INITIALIZED
    WARNING: GigaTIME failed on patch (120832, 41984): cuDNN error: CUDNN_STATUS_NOT_INITIALIZED
    WARNING: GigaTIME failed on patch (120832, 43008): cuDNN error: CUDNN_STATUS_NOT_INITIALIZED
    WARNING: GigaTIME failed on patch (120832, 44032): cuDNN error: CUDNN_STATUS_NOT_INITIALIZED
    WARNING: GigaTIME failed on patch (120832, 45056): cuDNN error: CUDNN_STATUS_NOT_INITIALIZED
    WARNING: GigaTIME failed on patch (120832, 46080): cuDNN error: CUDNN_STATUS_NOT_INITIALIZED
    WARNING: GigaTIME failed on patch (120832, 49152): cuDNN error: CUDNN_STATUS_NOT_INITIALIZED
    WARNING: GigaTIME failed on patch (120832, 50176): cuDNN error: CUDNN_STATUS_NOT_INITIALIZED
    WARNING: GigaTIME failed on patch (120832, 51200): cuDNN error: CUDNN_STATUS_NOT_INITIALIZED
    WARNING: GigaTIME failed on patch (120832, 52224): cuDNN error: CUDNN_STATUS_NOT_INITIALIZED
    WARNING: GigaTIME failed on patch (120832, 53248): cuDNN error: CUDNN_STATUS_NOT_INITIALIZED
    WARNING: GigaTIME failed on patch (120832, 54272): cuDNN error: CUDNN_STATUS_NOT_INITIALIZED
    WARNING: GigaTIME failed on patch (120832, 55296): cuDNN error: CUDNN_STATUS_NOT_INITIALIZED
    WARNING: GigaTIME failed on patch (120832, 56320): cuDNN error: CUDNN_STATUS_NOT_INITIALIZED
    WARNING: GigaTIME failed on patch (120832, 57344): cuDNN error: CUDNN_STATUS_NOT_INITIALIZED
    WARNING: GigaTIME failed on patch (120832, 58368): cuDNN error: CUDNN_STATUS_NOT_INITIALIZED
    WARNING: GigaTIME failed on patch (120832, 59392): cuDNN error: CUDNN_STATUS_NOT_INITIALIZED
    WARNING: GigaTIME failed on patch (120832, 60416): cuDNN error: CUDNN_STATUS_NOT_INITIALIZED
    WARNING: GigaTIME failed on patch (120832, 68608): cuDNN error: CUDNN_STATUS_NOT_INITIALIZED
    WARNING: GigaTIME failed on patch (120832, 69632): cuDNN error: CUDNN_STATUS_NOT_INITIALIZED
    WARNING: GigaTIME failed on patch (120832, 70656): cuDNN error: CUDNN_STATUS_NOT_INITIALIZED
    WARNING: GigaTIME failed on patch (120832, 71680): cuDNN error: CUDNN_STATUS_NOT_INITIALIZED
    WARNING: GigaTIME failed on patch (120832, 72704): cuDNN error: CUDNN_STATUS_NOT_INITIALIZED
    WARNING: GigaTIME failed on patch (120832, 73728): cuDNN error: CUDNN_STATUS_NOT_INITIALIZED
    WARNING: GigaTIME failed on patch (120832, 74752): cuDNN error: CUDNN_STATUS_NOT_INITIALIZED
    WARNING: GigaTIME failed on patch (120832, 75776): cuDNN error: CUDNN_STATUS_NOT_INITIALIZED
    WARNING: GigaTIME failed on patch (120832, 76800): cuDNN error: CUDNN_STATUS_NOT_INITIALIZED
    WARNING: GigaTIME failed on patch (120832, 77824): cuDNN error: CUDNN_STATUS_NOT_INITIALIZED
    WARNING: GigaTIME failed on patch (120832, 78848): cuDNN error: CUDNN_STATUS_NOT_INITIALIZED
    WARNING: GigaTIME failed on patch (120832, 79872): cuDNN error: CUDNN_STATUS_NOT_INITIALIZED
    WARNING: GigaTIME failed on patch (120832, 80896): cuDNN error: CUDNN_STATUS_NOT_INITIALIZED
    WARNING: GigaTIME failed on patch (120832, 81920): cuDNN error: CUDNN_STATUS_NOT_INITIALIZED
    WARNING: GigaTIME failed on patch (121856, 5120): cuDNN error: CUDNN_STATUS_NOT_INITIALIZED
    WARNING: GigaTIME failed on patch (121856, 6144): cuDNN error: CUDNN_STATUS_NOT_INITIALIZED
    WARNING: GigaTIME failed on patch (121856, 7168): cuDNN error: CUDNN_STATUS_NOT_INITIALIZED
    WARNING: GigaTIME failed on patch (121856, 8192): cuDNN error: CUDNN_STATUS_NOT_INITIALIZED
    WARNING: GigaTIME failed on patch (121856, 9216): cuDNN error: CUDNN_STATUS_NOT_INITIALIZED
    WARNING: GigaTIME failed on patch (121856, 10240): cuDNN error: CUDNN_STATUS_NOT_INITIALIZED
    WARNING: GigaTIME failed on patch (121856, 11264): cuDNN error: CUDNN_STATUS_NOT_INITIALIZED
    WARNING: GigaTIME failed on patch (121856, 12288): cuDNN error: CUDNN_STATUS_NOT_INITIALIZED
    WARNING: GigaTIME failed on patch (121856, 13312): cuDNN error: CUDNN_STATUS_NOT_INITIALIZED
    WARNING: GigaTIME failed on patch (121856, 14336): cuDNN error: CUDNN_STATUS_NOT_INITIALIZED
    WARNING: GigaTIME failed on patch (121856, 15360): cuDNN error: CUDNN_STATUS_NOT_INITIALIZED
    WARNING: GigaTIME failed on patch (121856, 16384): cuDNN error: CUDNN_STATUS_NOT_INITIALIZED
    WARNING: GigaTIME failed on patch (121856, 17408): cuDNN error: CUDNN_STATUS_NOT_INITIALIZED
    WARNING: GigaTIME failed on patch (121856, 18432): cuDNN error: CUDNN_STATUS_NOT_INITIALIZED
    WARNING: GigaTIME failed on patch (121856, 19456): cuDNN error: CUDNN_STATUS_NOT_INITIALIZED
    WARNING: GigaTIME failed on patch (121856, 20480): cuDNN error: CUDNN_STATUS_NOT_INITIALIZED
    WARNING: GigaTIME failed on patch (121856, 21504): cuDNN error: CUDNN_STATUS_NOT_INITIALIZED
    WARNING: GigaTIME failed on patch (121856, 22528): cuDNN error: CUDNN_STATUS_NOT_INITIALIZED
    WARNING: GigaTIME failed on patch (121856, 23552): cuDNN error: CUDNN_STATUS_NOT_INITIALIZED
    WARNING: GigaTIME failed on patch (121856, 24576): cuDNN error: CUDNN_STATUS_NOT_INITIALIZED
    WARNING: GigaTIME failed on patch (121856, 25600): cuDNN error: CUDNN_STATUS_NOT_INITIALIZED
    WARNING: GigaTIME failed on patch (121856, 26624): cuDNN error: CUDNN_STATUS_NOT_INITIALIZED
    WARNING: GigaTIME failed on patch (121856, 27648): cuDNN error: CUDNN_STATUS_NOT_INITIALIZED
    WARNING: GigaTIME failed on patch (121856, 28672): cuDNN error: CUDNN_STATUS_NOT_INITIALIZED
    WARNING: GigaTIME failed on patch (121856, 29696): cuDNN error: CUDNN_STATUS_NOT_INITIALIZED
    WARNING: GigaTIME failed on patch (121856, 30720): cuDNN error: CUDNN_STATUS_NOT_INITIALIZED
    WARNING: GigaTIME failed on patch (121856, 31744): cuDNN error: CUDNN_STATUS_NOT_INITIALIZED
    WARNING: GigaTIME failed on patch (121856, 32768): cuDNN error: CUDNN_STATUS_NOT_INITIALIZED
    WARNING: GigaTIME failed on patch (121856, 33792): cuDNN error: CUDNN_STATUS_NOT_INITIALIZED
    WARNING: GigaTIME failed on patch (121856, 34816): cuDNN error: CUDNN_STATUS_NOT_INITIALIZED
    WARNING: GigaTIME failed on patch (121856, 35840): cuDNN error: CUDNN_STATUS_NOT_INITIALIZED
    WARNING: GigaTIME failed on patch (121856, 36864): cuDNN error: CUDNN_STATUS_NOT_INITIALIZED
    WARNING: GigaTIME failed on patch (121856, 37888): cuDNN error: CUDNN_STATUS_NOT_INITIALIZED
    WARNING: GigaTIME failed on patch (121856, 38912): cuDNN error: CUDNN_STATUS_NOT_INITIALIZED
    WARNING: GigaTIME failed on patch (121856, 39936): cuDNN error: CUDNN_STATUS_NOT_INITIALIZED
    WARNING: GigaTIME failed on patch (121856, 40960): cuDNN error: CUDNN_STATUS_NOT_INITIALIZED
    WARNING: GigaTIME failed on patch (121856, 41984): cuDNN error: CUDNN_STATUS_NOT_INITIALIZED
    WARNING: GigaTIME failed on patch (121856, 43008): cuDNN error: CUDNN_STATUS_NOT_INITIALIZED
    WARNING: GigaTIME failed on patch (121856, 44032): cuDNN error: CUDNN_STATUS_NOT_INITIALIZED
    WARNING: GigaTIME failed on patch (121856, 45056): cuDNN error: CUDNN_STATUS_NOT_INITIALIZED
    WARNING: GigaTIME failed on patch (121856, 46080): cuDNN error: CUDNN_STATUS_NOT_INITIALIZED
    WARNING: GigaTIME failed on patch (121856, 49152): cuDNN error: CUDNN_STATUS_NOT_INITIALIZED
    WARNING: GigaTIME failed on patch (121856, 50176): cuDNN error: CUDNN_STATUS_NOT_INITIALIZED
    WARNING: GigaTIME failed on patch (121856, 51200): cuDNN error: CUDNN_STATUS_NOT_INITIALIZED
    WARNING: GigaTIME failed on patch (121856, 52224): cuDNN error: CUDNN_STATUS_NOT_INITIALIZED
    WARNING: GigaTIME failed on patch (121856, 53248): cuDNN error: CUDNN_STATUS_NOT_INITIALIZED
    WARNING: GigaTIME failed on patch (121856, 54272): cuDNN error: CUDNN_STATUS_NOT_INITIALIZED
    WARNING: GigaTIME failed on patch (121856, 55296): cuDNN error: CUDNN_STATUS_NOT_INITIALIZED
    WARNING: GigaTIME failed on patch (121856, 56320): cuDNN error: CUDNN_STATUS_NOT_INITIALIZED
    WARNING: GigaTIME failed on patch (121856, 57344): cuDNN error: CUDNN_STATUS_NOT_INITIALIZED
    WARNING: GigaTIME failed on patch (121856, 58368): cuDNN error: CUDNN_STATUS_NOT_INITIALIZED
    WARNING: GigaTIME failed on patch (121856, 59392): cuDNN error: CUDNN_STATUS_NOT_INITIALIZED
    WARNING: GigaTIME failed on patch (121856, 60416): cuDNN error: CUDNN_STATUS_NOT_INITIALIZED
    WARNING: GigaTIME failed on patch (121856, 69632): cuDNN error: CUDNN_STATUS_NOT_INITIALIZED
    WARNING: GigaTIME failed on patch (121856, 70656): cuDNN error: CUDNN_STATUS_NOT_INITIALIZED
    WARNING: GigaTIME failed on patch (121856, 71680): cuDNN error: CUDNN_STATUS_NOT_INITIALIZED
    WARNING: GigaTIME failed on patch (121856, 72704): cuDNN error: CUDNN_STATUS_NOT_INITIALIZED
    WARNING: GigaTIME failed on patch (121856, 73728): cuDNN error: CUDNN_STATUS_NOT_INITIALIZED
    WARNING: GigaTIME failed on patch (121856, 74752): cuDNN error: CUDNN_STATUS_NOT_INITIALIZED
    WARNING: GigaTIME failed on patch (121856, 75776): cuDNN error: CUDNN_STATUS_NOT_INITIALIZED
    WARNING: GigaTIME failed on patch (121856, 76800): cuDNN error: CUDNN_STATUS_NOT_INITIALIZED
    WARNING: GigaTIME failed on patch (121856, 77824): cuDNN error: CUDNN_STATUS_NOT_INITIALIZED
    WARNING: GigaTIME failed on patch (121856, 78848): cuDNN error: CUDNN_STATUS_NOT_INITIALIZED
    WARNING: GigaTIME failed on patch (121856, 79872): cuDNN error: CUDNN_STATUS_NOT_INITIALIZED
    WARNING: GigaTIME failed on patch (121856, 80896): cuDNN error: CUDNN_STATUS_NOT_INITIALIZED
    WARNING: GigaTIME failed on patch (121856, 81920): cuDNN error: CUDNN_STATUS_NOT_INITIALIZED
    WARNING: GigaTIME failed on patch (122880, 5120): cuDNN error: CUDNN_STATUS_NOT_INITIALIZED
    WARNING: GigaTIME failed on patch (122880, 6144): cuDNN error: CUDNN_STATUS_NOT_INITIALIZED
    WARNING: GigaTIME failed on patch (122880, 7168): cuDNN error: CUDNN_STATUS_NOT_INITIALIZED
    WARNING: GigaTIME failed on patch (122880, 8192): cuDNN error: CUDNN_STATUS_NOT_INITIALIZED
    WARNING: GigaTIME failed on patch (122880, 9216): cuDNN error: CUDNN_STATUS_NOT_INITIALIZED
    WARNING: GigaTIME failed on patch (122880, 10240): cuDNN error: CUDNN_STATUS_NOT_INITIALIZED
    WARNING: GigaTIME failed on patch (122880, 11264): cuDNN error: CUDNN_STATUS_NOT_INITIALIZED
    WARNING: GigaTIME failed on patch (122880, 12288): cuDNN error: CUDNN_STATUS_NOT_INITIALIZED
    WARNING: GigaTIME failed on patch (122880, 13312): cuDNN error: CUDNN_STATUS_NOT_INITIALIZED
    WARNING: GigaTIME failed on patch (122880, 14336): cuDNN error: CUDNN_STATUS_NOT_INITIALIZED
    WARNING: GigaTIME failed on patch (122880, 15360): cuDNN error: CUDNN_STATUS_NOT_INITIALIZED
    WARNING: GigaTIME failed on patch (122880, 16384): cuDNN error: CUDNN_STATUS_NOT_INITIALIZED
    WARNING: GigaTIME failed on patch (122880, 17408): cuDNN error: CUDNN_STATUS_NOT_INITIALIZED
    WARNING: GigaTIME failed on patch (122880, 18432): cuDNN error: CUDNN_STATUS_NOT_INITIALIZED
    WARNING: GigaTIME failed on patch (122880, 19456): cuDNN error: CUDNN_STATUS_NOT_INITIALIZED
    WARNING: GigaTIME failed on patch (122880, 20480): cuDNN error: CUDNN_STATUS_NOT_INITIALIZED
    WARNING: GigaTIME failed on patch (122880, 21504): cuDNN error: CUDNN_STATUS_NOT_INITIALIZED
    WARNING: GigaTIME failed on patch (122880, 22528): cuDNN error: CUDNN_STATUS_NOT_INITIALIZED
    WARNING: GigaTIME failed on patch (122880, 23552): cuDNN error: CUDNN_STATUS_NOT_INITIALIZED
    WARNING: GigaTIME failed on patch (122880, 24576): cuDNN error: CUDNN_STATUS_NOT_INITIALIZED
    WARNING: GigaTIME failed on patch (122880, 25600): cuDNN error: CUDNN_STATUS_NOT_INITIALIZED
    WARNING: GigaTIME failed on patch (122880, 26624): cuDNN error: CUDNN_STATUS_NOT_INITIALIZED
    WARNING: GigaTIME failed on patch (122880, 27648): cuDNN error: CUDNN_STATUS_NOT_INITIALIZED
    WARNING: GigaTIME failed on patch (122880, 28672): cuDNN error: CUDNN_STATUS_NOT_INITIALIZED
    WARNING: GigaTIME failed on patch (122880, 29696): cuDNN error: CUDNN_STATUS_NOT_INITIALIZED
    WARNING: GigaTIME failed on patch (122880, 30720): cuDNN error: CUDNN_STATUS_NOT_INITIALIZED
    WARNING: GigaTIME failed on patch (122880, 31744): cuDNN error: CUDNN_STATUS_NOT_INITIALIZED
    WARNING: GigaTIME failed on patch (122880, 32768): cuDNN error: CUDNN_STATUS_NOT_INITIALIZED
    WARNING: GigaTIME failed on patch (122880, 33792): cuDNN error: CUDNN_STATUS_NOT_INITIALIZED
    WARNING: GigaTIME failed on patch (122880, 34816): cuDNN error: CUDNN_STATUS_NOT_INITIALIZED
    WARNING: GigaTIME failed on patch (122880, 35840): cuDNN error: CUDNN_STATUS_NOT_INITIALIZED
    WARNING: GigaTIME failed on patch (122880, 36864): cuDNN error: CUDNN_STATUS_NOT_INITIALIZED
    WARNING: GigaTIME failed on patch (122880, 37888): cuDNN error: CUDNN_STATUS_NOT_INITIALIZED
    WARNING: GigaTIME failed on patch (122880, 38912): cuDNN error: CUDNN_STATUS_NOT_INITIALIZED
    WARNING: GigaTIME failed on patch (122880, 39936): cuDNN error: CUDNN_STATUS_NOT_INITIALIZED
    WARNING: GigaTIME failed on patch (122880, 40960): cuDNN error: CUDNN_STATUS_NOT_INITIALIZED
    WARNING: GigaTIME failed on patch (122880, 41984): cuDNN error: CUDNN_STATUS_NOT_INITIALIZED
    WARNING: GigaTIME failed on patch (122880, 43008): cuDNN error: CUDNN_STATUS_NOT_INITIALIZED
    WARNING: GigaTIME failed on patch (122880, 44032): cuDNN error: CUDNN_STATUS_NOT_INITIALIZED
    WARNING: GigaTIME failed on patch (122880, 45056): cuDNN error: CUDNN_STATUS_NOT_INITIALIZED
    WARNING: GigaTIME failed on patch (122880, 46080): cuDNN error: CUDNN_STATUS_NOT_INITIALIZED
    WARNING: GigaTIME failed on patch (122880, 47104): cuDNN error: CUDNN_STATUS_NOT_INITIALIZED
    WARNING: GigaTIME failed on patch (122880, 48128): cuDNN error: CUDNN_STATUS_NOT_INITIALIZED
    WARNING: GigaTIME failed on patch (122880, 49152): cuDNN error: CUDNN_STATUS_NOT_INITIALIZED
    WARNING: GigaTIME failed on patch (122880, 51200): cuDNN error: CUDNN_STATUS_NOT_INITIALIZED
    WARNING: GigaTIME failed on patch (122880, 52224): cuDNN error: CUDNN_STATUS_NOT_INITIALIZED
    WARNING: GigaTIME failed on patch (122880, 53248): cuDNN error: CUDNN_STATUS_NOT_INITIALIZED
    WARNING: GigaTIME failed on patch (122880, 54272): cuDNN error: CUDNN_STATUS_NOT_INITIALIZED
    WARNING: GigaTIME failed on patch (122880, 55296): cuDNN error: CUDNN_STATUS_NOT_INITIALIZED
    WARNING: GigaTIME failed on patch (122880, 56320): cuDNN error: CUDNN_STATUS_NOT_INITIALIZED
    WARNING: GigaTIME failed on patch (122880, 57344): cuDNN error: CUDNN_STATUS_NOT_INITIALIZED
    WARNING: GigaTIME failed on patch (122880, 58368): cuDNN error: CUDNN_STATUS_NOT_INITIALIZED
    WARNING: GigaTIME failed on patch (122880, 59392): cuDNN error: CUDNN_STATUS_NOT_INITIALIZED
    WARNING: GigaTIME failed on patch (122880, 64512): cuDNN error: CUDNN_STATUS_NOT_INITIALIZED
    WARNING: GigaTIME failed on patch (122880, 65536): cuDNN error: CUDNN_STATUS_NOT_INITIALIZED
    WARNING: GigaTIME failed on patch (122880, 66560): cuDNN error: CUDNN_STATUS_NOT_INITIALIZED
    WARNING: GigaTIME failed on patch (122880, 67584): cuDNN error: CUDNN_STATUS_NOT_INITIALIZED
    WARNING: GigaTIME failed on patch (122880, 72704): cuDNN error: CUDNN_STATUS_NOT_INITIALIZED
    WARNING: GigaTIME failed on patch (122880, 73728): cuDNN error: CUDNN_STATUS_NOT_INITIALIZED
    WARNING: GigaTIME failed on patch (122880, 74752): cuDNN error: CUDNN_STATUS_NOT_INITIALIZED
    WARNING: GigaTIME failed on patch (122880, 75776): cuDNN error: CUDNN_STATUS_NOT_INITIALIZED
    WARNING: GigaTIME failed on patch (122880, 76800): cuDNN error: CUDNN_STATUS_NOT_INITIALIZED
    WARNING: GigaTIME failed on patch (122880, 77824): cuDNN error: CUDNN_STATUS_NOT_INITIALIZED
    WARNING: GigaTIME failed on patch (122880, 78848): cuDNN error: CUDNN_STATUS_NOT_INITIALIZED
    WARNING: GigaTIME failed on patch (122880, 79872): cuDNN error: CUDNN_STATUS_NOT_INITIALIZED
    WARNING: GigaTIME failed on patch (122880, 80896): cuDNN error: CUDNN_STATUS_NOT_INITIALIZED
    WARNING: GigaTIME failed on patch (123904, 4096): cuDNN error: CUDNN_STATUS_NOT_INITIALIZED
    WARNING: GigaTIME failed on patch (123904, 5120): cuDNN error: CUDNN_STATUS_NOT_INITIALIZED
    WARNING: GigaTIME failed on patch (123904, 6144): cuDNN error: CUDNN_STATUS_NOT_INITIALIZED
    WARNING: GigaTIME failed on patch (123904, 7168): cuDNN error: CUDNN_STATUS_NOT_INITIALIZED
    WARNING: GigaTIME failed on patch (123904, 8192): cuDNN error: CUDNN_STATUS_NOT_INITIALIZED
    WARNING: GigaTIME failed on patch (123904, 9216): cuDNN error: CUDNN_STATUS_NOT_INITIALIZED
    WARNING: GigaTIME failed on patch (123904, 10240): cuDNN error: CUDNN_STATUS_NOT_INITIALIZED
    WARNING: GigaTIME failed on patch (123904, 11264): cuDNN error: CUDNN_STATUS_NOT_INITIALIZED
    WARNING: GigaTIME failed on patch (123904, 12288): cuDNN error: CUDNN_STATUS_NOT_INITIALIZED
    WARNING: GigaTIME failed on patch (123904, 13312): cuDNN error: CUDNN_STATUS_NOT_INITIALIZED
    WARNING: GigaTIME failed on patch (123904, 14336): cuDNN error: CUDNN_STATUS_NOT_INITIALIZED
    WARNING: GigaTIME failed on patch (123904, 15360): cuDNN error: CUDNN_STATUS_NOT_INITIALIZED
    WARNING: GigaTIME failed on patch (123904, 16384): cuDNN error: CUDNN_STATUS_NOT_INITIALIZED
    WARNING: GigaTIME failed on patch (123904, 17408): cuDNN error: CUDNN_STATUS_NOT_INITIALIZED
    WARNING: GigaTIME failed on patch (123904, 18432): cuDNN error: CUDNN_STATUS_NOT_INITIALIZED
    WARNING: GigaTIME failed on patch (123904, 19456): cuDNN error: CUDNN_STATUS_NOT_INITIALIZED
    WARNING: GigaTIME failed on patch (123904, 20480): cuDNN error: CUDNN_STATUS_NOT_INITIALIZED
    WARNING: GigaTIME failed on patch (123904, 21504): cuDNN error: CUDNN_STATUS_NOT_INITIALIZED
    WARNING: GigaTIME failed on patch (123904, 22528): cuDNN error: CUDNN_STATUS_NOT_INITIALIZED
    WARNING: GigaTIME failed on patch (123904, 23552): cuDNN error: CUDNN_STATUS_NOT_INITIALIZED
    WARNING: GigaTIME failed on patch (123904, 24576): cuDNN error: CUDNN_STATUS_NOT_INITIALIZED
    WARNING: GigaTIME failed on patch (123904, 25600): cuDNN error: CUDNN_STATUS_NOT_INITIALIZED
    WARNING: GigaTIME failed on patch (123904, 26624): cuDNN error: CUDNN_STATUS_NOT_INITIALIZED
    WARNING: GigaTIME failed on patch (123904, 27648): cuDNN error: CUDNN_STATUS_NOT_INITIALIZED
    WARNING: GigaTIME failed on patch (123904, 28672): cuDNN error: CUDNN_STATUS_NOT_INITIALIZED
    WARNING: GigaTIME failed on patch (123904, 29696): cuDNN error: CUDNN_STATUS_NOT_INITIALIZED
    WARNING: GigaTIME failed on patch (123904, 30720): cuDNN error: CUDNN_STATUS_NOT_INITIALIZED
    WARNING: GigaTIME failed on patch (123904, 31744): cuDNN error: CUDNN_STATUS_NOT_INITIALIZED
    WARNING: GigaTIME failed on patch (123904, 32768): cuDNN error: CUDNN_STATUS_NOT_INITIALIZED
    WARNING: GigaTIME failed on patch (123904, 33792): cuDNN error: CUDNN_STATUS_NOT_INITIALIZED
    WARNING: GigaTIME failed on patch (123904, 34816): cuDNN error: CUDNN_STATUS_NOT_INITIALIZED
    WARNING: GigaTIME failed on patch (123904, 35840): cuDNN error: CUDNN_STATUS_NOT_INITIALIZED
    WARNING: GigaTIME failed on patch (123904, 36864): cuDNN error: CUDNN_STATUS_NOT_INITIALIZED
    WARNING: GigaTIME failed on patch (123904, 37888): cuDNN error: CUDNN_STATUS_NOT_INITIALIZED
    WARNING: GigaTIME failed on patch (123904, 38912): cuDNN error: CUDNN_STATUS_NOT_INITIALIZED
    WARNING: GigaTIME failed on patch (123904, 39936): cuDNN error: CUDNN_STATUS_NOT_INITIALIZED
    WARNING: GigaTIME failed on patch (123904, 40960): cuDNN error: CUDNN_STATUS_NOT_INITIALIZED
    WARNING: GigaTIME failed on patch (123904, 41984): cuDNN error: CUDNN_STATUS_NOT_INITIALIZED
    WARNING: GigaTIME failed on patch (123904, 43008): cuDNN error: CUDNN_STATUS_NOT_INITIALIZED
    WARNING: GigaTIME failed on patch (123904, 44032): cuDNN error: CUDNN_STATUS_NOT_INITIALIZED
    WARNING: GigaTIME failed on patch (123904, 45056): cuDNN error: CUDNN_STATUS_NOT_INITIALIZED
    WARNING: GigaTIME failed on patch (123904, 46080): cuDNN error: CUDNN_STATUS_NOT_INITIALIZED
    WARNING: GigaTIME failed on patch (123904, 47104): cuDNN error: CUDNN_STATUS_NOT_INITIALIZED
    WARNING: GigaTIME failed on patch (123904, 48128): cuDNN error: CUDNN_STATUS_NOT_INITIALIZED
    WARNING: GigaTIME failed on patch (123904, 49152): cuDNN error: CUDNN_STATUS_NOT_INITIALIZED
    WARNING: GigaTIME failed on patch (123904, 52224): cuDNN error: CUDNN_STATUS_NOT_INITIALIZED
    WARNING: GigaTIME failed on patch (123904, 53248): cuDNN error: CUDNN_STATUS_NOT_INITIALIZED
    WARNING: GigaTIME failed on patch (123904, 54272): cuDNN error: CUDNN_STATUS_NOT_INITIALIZED
    WARNING: GigaTIME failed on patch (123904, 55296): cuDNN error: CUDNN_STATUS_NOT_INITIALIZED
    WARNING: GigaTIME failed on patch (123904, 56320): cuDNN error: CUDNN_STATUS_NOT_INITIALIZED
    WARNING: GigaTIME failed on patch (123904, 57344): cuDNN error: CUDNN_STATUS_NOT_INITIALIZED
    WARNING: GigaTIME failed on patch (123904, 58368): cuDNN error: CUDNN_STATUS_NOT_INITIALIZED
    WARNING: GigaTIME failed on patch (123904, 59392): cuDNN error: CUDNN_STATUS_NOT_INITIALIZED
    WARNING: GigaTIME failed on patch (123904, 65536): cuDNN error: CUDNN_STATUS_NOT_INITIALIZED
    WARNING: GigaTIME failed on patch (123904, 66560): cuDNN error: CUDNN_STATUS_NOT_INITIALIZED
    WARNING: GigaTIME failed on patch (123904, 67584): cuDNN error: CUDNN_STATUS_NOT_INITIALIZED
    WARNING: GigaTIME failed on patch (123904, 68608): cuDNN error: CUDNN_STATUS_NOT_INITIALIZED
    WARNING: GigaTIME failed on patch (123904, 69632): cuDNN error: CUDNN_STATUS_NOT_INITIALIZED
    WARNING: GigaTIME failed on patch (123904, 70656): cuDNN error: CUDNN_STATUS_NOT_INITIALIZED
    WARNING: GigaTIME failed on patch (123904, 73728): cuDNN error: CUDNN_STATUS_NOT_INITIALIZED
    WARNING: GigaTIME failed on patch (123904, 74752): cuDNN error: CUDNN_STATUS_NOT_INITIALIZED
    WARNING: GigaTIME failed on patch (123904, 75776): cuDNN error: CUDNN_STATUS_NOT_INITIALIZED
    WARNING: GigaTIME failed on patch (123904, 76800): cuDNN error: CUDNN_STATUS_NOT_INITIALIZED
    WARNING: GigaTIME failed on patch (123904, 77824): cuDNN error: CUDNN_STATUS_NOT_INITIALIZED
    WARNING: GigaTIME failed on patch (123904, 78848): cuDNN error: CUDNN_STATUS_NOT_INITIALIZED
    WARNING: GigaTIME failed on patch (123904, 79872): cuDNN error: CUDNN_STATUS_NOT_INITIALIZED
    WARNING: GigaTIME failed on patch (124928, 4096): cuDNN error: CUDNN_STATUS_NOT_INITIALIZED
    WARNING: GigaTIME failed on patch (124928, 5120): cuDNN error: CUDNN_STATUS_NOT_INITIALIZED
    WARNING: GigaTIME failed on patch (124928, 6144): cuDNN error: CUDNN_STATUS_NOT_INITIALIZED
    WARNING: GigaTIME failed on patch (124928, 7168): cuDNN error: CUDNN_STATUS_NOT_INITIALIZED
    WARNING: GigaTIME failed on patch (124928, 8192): cuDNN error: CUDNN_STATUS_NOT_INITIALIZED
    WARNING: GigaTIME failed on patch (124928, 9216): cuDNN error: CUDNN_STATUS_NOT_INITIALIZED
    WARNING: GigaTIME failed on patch (124928, 10240): cuDNN error: CUDNN_STATUS_NOT_INITIALIZED
    WARNING: GigaTIME failed on patch (124928, 11264): cuDNN error: CUDNN_STATUS_NOT_INITIALIZED
    WARNING: GigaTIME failed on patch (124928, 12288): cuDNN error: CUDNN_STATUS_NOT_INITIALIZED
    WARNING: GigaTIME failed on patch (124928, 13312): cuDNN error: CUDNN_STATUS_NOT_INITIALIZED
    WARNING: GigaTIME failed on patch (124928, 14336): cuDNN error: CUDNN_STATUS_NOT_INITIALIZED
    WARNING: GigaTIME failed on patch (124928, 15360): cuDNN error: CUDNN_STATUS_NOT_INITIALIZED
    WARNING: GigaTIME failed on patch (124928, 16384): cuDNN error: CUDNN_STATUS_NOT_INITIALIZED
    WARNING: GigaTIME failed on patch (124928, 17408): cuDNN error: CUDNN_STATUS_NOT_INITIALIZED
    WARNING: GigaTIME failed on patch (124928, 18432): cuDNN error: CUDNN_STATUS_NOT_INITIALIZED
    WARNING: GigaTIME failed on patch (124928, 19456): cuDNN error: CUDNN_STATUS_NOT_INITIALIZED
    WARNING: GigaTIME failed on patch (124928, 20480): cuDNN error: CUDNN_STATUS_NOT_INITIALIZED
    WARNING: GigaTIME failed on patch (124928, 21504): cuDNN error: CUDNN_STATUS_NOT_INITIALIZED
    WARNING: GigaTIME failed on patch (124928, 22528): cuDNN error: CUDNN_STATUS_NOT_INITIALIZED
    WARNING: GigaTIME failed on patch (124928, 23552): cuDNN error: CUDNN_STATUS_NOT_INITIALIZED
    WARNING: GigaTIME failed on patch (124928, 24576): cuDNN error: CUDNN_STATUS_NOT_INITIALIZED
    WARNING: GigaTIME failed on patch (124928, 25600): cuDNN error: CUDNN_STATUS_NOT_INITIALIZED
    WARNING: GigaTIME failed on patch (124928, 26624): cuDNN error: CUDNN_STATUS_NOT_INITIALIZED
    WARNING: GigaTIME failed on patch (124928, 27648): cuDNN error: CUDNN_STATUS_NOT_INITIALIZED
    WARNING: GigaTIME failed on patch (124928, 28672): cuDNN error: CUDNN_STATUS_NOT_INITIALIZED
    WARNING: GigaTIME failed on patch (124928, 29696): cuDNN error: CUDNN_STATUS_NOT_INITIALIZED
    WARNING: GigaTIME failed on patch (124928, 30720): cuDNN error: CUDNN_STATUS_NOT_INITIALIZED
    WARNING: GigaTIME failed on patch (124928, 31744): cuDNN error: CUDNN_STATUS_NOT_INITIALIZED
    WARNING: GigaTIME failed on patch (124928, 32768): cuDNN error: CUDNN_STATUS_NOT_INITIALIZED
    WARNING: GigaTIME failed on patch (124928, 33792): cuDNN error: CUDNN_STATUS_NOT_INITIALIZED
    WARNING: GigaTIME failed on patch (124928, 34816): cuDNN error: CUDNN_STATUS_NOT_INITIALIZED
    WARNING: GigaTIME failed on patch (124928, 35840): cuDNN error: CUDNN_STATUS_NOT_INITIALIZED
    WARNING: GigaTIME failed on patch (124928, 36864): cuDNN error: CUDNN_STATUS_NOT_INITIALIZED
    WARNING: GigaTIME failed on patch (124928, 37888): cuDNN error: CUDNN_STATUS_NOT_INITIALIZED
    WARNING: GigaTIME failed on patch (124928, 38912): cuDNN error: CUDNN_STATUS_NOT_INITIALIZED
    WARNING: GigaTIME failed on patch (124928, 39936): cuDNN error: CUDNN_STATUS_NOT_INITIALIZED
    WARNING: GigaTIME failed on patch (124928, 40960): cuDNN error: CUDNN_STATUS_NOT_INITIALIZED
    WARNING: GigaTIME failed on patch (124928, 41984): cuDNN error: CUDNN_STATUS_NOT_INITIALIZED
    WARNING: GigaTIME failed on patch (124928, 43008): cuDNN error: CUDNN_STATUS_NOT_INITIALIZED
    WARNING: GigaTIME failed on patch (124928, 44032): cuDNN error: CUDNN_STATUS_NOT_INITIALIZED
    WARNING: GigaTIME failed on patch (124928, 45056): cuDNN error: CUDNN_STATUS_NOT_INITIALIZED
    WARNING: GigaTIME failed on patch (124928, 46080): cuDNN error: CUDNN_STATUS_NOT_INITIALIZED
    WARNING: GigaTIME failed on patch (124928, 47104): cuDNN error: CUDNN_STATUS_NOT_INITIALIZED
    WARNING: GigaTIME failed on patch (124928, 48128): cuDNN error: CUDNN_STATUS_NOT_INITIALIZED
    WARNING: GigaTIME failed on patch (124928, 49152): cuDNN error: CUDNN_STATUS_NOT_INITIALIZED
    WARNING: GigaTIME failed on patch (124928, 53248): cuDNN error: CUDNN_STATUS_NOT_INITIALIZED
    WARNING: GigaTIME failed on patch (124928, 54272): cuDNN error: CUDNN_STATUS_NOT_INITIALIZED
    WARNING: GigaTIME failed on patch (124928, 55296): cuDNN error: CUDNN_STATUS_NOT_INITIALIZED
    WARNING: GigaTIME failed on patch (124928, 56320): cuDNN error: CUDNN_STATUS_NOT_INITIALIZED
    WARNING: GigaTIME failed on patch (124928, 57344): cuDNN error: CUDNN_STATUS_NOT_INITIALIZED
    WARNING: GigaTIME failed on patch (124928, 58368): cuDNN error: CUDNN_STATUS_NOT_INITIALIZED
    WARNING: GigaTIME failed on patch (124928, 59392): cuDNN error: CUDNN_STATUS_NOT_INITIALIZED
    WARNING: GigaTIME failed on patch (124928, 66560): cuDNN error: CUDNN_STATUS_NOT_INITIALIZED
    WARNING: GigaTIME failed on patch (124928, 67584): cuDNN error: CUDNN_STATUS_NOT_INITIALIZED
    WARNING: GigaTIME failed on patch (124928, 68608): cuDNN error: CUDNN_STATUS_NOT_INITIALIZED
    WARNING: GigaTIME failed on patch (124928, 69632): cuDNN error: CUDNN_STATUS_NOT_INITIALIZED
    WARNING: GigaTIME failed on patch (124928, 73728): cuDNN error: CUDNN_STATUS_NOT_INITIALIZED
    WARNING: GigaTIME failed on patch (124928, 74752): cuDNN error: CUDNN_STATUS_NOT_INITIALIZED
    WARNING: GigaTIME failed on patch (124928, 75776): cuDNN error: CUDNN_STATUS_NOT_INITIALIZED
    WARNING: GigaTIME failed on patch (124928, 76800): cuDNN error: CUDNN_STATUS_NOT_INITIALIZED
    WARNING: GigaTIME failed on patch (124928, 77824): cuDNN error: CUDNN_STATUS_NOT_INITIALIZED
    WARNING: GigaTIME failed on patch (124928, 78848): cuDNN error: CUDNN_STATUS_NOT_INITIALIZED
    WARNING: GigaTIME failed on patch (124928, 79872): cuDNN error: CUDNN_STATUS_NOT_INITIALIZED
    WARNING: GigaTIME failed on patch (125952, 4096): cuDNN error: CUDNN_STATUS_NOT_INITIALIZED
    WARNING: GigaTIME failed on patch (125952, 5120): cuDNN error: CUDNN_STATUS_NOT_INITIALIZED
    WARNING: GigaTIME failed on patch (125952, 6144): cuDNN error: CUDNN_STATUS_NOT_INITIALIZED
    WARNING: GigaTIME failed on patch (125952, 7168): cuDNN error: CUDNN_STATUS_NOT_INITIALIZED
    WARNING: GigaTIME failed on patch (125952, 8192): cuDNN error: CUDNN_STATUS_NOT_INITIALIZED
    WARNING: GigaTIME failed on patch (125952, 9216): cuDNN error: CUDNN_STATUS_NOT_INITIALIZED
    WARNING: GigaTIME failed on patch (125952, 10240): cuDNN error: CUDNN_STATUS_NOT_INITIALIZED
    WARNING: GigaTIME failed on patch (125952, 11264): cuDNN error: CUDNN_STATUS_NOT_INITIALIZED
    WARNING: GigaTIME failed on patch (125952, 12288): cuDNN error: CUDNN_STATUS_NOT_INITIALIZED
    WARNING: GigaTIME failed on patch (125952, 13312): cuDNN error: CUDNN_STATUS_NOT_INITIALIZED
    WARNING: GigaTIME failed on patch (125952, 14336): cuDNN error: CUDNN_STATUS_NOT_INITIALIZED
    WARNING: GigaTIME failed on patch (125952, 15360): cuDNN error: CUDNN_STATUS_NOT_INITIALIZED
    WARNING: GigaTIME failed on patch (125952, 16384): cuDNN error: CUDNN_STATUS_NOT_INITIALIZED
    WARNING: GigaTIME failed on patch (125952, 17408): cuDNN error: CUDNN_STATUS_NOT_INITIALIZED
    WARNING: GigaTIME failed on patch (125952, 18432): cuDNN error: CUDNN_STATUS_NOT_INITIALIZED
    WARNING: GigaTIME failed on patch (125952, 19456): cuDNN error: CUDNN_STATUS_NOT_INITIALIZED
    WARNING: GigaTIME failed on patch (125952, 20480): cuDNN error: CUDNN_STATUS_NOT_INITIALIZED
    WARNING: GigaTIME failed on patch (125952, 21504): cuDNN error: CUDNN_STATUS_NOT_INITIALIZED
    WARNING: GigaTIME failed on patch (125952, 22528): cuDNN error: CUDNN_STATUS_NOT_INITIALIZED
    WARNING: GigaTIME failed on patch (125952, 23552): cuDNN error: CUDNN_STATUS_NOT_INITIALIZED
    WARNING: GigaTIME failed on patch (125952, 24576): cuDNN error: CUDNN_STATUS_NOT_INITIALIZED
    WARNING: GigaTIME failed on patch (125952, 25600): cuDNN error: CUDNN_STATUS_NOT_INITIALIZED
    WARNING: GigaTIME failed on patch (125952, 26624): cuDNN error: CUDNN_STATUS_NOT_INITIALIZED
    WARNING: GigaTIME failed on patch (125952, 27648): cuDNN error: CUDNN_STATUS_NOT_INITIALIZED
    WARNING: GigaTIME failed on patch (125952, 28672): cuDNN error: CUDNN_STATUS_NOT_INITIALIZED
    WARNING: GigaTIME failed on patch (125952, 29696): cuDNN error: CUDNN_STATUS_NOT_INITIALIZED
    WARNING: GigaTIME failed on patch (125952, 30720): cuDNN error: CUDNN_STATUS_NOT_INITIALIZED
    WARNING: GigaTIME failed on patch (125952, 31744): cuDNN error: CUDNN_STATUS_NOT_INITIALIZED
    WARNING: GigaTIME failed on patch (125952, 32768): cuDNN error: CUDNN_STATUS_NOT_INITIALIZED
    WARNING: GigaTIME failed on patch (125952, 33792): cuDNN error: CUDNN_STATUS_NOT_INITIALIZED
    WARNING: GigaTIME failed on patch (125952, 34816): cuDNN error: CUDNN_STATUS_NOT_INITIALIZED
    WARNING: GigaTIME failed on patch (125952, 35840): cuDNN error: CUDNN_STATUS_NOT_INITIALIZED
    WARNING: GigaTIME failed on patch (125952, 36864): cuDNN error: CUDNN_STATUS_NOT_INITIALIZED
    WARNING: GigaTIME failed on patch (125952, 37888): cuDNN error: CUDNN_STATUS_NOT_INITIALIZED
    WARNING: GigaTIME failed on patch (125952, 38912): cuDNN error: CUDNN_STATUS_NOT_INITIALIZED
    WARNING: GigaTIME failed on patch (125952, 39936): cuDNN error: CUDNN_STATUS_NOT_INITIALIZED
    WARNING: GigaTIME failed on patch (125952, 40960): cuDNN error: CUDNN_STATUS_NOT_INITIALIZED
    WARNING: GigaTIME failed on patch (125952, 41984): cuDNN error: CUDNN_STATUS_NOT_INITIALIZED
    WARNING: GigaTIME failed on patch (125952, 43008): cuDNN error: CUDNN_STATUS_NOT_INITIALIZED
    WARNING: GigaTIME failed on patch (125952, 44032): cuDNN error: CUDNN_STATUS_NOT_INITIALIZED
    WARNING: GigaTIME failed on patch (125952, 45056): cuDNN error: CUDNN_STATUS_NOT_INITIALIZED
    WARNING: GigaTIME failed on patch (125952, 46080): cuDNN error: CUDNN_STATUS_NOT_INITIALIZED
    WARNING: GigaTIME failed on patch (125952, 47104): cuDNN error: CUDNN_STATUS_NOT_INITIALIZED
    WARNING: GigaTIME failed on patch (125952, 48128): cuDNN error: CUDNN_STATUS_NOT_INITIALIZED
    WARNING: GigaTIME failed on patch (125952, 49152): cuDNN error: CUDNN_STATUS_NOT_INITIALIZED
    WARNING: GigaTIME failed on patch (125952, 50176): cuDNN error: CUDNN_STATUS_NOT_INITIALIZED
    WARNING: GigaTIME failed on patch (125952, 53248): cuDNN error: CUDNN_STATUS_NOT_INITIALIZED
    WARNING: GigaTIME failed on patch (125952, 54272): cuDNN error: CUDNN_STATUS_NOT_INITIALIZED
    WARNING: GigaTIME failed on patch (125952, 55296): cuDNN error: CUDNN_STATUS_NOT_INITIALIZED
    WARNING: GigaTIME failed on patch (125952, 56320): cuDNN error: CUDNN_STATUS_NOT_INITIALIZED
    WARNING: GigaTIME failed on patch (125952, 57344): cuDNN error: CUDNN_STATUS_NOT_INITIALIZED
    WARNING: GigaTIME failed on patch (125952, 58368): cuDNN error: CUDNN_STATUS_NOT_INITIALIZED
    WARNING: GigaTIME failed on patch (125952, 59392): cuDNN error: CUDNN_STATUS_NOT_INITIALIZED
    WARNING: GigaTIME failed on patch (125952, 60416): cuDNN error: CUDNN_STATUS_NOT_INITIALIZED
    WARNING: GigaTIME failed on patch (125952, 63488): cuDNN error: CUDNN_STATUS_NOT_INITIALIZED
    WARNING: GigaTIME failed on patch (125952, 65536): cuDNN error: CUDNN_STATUS_NOT_INITIALIZED
    WARNING: GigaTIME failed on patch (125952, 66560): cuDNN error: CUDNN_STATUS_NOT_INITIALIZED
    WARNING: GigaTIME failed on patch (125952, 67584): cuDNN error: CUDNN_STATUS_NOT_INITIALIZED
    WARNING: GigaTIME failed on patch (125952, 68608): cuDNN error: CUDNN_STATUS_NOT_INITIALIZED
    WARNING: GigaTIME failed on patch (125952, 69632): cuDNN error: CUDNN_STATUS_NOT_INITIALIZED
    WARNING: GigaTIME failed on patch (125952, 74752): cuDNN error: CUDNN_STATUS_NOT_INITIALIZED
    WARNING: GigaTIME failed on patch (125952, 75776): cuDNN error: CUDNN_STATUS_NOT_INITIALIZED
    WARNING: GigaTIME failed on patch (125952, 76800): cuDNN error: CUDNN_STATUS_NOT_INITIALIZED
    WARNING: GigaTIME failed on patch (125952, 77824): cuDNN error: CUDNN_STATUS_NOT_INITIALIZED
    WARNING: GigaTIME failed on patch (125952, 78848): cuDNN error: CUDNN_STATUS_NOT_INITIALIZED
    WARNING: GigaTIME failed on patch (125952, 79872): cuDNN error: CUDNN_STATUS_NOT_INITIALIZED
    WARNING: GigaTIME failed on patch (126976, 4096): cuDNN error: CUDNN_STATUS_NOT_INITIALIZED
    WARNING: GigaTIME failed on patch (126976, 5120): cuDNN error: CUDNN_STATUS_NOT_INITIALIZED
    WARNING: GigaTIME failed on patch (126976, 6144): cuDNN error: CUDNN_STATUS_NOT_INITIALIZED
    WARNING: GigaTIME failed on patch (126976, 7168): cuDNN error: CUDNN_STATUS_NOT_INITIALIZED
    WARNING: GigaTIME failed on patch (126976, 8192): cuDNN error: CUDNN_STATUS_NOT_INITIALIZED
    WARNING: GigaTIME failed on patch (126976, 9216): cuDNN error: CUDNN_STATUS_NOT_INITIALIZED
    WARNING: GigaTIME failed on patch (126976, 10240): cuDNN error: CUDNN_STATUS_NOT_INITIALIZED
    WARNING: GigaTIME failed on patch (126976, 11264): cuDNN error: CUDNN_STATUS_NOT_INITIALIZED
    WARNING: GigaTIME failed on patch (126976, 12288): cuDNN error: CUDNN_STATUS_NOT_INITIALIZED
    WARNING: GigaTIME failed on patch (126976, 13312): cuDNN error: CUDNN_STATUS_NOT_INITIALIZED
    WARNING: GigaTIME failed on patch (126976, 14336): cuDNN error: CUDNN_STATUS_NOT_INITIALIZED
    WARNING: GigaTIME failed on patch (126976, 15360): cuDNN error: CUDNN_STATUS_NOT_INITIALIZED
    WARNING: GigaTIME failed on patch (126976, 16384): cuDNN error: CUDNN_STATUS_NOT_INITIALIZED
    WARNING: GigaTIME failed on patch (126976, 17408): cuDNN error: CUDNN_STATUS_NOT_INITIALIZED
    WARNING: GigaTIME failed on patch (126976, 18432): cuDNN error: CUDNN_STATUS_NOT_INITIALIZED
    WARNING: GigaTIME failed on patch (126976, 19456): cuDNN error: CUDNN_STATUS_NOT_INITIALIZED
    WARNING: GigaTIME failed on patch (126976, 20480): cuDNN error: CUDNN_STATUS_NOT_INITIALIZED
    WARNING: GigaTIME failed on patch (126976, 21504): cuDNN error: CUDNN_STATUS_NOT_INITIALIZED
    WARNING: GigaTIME failed on patch (126976, 22528): cuDNN error: CUDNN_STATUS_NOT_INITIALIZED
    WARNING: GigaTIME failed on patch (126976, 23552): cuDNN error: CUDNN_STATUS_NOT_INITIALIZED
    WARNING: GigaTIME failed on patch (126976, 24576): cuDNN error: CUDNN_STATUS_NOT_INITIALIZED
    WARNING: GigaTIME failed on patch (126976, 25600): cuDNN error: CUDNN_STATUS_NOT_INITIALIZED
    WARNING: GigaTIME failed on patch (126976, 26624): cuDNN error: CUDNN_STATUS_NOT_INITIALIZED
    WARNING: GigaTIME failed on patch (126976, 27648): cuDNN error: CUDNN_STATUS_NOT_INITIALIZED
    WARNING: GigaTIME failed on patch (126976, 28672): cuDNN error: CUDNN_STATUS_NOT_INITIALIZED
    WARNING: GigaTIME failed on patch (126976, 29696): cuDNN error: CUDNN_STATUS_NOT_INITIALIZED
    WARNING: GigaTIME failed on patch (126976, 30720): cuDNN error: CUDNN_STATUS_NOT_INITIALIZED
    WARNING: GigaTIME failed on patch (126976, 31744): cuDNN error: CUDNN_STATUS_NOT_INITIALIZED
    WARNING: GigaTIME failed on patch (126976, 32768): cuDNN error: CUDNN_STATUS_NOT_INITIALIZED
    WARNING: GigaTIME failed on patch (126976, 33792): cuDNN error: CUDNN_STATUS_NOT_INITIALIZED
    WARNING: GigaTIME failed on patch (126976, 34816): cuDNN error: CUDNN_STATUS_NOT_INITIALIZED
    WARNING: GigaTIME failed on patch (126976, 35840): cuDNN error: CUDNN_STATUS_NOT_INITIALIZED
    WARNING: GigaTIME failed on patch (126976, 36864): cuDNN error: CUDNN_STATUS_NOT_INITIALIZED
    WARNING: GigaTIME failed on patch (126976, 37888): cuDNN error: CUDNN_STATUS_NOT_INITIALIZED
    WARNING: GigaTIME failed on patch (126976, 38912): cuDNN error: CUDNN_STATUS_NOT_INITIALIZED
    WARNING: GigaTIME failed on patch (126976, 39936): cuDNN error: CUDNN_STATUS_NOT_INITIALIZED
    WARNING: GigaTIME failed on patch (126976, 40960): cuDNN error: CUDNN_STATUS_NOT_INITIALIZED
    WARNING: GigaTIME failed on patch (126976, 41984): cuDNN error: CUDNN_STATUS_NOT_INITIALIZED
    WARNING: GigaTIME failed on patch (126976, 43008): cuDNN error: CUDNN_STATUS_NOT_INITIALIZED
    WARNING: GigaTIME failed on patch (126976, 44032): cuDNN error: CUDNN_STATUS_NOT_INITIALIZED
    WARNING: GigaTIME failed on patch (126976, 45056): cuDNN error: CUDNN_STATUS_NOT_INITIALIZED
    WARNING: GigaTIME failed on patch (126976, 46080): cuDNN error: CUDNN_STATUS_NOT_INITIALIZED
    WARNING: GigaTIME failed on patch (126976, 47104): cuDNN error: CUDNN_STATUS_NOT_INITIALIZED
    WARNING: GigaTIME failed on patch (126976, 48128): cuDNN error: CUDNN_STATUS_NOT_INITIALIZED
    WARNING: GigaTIME failed on patch (126976, 49152): cuDNN error: CUDNN_STATUS_NOT_INITIALIZED
    WARNING: GigaTIME failed on patch (126976, 50176): cuDNN error: CUDNN_STATUS_NOT_INITIALIZED
    WARNING: GigaTIME failed on patch (126976, 53248): cuDNN error: CUDNN_STATUS_NOT_INITIALIZED
    WARNING: GigaTIME failed on patch (126976, 54272): cuDNN error: CUDNN_STATUS_NOT_INITIALIZED
    WARNING: GigaTIME failed on patch (126976, 55296): cuDNN error: CUDNN_STATUS_NOT_INITIALIZED
    WARNING: GigaTIME failed on patch (126976, 56320): cuDNN error: CUDNN_STATUS_NOT_INITIALIZED
    WARNING: GigaTIME failed on patch (126976, 57344): cuDNN error: CUDNN_STATUS_NOT_INITIALIZED
    WARNING: GigaTIME failed on patch (126976, 58368): cuDNN error: CUDNN_STATUS_NOT_INITIALIZED
    WARNING: GigaTIME failed on patch (126976, 59392): cuDNN error: CUDNN_STATUS_NOT_INITIALIZED
    WARNING: GigaTIME failed on patch (126976, 61440): cuDNN error: CUDNN_STATUS_NOT_INITIALIZED
    WARNING: GigaTIME failed on patch (126976, 62464): cuDNN error: CUDNN_STATUS_NOT_INITIALIZED
    WARNING: GigaTIME failed on patch (126976, 63488): cuDNN error: CUDNN_STATUS_NOT_INITIALIZED
    WARNING: GigaTIME failed on patch (126976, 64512): cuDNN error: CUDNN_STATUS_NOT_INITIALIZED
    WARNING: GigaTIME failed on patch (126976, 65536): cuDNN error: CUDNN_STATUS_NOT_INITIALIZED
    WARNING: GigaTIME failed on patch (126976, 66560): cuDNN error: CUDNN_STATUS_NOT_INITIALIZED
    WARNING: GigaTIME failed on patch (126976, 67584): cuDNN error: CUDNN_STATUS_NOT_INITIALIZED
    WARNING: GigaTIME failed on patch (126976, 74752): cuDNN error: CUDNN_STATUS_NOT_INITIALIZED
    WARNING: GigaTIME failed on patch (126976, 75776): cuDNN error: CUDNN_STATUS_NOT_INITIALIZED
    WARNING: GigaTIME failed on patch (126976, 76800): cuDNN error: CUDNN_STATUS_NOT_INITIALIZED
    WARNING: GigaTIME failed on patch (126976, 77824): cuDNN error: CUDNN_STATUS_NOT_INITIALIZED
    WARNING: GigaTIME failed on patch (126976, 78848): cuDNN error: CUDNN_STATUS_NOT_INITIALIZED
    WARNING: GigaTIME failed on patch (126976, 79872): cuDNN error: CUDNN_STATUS_NOT_INITIALIZED
    WARNING: GigaTIME failed on patch (128000, 5120): cuDNN error: CUDNN_STATUS_NOT_INITIALIZED
    WARNING: GigaTIME failed on patch (128000, 6144): cuDNN error: CUDNN_STATUS_NOT_INITIALIZED
    WARNING: GigaTIME failed on patch (128000, 7168): cuDNN error: CUDNN_STATUS_NOT_INITIALIZED
    WARNING: GigaTIME failed on patch (128000, 8192): cuDNN error: CUDNN_STATUS_NOT_INITIALIZED
    WARNING: GigaTIME failed on patch (128000, 9216): cuDNN error: CUDNN_STATUS_NOT_INITIALIZED
    WARNING: GigaTIME failed on patch (128000, 10240): cuDNN error: CUDNN_STATUS_NOT_INITIALIZED
    WARNING: GigaTIME failed on patch (128000, 11264): cuDNN error: CUDNN_STATUS_NOT_INITIALIZED
    WARNING: GigaTIME failed on patch (128000, 12288): cuDNN error: CUDNN_STATUS_NOT_INITIALIZED
    WARNING: GigaTIME failed on patch (128000, 13312): cuDNN error: CUDNN_STATUS_NOT_INITIALIZED
    WARNING: GigaTIME failed on patch (128000, 14336): cuDNN error: CUDNN_STATUS_NOT_INITIALIZED
    WARNING: GigaTIME failed on patch (128000, 15360): cuDNN error: CUDNN_STATUS_NOT_INITIALIZED
    WARNING: GigaTIME failed on patch (128000, 16384): cuDNN error: CUDNN_STATUS_NOT_INITIALIZED
    WARNING: GigaTIME failed on patch (128000, 17408): cuDNN error: CUDNN_STATUS_NOT_INITIALIZED
    WARNING: GigaTIME failed on patch (128000, 18432): cuDNN error: CUDNN_STATUS_NOT_INITIALIZED
    WARNING: GigaTIME failed on patch (128000, 19456): cuDNN error: CUDNN_STATUS_NOT_INITIALIZED
    WARNING: GigaTIME failed on patch (128000, 20480): cuDNN error: CUDNN_STATUS_NOT_INITIALIZED
    WARNING: GigaTIME failed on patch (128000, 21504): cuDNN error: CUDNN_STATUS_NOT_INITIALIZED
    WARNING: GigaTIME failed on patch (128000, 22528): cuDNN error: CUDNN_STATUS_NOT_INITIALIZED
    WARNING: GigaTIME failed on patch (128000, 23552): cuDNN error: CUDNN_STATUS_NOT_INITIALIZED
    WARNING: GigaTIME failed on patch (128000, 24576): cuDNN error: CUDNN_STATUS_NOT_INITIALIZED
    WARNING: GigaTIME failed on patch (128000, 25600): cuDNN error: CUDNN_STATUS_NOT_INITIALIZED
    WARNING: GigaTIME failed on patch (128000, 26624): cuDNN error: CUDNN_STATUS_NOT_INITIALIZED
    WARNING: GigaTIME failed on patch (128000, 27648): cuDNN error: CUDNN_STATUS_NOT_INITIALIZED
    WARNING: GigaTIME failed on patch (128000, 28672): cuDNN error: CUDNN_STATUS_NOT_INITIALIZED
    WARNING: GigaTIME failed on patch (128000, 29696): cuDNN error: CUDNN_STATUS_NOT_INITIALIZED
    WARNING: GigaTIME failed on patch (128000, 30720): cuDNN error: CUDNN_STATUS_NOT_INITIALIZED
    WARNING: GigaTIME failed on patch (128000, 31744): cuDNN error: CUDNN_STATUS_NOT_INITIALIZED
    WARNING: GigaTIME failed on patch (128000, 32768): cuDNN error: CUDNN_STATUS_NOT_INITIALIZED
    WARNING: GigaTIME failed on patch (128000, 33792): cuDNN error: CUDNN_STATUS_NOT_INITIALIZED
    WARNING: GigaTIME failed on patch (128000, 34816): cuDNN error: CUDNN_STATUS_NOT_INITIALIZED
    WARNING: GigaTIME failed on patch (128000, 35840): cuDNN error: CUDNN_STATUS_NOT_INITIALIZED
    WARNING: GigaTIME failed on patch (128000, 36864): cuDNN error: CUDNN_STATUS_NOT_INITIALIZED
    WARNING: GigaTIME failed on patch (128000, 37888): cuDNN error: CUDNN_STATUS_NOT_INITIALIZED
    WARNING: GigaTIME failed on patch (128000, 38912): cuDNN error: CUDNN_STATUS_NOT_INITIALIZED
    WARNING: GigaTIME failed on patch (128000, 39936): cuDNN error: CUDNN_STATUS_NOT_INITIALIZED
    WARNING: GigaTIME failed on patch (128000, 40960): cuDNN error: CUDNN_STATUS_NOT_INITIALIZED
    WARNING: GigaTIME failed on patch (128000, 41984): cuDNN error: CUDNN_STATUS_NOT_INITIALIZED
    WARNING: GigaTIME failed on patch (128000, 43008): cuDNN error: CUDNN_STATUS_NOT_INITIALIZED
    WARNING: GigaTIME failed on patch (128000, 44032): cuDNN error: CUDNN_STATUS_NOT_INITIALIZED
    WARNING: GigaTIME failed on patch (128000, 45056): cuDNN error: CUDNN_STATUS_NOT_INITIALIZED
    WARNING: GigaTIME failed on patch (128000, 46080): cuDNN error: CUDNN_STATUS_NOT_INITIALIZED
    WARNING: GigaTIME failed on patch (128000, 47104): cuDNN error: CUDNN_STATUS_NOT_INITIALIZED
    WARNING: GigaTIME failed on patch (128000, 48128): cuDNN error: CUDNN_STATUS_NOT_INITIALIZED
    WARNING: GigaTIME failed on patch (128000, 49152): cuDNN error: CUDNN_STATUS_NOT_INITIALIZED
    WARNING: GigaTIME failed on patch (128000, 50176): cuDNN error: CUDNN_STATUS_NOT_INITIALIZED
    WARNING: GigaTIME failed on patch (128000, 51200): cuDNN error: CUDNN_STATUS_NOT_INITIALIZED
    WARNING: GigaTIME failed on patch (128000, 53248): cuDNN error: CUDNN_STATUS_NOT_INITIALIZED
    WARNING: GigaTIME failed on patch (128000, 54272): cuDNN error: CUDNN_STATUS_NOT_INITIALIZED
    WARNING: GigaTIME failed on patch (128000, 55296): cuDNN error: CUDNN_STATUS_NOT_INITIALIZED
    WARNING: GigaTIME failed on patch (128000, 56320): cuDNN error: CUDNN_STATUS_NOT_INITIALIZED
    WARNING: GigaTIME failed on patch (128000, 57344): cuDNN error: CUDNN_STATUS_NOT_INITIALIZED
    WARNING: GigaTIME failed on patch (128000, 58368): cuDNN error: CUDNN_STATUS_NOT_INITIALIZED
    WARNING: GigaTIME failed on patch (128000, 61440): cuDNN error: CUDNN_STATUS_NOT_INITIALIZED
    WARNING: GigaTIME failed on patch (128000, 62464): cuDNN error: CUDNN_STATUS_NOT_INITIALIZED
    WARNING: GigaTIME failed on patch (128000, 63488): cuDNN error: CUDNN_STATUS_NOT_INITIALIZED
    WARNING: GigaTIME failed on patch (128000, 64512): cuDNN error: CUDNN_STATUS_NOT_INITIALIZED
    WARNING: GigaTIME failed on patch (128000, 65536): cuDNN error: CUDNN_STATUS_NOT_INITIALIZED
    WARNING: GigaTIME failed on patch (128000, 66560): cuDNN error: CUDNN_STATUS_NOT_INITIALIZED
    WARNING: GigaTIME failed on patch (128000, 67584): cuDNN error: CUDNN_STATUS_NOT_INITIALIZED
    WARNING: GigaTIME failed on patch (128000, 68608): cuDNN error: CUDNN_STATUS_NOT_INITIALIZED
    WARNING: GigaTIME failed on patch (128000, 69632): cuDNN error: CUDNN_STATUS_NOT_INITIALIZED
    WARNING: GigaTIME failed on patch (128000, 74752): cuDNN error: CUDNN_STATUS_NOT_INITIALIZED
    WARNING: GigaTIME failed on patch (128000, 75776): cuDNN error: CUDNN_STATUS_NOT_INITIALIZED
    WARNING: GigaTIME failed on patch (128000, 76800): cuDNN error: CUDNN_STATUS_NOT_INITIALIZED
    WARNING: GigaTIME failed on patch (128000, 77824): cuDNN error: CUDNN_STATUS_NOT_INITIALIZED
    WARNING: GigaTIME failed on patch (128000, 78848): cuDNN error: CUDNN_STATUS_NOT_INITIALIZED
    WARNING: GigaTIME failed on patch (128000, 79872): cuDNN error: CUDNN_STATUS_NOT_INITIALIZED
    WARNING: GigaTIME failed on patch (129024, 5120): cuDNN error: CUDNN_STATUS_NOT_INITIALIZED
    WARNING: GigaTIME failed on patch (129024, 6144): cuDNN error: CUDNN_STATUS_NOT_INITIALIZED
    WARNING: GigaTIME failed on patch (129024, 7168): cuDNN error: CUDNN_STATUS_NOT_INITIALIZED
    WARNING: GigaTIME failed on patch (129024, 8192): cuDNN error: CUDNN_STATUS_NOT_INITIALIZED
    WARNING: GigaTIME failed on patch (129024, 9216): cuDNN error: CUDNN_STATUS_NOT_INITIALIZED
    WARNING: GigaTIME failed on patch (129024, 10240): cuDNN error: CUDNN_STATUS_NOT_INITIALIZED
    WARNING: GigaTIME failed on patch (129024, 11264): cuDNN error: CUDNN_STATUS_NOT_INITIALIZED
    WARNING: GigaTIME failed on patch (129024, 12288): cuDNN error: CUDNN_STATUS_NOT_INITIALIZED
    WARNING: GigaTIME failed on patch (129024, 13312): cuDNN error: CUDNN_STATUS_NOT_INITIALIZED
    WARNING: GigaTIME failed on patch (129024, 14336): cuDNN error: CUDNN_STATUS_NOT_INITIALIZED
    WARNING: GigaTIME failed on patch (129024, 15360): cuDNN error: CUDNN_STATUS_NOT_INITIALIZED
    WARNING: GigaTIME failed on patch (129024, 16384): cuDNN error: CUDNN_STATUS_NOT_INITIALIZED
    WARNING: GigaTIME failed on patch (129024, 17408): cuDNN error: CUDNN_STATUS_NOT_INITIALIZED
    WARNING: GigaTIME failed on patch (129024, 18432): cuDNN error: CUDNN_STATUS_NOT_INITIALIZED
    WARNING: GigaTIME failed on patch (129024, 19456): cuDNN error: CUDNN_STATUS_NOT_INITIALIZED
    WARNING: GigaTIME failed on patch (129024, 20480): cuDNN error: CUDNN_STATUS_NOT_INITIALIZED
    WARNING: GigaTIME failed on patch (129024, 21504): cuDNN error: CUDNN_STATUS_NOT_INITIALIZED
    WARNING: GigaTIME failed on patch (129024, 22528): cuDNN error: CUDNN_STATUS_NOT_INITIALIZED
    WARNING: GigaTIME failed on patch (129024, 23552): cuDNN error: CUDNN_STATUS_NOT_INITIALIZED
    WARNING: GigaTIME failed on patch (129024, 24576): cuDNN error: CUDNN_STATUS_NOT_INITIALIZED
    WARNING: GigaTIME failed on patch (129024, 25600): cuDNN error: CUDNN_STATUS_NOT_INITIALIZED
    WARNING: GigaTIME failed on patch (129024, 26624): cuDNN error: CUDNN_STATUS_NOT_INITIALIZED
    WARNING: GigaTIME failed on patch (129024, 27648): cuDNN error: CUDNN_STATUS_NOT_INITIALIZED
    WARNING: GigaTIME failed on patch (129024, 28672): cuDNN error: CUDNN_STATUS_NOT_INITIALIZED
    WARNING: GigaTIME failed on patch (129024, 29696): cuDNN error: CUDNN_STATUS_NOT_INITIALIZED
    WARNING: GigaTIME failed on patch (129024, 30720): cuDNN error: CUDNN_STATUS_NOT_INITIALIZED
    WARNING: GigaTIME failed on patch (129024, 31744): cuDNN error: CUDNN_STATUS_NOT_INITIALIZED
    WARNING: GigaTIME failed on patch (129024, 32768): cuDNN error: CUDNN_STATUS_NOT_INITIALIZED
    WARNING: GigaTIME failed on patch (129024, 33792): cuDNN error: CUDNN_STATUS_NOT_INITIALIZED
    WARNING: GigaTIME failed on patch (129024, 34816): cuDNN error: CUDNN_STATUS_NOT_INITIALIZED
    WARNING: GigaTIME failed on patch (129024, 35840): cuDNN error: CUDNN_STATUS_NOT_INITIALIZED
    WARNING: GigaTIME failed on patch (129024, 36864): cuDNN error: CUDNN_STATUS_NOT_INITIALIZED
    WARNING: GigaTIME failed on patch (129024, 37888): cuDNN error: CUDNN_STATUS_NOT_INITIALIZED
    WARNING: GigaTIME failed on patch (129024, 38912): cuDNN error: CUDNN_STATUS_NOT_INITIALIZED
    WARNING: GigaTIME failed on patch (129024, 39936): cuDNN error: CUDNN_STATUS_NOT_INITIALIZED
    WARNING: GigaTIME failed on patch (129024, 40960): cuDNN error: CUDNN_STATUS_NOT_INITIALIZED
    WARNING: GigaTIME failed on patch (129024, 41984): cuDNN error: CUDNN_STATUS_NOT_INITIALIZED
    WARNING: GigaTIME failed on patch (129024, 43008): cuDNN error: CUDNN_STATUS_NOT_INITIALIZED
    WARNING: GigaTIME failed on patch (129024, 44032): cuDNN error: CUDNN_STATUS_NOT_INITIALIZED
    WARNING: GigaTIME failed on patch (129024, 45056): cuDNN error: CUDNN_STATUS_NOT_INITIALIZED
    WARNING: GigaTIME failed on patch (129024, 46080): cuDNN error: CUDNN_STATUS_NOT_INITIALIZED
    WARNING: GigaTIME failed on patch (129024, 47104): cuDNN error: CUDNN_STATUS_NOT_INITIALIZED
    WARNING: GigaTIME failed on patch (129024, 48128): cuDNN error: CUDNN_STATUS_NOT_INITIALIZED
    WARNING: GigaTIME failed on patch (129024, 49152): cuDNN error: CUDNN_STATUS_NOT_INITIALIZED
    WARNING: GigaTIME failed on patch (129024, 50176): cuDNN error: CUDNN_STATUS_NOT_INITIALIZED
    WARNING: GigaTIME failed on patch (129024, 51200): cuDNN error: CUDNN_STATUS_NOT_INITIALIZED
    WARNING: GigaTIME failed on patch (129024, 54272): cuDNN error: CUDNN_STATUS_NOT_INITIALIZED
    WARNING: GigaTIME failed on patch (129024, 55296): cuDNN error: CUDNN_STATUS_NOT_INITIALIZED
    WARNING: GigaTIME failed on patch (129024, 56320): cuDNN error: CUDNN_STATUS_NOT_INITIALIZED
    WARNING: GigaTIME failed on patch (129024, 57344): cuDNN error: CUDNN_STATUS_NOT_INITIALIZED
    WARNING: GigaTIME failed on patch (129024, 58368): cuDNN error: CUDNN_STATUS_NOT_INITIALIZED
    WARNING: GigaTIME failed on patch (129024, 60416): cuDNN error: CUDNN_STATUS_NOT_INITIALIZED
    WARNING: GigaTIME failed on patch (129024, 61440): cuDNN error: CUDNN_STATUS_NOT_INITIALIZED
    WARNING: GigaTIME failed on patch (129024, 62464): cuDNN error: CUDNN_STATUS_NOT_INITIALIZED
    WARNING: GigaTIME failed on patch (129024, 63488): cuDNN error: CUDNN_STATUS_NOT_INITIALIZED
    WARNING: GigaTIME failed on patch (129024, 64512): cuDNN error: CUDNN_STATUS_NOT_INITIALIZED
    WARNING: GigaTIME failed on patch (129024, 65536): cuDNN error: CUDNN_STATUS_NOT_INITIALIZED
    WARNING: GigaTIME failed on patch (129024, 66560): cuDNN error: CUDNN_STATUS_NOT_INITIALIZED
    WARNING: GigaTIME failed on patch (129024, 67584): cuDNN error: CUDNN_STATUS_NOT_INITIALIZED
    WARNING: GigaTIME failed on patch (129024, 68608): cuDNN error: CUDNN_STATUS_NOT_INITIALIZED
    WARNING: GigaTIME failed on patch (129024, 69632): cuDNN error: CUDNN_STATUS_NOT_INITIALIZED
    WARNING: GigaTIME failed on patch (129024, 76800): cuDNN error: CUDNN_STATUS_NOT_INITIALIZED
    WARNING: GigaTIME failed on patch (129024, 77824): cuDNN error: CUDNN_STATUS_NOT_INITIALIZED
    WARNING: GigaTIME failed on patch (129024, 78848): cuDNN error: CUDNN_STATUS_NOT_INITIALIZED
    WARNING: GigaTIME failed on patch (129024, 79872): cuDNN error: CUDNN_STATUS_NOT_INITIALIZED
    WARNING: GigaTIME failed on patch (130048, 5120): cuDNN error: CUDNN_STATUS_NOT_INITIALIZED
    WARNING: GigaTIME failed on patch (130048, 6144): cuDNN error: CUDNN_STATUS_NOT_INITIALIZED
    WARNING: GigaTIME failed on patch (130048, 7168): cuDNN error: CUDNN_STATUS_NOT_INITIALIZED
    WARNING: GigaTIME failed on patch (130048, 8192): cuDNN error: CUDNN_STATUS_NOT_INITIALIZED
    WARNING: GigaTIME failed on patch (130048, 9216): cuDNN error: CUDNN_STATUS_NOT_INITIALIZED
    WARNING: GigaTIME failed on patch (130048, 10240): cuDNN error: CUDNN_STATUS_NOT_INITIALIZED
    WARNING: GigaTIME failed on patch (130048, 11264): cuDNN error: CUDNN_STATUS_NOT_INITIALIZED
    WARNING: GigaTIME failed on patch (130048, 12288): cuDNN error: CUDNN_STATUS_NOT_INITIALIZED
    WARNING: GigaTIME failed on patch (130048, 13312): cuDNN error: CUDNN_STATUS_NOT_INITIALIZED
    WARNING: GigaTIME failed on patch (130048, 14336): cuDNN error: CUDNN_STATUS_NOT_INITIALIZED
    WARNING: GigaTIME failed on patch (130048, 15360): cuDNN error: CUDNN_STATUS_NOT_INITIALIZED
    WARNING: GigaTIME failed on patch (130048, 16384): cuDNN error: CUDNN_STATUS_NOT_INITIALIZED
    WARNING: GigaTIME failed on patch (130048, 17408): cuDNN error: CUDNN_STATUS_NOT_INITIALIZED
    WARNING: GigaTIME failed on patch (130048, 18432): cuDNN error: CUDNN_STATUS_NOT_INITIALIZED
    WARNING: GigaTIME failed on patch (130048, 19456): cuDNN error: CUDNN_STATUS_NOT_INITIALIZED
    WARNING: GigaTIME failed on patch (130048, 20480): cuDNN error: CUDNN_STATUS_NOT_INITIALIZED
    WARNING: GigaTIME failed on patch (130048, 21504): cuDNN error: CUDNN_STATUS_NOT_INITIALIZED
    WARNING: GigaTIME failed on patch (130048, 22528): cuDNN error: CUDNN_STATUS_NOT_INITIALIZED
    WARNING: GigaTIME failed on patch (130048, 23552): cuDNN error: CUDNN_STATUS_NOT_INITIALIZED
    WARNING: GigaTIME failed on patch (130048, 24576): cuDNN error: CUDNN_STATUS_NOT_INITIALIZED
    WARNING: GigaTIME failed on patch (130048, 25600): cuDNN error: CUDNN_STATUS_NOT_INITIALIZED
    WARNING: GigaTIME failed on patch (130048, 26624): cuDNN error: CUDNN_STATUS_NOT_INITIALIZED
    WARNING: GigaTIME failed on patch (130048, 27648): cuDNN error: CUDNN_STATUS_NOT_INITIALIZED
    WARNING: GigaTIME failed on patch (130048, 28672): cuDNN error: CUDNN_STATUS_NOT_INITIALIZED
    WARNING: GigaTIME failed on patch (130048, 29696): cuDNN error: CUDNN_STATUS_NOT_INITIALIZED
    WARNING: GigaTIME failed on patch (130048, 30720): cuDNN error: CUDNN_STATUS_NOT_INITIALIZED
    WARNING: GigaTIME failed on patch (130048, 31744): cuDNN error: CUDNN_STATUS_NOT_INITIALIZED
    WARNING: GigaTIME failed on patch (130048, 32768): cuDNN error: CUDNN_STATUS_NOT_INITIALIZED
    WARNING: GigaTIME failed on patch (130048, 33792): cuDNN error: CUDNN_STATUS_NOT_INITIALIZED
    WARNING: GigaTIME failed on patch (130048, 34816): cuDNN error: CUDNN_STATUS_NOT_INITIALIZED
    WARNING: GigaTIME failed on patch (130048, 35840): cuDNN error: CUDNN_STATUS_NOT_INITIALIZED
    WARNING: GigaTIME failed on patch (130048, 36864): cuDNN error: CUDNN_STATUS_NOT_INITIALIZED
    WARNING: GigaTIME failed on patch (130048, 37888): cuDNN error: CUDNN_STATUS_NOT_INITIALIZED
    WARNING: GigaTIME failed on patch (130048, 38912): cuDNN error: CUDNN_STATUS_NOT_INITIALIZED
    WARNING: GigaTIME failed on patch (130048, 39936): cuDNN error: CUDNN_STATUS_NOT_INITIALIZED
    WARNING: GigaTIME failed on patch (130048, 40960): cuDNN error: CUDNN_STATUS_NOT_INITIALIZED
    WARNING: GigaTIME failed on patch (130048, 41984): cuDNN error: CUDNN_STATUS_NOT_INITIALIZED
    WARNING: GigaTIME failed on patch (130048, 43008): cuDNN error: CUDNN_STATUS_NOT_INITIALIZED
    WARNING: GigaTIME failed on patch (130048, 44032): cuDNN error: CUDNN_STATUS_NOT_INITIALIZED
    WARNING: GigaTIME failed on patch (130048, 45056): cuDNN error: CUDNN_STATUS_NOT_INITIALIZED
    WARNING: GigaTIME failed on patch (130048, 46080): cuDNN error: CUDNN_STATUS_NOT_INITIALIZED
    WARNING: GigaTIME failed on patch (130048, 47104): cuDNN error: CUDNN_STATUS_NOT_INITIALIZED
    WARNING: GigaTIME failed on patch (130048, 48128): cuDNN error: CUDNN_STATUS_NOT_INITIALIZED
    WARNING: GigaTIME failed on patch (130048, 49152): cuDNN error: CUDNN_STATUS_NOT_INITIALIZED
    WARNING: GigaTIME failed on patch (130048, 50176): cuDNN error: CUDNN_STATUS_NOT_INITIALIZED
    WARNING: GigaTIME failed on patch (130048, 51200): cuDNN error: CUDNN_STATUS_NOT_INITIALIZED
    WARNING: GigaTIME failed on patch (130048, 54272): cuDNN error: CUDNN_STATUS_NOT_INITIALIZED
    WARNING: GigaTIME failed on patch (130048, 55296): cuDNN error: CUDNN_STATUS_NOT_INITIALIZED
    WARNING: GigaTIME failed on patch (130048, 56320): cuDNN error: CUDNN_STATUS_NOT_INITIALIZED
    WARNING: GigaTIME failed on patch (130048, 57344): cuDNN error: CUDNN_STATUS_NOT_INITIALIZED
    WARNING: GigaTIME failed on patch (130048, 58368): cuDNN error: CUDNN_STATUS_NOT_INITIALIZED
    WARNING: GigaTIME failed on patch (130048, 60416): cuDNN error: CUDNN_STATUS_NOT_INITIALIZED
    WARNING: GigaTIME failed on patch (130048, 61440): cuDNN error: CUDNN_STATUS_NOT_INITIALIZED
    WARNING: GigaTIME failed on patch (130048, 62464): cuDNN error: CUDNN_STATUS_NOT_INITIALIZED
    WARNING: GigaTIME failed on patch (130048, 63488): cuDNN error: CUDNN_STATUS_NOT_INITIALIZED
    WARNING: GigaTIME failed on patch (130048, 64512): cuDNN error: CUDNN_STATUS_NOT_INITIALIZED
    WARNING: GigaTIME failed on patch (130048, 65536): cuDNN error: CUDNN_STATUS_NOT_INITIALIZED
    WARNING: GigaTIME failed on patch (130048, 66560): cuDNN error: CUDNN_STATUS_NOT_INITIALIZED
    WARNING: GigaTIME failed on patch (130048, 67584): cuDNN error: CUDNN_STATUS_NOT_INITIALIZED
    WARNING: GigaTIME failed on patch (130048, 68608): cuDNN error: CUDNN_STATUS_NOT_INITIALIZED
    WARNING: GigaTIME failed on patch (130048, 69632): cuDNN error: CUDNN_STATUS_NOT_INITIALIZED
    WARNING: GigaTIME failed on patch (130048, 70656): cuDNN error: CUDNN_STATUS_NOT_INITIALIZED
    WARNING: GigaTIME failed on patch (130048, 71680): cuDNN error: CUDNN_STATUS_NOT_INITIALIZED
    WARNING: GigaTIME failed on patch (130048, 72704): cuDNN error: CUDNN_STATUS_NOT_INITIALIZED
    WARNING: GigaTIME failed on patch (130048, 73728): cuDNN error: CUDNN_STATUS_NOT_INITIALIZED
    WARNING: GigaTIME failed on patch (130048, 76800): cuDNN error: CUDNN_STATUS_NOT_INITIALIZED
    WARNING: GigaTIME failed on patch (130048, 77824): cuDNN error: CUDNN_STATUS_NOT_INITIALIZED
    WARNING: GigaTIME failed on patch (131072, 5120): cuDNN error: CUDNN_STATUS_NOT_INITIALIZED
    WARNING: GigaTIME failed on patch (131072, 6144): cuDNN error: CUDNN_STATUS_NOT_INITIALIZED
    WARNING: GigaTIME failed on patch (131072, 7168): cuDNN error: CUDNN_STATUS_NOT_INITIALIZED
    WARNING: GigaTIME failed on patch (131072, 8192): cuDNN error: CUDNN_STATUS_NOT_INITIALIZED
    WARNING: GigaTIME failed on patch (131072, 9216): cuDNN error: CUDNN_STATUS_NOT_INITIALIZED
    WARNING: GigaTIME failed on patch (131072, 10240): cuDNN error: CUDNN_STATUS_NOT_INITIALIZED
    WARNING: GigaTIME failed on patch (131072, 11264): cuDNN error: CUDNN_STATUS_NOT_INITIALIZED
    WARNING: GigaTIME failed on patch (131072, 12288): cuDNN error: CUDNN_STATUS_NOT_INITIALIZED
    WARNING: GigaTIME failed on patch (131072, 13312): cuDNN error: CUDNN_STATUS_NOT_INITIALIZED
    WARNING: GigaTIME failed on patch (131072, 14336): cuDNN error: CUDNN_STATUS_NOT_INITIALIZED
    WARNING: GigaTIME failed on patch (131072, 15360): cuDNN error: CUDNN_STATUS_NOT_INITIALIZED
    WARNING: GigaTIME failed on patch (131072, 16384): cuDNN error: CUDNN_STATUS_NOT_INITIALIZED
    WARNING: GigaTIME failed on patch (131072, 17408): cuDNN error: CUDNN_STATUS_NOT_INITIALIZED
    WARNING: GigaTIME failed on patch (131072, 18432): cuDNN error: CUDNN_STATUS_NOT_INITIALIZED
    WARNING: GigaTIME failed on patch (131072, 19456): cuDNN error: CUDNN_STATUS_NOT_INITIALIZED
    WARNING: GigaTIME failed on patch (131072, 20480): cuDNN error: CUDNN_STATUS_NOT_INITIALIZED
    WARNING: GigaTIME failed on patch (131072, 21504): cuDNN error: CUDNN_STATUS_NOT_INITIALIZED
    WARNING: GigaTIME failed on patch (131072, 22528): cuDNN error: CUDNN_STATUS_NOT_INITIALIZED
    WARNING: GigaTIME failed on patch (131072, 23552): cuDNN error: CUDNN_STATUS_NOT_INITIALIZED
    WARNING: GigaTIME failed on patch (131072, 24576): cuDNN error: CUDNN_STATUS_NOT_INITIALIZED
    WARNING: GigaTIME failed on patch (131072, 25600): cuDNN error: CUDNN_STATUS_NOT_INITIALIZED
    WARNING: GigaTIME failed on patch (131072, 26624): cuDNN error: CUDNN_STATUS_NOT_INITIALIZED
    WARNING: GigaTIME failed on patch (131072, 27648): cuDNN error: CUDNN_STATUS_NOT_INITIALIZED
    WARNING: GigaTIME failed on patch (131072, 28672): cuDNN error: CUDNN_STATUS_NOT_INITIALIZED
    WARNING: GigaTIME failed on patch (131072, 29696): cuDNN error: CUDNN_STATUS_NOT_INITIALIZED
    WARNING: GigaTIME failed on patch (131072, 30720): cuDNN error: CUDNN_STATUS_NOT_INITIALIZED
    WARNING: GigaTIME failed on patch (131072, 31744): cuDNN error: CUDNN_STATUS_NOT_INITIALIZED
    WARNING: GigaTIME failed on patch (131072, 32768): cuDNN error: CUDNN_STATUS_NOT_INITIALIZED
    WARNING: GigaTIME failed on patch (131072, 33792): cuDNN error: CUDNN_STATUS_NOT_INITIALIZED
    WARNING: GigaTIME failed on patch (131072, 34816): cuDNN error: CUDNN_STATUS_NOT_INITIALIZED
    WARNING: GigaTIME failed on patch (131072, 35840): cuDNN error: CUDNN_STATUS_NOT_INITIALIZED
    WARNING: GigaTIME failed on patch (131072, 36864): cuDNN error: CUDNN_STATUS_NOT_INITIALIZED
    WARNING: GigaTIME failed on patch (131072, 37888): cuDNN error: CUDNN_STATUS_NOT_INITIALIZED
    WARNING: GigaTIME failed on patch (131072, 38912): cuDNN error: CUDNN_STATUS_NOT_INITIALIZED
    WARNING: GigaTIME failed on patch (131072, 39936): cuDNN error: CUDNN_STATUS_NOT_INITIALIZED
    WARNING: GigaTIME failed on patch (131072, 40960): cuDNN error: CUDNN_STATUS_NOT_INITIALIZED
    WARNING: GigaTIME failed on patch (131072, 41984): cuDNN error: CUDNN_STATUS_NOT_INITIALIZED
    WARNING: GigaTIME failed on patch (131072, 43008): cuDNN error: CUDNN_STATUS_NOT_INITIALIZED
    WARNING: GigaTIME failed on patch (131072, 44032): cuDNN error: CUDNN_STATUS_NOT_INITIALIZED
    WARNING: GigaTIME failed on patch (131072, 45056): cuDNN error: CUDNN_STATUS_NOT_INITIALIZED
    WARNING: GigaTIME failed on patch (131072, 46080): cuDNN error: CUDNN_STATUS_NOT_INITIALIZED
    WARNING: GigaTIME failed on patch (131072, 47104): cuDNN error: CUDNN_STATUS_NOT_INITIALIZED
    WARNING: GigaTIME failed on patch (131072, 48128): cuDNN error: CUDNN_STATUS_NOT_INITIALIZED
    WARNING: GigaTIME failed on patch (131072, 49152): cuDNN error: CUDNN_STATUS_NOT_INITIALIZED
    WARNING: GigaTIME failed on patch (131072, 50176): cuDNN error: CUDNN_STATUS_NOT_INITIALIZED
    WARNING: GigaTIME failed on patch (131072, 51200): cuDNN error: CUDNN_STATUS_NOT_INITIALIZED
    WARNING: GigaTIME failed on patch (131072, 52224): cuDNN error: CUDNN_STATUS_NOT_INITIALIZED
    WARNING: GigaTIME failed on patch (131072, 54272): cuDNN error: CUDNN_STATUS_NOT_INITIALIZED
    WARNING: GigaTIME failed on patch (131072, 55296): cuDNN error: CUDNN_STATUS_NOT_INITIALIZED
    WARNING: GigaTIME failed on patch (131072, 56320): cuDNN error: CUDNN_STATUS_NOT_INITIALIZED
    WARNING: GigaTIME failed on patch (131072, 57344): cuDNN error: CUDNN_STATUS_NOT_INITIALIZED
    WARNING: GigaTIME failed on patch (131072, 58368): cuDNN error: CUDNN_STATUS_NOT_INITIALIZED
    WARNING: GigaTIME failed on patch (131072, 59392): cuDNN error: CUDNN_STATUS_NOT_INITIALIZED
    WARNING: GigaTIME failed on patch (131072, 60416): cuDNN error: CUDNN_STATUS_NOT_INITIALIZED
    WARNING: GigaTIME failed on patch (131072, 61440): cuDNN error: CUDNN_STATUS_NOT_INITIALIZED
    WARNING: GigaTIME failed on patch (131072, 62464): cuDNN error: CUDNN_STATUS_NOT_INITIALIZED
    WARNING: GigaTIME failed on patch (131072, 63488): cuDNN error: CUDNN_STATUS_NOT_INITIALIZED
    WARNING: GigaTIME failed on patch (131072, 64512): cuDNN error: CUDNN_STATUS_NOT_INITIALIZED
    WARNING: GigaTIME failed on patch (131072, 65536): cuDNN error: CUDNN_STATUS_NOT_INITIALIZED
    WARNING: GigaTIME failed on patch (131072, 66560): cuDNN error: CUDNN_STATUS_NOT_INITIALIZED
    WARNING: GigaTIME failed on patch (131072, 67584): cuDNN error: CUDNN_STATUS_NOT_INITIALIZED
    WARNING: GigaTIME failed on patch (131072, 68608): cuDNN error: CUDNN_STATUS_NOT_INITIALIZED
    WARNING: GigaTIME failed on patch (131072, 69632): cuDNN error: CUDNN_STATUS_NOT_INITIALIZED
    WARNING: GigaTIME failed on patch (131072, 70656): cuDNN error: CUDNN_STATUS_NOT_INITIALIZED
    WARNING: GigaTIME failed on patch (131072, 72704): cuDNN error: CUDNN_STATUS_NOT_INITIALIZED
    WARNING: GigaTIME failed on patch (132096, 5120): cuDNN error: CUDNN_STATUS_NOT_INITIALIZED
    WARNING: GigaTIME failed on patch (132096, 6144): cuDNN error: CUDNN_STATUS_NOT_INITIALIZED
    WARNING: GigaTIME failed on patch (132096, 7168): cuDNN error: CUDNN_STATUS_NOT_INITIALIZED
    WARNING: GigaTIME failed on patch (132096, 8192): cuDNN error: CUDNN_STATUS_NOT_INITIALIZED
    WARNING: GigaTIME failed on patch (132096, 11264): cuDNN error: CUDNN_STATUS_NOT_INITIALIZED
    WARNING: GigaTIME failed on patch (132096, 12288): cuDNN error: CUDNN_STATUS_NOT_INITIALIZED
    WARNING: GigaTIME failed on patch (132096, 13312): cuDNN error: CUDNN_STATUS_NOT_INITIALIZED
    WARNING: GigaTIME failed on patch (132096, 14336): cuDNN error: CUDNN_STATUS_NOT_INITIALIZED
    WARNING: GigaTIME failed on patch (132096, 15360): cuDNN error: CUDNN_STATUS_NOT_INITIALIZED
    WARNING: GigaTIME failed on patch (132096, 16384): cuDNN error: CUDNN_STATUS_NOT_INITIALIZED
    WARNING: GigaTIME failed on patch (132096, 17408): cuDNN error: CUDNN_STATUS_NOT_INITIALIZED
    WARNING: GigaTIME failed on patch (132096, 18432): cuDNN error: CUDNN_STATUS_NOT_INITIALIZED
    WARNING: GigaTIME failed on patch (132096, 19456): cuDNN error: CUDNN_STATUS_NOT_INITIALIZED
    WARNING: GigaTIME failed on patch (132096, 20480): cuDNN error: CUDNN_STATUS_NOT_INITIALIZED
    WARNING: GigaTIME failed on patch (132096, 21504): cuDNN error: CUDNN_STATUS_NOT_INITIALIZED
    WARNING: GigaTIME failed on patch (132096, 22528): cuDNN error: CUDNN_STATUS_NOT_INITIALIZED
    WARNING: GigaTIME failed on patch (132096, 23552): cuDNN error: CUDNN_STATUS_NOT_INITIALIZED
    WARNING: GigaTIME failed on patch (132096, 24576): cuDNN error: CUDNN_STATUS_NOT_INITIALIZED
    WARNING: GigaTIME failed on patch (132096, 25600): cuDNN error: CUDNN_STATUS_NOT_INITIALIZED
    WARNING: GigaTIME failed on patch (132096, 26624): cuDNN error: CUDNN_STATUS_NOT_INITIALIZED
    WARNING: GigaTIME failed on patch (132096, 27648): cuDNN error: CUDNN_STATUS_NOT_INITIALIZED
    WARNING: GigaTIME failed on patch (132096, 28672): cuDNN error: CUDNN_STATUS_NOT_INITIALIZED
    WARNING: GigaTIME failed on patch (132096, 29696): cuDNN error: CUDNN_STATUS_NOT_INITIALIZED
    WARNING: GigaTIME failed on patch (132096, 30720): cuDNN error: CUDNN_STATUS_NOT_INITIALIZED
    WARNING: GigaTIME failed on patch (132096, 31744): cuDNN error: CUDNN_STATUS_NOT_INITIALIZED
    WARNING: GigaTIME failed on patch (132096, 32768): cuDNN error: CUDNN_STATUS_NOT_INITIALIZED
    WARNING: GigaTIME failed on patch (132096, 33792): cuDNN error: CUDNN_STATUS_NOT_INITIALIZED
    WARNING: GigaTIME failed on patch (132096, 34816): cuDNN error: CUDNN_STATUS_NOT_INITIALIZED
    WARNING: GigaTIME failed on patch (132096, 35840): cuDNN error: CUDNN_STATUS_NOT_INITIALIZED
    WARNING: GigaTIME failed on patch (132096, 36864): cuDNN error: CUDNN_STATUS_NOT_INITIALIZED
    WARNING: GigaTIME failed on patch (132096, 37888): cuDNN error: CUDNN_STATUS_NOT_INITIALIZED
    WARNING: GigaTIME failed on patch (132096, 38912): cuDNN error: CUDNN_STATUS_NOT_INITIALIZED
    WARNING: GigaTIME failed on patch (132096, 39936): cuDNN error: CUDNN_STATUS_NOT_INITIALIZED
    WARNING: GigaTIME failed on patch (132096, 40960): cuDNN error: CUDNN_STATUS_NOT_INITIALIZED
    WARNING: GigaTIME failed on patch (132096, 41984): cuDNN error: CUDNN_STATUS_NOT_INITIALIZED
    WARNING: GigaTIME failed on patch (132096, 43008): cuDNN error: CUDNN_STATUS_NOT_INITIALIZED
    WARNING: GigaTIME failed on patch (132096, 44032): cuDNN error: CUDNN_STATUS_NOT_INITIALIZED
    WARNING: GigaTIME failed on patch (132096, 45056): cuDNN error: CUDNN_STATUS_NOT_INITIALIZED
    WARNING: GigaTIME failed on patch (132096, 46080): cuDNN error: CUDNN_STATUS_NOT_INITIALIZED
    WARNING: GigaTIME failed on patch (132096, 47104): cuDNN error: CUDNN_STATUS_NOT_INITIALIZED
    WARNING: GigaTIME failed on patch (132096, 48128): cuDNN error: CUDNN_STATUS_NOT_INITIALIZED
    WARNING: GigaTIME failed on patch (132096, 49152): cuDNN error: CUDNN_STATUS_NOT_INITIALIZED
    WARNING: GigaTIME failed on patch (132096, 50176): cuDNN error: CUDNN_STATUS_NOT_INITIALIZED
    WARNING: GigaTIME failed on patch (132096, 51200): cuDNN error: CUDNN_STATUS_NOT_INITIALIZED
    WARNING: GigaTIME failed on patch (132096, 52224): cuDNN error: CUDNN_STATUS_NOT_INITIALIZED
    WARNING: GigaTIME failed on patch (132096, 54272): cuDNN error: CUDNN_STATUS_NOT_INITIALIZED
    WARNING: GigaTIME failed on patch (132096, 55296): cuDNN error: CUDNN_STATUS_NOT_INITIALIZED
    WARNING: GigaTIME failed on patch (132096, 56320): cuDNN error: CUDNN_STATUS_NOT_INITIALIZED
    WARNING: GigaTIME failed on patch (132096, 57344): cuDNN error: CUDNN_STATUS_NOT_INITIALIZED
    WARNING: GigaTIME failed on patch (132096, 58368): cuDNN error: CUDNN_STATUS_NOT_INITIALIZED
    WARNING: GigaTIME failed on patch (132096, 59392): cuDNN error: CUDNN_STATUS_NOT_INITIALIZED
    WARNING: GigaTIME failed on patch (132096, 60416): cuDNN error: CUDNN_STATUS_NOT_INITIALIZED
    WARNING: GigaTIME failed on patch (132096, 61440): cuDNN error: CUDNN_STATUS_NOT_INITIALIZED
    WARNING: GigaTIME failed on patch (132096, 62464): cuDNN error: CUDNN_STATUS_NOT_INITIALIZED
    WARNING: GigaTIME failed on patch (132096, 63488): cuDNN error: CUDNN_STATUS_NOT_INITIALIZED
    WARNING: GigaTIME failed on patch (132096, 64512): cuDNN error: CUDNN_STATUS_NOT_INITIALIZED
    WARNING: GigaTIME failed on patch (132096, 65536): cuDNN error: CUDNN_STATUS_NOT_INITIALIZED
    WARNING: GigaTIME failed on patch (132096, 66560): cuDNN error: CUDNN_STATUS_NOT_INITIALIZED
    WARNING: GigaTIME failed on patch (132096, 67584): cuDNN error: CUDNN_STATUS_NOT_INITIALIZED
    WARNING: GigaTIME failed on patch (132096, 68608): cuDNN error: CUDNN_STATUS_NOT_INITIALIZED
    WARNING: GigaTIME failed on patch (132096, 69632): cuDNN error: CUDNN_STATUS_NOT_INITIALIZED
    WARNING: GigaTIME failed on patch (132096, 71680): cuDNN error: CUDNN_STATUS_NOT_INITIALIZED
    WARNING: GigaTIME failed on patch (132096, 72704): cuDNN error: CUDNN_STATUS_NOT_INITIALIZED
    WARNING: GigaTIME failed on patch (132096, 73728): cuDNN error: CUDNN_STATUS_NOT_INITIALIZED
    WARNING: GigaTIME failed on patch (132096, 76800): cuDNN error: CUDNN_STATUS_NOT_INITIALIZED
    WARNING: GigaTIME failed on patch (133120, 4096): cuDNN error: CUDNN_STATUS_NOT_INITIALIZED
    WARNING: GigaTIME failed on patch (133120, 5120): cuDNN error: CUDNN_STATUS_NOT_INITIALIZED
    WARNING: GigaTIME failed on patch (133120, 6144): cuDNN error: CUDNN_STATUS_NOT_INITIALIZED
    WARNING: GigaTIME failed on patch (133120, 7168): cuDNN error: CUDNN_STATUS_NOT_INITIALIZED
    WARNING: GigaTIME failed on patch (133120, 8192): cuDNN error: CUDNN_STATUS_NOT_INITIALIZED
    WARNING: GigaTIME failed on patch (133120, 11264): cuDNN error: CUDNN_STATUS_NOT_INITIALIZED
    WARNING: GigaTIME failed on patch (133120, 12288): cuDNN error: CUDNN_STATUS_NOT_INITIALIZED
    WARNING: GigaTIME failed on patch (133120, 13312): cuDNN error: CUDNN_STATUS_NOT_INITIALIZED
    WARNING: GigaTIME failed on patch (133120, 14336): cuDNN error: CUDNN_STATUS_NOT_INITIALIZED
    WARNING: GigaTIME failed on patch (133120, 15360): cuDNN error: CUDNN_STATUS_NOT_INITIALIZED
    WARNING: GigaTIME failed on patch (133120, 16384): cuDNN error: CUDNN_STATUS_NOT_INITIALIZED
    WARNING: GigaTIME failed on patch (133120, 17408): cuDNN error: CUDNN_STATUS_NOT_INITIALIZED
    WARNING: GigaTIME failed on patch (133120, 18432): cuDNN error: CUDNN_STATUS_NOT_INITIALIZED
    WARNING: GigaTIME failed on patch (133120, 19456): cuDNN error: CUDNN_STATUS_NOT_INITIALIZED
    WARNING: GigaTIME failed on patch (133120, 20480): cuDNN error: CUDNN_STATUS_NOT_INITIALIZED
    WARNING: GigaTIME failed on patch (133120, 21504): cuDNN error: CUDNN_STATUS_NOT_INITIALIZED
    WARNING: GigaTIME failed on patch (133120, 22528): cuDNN error: CUDNN_STATUS_NOT_INITIALIZED
    WARNING: GigaTIME failed on patch (133120, 23552): cuDNN error: CUDNN_STATUS_NOT_INITIALIZED
    WARNING: GigaTIME failed on patch (133120, 24576): cuDNN error: CUDNN_STATUS_NOT_INITIALIZED
    WARNING: GigaTIME failed on patch (133120, 25600): cuDNN error: CUDNN_STATUS_NOT_INITIALIZED
    WARNING: GigaTIME failed on patch (133120, 26624): cuDNN error: CUDNN_STATUS_NOT_INITIALIZED
    WARNING: GigaTIME failed on patch (133120, 27648): cuDNN error: CUDNN_STATUS_NOT_INITIALIZED
    WARNING: GigaTIME failed on patch (133120, 28672): cuDNN error: CUDNN_STATUS_NOT_INITIALIZED
    WARNING: GigaTIME failed on patch (133120, 29696): cuDNN error: CUDNN_STATUS_NOT_INITIALIZED
    WARNING: GigaTIME failed on patch (133120, 30720): cuDNN error: CUDNN_STATUS_NOT_INITIALIZED
    WARNING: GigaTIME failed on patch (133120, 31744): cuDNN error: CUDNN_STATUS_NOT_INITIALIZED
    WARNING: GigaTIME failed on patch (133120, 32768): cuDNN error: CUDNN_STATUS_NOT_INITIALIZED
    WARNING: GigaTIME failed on patch (133120, 33792): cuDNN error: CUDNN_STATUS_NOT_INITIALIZED
    WARNING: GigaTIME failed on patch (133120, 34816): cuDNN error: CUDNN_STATUS_NOT_INITIALIZED
    WARNING: GigaTIME failed on patch (133120, 35840): cuDNN error: CUDNN_STATUS_NOT_INITIALIZED
    WARNING: GigaTIME failed on patch (133120, 36864): cuDNN error: CUDNN_STATUS_NOT_INITIALIZED
    WARNING: GigaTIME failed on patch (133120, 37888): cuDNN error: CUDNN_STATUS_NOT_INITIALIZED
    WARNING: GigaTIME failed on patch (133120, 38912): cuDNN error: CUDNN_STATUS_NOT_INITIALIZED
    WARNING: GigaTIME failed on patch (133120, 39936): cuDNN error: CUDNN_STATUS_NOT_INITIALIZED
    WARNING: GigaTIME failed on patch (133120, 40960): cuDNN error: CUDNN_STATUS_NOT_INITIALIZED
    WARNING: GigaTIME failed on patch (133120, 41984): cuDNN error: CUDNN_STATUS_NOT_INITIALIZED
    WARNING: GigaTIME failed on patch (133120, 43008): cuDNN error: CUDNN_STATUS_NOT_INITIALIZED
    WARNING: GigaTIME failed on patch (133120, 44032): cuDNN error: CUDNN_STATUS_NOT_INITIALIZED
    WARNING: GigaTIME failed on patch (133120, 45056): cuDNN error: CUDNN_STATUS_NOT_INITIALIZED
    WARNING: GigaTIME failed on patch (133120, 46080): cuDNN error: CUDNN_STATUS_NOT_INITIALIZED
    WARNING: GigaTIME failed on patch (133120, 47104): cuDNN error: CUDNN_STATUS_NOT_INITIALIZED
    WARNING: GigaTIME failed on patch (133120, 48128): cuDNN error: CUDNN_STATUS_NOT_INITIALIZED
    WARNING: GigaTIME failed on patch (133120, 49152): cuDNN error: CUDNN_STATUS_NOT_INITIALIZED
    WARNING: GigaTIME failed on patch (133120, 50176): cuDNN error: CUDNN_STATUS_NOT_INITIALIZED
    WARNING: GigaTIME failed on patch (133120, 51200): cuDNN error: CUDNN_STATUS_NOT_INITIALIZED
    WARNING: GigaTIME failed on patch (133120, 52224): cuDNN error: CUDNN_STATUS_NOT_INITIALIZED
    WARNING: GigaTIME failed on patch (133120, 53248): cuDNN error: CUDNN_STATUS_NOT_INITIALIZED
    WARNING: GigaTIME failed on patch (133120, 54272): cuDNN error: CUDNN_STATUS_NOT_INITIALIZED
    WARNING: GigaTIME failed on patch (133120, 57344): cuDNN error: CUDNN_STATUS_NOT_INITIALIZED
    WARNING: GigaTIME failed on patch (133120, 58368): cuDNN error: CUDNN_STATUS_NOT_INITIALIZED
    WARNING: GigaTIME failed on patch (133120, 59392): cuDNN error: CUDNN_STATUS_NOT_INITIALIZED
    WARNING: GigaTIME failed on patch (133120, 60416): cuDNN error: CUDNN_STATUS_NOT_INITIALIZED
    WARNING: GigaTIME failed on patch (133120, 61440): cuDNN error: CUDNN_STATUS_NOT_INITIALIZED
    WARNING: GigaTIME failed on patch (133120, 62464): cuDNN error: CUDNN_STATUS_NOT_INITIALIZED
    WARNING: GigaTIME failed on patch (133120, 63488): cuDNN error: CUDNN_STATUS_NOT_INITIALIZED
    WARNING: GigaTIME failed on patch (133120, 64512): cuDNN error: CUDNN_STATUS_NOT_INITIALIZED
    WARNING: GigaTIME failed on patch (133120, 65536): cuDNN error: CUDNN_STATUS_NOT_INITIALIZED
    WARNING: GigaTIME failed on patch (133120, 66560): cuDNN error: CUDNN_STATUS_NOT_INITIALIZED
    WARNING: GigaTIME failed on patch (133120, 67584): cuDNN error: CUDNN_STATUS_NOT_INITIALIZED
    WARNING: GigaTIME failed on patch (133120, 68608): cuDNN error: CUDNN_STATUS_NOT_INITIALIZED
    WARNING: GigaTIME failed on patch (133120, 70656): cuDNN error: CUDNN_STATUS_NOT_INITIALIZED
    WARNING: GigaTIME failed on patch (133120, 71680): cuDNN error: CUDNN_STATUS_NOT_INITIALIZED
    WARNING: GigaTIME failed on patch (133120, 72704): cuDNN error: CUDNN_STATUS_NOT_INITIALIZED
    WARNING: GigaTIME failed on patch (133120, 73728): cuDNN error: CUDNN_STATUS_NOT_INITIALIZED
    WARNING: GigaTIME failed on patch (133120, 74752): cuDNN error: CUDNN_STATUS_NOT_INITIALIZED
    WARNING: GigaTIME failed on patch (133120, 75776): cuDNN error: CUDNN_STATUS_NOT_INITIALIZED
    WARNING: GigaTIME failed on patch (133120, 76800): cuDNN error: CUDNN_STATUS_NOT_INITIALIZED
    WARNING: GigaTIME failed on patch (133120, 77824): cuDNN error: CUDNN_STATUS_NOT_INITIALIZED
    WARNING: GigaTIME failed on patch (134144, 4096): cuDNN error: CUDNN_STATUS_NOT_INITIALIZED
    WARNING: GigaTIME failed on patch (134144, 5120): cuDNN error: CUDNN_STATUS_NOT_INITIALIZED
    WARNING: GigaTIME failed on patch (134144, 6144): cuDNN error: CUDNN_STATUS_NOT_INITIALIZED
    WARNING: GigaTIME failed on patch (134144, 7168): cuDNN error: CUDNN_STATUS_NOT_INITIALIZED
    WARNING: GigaTIME failed on patch (134144, 8192): cuDNN error: CUDNN_STATUS_NOT_INITIALIZED
    WARNING: GigaTIME failed on patch (134144, 12288): cuDNN error: CUDNN_STATUS_NOT_INITIALIZED
    WARNING: GigaTIME failed on patch (134144, 13312): cuDNN error: CUDNN_STATUS_NOT_INITIALIZED
    WARNING: GigaTIME failed on patch (134144, 14336): cuDNN error: CUDNN_STATUS_NOT_INITIALIZED
    WARNING: GigaTIME failed on patch (134144, 15360): cuDNN error: CUDNN_STATUS_NOT_INITIALIZED
    WARNING: GigaTIME failed on patch (134144, 16384): cuDNN error: CUDNN_STATUS_NOT_INITIALIZED
    WARNING: GigaTIME failed on patch (134144, 17408): cuDNN error: CUDNN_STATUS_NOT_INITIALIZED
    WARNING: GigaTIME failed on patch (134144, 18432): cuDNN error: CUDNN_STATUS_NOT_INITIALIZED
    WARNING: GigaTIME failed on patch (134144, 19456): cuDNN error: CUDNN_STATUS_NOT_INITIALIZED
    WARNING: GigaTIME failed on patch (134144, 20480): cuDNN error: CUDNN_STATUS_NOT_INITIALIZED
    WARNING: GigaTIME failed on patch (134144, 21504): cuDNN error: CUDNN_STATUS_NOT_INITIALIZED
    WARNING: GigaTIME failed on patch (134144, 22528): cuDNN error: CUDNN_STATUS_NOT_INITIALIZED
    WARNING: GigaTIME failed on patch (134144, 23552): cuDNN error: CUDNN_STATUS_NOT_INITIALIZED
    WARNING: GigaTIME failed on patch (134144, 24576): cuDNN error: CUDNN_STATUS_NOT_INITIALIZED
    WARNING: GigaTIME failed on patch (134144, 25600): cuDNN error: CUDNN_STATUS_NOT_INITIALIZED
    WARNING: GigaTIME failed on patch (134144, 26624): cuDNN error: CUDNN_STATUS_NOT_INITIALIZED
    WARNING: GigaTIME failed on patch (134144, 27648): cuDNN error: CUDNN_STATUS_NOT_INITIALIZED
    WARNING: GigaTIME failed on patch (134144, 28672): cuDNN error: CUDNN_STATUS_NOT_INITIALIZED
    WARNING: GigaTIME failed on patch (134144, 29696): cuDNN error: CUDNN_STATUS_NOT_INITIALIZED
    WARNING: GigaTIME failed on patch (134144, 30720): cuDNN error: CUDNN_STATUS_NOT_INITIALIZED
    WARNING: GigaTIME failed on patch (134144, 31744): cuDNN error: CUDNN_STATUS_NOT_INITIALIZED
    WARNING: GigaTIME failed on patch (134144, 32768): cuDNN error: CUDNN_STATUS_NOT_INITIALIZED
    WARNING: GigaTIME failed on patch (134144, 33792): cuDNN error: CUDNN_STATUS_NOT_INITIALIZED
    WARNING: GigaTIME failed on patch (134144, 34816): cuDNN error: CUDNN_STATUS_NOT_INITIALIZED
    WARNING: GigaTIME failed on patch (134144, 35840): cuDNN error: CUDNN_STATUS_NOT_INITIALIZED
    WARNING: GigaTIME failed on patch (134144, 36864): cuDNN error: CUDNN_STATUS_NOT_INITIALIZED
    WARNING: GigaTIME failed on patch (134144, 37888): cuDNN error: CUDNN_STATUS_NOT_INITIALIZED
    WARNING: GigaTIME failed on patch (134144, 38912): cuDNN error: CUDNN_STATUS_NOT_INITIALIZED
    WARNING: GigaTIME failed on patch (134144, 39936): cuDNN error: CUDNN_STATUS_NOT_INITIALIZED
    WARNING: GigaTIME failed on patch (134144, 40960): cuDNN error: CUDNN_STATUS_NOT_INITIALIZED
    WARNING: GigaTIME failed on patch (134144, 41984): cuDNN error: CUDNN_STATUS_NOT_INITIALIZED
    WARNING: GigaTIME failed on patch (134144, 43008): cuDNN error: CUDNN_STATUS_NOT_INITIALIZED
    WARNING: GigaTIME failed on patch (134144, 44032): cuDNN error: CUDNN_STATUS_NOT_INITIALIZED
    WARNING: GigaTIME failed on patch (134144, 45056): cuDNN error: CUDNN_STATUS_NOT_INITIALIZED
    WARNING: GigaTIME failed on patch (134144, 46080): cuDNN error: CUDNN_STATUS_NOT_INITIALIZED
    WARNING: GigaTIME failed on patch (134144, 47104): cuDNN error: CUDNN_STATUS_NOT_INITIALIZED
    WARNING: GigaTIME failed on patch (134144, 48128): cuDNN error: CUDNN_STATUS_NOT_INITIALIZED
    WARNING: GigaTIME failed on patch (134144, 49152): cuDNN error: CUDNN_STATUS_NOT_INITIALIZED
    WARNING: GigaTIME failed on patch (134144, 50176): cuDNN error: CUDNN_STATUS_NOT_INITIALIZED
    WARNING: GigaTIME failed on patch (134144, 51200): cuDNN error: CUDNN_STATUS_NOT_INITIALIZED
    WARNING: GigaTIME failed on patch (134144, 52224): cuDNN error: CUDNN_STATUS_NOT_INITIALIZED
    WARNING: GigaTIME failed on patch (134144, 54272): cuDNN error: CUDNN_STATUS_NOT_INITIALIZED
    WARNING: GigaTIME failed on patch (134144, 55296): cuDNN error: CUDNN_STATUS_NOT_INITIALIZED
    WARNING: GigaTIME failed on patch (134144, 56320): cuDNN error: CUDNN_STATUS_NOT_INITIALIZED
    WARNING: GigaTIME failed on patch (134144, 57344): cuDNN error: CUDNN_STATUS_NOT_INITIALIZED
    WARNING: GigaTIME failed on patch (134144, 58368): cuDNN error: CUDNN_STATUS_NOT_INITIALIZED
    WARNING: GigaTIME failed on patch (134144, 59392): cuDNN error: CUDNN_STATUS_NOT_INITIALIZED
    WARNING: GigaTIME failed on patch (134144, 61440): cuDNN error: CUDNN_STATUS_NOT_INITIALIZED
    WARNING: GigaTIME failed on patch (134144, 62464): cuDNN error: CUDNN_STATUS_NOT_INITIALIZED
    WARNING: GigaTIME failed on patch (134144, 63488): cuDNN error: CUDNN_STATUS_NOT_INITIALIZED
    WARNING: GigaTIME failed on patch (134144, 66560): cuDNN error: CUDNN_STATUS_NOT_INITIALIZED
    WARNING: GigaTIME failed on patch (134144, 67584): cuDNN error: CUDNN_STATUS_NOT_INITIALIZED
    WARNING: GigaTIME failed on patch (134144, 68608): cuDNN error: CUDNN_STATUS_NOT_INITIALIZED
    WARNING: GigaTIME failed on patch (134144, 70656): cuDNN error: CUDNN_STATUS_NOT_INITIALIZED
    WARNING: GigaTIME failed on patch (134144, 71680): cuDNN error: CUDNN_STATUS_NOT_INITIALIZED
    WARNING: GigaTIME failed on patch (134144, 72704): cuDNN error: CUDNN_STATUS_NOT_INITIALIZED
    WARNING: GigaTIME failed on patch (134144, 73728): cuDNN error: CUDNN_STATUS_NOT_INITIALIZED
    WARNING: GigaTIME failed on patch (134144, 74752): cuDNN error: CUDNN_STATUS_NOT_INITIALIZED
    WARNING: GigaTIME failed on patch (134144, 75776): cuDNN error: CUDNN_STATUS_NOT_INITIALIZED
    WARNING: GigaTIME failed on patch (134144, 76800): cuDNN error: CUDNN_STATUS_NOT_INITIALIZED
    WARNING: GigaTIME failed on patch (134144, 77824): cuDNN error: CUDNN_STATUS_NOT_INITIALIZED
    WARNING: GigaTIME failed on patch (135168, 5120): cuDNN error: CUDNN_STATUS_NOT_INITIALIZED
    WARNING: GigaTIME failed on patch (135168, 6144): cuDNN error: CUDNN_STATUS_NOT_INITIALIZED
    WARNING: GigaTIME failed on patch (135168, 7168): cuDNN error: CUDNN_STATUS_NOT_INITIALIZED
    WARNING: GigaTIME failed on patch (135168, 8192): cuDNN error: CUDNN_STATUS_NOT_INITIALIZED
    WARNING: GigaTIME failed on patch (135168, 9216): cuDNN error: CUDNN_STATUS_NOT_INITIALIZED
    WARNING: GigaTIME failed on patch (135168, 11264): cuDNN error: CUDNN_STATUS_NOT_INITIALIZED
    WARNING: GigaTIME failed on patch (135168, 12288): cuDNN error: CUDNN_STATUS_NOT_INITIALIZED
    WARNING: GigaTIME failed on patch (135168, 13312): cuDNN error: CUDNN_STATUS_NOT_INITIALIZED
    WARNING: GigaTIME failed on patch (135168, 14336): cuDNN error: CUDNN_STATUS_NOT_INITIALIZED
    WARNING: GigaTIME failed on patch (135168, 15360): cuDNN error: CUDNN_STATUS_NOT_INITIALIZED
    WARNING: GigaTIME failed on patch (135168, 16384): cuDNN error: CUDNN_STATUS_NOT_INITIALIZED
    WARNING: GigaTIME failed on patch (135168, 17408): cuDNN error: CUDNN_STATUS_NOT_INITIALIZED
    WARNING: GigaTIME failed on patch (135168, 18432): cuDNN error: CUDNN_STATUS_NOT_INITIALIZED
    WARNING: GigaTIME failed on patch (135168, 19456): cuDNN error: CUDNN_STATUS_NOT_INITIALIZED
    WARNING: GigaTIME failed on patch (135168, 20480): cuDNN error: CUDNN_STATUS_NOT_INITIALIZED
    WARNING: GigaTIME failed on patch (135168, 21504): cuDNN error: CUDNN_STATUS_NOT_INITIALIZED
    WARNING: GigaTIME failed on patch (135168, 22528): cuDNN error: CUDNN_STATUS_NOT_INITIALIZED
    WARNING: GigaTIME failed on patch (135168, 23552): cuDNN error: CUDNN_STATUS_NOT_INITIALIZED
    WARNING: GigaTIME failed on patch (135168, 24576): cuDNN error: CUDNN_STATUS_NOT_INITIALIZED
    WARNING: GigaTIME failed on patch (135168, 25600): cuDNN error: CUDNN_STATUS_NOT_INITIALIZED
    WARNING: GigaTIME failed on patch (135168, 26624): cuDNN error: CUDNN_STATUS_NOT_INITIALIZED
    WARNING: GigaTIME failed on patch (135168, 27648): cuDNN error: CUDNN_STATUS_NOT_INITIALIZED
    WARNING: GigaTIME failed on patch (135168, 28672): cuDNN error: CUDNN_STATUS_NOT_INITIALIZED
    WARNING: GigaTIME failed on patch (135168, 29696): cuDNN error: CUDNN_STATUS_NOT_INITIALIZED
    WARNING: GigaTIME failed on patch (135168, 30720): cuDNN error: CUDNN_STATUS_NOT_INITIALIZED
    WARNING: GigaTIME failed on patch (135168, 31744): cuDNN error: CUDNN_STATUS_NOT_INITIALIZED
    WARNING: GigaTIME failed on patch (135168, 32768): cuDNN error: CUDNN_STATUS_NOT_INITIALIZED
    WARNING: GigaTIME failed on patch (135168, 33792): cuDNN error: CUDNN_STATUS_NOT_INITIALIZED
    WARNING: GigaTIME failed on patch (135168, 34816): cuDNN error: CUDNN_STATUS_NOT_INITIALIZED
    WARNING: GigaTIME failed on patch (135168, 35840): cuDNN error: CUDNN_STATUS_NOT_INITIALIZED
    WARNING: GigaTIME failed on patch (135168, 36864): cuDNN error: CUDNN_STATUS_NOT_INITIALIZED
    WARNING: GigaTIME failed on patch (135168, 37888): cuDNN error: CUDNN_STATUS_NOT_INITIALIZED
    WARNING: GigaTIME failed on patch (135168, 38912): cuDNN error: CUDNN_STATUS_NOT_INITIALIZED
    WARNING: GigaTIME failed on patch (135168, 39936): cuDNN error: CUDNN_STATUS_NOT_INITIALIZED
    WARNING: GigaTIME failed on patch (135168, 40960): cuDNN error: CUDNN_STATUS_NOT_INITIALIZED
    WARNING: GigaTIME failed on patch (135168, 41984): cuDNN error: CUDNN_STATUS_NOT_INITIALIZED
    WARNING: GigaTIME failed on patch (135168, 43008): cuDNN error: CUDNN_STATUS_NOT_INITIALIZED
    WARNING: GigaTIME failed on patch (135168, 44032): cuDNN error: CUDNN_STATUS_NOT_INITIALIZED
    WARNING: GigaTIME failed on patch (135168, 45056): cuDNN error: CUDNN_STATUS_NOT_INITIALIZED
    WARNING: GigaTIME failed on patch (135168, 46080): cuDNN error: CUDNN_STATUS_NOT_INITIALIZED
    WARNING: GigaTIME failed on patch (135168, 47104): cuDNN error: CUDNN_STATUS_NOT_INITIALIZED
    WARNING: GigaTIME failed on patch (135168, 48128): cuDNN error: CUDNN_STATUS_NOT_INITIALIZED
    WARNING: GigaTIME failed on patch (135168, 49152): cuDNN error: CUDNN_STATUS_NOT_INITIALIZED
    WARNING: GigaTIME failed on patch (135168, 50176): cuDNN error: CUDNN_STATUS_NOT_INITIALIZED
    WARNING: GigaTIME failed on patch (135168, 51200): cuDNN error: CUDNN_STATUS_NOT_INITIALIZED
    WARNING: GigaTIME failed on patch (135168, 52224): cuDNN error: CUDNN_STATUS_NOT_INITIALIZED
    WARNING: GigaTIME failed on patch (135168, 55296): cuDNN error: CUDNN_STATUS_NOT_INITIALIZED
    WARNING: GigaTIME failed on patch (135168, 56320): cuDNN error: CUDNN_STATUS_NOT_INITIALIZED
    WARNING: GigaTIME failed on patch (135168, 58368): cuDNN error: CUDNN_STATUS_NOT_INITIALIZED
    WARNING: GigaTIME failed on patch (135168, 59392): cuDNN error: CUDNN_STATUS_NOT_INITIALIZED
    WARNING: GigaTIME failed on patch (135168, 60416): cuDNN error: CUDNN_STATUS_NOT_INITIALIZED
    WARNING: GigaTIME failed on patch (135168, 61440): cuDNN error: CUDNN_STATUS_NOT_INITIALIZED
    WARNING: GigaTIME failed on patch (135168, 62464): cuDNN error: CUDNN_STATUS_NOT_INITIALIZED
    WARNING: GigaTIME failed on patch (135168, 63488): cuDNN error: CUDNN_STATUS_NOT_INITIALIZED
    WARNING: GigaTIME failed on patch (135168, 66560): cuDNN error: CUDNN_STATUS_NOT_INITIALIZED
    WARNING: GigaTIME failed on patch (135168, 67584): cuDNN error: CUDNN_STATUS_NOT_INITIALIZED
    WARNING: GigaTIME failed on patch (135168, 68608): cuDNN error: CUDNN_STATUS_NOT_INITIALIZED
    WARNING: GigaTIME failed on patch (135168, 69632): cuDNN error: CUDNN_STATUS_NOT_INITIALIZED
    WARNING: GigaTIME failed on patch (135168, 70656): cuDNN error: CUDNN_STATUS_NOT_INITIALIZED
    WARNING: GigaTIME failed on patch (135168, 71680): cuDNN error: CUDNN_STATUS_NOT_INITIALIZED
    WARNING: GigaTIME failed on patch (135168, 72704): cuDNN error: CUDNN_STATUS_NOT_INITIALIZED
    WARNING: GigaTIME failed on patch (135168, 73728): cuDNN error: CUDNN_STATUS_NOT_INITIALIZED
    WARNING: GigaTIME failed on patch (135168, 74752): cuDNN error: CUDNN_STATUS_NOT_INITIALIZED
    WARNING: GigaTIME failed on patch (135168, 75776): cuDNN error: CUDNN_STATUS_NOT_INITIALIZED
    WARNING: GigaTIME failed on patch (135168, 76800): cuDNN error: CUDNN_STATUS_NOT_INITIALIZED
    WARNING: GigaTIME failed on patch (136192, 5120): cuDNN error: CUDNN_STATUS_NOT_INITIALIZED
    WARNING: GigaTIME failed on patch (136192, 6144): cuDNN error: CUDNN_STATUS_NOT_INITIALIZED
    WARNING: GigaTIME failed on patch (136192, 7168): cuDNN error: CUDNN_STATUS_NOT_INITIALIZED
    WARNING: GigaTIME failed on patch (136192, 8192): cuDNN error: CUDNN_STATUS_NOT_INITIALIZED
    WARNING: GigaTIME failed on patch (136192, 9216): cuDNN error: CUDNN_STATUS_NOT_INITIALIZED
    WARNING: GigaTIME failed on patch (136192, 11264): cuDNN error: CUDNN_STATUS_NOT_INITIALIZED
    WARNING: GigaTIME failed on patch (136192, 12288): cuDNN error: CUDNN_STATUS_NOT_INITIALIZED
    WARNING: GigaTIME failed on patch (136192, 13312): cuDNN error: CUDNN_STATUS_NOT_INITIALIZED
    WARNING: GigaTIME failed on patch (136192, 14336): cuDNN error: CUDNN_STATUS_NOT_INITIALIZED
    WARNING: GigaTIME failed on patch (136192, 15360): cuDNN error: CUDNN_STATUS_NOT_INITIALIZED
    WARNING: GigaTIME failed on patch (136192, 16384): cuDNN error: CUDNN_STATUS_NOT_INITIALIZED
    WARNING: GigaTIME failed on patch (136192, 17408): cuDNN error: CUDNN_STATUS_NOT_INITIALIZED
    WARNING: GigaTIME failed on patch (136192, 18432): cuDNN error: CUDNN_STATUS_NOT_INITIALIZED
    WARNING: GigaTIME failed on patch (136192, 19456): cuDNN error: CUDNN_STATUS_NOT_INITIALIZED
    WARNING: GigaTIME failed on patch (136192, 20480): cuDNN error: CUDNN_STATUS_NOT_INITIALIZED
    WARNING: GigaTIME failed on patch (136192, 21504): cuDNN error: CUDNN_STATUS_NOT_INITIALIZED
    WARNING: GigaTIME failed on patch (136192, 22528): cuDNN error: CUDNN_STATUS_NOT_INITIALIZED
    WARNING: GigaTIME failed on patch (136192, 23552): cuDNN error: CUDNN_STATUS_NOT_INITIALIZED
    WARNING: GigaTIME failed on patch (136192, 24576): cuDNN error: CUDNN_STATUS_NOT_INITIALIZED
    WARNING: GigaTIME failed on patch (136192, 25600): cuDNN error: CUDNN_STATUS_NOT_INITIALIZED
    WARNING: GigaTIME failed on patch (136192, 26624): cuDNN error: CUDNN_STATUS_NOT_INITIALIZED
    WARNING: GigaTIME failed on patch (136192, 27648): cuDNN error: CUDNN_STATUS_NOT_INITIALIZED
    WARNING: GigaTIME failed on patch (136192, 28672): cuDNN error: CUDNN_STATUS_NOT_INITIALIZED
    WARNING: GigaTIME failed on patch (136192, 29696): cuDNN error: CUDNN_STATUS_NOT_INITIALIZED
    WARNING: GigaTIME failed on patch (136192, 30720): cuDNN error: CUDNN_STATUS_NOT_INITIALIZED
    WARNING: GigaTIME failed on patch (136192, 31744): cuDNN error: CUDNN_STATUS_NOT_INITIALIZED
    WARNING: GigaTIME failed on patch (136192, 32768): cuDNN error: CUDNN_STATUS_NOT_INITIALIZED
    WARNING: GigaTIME failed on patch (136192, 33792): cuDNN error: CUDNN_STATUS_NOT_INITIALIZED
    WARNING: GigaTIME failed on patch (136192, 34816): cuDNN error: CUDNN_STATUS_NOT_INITIALIZED
    WARNING: GigaTIME failed on patch (136192, 35840): cuDNN error: CUDNN_STATUS_NOT_INITIALIZED
    WARNING: GigaTIME failed on patch (136192, 36864): cuDNN error: CUDNN_STATUS_NOT_INITIALIZED
    WARNING: GigaTIME failed on patch (136192, 37888): cuDNN error: CUDNN_STATUS_NOT_INITIALIZED
    WARNING: GigaTIME failed on patch (136192, 38912): cuDNN error: CUDNN_STATUS_NOT_INITIALIZED
    WARNING: GigaTIME failed on patch (136192, 39936): cuDNN error: CUDNN_STATUS_NOT_INITIALIZED
    WARNING: GigaTIME failed on patch (136192, 40960): cuDNN error: CUDNN_STATUS_NOT_INITIALIZED
    WARNING: GigaTIME failed on patch (136192, 41984): cuDNN error: CUDNN_STATUS_NOT_INITIALIZED
    WARNING: GigaTIME failed on patch (136192, 43008): cuDNN error: CUDNN_STATUS_NOT_INITIALIZED
    WARNING: GigaTIME failed on patch (136192, 44032): cuDNN error: CUDNN_STATUS_NOT_INITIALIZED
    WARNING: GigaTIME failed on patch (136192, 45056): cuDNN error: CUDNN_STATUS_NOT_INITIALIZED
    WARNING: GigaTIME failed on patch (136192, 46080): cuDNN error: CUDNN_STATUS_NOT_INITIALIZED
    WARNING: GigaTIME failed on patch (136192, 47104): cuDNN error: CUDNN_STATUS_NOT_INITIALIZED
    WARNING: GigaTIME failed on patch (136192, 48128): cuDNN error: CUDNN_STATUS_NOT_INITIALIZED
    WARNING: GigaTIME failed on patch (136192, 49152): cuDNN error: CUDNN_STATUS_NOT_INITIALIZED
    WARNING: GigaTIME failed on patch (136192, 50176): cuDNN error: CUDNN_STATUS_NOT_INITIALIZED
    WARNING: GigaTIME failed on patch (136192, 51200): cuDNN error: CUDNN_STATUS_NOT_INITIALIZED
    WARNING: GigaTIME failed on patch (136192, 52224): cuDNN error: CUDNN_STATUS_NOT_INITIALIZED
    WARNING: GigaTIME failed on patch (136192, 55296): cuDNN error: CUDNN_STATUS_NOT_INITIALIZED
    WARNING: GigaTIME failed on patch (136192, 56320): cuDNN error: CUDNN_STATUS_NOT_INITIALIZED
    WARNING: GigaTIME failed on patch (136192, 58368): cuDNN error: CUDNN_STATUS_NOT_INITIALIZED
    WARNING: GigaTIME failed on patch (136192, 59392): cuDNN error: CUDNN_STATUS_NOT_INITIALIZED
    WARNING: GigaTIME failed on patch (136192, 61440): cuDNN error: CUDNN_STATUS_NOT_INITIALIZED
    WARNING: GigaTIME failed on patch (136192, 62464): cuDNN error: CUDNN_STATUS_NOT_INITIALIZED
    WARNING: GigaTIME failed on patch (136192, 63488): cuDNN error: CUDNN_STATUS_NOT_INITIALIZED
    WARNING: GigaTIME failed on patch (136192, 65536): cuDNN error: CUDNN_STATUS_NOT_INITIALIZED
    WARNING: GigaTIME failed on patch (136192, 66560): cuDNN error: CUDNN_STATUS_NOT_INITIALIZED
    WARNING: GigaTIME failed on patch (136192, 67584): cuDNN error: CUDNN_STATUS_NOT_INITIALIZED
    WARNING: GigaTIME failed on patch (136192, 68608): cuDNN error: CUDNN_STATUS_NOT_INITIALIZED
    WARNING: GigaTIME failed on patch (136192, 69632): cuDNN error: CUDNN_STATUS_NOT_INITIALIZED
    WARNING: GigaTIME failed on patch (136192, 70656): cuDNN error: CUDNN_STATUS_NOT_INITIALIZED
    WARNING: GigaTIME failed on patch (136192, 71680): cuDNN error: CUDNN_STATUS_NOT_INITIALIZED
    WARNING: GigaTIME failed on patch (136192, 72704): cuDNN error: CUDNN_STATUS_NOT_INITIALIZED
    WARNING: GigaTIME failed on patch (136192, 73728): cuDNN error: CUDNN_STATUS_NOT_INITIALIZED
    WARNING: GigaTIME failed on patch (136192, 74752): cuDNN error: CUDNN_STATUS_NOT_INITIALIZED
    WARNING: GigaTIME failed on patch (136192, 75776): cuDNN error: CUDNN_STATUS_NOT_INITIALIZED
    WARNING: GigaTIME failed on patch (136192, 76800): cuDNN error: CUDNN_STATUS_NOT_INITIALIZED
    WARNING: GigaTIME failed on patch (137216, 4096): cuDNN error: CUDNN_STATUS_NOT_INITIALIZED
    WARNING: GigaTIME failed on patch (137216, 5120): cuDNN error: CUDNN_STATUS_NOT_INITIALIZED
    WARNING: GigaTIME failed on patch (137216, 6144): cuDNN error: CUDNN_STATUS_NOT_INITIALIZED
    WARNING: GigaTIME failed on patch (137216, 7168): cuDNN error: CUDNN_STATUS_NOT_INITIALIZED
    WARNING: GigaTIME failed on patch (137216, 8192): cuDNN error: CUDNN_STATUS_NOT_INITIALIZED
    WARNING: GigaTIME failed on patch (137216, 9216): cuDNN error: CUDNN_STATUS_NOT_INITIALIZED
    WARNING: GigaTIME failed on patch (137216, 11264): cuDNN error: CUDNN_STATUS_NOT_INITIALIZED
    WARNING: GigaTIME failed on patch (137216, 12288): cuDNN error: CUDNN_STATUS_NOT_INITIALIZED
    WARNING: GigaTIME failed on patch (137216, 13312): cuDNN error: CUDNN_STATUS_NOT_INITIALIZED
    WARNING: GigaTIME failed on patch (137216, 14336): cuDNN error: CUDNN_STATUS_NOT_INITIALIZED
    WARNING: GigaTIME failed on patch (137216, 15360): cuDNN error: CUDNN_STATUS_NOT_INITIALIZED
    WARNING: GigaTIME failed on patch (137216, 16384): cuDNN error: CUDNN_STATUS_NOT_INITIALIZED
    WARNING: GigaTIME failed on patch (137216, 17408): cuDNN error: CUDNN_STATUS_NOT_INITIALIZED
    WARNING: GigaTIME failed on patch (137216, 18432): cuDNN error: CUDNN_STATUS_NOT_INITIALIZED
    WARNING: GigaTIME failed on patch (137216, 19456): cuDNN error: CUDNN_STATUS_NOT_INITIALIZED
    WARNING: GigaTIME failed on patch (137216, 20480): cuDNN error: CUDNN_STATUS_NOT_INITIALIZED
    WARNING: GigaTIME failed on patch (137216, 23552): cuDNN error: CUDNN_STATUS_NOT_INITIALIZED
    WARNING: GigaTIME failed on patch (137216, 24576): cuDNN error: CUDNN_STATUS_NOT_INITIALIZED
    WARNING: GigaTIME failed on patch (137216, 25600): cuDNN error: CUDNN_STATUS_NOT_INITIALIZED
    WARNING: GigaTIME failed on patch (137216, 26624): cuDNN error: CUDNN_STATUS_NOT_INITIALIZED
    WARNING: GigaTIME failed on patch (137216, 27648): cuDNN error: CUDNN_STATUS_NOT_INITIALIZED
    WARNING: GigaTIME failed on patch (137216, 28672): cuDNN error: CUDNN_STATUS_NOT_INITIALIZED
    WARNING: GigaTIME failed on patch (137216, 29696): cuDNN error: CUDNN_STATUS_NOT_INITIALIZED
    WARNING: GigaTIME failed on patch (137216, 30720): cuDNN error: CUDNN_STATUS_NOT_INITIALIZED
    WARNING: GigaTIME failed on patch (137216, 31744): cuDNN error: CUDNN_STATUS_NOT_INITIALIZED
    WARNING: GigaTIME failed on patch (137216, 32768): cuDNN error: CUDNN_STATUS_NOT_INITIALIZED
    WARNING: GigaTIME failed on patch (137216, 33792): cuDNN error: CUDNN_STATUS_NOT_INITIALIZED
    WARNING: GigaTIME failed on patch (137216, 34816): cuDNN error: CUDNN_STATUS_NOT_INITIALIZED
    WARNING: GigaTIME failed on patch (137216, 35840): cuDNN error: CUDNN_STATUS_NOT_INITIALIZED
    WARNING: GigaTIME failed on patch (137216, 36864): cuDNN error: CUDNN_STATUS_NOT_INITIALIZED
    WARNING: GigaTIME failed on patch (137216, 37888): cuDNN error: CUDNN_STATUS_NOT_INITIALIZED
    WARNING: GigaTIME failed on patch (137216, 38912): cuDNN error: CUDNN_STATUS_NOT_INITIALIZED
    WARNING: GigaTIME failed on patch (137216, 39936): cuDNN error: CUDNN_STATUS_NOT_INITIALIZED
    WARNING: GigaTIME failed on patch (137216, 40960): cuDNN error: CUDNN_STATUS_NOT_INITIALIZED
    WARNING: GigaTIME failed on patch (137216, 41984): cuDNN error: CUDNN_STATUS_NOT_INITIALIZED
    WARNING: GigaTIME failed on patch (137216, 43008): cuDNN error: CUDNN_STATUS_NOT_INITIALIZED
    WARNING: GigaTIME failed on patch (137216, 44032): cuDNN error: CUDNN_STATUS_NOT_INITIALIZED
    WARNING: GigaTIME failed on patch (137216, 45056): cuDNN error: CUDNN_STATUS_NOT_INITIALIZED
    WARNING: GigaTIME failed on patch (137216, 46080): cuDNN error: CUDNN_STATUS_NOT_INITIALIZED
    WARNING: GigaTIME failed on patch (137216, 47104): cuDNN error: CUDNN_STATUS_NOT_INITIALIZED
    WARNING: GigaTIME failed on patch (137216, 48128): cuDNN error: CUDNN_STATUS_NOT_INITIALIZED
    WARNING: GigaTIME failed on patch (137216, 49152): cuDNN error: CUDNN_STATUS_NOT_INITIALIZED
    WARNING: GigaTIME failed on patch (137216, 50176): cuDNN error: CUDNN_STATUS_NOT_INITIALIZED
    WARNING: GigaTIME failed on patch (137216, 51200): cuDNN error: CUDNN_STATUS_NOT_INITIALIZED
    WARNING: GigaTIME failed on patch (137216, 52224): cuDNN error: CUDNN_STATUS_NOT_INITIALIZED
    WARNING: GigaTIME failed on patch (137216, 56320): cuDNN error: CUDNN_STATUS_NOT_INITIALIZED
    WARNING: GigaTIME failed on patch (137216, 58368): cuDNN error: CUDNN_STATUS_NOT_INITIALIZED
    WARNING: GigaTIME failed on patch (137216, 59392): cuDNN error: CUDNN_STATUS_NOT_INITIALIZED
    WARNING: GigaTIME failed on patch (137216, 61440): cuDNN error: CUDNN_STATUS_NOT_INITIALIZED
    WARNING: GigaTIME failed on patch (137216, 62464): cuDNN error: CUDNN_STATUS_NOT_INITIALIZED
    WARNING: GigaTIME failed on patch (137216, 63488): cuDNN error: CUDNN_STATUS_NOT_INITIALIZED
    WARNING: GigaTIME failed on patch (137216, 65536): cuDNN error: CUDNN_STATUS_NOT_INITIALIZED
    WARNING: GigaTIME failed on patch (137216, 66560): cuDNN error: CUDNN_STATUS_NOT_INITIALIZED
    WARNING: GigaTIME failed on patch (137216, 67584): cuDNN error: CUDNN_STATUS_NOT_INITIALIZED
    WARNING: GigaTIME failed on patch (137216, 68608): cuDNN error: CUDNN_STATUS_NOT_INITIALIZED
    WARNING: GigaTIME failed on patch (137216, 69632): cuDNN error: CUDNN_STATUS_NOT_INITIALIZED
    WARNING: GigaTIME failed on patch (137216, 70656): cuDNN error: CUDNN_STATUS_NOT_INITIALIZED
    WARNING: GigaTIME failed on patch (137216, 71680): cuDNN error: CUDNN_STATUS_NOT_INITIALIZED
    WARNING: GigaTIME failed on patch (137216, 72704): cuDNN error: CUDNN_STATUS_NOT_INITIALIZED
    WARNING: GigaTIME failed on patch (137216, 73728): cuDNN error: CUDNN_STATUS_NOT_INITIALIZED
    WARNING: GigaTIME failed on patch (137216, 74752): cuDNN error: CUDNN_STATUS_NOT_INITIALIZED
    WARNING: GigaTIME failed on patch (137216, 75776): cuDNN error: CUDNN_STATUS_NOT_INITIALIZED
    WARNING: GigaTIME failed on patch (137216, 76800): cuDNN error: CUDNN_STATUS_NOT_INITIALIZED
    WARNING: GigaTIME failed on patch (138240, 5120): cuDNN error: CUDNN_STATUS_NOT_INITIALIZED
    WARNING: GigaTIME failed on patch (138240, 6144): cuDNN error: CUDNN_STATUS_NOT_INITIALIZED
    WARNING: GigaTIME failed on patch (138240, 7168): cuDNN error: CUDNN_STATUS_NOT_INITIALIZED
    WARNING: GigaTIME failed on patch (138240, 8192): cuDNN error: CUDNN_STATUS_NOT_INITIALIZED
    WARNING: GigaTIME failed on patch (138240, 9216): cuDNN error: CUDNN_STATUS_NOT_INITIALIZED
    WARNING: GigaTIME failed on patch (138240, 11264): cuDNN error: CUDNN_STATUS_NOT_INITIALIZED
    WARNING: GigaTIME failed on patch (138240, 12288): cuDNN error: CUDNN_STATUS_NOT_INITIALIZED
    WARNING: GigaTIME failed on patch (138240, 13312): cuDNN error: CUDNN_STATUS_NOT_INITIALIZED
    WARNING: GigaTIME failed on patch (138240, 14336): cuDNN error: CUDNN_STATUS_NOT_INITIALIZED
    WARNING: GigaTIME failed on patch (138240, 15360): cuDNN error: CUDNN_STATUS_NOT_INITIALIZED
    WARNING: GigaTIME failed on patch (138240, 16384): cuDNN error: CUDNN_STATUS_NOT_INITIALIZED
    WARNING: GigaTIME failed on patch (138240, 17408): cuDNN error: CUDNN_STATUS_NOT_INITIALIZED
    WARNING: GigaTIME failed on patch (138240, 18432): cuDNN error: CUDNN_STATUS_NOT_INITIALIZED
    WARNING: GigaTIME failed on patch (138240, 19456): cuDNN error: CUDNN_STATUS_NOT_INITIALIZED
    WARNING: GigaTIME failed on patch (138240, 20480): cuDNN error: CUDNN_STATUS_NOT_INITIALIZED
    WARNING: GigaTIME failed on patch (138240, 25600): cuDNN error: CUDNN_STATUS_NOT_INITIALIZED
    WARNING: GigaTIME failed on patch (138240, 26624): cuDNN error: CUDNN_STATUS_NOT_INITIALIZED
    WARNING: GigaTIME failed on patch (138240, 27648): cuDNN error: CUDNN_STATUS_NOT_INITIALIZED
    WARNING: GigaTIME failed on patch (138240, 28672): cuDNN error: CUDNN_STATUS_NOT_INITIALIZED
    WARNING: GigaTIME failed on patch (138240, 29696): cuDNN error: CUDNN_STATUS_NOT_INITIALIZED
    WARNING: GigaTIME failed on patch (138240, 30720): cuDNN error: CUDNN_STATUS_NOT_INITIALIZED
    WARNING: GigaTIME failed on patch (138240, 31744): cuDNN error: CUDNN_STATUS_NOT_INITIALIZED
    WARNING: GigaTIME failed on patch (138240, 32768): cuDNN error: CUDNN_STATUS_NOT_INITIALIZED
    WARNING: GigaTIME failed on patch (138240, 33792): cuDNN error: CUDNN_STATUS_NOT_INITIALIZED
    WARNING: GigaTIME failed on patch (138240, 34816): cuDNN error: CUDNN_STATUS_NOT_INITIALIZED
    WARNING: GigaTIME failed on patch (138240, 35840): cuDNN error: CUDNN_STATUS_NOT_INITIALIZED
    WARNING: GigaTIME failed on patch (138240, 36864): cuDNN error: CUDNN_STATUS_NOT_INITIALIZED
    WARNING: GigaTIME failed on patch (138240, 37888): cuDNN error: CUDNN_STATUS_NOT_INITIALIZED
    WARNING: GigaTIME failed on patch (138240, 38912): cuDNN error: CUDNN_STATUS_NOT_INITIALIZED
    WARNING: GigaTIME failed on patch (138240, 39936): cuDNN error: CUDNN_STATUS_NOT_INITIALIZED
    WARNING: GigaTIME failed on patch (138240, 40960): cuDNN error: CUDNN_STATUS_NOT_INITIALIZED
    WARNING: GigaTIME failed on patch (138240, 41984): cuDNN error: CUDNN_STATUS_NOT_INITIALIZED
    WARNING: GigaTIME failed on patch (138240, 43008): cuDNN error: CUDNN_STATUS_NOT_INITIALIZED
    WARNING: GigaTIME failed on patch (138240, 44032): cuDNN error: CUDNN_STATUS_NOT_INITIALIZED
    WARNING: GigaTIME failed on patch (138240, 45056): cuDNN error: CUDNN_STATUS_NOT_INITIALIZED
    WARNING: GigaTIME failed on patch (138240, 46080): cuDNN error: CUDNN_STATUS_NOT_INITIALIZED
    WARNING: GigaTIME failed on patch (138240, 47104): cuDNN error: CUDNN_STATUS_NOT_INITIALIZED
    WARNING: GigaTIME failed on patch (138240, 48128): cuDNN error: CUDNN_STATUS_NOT_INITIALIZED
    WARNING: GigaTIME failed on patch (138240, 49152): cuDNN error: CUDNN_STATUS_NOT_INITIALIZED
    WARNING: GigaTIME failed on patch (138240, 50176): cuDNN error: CUDNN_STATUS_NOT_INITIALIZED
    WARNING: GigaTIME failed on patch (138240, 51200): cuDNN error: CUDNN_STATUS_NOT_INITIALIZED
    WARNING: GigaTIME failed on patch (138240, 52224): cuDNN error: CUDNN_STATUS_NOT_INITIALIZED
    WARNING: GigaTIME failed on patch (138240, 56320): cuDNN error: CUDNN_STATUS_NOT_INITIALIZED
    WARNING: GigaTIME failed on patch (138240, 58368): cuDNN error: CUDNN_STATUS_NOT_INITIALIZED
    WARNING: GigaTIME failed on patch (138240, 60416): cuDNN error: CUDNN_STATUS_NOT_INITIALIZED
    WARNING: GigaTIME failed on patch (138240, 61440): cuDNN error: CUDNN_STATUS_NOT_INITIALIZED
    WARNING: GigaTIME failed on patch (138240, 62464): cuDNN error: CUDNN_STATUS_NOT_INITIALIZED
    WARNING: GigaTIME failed on patch (138240, 63488): cuDNN error: CUDNN_STATUS_NOT_INITIALIZED
    WARNING: GigaTIME failed on patch (138240, 65536): cuDNN error: CUDNN_STATUS_NOT_INITIALIZED
    WARNING: GigaTIME failed on patch (138240, 66560): cuDNN error: CUDNN_STATUS_NOT_INITIALIZED
    WARNING: GigaTIME failed on patch (138240, 67584): cuDNN error: CUDNN_STATUS_NOT_INITIALIZED
    WARNING: GigaTIME failed on patch (138240, 68608): cuDNN error: CUDNN_STATUS_NOT_INITIALIZED
    WARNING: GigaTIME failed on patch (138240, 69632): cuDNN error: CUDNN_STATUS_NOT_INITIALIZED
    WARNING: GigaTIME failed on patch (138240, 70656): cuDNN error: CUDNN_STATUS_NOT_INITIALIZED
    WARNING: GigaTIME failed on patch (138240, 71680): cuDNN error: CUDNN_STATUS_NOT_INITIALIZED
    WARNING: GigaTIME failed on patch (138240, 72704): cuDNN error: CUDNN_STATUS_NOT_INITIALIZED
    WARNING: GigaTIME failed on patch (138240, 73728): cuDNN error: CUDNN_STATUS_NOT_INITIALIZED
    WARNING: GigaTIME failed on patch (138240, 74752): cuDNN error: CUDNN_STATUS_NOT_INITIALIZED
    WARNING: GigaTIME failed on patch (138240, 75776): cuDNN error: CUDNN_STATUS_NOT_INITIALIZED
    WARNING: GigaTIME failed on patch (138240, 76800): cuDNN error: CUDNN_STATUS_NOT_INITIALIZED
    WARNING: GigaTIME failed on patch (139264, 5120): cuDNN error: CUDNN_STATUS_NOT_INITIALIZED
    WARNING: GigaTIME failed on patch (139264, 6144): cuDNN error: CUDNN_STATUS_NOT_INITIALIZED
    WARNING: GigaTIME failed on patch (139264, 7168): cuDNN error: CUDNN_STATUS_NOT_INITIALIZED
    WARNING: GigaTIME failed on patch (139264, 8192): cuDNN error: CUDNN_STATUS_NOT_INITIALIZED
    WARNING: GigaTIME failed on patch (139264, 9216): cuDNN error: CUDNN_STATUS_NOT_INITIALIZED
    WARNING: GigaTIME failed on patch (139264, 10240): cuDNN error: CUDNN_STATUS_NOT_INITIALIZED
    WARNING: GigaTIME failed on patch (139264, 11264): cuDNN error: CUDNN_STATUS_NOT_INITIALIZED
    WARNING: GigaTIME failed on patch (139264, 12288): cuDNN error: CUDNN_STATUS_NOT_INITIALIZED
    WARNING: GigaTIME failed on patch (139264, 13312): cuDNN error: CUDNN_STATUS_NOT_INITIALIZED
    WARNING: GigaTIME failed on patch (139264, 14336): cuDNN error: CUDNN_STATUS_NOT_INITIALIZED
    WARNING: GigaTIME failed on patch (139264, 15360): cuDNN error: CUDNN_STATUS_NOT_INITIALIZED
    WARNING: GigaTIME failed on patch (139264, 16384): cuDNN error: CUDNN_STATUS_NOT_INITIALIZED
    WARNING: GigaTIME failed on patch (139264, 17408): cuDNN error: CUDNN_STATUS_NOT_INITIALIZED
    WARNING: GigaTIME failed on patch (139264, 18432): cuDNN error: CUDNN_STATUS_NOT_INITIALIZED
    WARNING: GigaTIME failed on patch (139264, 19456): cuDNN error: CUDNN_STATUS_NOT_INITIALIZED
    WARNING: GigaTIME failed on patch (139264, 20480): cuDNN error: CUDNN_STATUS_NOT_INITIALIZED
    WARNING: GigaTIME failed on patch (139264, 21504): cuDNN error: CUDNN_STATUS_NOT_INITIALIZED
    WARNING: GigaTIME failed on patch (139264, 26624): cuDNN error: CUDNN_STATUS_NOT_INITIALIZED
    WARNING: GigaTIME failed on patch (139264, 27648): cuDNN error: CUDNN_STATUS_NOT_INITIALIZED
    WARNING: GigaTIME failed on patch (139264, 28672): cuDNN error: CUDNN_STATUS_NOT_INITIALIZED
    WARNING: GigaTIME failed on patch (139264, 29696): cuDNN error: CUDNN_STATUS_NOT_INITIALIZED
    WARNING: GigaTIME failed on patch (139264, 30720): cuDNN error: CUDNN_STATUS_NOT_INITIALIZED
    WARNING: GigaTIME failed on patch (139264, 31744): cuDNN error: CUDNN_STATUS_NOT_INITIALIZED
    WARNING: GigaTIME failed on patch (139264, 32768): cuDNN error: CUDNN_STATUS_NOT_INITIALIZED
    WARNING: GigaTIME failed on patch (139264, 33792): cuDNN error: CUDNN_STATUS_NOT_INITIALIZED
    WARNING: GigaTIME failed on patch (139264, 34816): cuDNN error: CUDNN_STATUS_NOT_INITIALIZED
    WARNING: GigaTIME failed on patch (139264, 35840): cuDNN error: CUDNN_STATUS_NOT_INITIALIZED
    WARNING: GigaTIME failed on patch (139264, 36864): cuDNN error: CUDNN_STATUS_NOT_INITIALIZED
    WARNING: GigaTIME failed on patch (139264, 37888): cuDNN error: CUDNN_STATUS_NOT_INITIALIZED
    WARNING: GigaTIME failed on patch (139264, 38912): cuDNN error: CUDNN_STATUS_NOT_INITIALIZED
    WARNING: GigaTIME failed on patch (139264, 39936): cuDNN error: CUDNN_STATUS_NOT_INITIALIZED
    WARNING: GigaTIME failed on patch (139264, 40960): cuDNN error: CUDNN_STATUS_NOT_INITIALIZED
    WARNING: GigaTIME failed on patch (139264, 41984): cuDNN error: CUDNN_STATUS_NOT_INITIALIZED
    WARNING: GigaTIME failed on patch (139264, 43008): cuDNN error: CUDNN_STATUS_NOT_INITIALIZED
    WARNING: GigaTIME failed on patch (139264, 44032): cuDNN error: CUDNN_STATUS_NOT_INITIALIZED
    WARNING: GigaTIME failed on patch (139264, 45056): cuDNN error: CUDNN_STATUS_NOT_INITIALIZED
    WARNING: GigaTIME failed on patch (139264, 46080): cuDNN error: CUDNN_STATUS_NOT_INITIALIZED
    WARNING: GigaTIME failed on patch (139264, 47104): cuDNN error: CUDNN_STATUS_NOT_INITIALIZED
    WARNING: GigaTIME failed on patch (139264, 48128): cuDNN error: CUDNN_STATUS_NOT_INITIALIZED
    WARNING: GigaTIME failed on patch (139264, 49152): cuDNN error: CUDNN_STATUS_NOT_INITIALIZED
    WARNING: GigaTIME failed on patch (139264, 50176): cuDNN error: CUDNN_STATUS_NOT_INITIALIZED
    WARNING: GigaTIME failed on patch (139264, 51200): cuDNN error: CUDNN_STATUS_NOT_INITIALIZED
    WARNING: GigaTIME failed on patch (139264, 52224): cuDNN error: CUDNN_STATUS_NOT_INITIALIZED
    WARNING: GigaTIME failed on patch (139264, 53248): cuDNN error: CUDNN_STATUS_NOT_INITIALIZED
    WARNING: GigaTIME failed on patch (139264, 57344): cuDNN error: CUDNN_STATUS_NOT_INITIALIZED
    WARNING: GigaTIME failed on patch (139264, 60416): cuDNN error: CUDNN_STATUS_NOT_INITIALIZED
    WARNING: GigaTIME failed on patch (139264, 61440): cuDNN error: CUDNN_STATUS_NOT_INITIALIZED
    WARNING: GigaTIME failed on patch (139264, 62464): cuDNN error: CUDNN_STATUS_NOT_INITIALIZED
    WARNING: GigaTIME failed on patch (139264, 63488): cuDNN error: CUDNN_STATUS_NOT_INITIALIZED
    WARNING: GigaTIME failed on patch (139264, 65536): cuDNN error: CUDNN_STATUS_NOT_INITIALIZED
    WARNING: GigaTIME failed on patch (139264, 66560): cuDNN error: CUDNN_STATUS_NOT_INITIALIZED
    WARNING: GigaTIME failed on patch (139264, 67584): cuDNN error: CUDNN_STATUS_NOT_INITIALIZED
    WARNING: GigaTIME failed on patch (139264, 68608): cuDNN error: CUDNN_STATUS_NOT_INITIALIZED
    WARNING: GigaTIME failed on patch (139264, 69632): cuDNN error: CUDNN_STATUS_NOT_INITIALIZED
    WARNING: GigaTIME failed on patch (139264, 70656): cuDNN error: CUDNN_STATUS_NOT_INITIALIZED
    WARNING: GigaTIME failed on patch (139264, 71680): cuDNN error: CUDNN_STATUS_NOT_INITIALIZED
    WARNING: GigaTIME failed on patch (139264, 72704): cuDNN error: CUDNN_STATUS_NOT_INITIALIZED
    WARNING: GigaTIME failed on patch (139264, 73728): cuDNN error: CUDNN_STATUS_NOT_INITIALIZED
    WARNING: GigaTIME failed on patch (139264, 74752): cuDNN error: CUDNN_STATUS_NOT_INITIALIZED
    WARNING: GigaTIME failed on patch (139264, 75776): cuDNN error: CUDNN_STATUS_NOT_INITIALIZED
    WARNING: GigaTIME failed on patch (140288, 4096): cuDNN error: CUDNN_STATUS_NOT_INITIALIZED
    WARNING: GigaTIME failed on patch (140288, 5120): cuDNN error: CUDNN_STATUS_NOT_INITIALIZED
    WARNING: GigaTIME failed on patch (140288, 6144): cuDNN error: CUDNN_STATUS_NOT_INITIALIZED
    WARNING: GigaTIME failed on patch (140288, 7168): cuDNN error: CUDNN_STATUS_NOT_INITIALIZED
    WARNING: GigaTIME failed on patch (140288, 8192): cuDNN error: CUDNN_STATUS_NOT_INITIALIZED
    WARNING: GigaTIME failed on patch (140288, 9216): cuDNN error: CUDNN_STATUS_NOT_INITIALIZED
    WARNING: GigaTIME failed on patch (140288, 10240): cuDNN error: CUDNN_STATUS_NOT_INITIALIZED
    WARNING: GigaTIME failed on patch (140288, 11264): cuDNN error: CUDNN_STATUS_NOT_INITIALIZED
    WARNING: GigaTIME failed on patch (140288, 12288): cuDNN error: CUDNN_STATUS_NOT_INITIALIZED
    WARNING: GigaTIME failed on patch (140288, 13312): cuDNN error: CUDNN_STATUS_NOT_INITIALIZED
    WARNING: GigaTIME failed on patch (140288, 14336): cuDNN error: CUDNN_STATUS_NOT_INITIALIZED
    WARNING: GigaTIME failed on patch (140288, 15360): cuDNN error: CUDNN_STATUS_NOT_INITIALIZED
    WARNING: GigaTIME failed on patch (140288, 16384): cuDNN error: CUDNN_STATUS_NOT_INITIALIZED
    WARNING: GigaTIME failed on patch (140288, 17408): cuDNN error: CUDNN_STATUS_NOT_INITIALIZED
    WARNING: GigaTIME failed on patch (140288, 18432): cuDNN error: CUDNN_STATUS_NOT_INITIALIZED
    WARNING: GigaTIME failed on patch (140288, 19456): cuDNN error: CUDNN_STATUS_NOT_INITIALIZED
    WARNING: GigaTIME failed on patch (140288, 20480): cuDNN error: CUDNN_STATUS_NOT_INITIALIZED
    WARNING: GigaTIME failed on patch (140288, 21504): cuDNN error: CUDNN_STATUS_NOT_INITIALIZED
    WARNING: GigaTIME failed on patch (140288, 23552): cuDNN error: CUDNN_STATUS_NOT_INITIALIZED
    WARNING: GigaTIME failed on patch (140288, 24576): cuDNN error: CUDNN_STATUS_NOT_INITIALIZED
    WARNING: GigaTIME failed on patch (140288, 25600): cuDNN error: CUDNN_STATUS_NOT_INITIALIZED
    WARNING: GigaTIME failed on patch (140288, 26624): cuDNN error: CUDNN_STATUS_NOT_INITIALIZED
    WARNING: GigaTIME failed on patch (140288, 27648): cuDNN error: CUDNN_STATUS_NOT_INITIALIZED
    WARNING: GigaTIME failed on patch (140288, 28672): cuDNN error: CUDNN_STATUS_NOT_INITIALIZED
    WARNING: GigaTIME failed on patch (140288, 29696): cuDNN error: CUDNN_STATUS_NOT_INITIALIZED
    WARNING: GigaTIME failed on patch (140288, 30720): cuDNN error: CUDNN_STATUS_NOT_INITIALIZED
    WARNING: GigaTIME failed on patch (140288, 31744): cuDNN error: CUDNN_STATUS_NOT_INITIALIZED
    WARNING: GigaTIME failed on patch (140288, 32768): cuDNN error: CUDNN_STATUS_NOT_INITIALIZED
    WARNING: GigaTIME failed on patch (140288, 33792): cuDNN error: CUDNN_STATUS_NOT_INITIALIZED
    WARNING: GigaTIME failed on patch (140288, 34816): cuDNN error: CUDNN_STATUS_NOT_INITIALIZED
    WARNING: GigaTIME failed on patch (140288, 35840): cuDNN error: CUDNN_STATUS_NOT_INITIALIZED
    WARNING: GigaTIME failed on patch (140288, 36864): cuDNN error: CUDNN_STATUS_NOT_INITIALIZED
    WARNING: GigaTIME failed on patch (140288, 37888): cuDNN error: CUDNN_STATUS_NOT_INITIALIZED
    WARNING: GigaTIME failed on patch (140288, 38912): cuDNN error: CUDNN_STATUS_NOT_INITIALIZED
    WARNING: GigaTIME failed on patch (140288, 39936): cuDNN error: CUDNN_STATUS_NOT_INITIALIZED
    WARNING: GigaTIME failed on patch (140288, 40960): cuDNN error: CUDNN_STATUS_NOT_INITIALIZED
    WARNING: GigaTIME failed on patch (140288, 41984): cuDNN error: CUDNN_STATUS_NOT_INITIALIZED
    WARNING: GigaTIME failed on patch (140288, 43008): cuDNN error: CUDNN_STATUS_NOT_INITIALIZED
    WARNING: GigaTIME failed on patch (140288, 44032): cuDNN error: CUDNN_STATUS_NOT_INITIALIZED
    WARNING: GigaTIME failed on patch (140288, 45056): cuDNN error: CUDNN_STATUS_NOT_INITIALIZED
    WARNING: GigaTIME failed on patch (140288, 46080): cuDNN error: CUDNN_STATUS_NOT_INITIALIZED
    WARNING: GigaTIME failed on patch (140288, 47104): cuDNN error: CUDNN_STATUS_NOT_INITIALIZED
    WARNING: GigaTIME failed on patch (140288, 48128): cuDNN error: CUDNN_STATUS_NOT_INITIALIZED
    WARNING: GigaTIME failed on patch (140288, 49152): cuDNN error: CUDNN_STATUS_NOT_INITIALIZED
    WARNING: GigaTIME failed on patch (140288, 50176): cuDNN error: CUDNN_STATUS_NOT_INITIALIZED
    WARNING: GigaTIME failed on patch (140288, 51200): cuDNN error: CUDNN_STATUS_NOT_INITIALIZED
    WARNING: GigaTIME failed on patch (140288, 52224): cuDNN error: CUDNN_STATUS_NOT_INITIALIZED
    WARNING: GigaTIME failed on patch (140288, 53248): cuDNN error: CUDNN_STATUS_NOT_INITIALIZED
    WARNING: GigaTIME failed on patch (140288, 60416): cuDNN error: CUDNN_STATUS_NOT_INITIALIZED
    WARNING: GigaTIME failed on patch (140288, 61440): cuDNN error: CUDNN_STATUS_NOT_INITIALIZED
    WARNING: GigaTIME failed on patch (140288, 62464): cuDNN error: CUDNN_STATUS_NOT_INITIALIZED
    WARNING: GigaTIME failed on patch (140288, 63488): cuDNN error: CUDNN_STATUS_NOT_INITIALIZED
    WARNING: GigaTIME failed on patch (140288, 64512): cuDNN error: CUDNN_STATUS_NOT_INITIALIZED
    WARNING: GigaTIME failed on patch (140288, 65536): cuDNN error: CUDNN_STATUS_NOT_INITIALIZED
    WARNING: GigaTIME failed on patch (140288, 66560): cuDNN error: CUDNN_STATUS_NOT_INITIALIZED
    WARNING: GigaTIME failed on patch (140288, 67584): cuDNN error: CUDNN_STATUS_NOT_INITIALIZED
    WARNING: GigaTIME failed on patch (140288, 68608): cuDNN error: CUDNN_STATUS_NOT_INITIALIZED
    WARNING: GigaTIME failed on patch (140288, 69632): cuDNN error: CUDNN_STATUS_NOT_INITIALIZED
    WARNING: GigaTIME failed on patch (140288, 70656): cuDNN error: CUDNN_STATUS_NOT_INITIALIZED
    WARNING: GigaTIME failed on patch (140288, 71680): cuDNN error: CUDNN_STATUS_NOT_INITIALIZED
    WARNING: GigaTIME failed on patch (140288, 72704): cuDNN error: CUDNN_STATUS_NOT_INITIALIZED
    WARNING: GigaTIME failed on patch (140288, 75776): cuDNN error: CUDNN_STATUS_NOT_INITIALIZED
    WARNING: GigaTIME failed on patch (141312, 5120): cuDNN error: CUDNN_STATUS_NOT_INITIALIZED
    WARNING: GigaTIME failed on patch (141312, 6144): cuDNN error: CUDNN_STATUS_NOT_INITIALIZED
    WARNING: GigaTIME failed on patch (141312, 7168): cuDNN error: CUDNN_STATUS_NOT_INITIALIZED
    WARNING: GigaTIME failed on patch (141312, 8192): cuDNN error: CUDNN_STATUS_NOT_INITIALIZED
    WARNING: GigaTIME failed on patch (141312, 9216): cuDNN error: CUDNN_STATUS_NOT_INITIALIZED
    WARNING: GigaTIME failed on patch (141312, 10240): cuDNN error: CUDNN_STATUS_NOT_INITIALIZED
    WARNING: GigaTIME failed on patch (141312, 11264): cuDNN error: CUDNN_STATUS_NOT_INITIALIZED
    WARNING: GigaTIME failed on patch (141312, 12288): cuDNN error: CUDNN_STATUS_NOT_INITIALIZED
    WARNING: GigaTIME failed on patch (141312, 13312): cuDNN error: CUDNN_STATUS_NOT_INITIALIZED
    WARNING: GigaTIME failed on patch (141312, 14336): cuDNN error: CUDNN_STATUS_NOT_INITIALIZED
    WARNING: GigaTIME failed on patch (141312, 15360): cuDNN error: CUDNN_STATUS_NOT_INITIALIZED
    WARNING: GigaTIME failed on patch (141312, 16384): cuDNN error: CUDNN_STATUS_NOT_INITIALIZED
    WARNING: GigaTIME failed on patch (141312, 17408): cuDNN error: CUDNN_STATUS_NOT_INITIALIZED
    WARNING: GigaTIME failed on patch (141312, 18432): cuDNN error: CUDNN_STATUS_NOT_INITIALIZED
    WARNING: GigaTIME failed on patch (141312, 19456): cuDNN error: CUDNN_STATUS_NOT_INITIALIZED
    WARNING: GigaTIME failed on patch (141312, 20480): cuDNN error: CUDNN_STATUS_NOT_INITIALIZED
    WARNING: GigaTIME failed on patch (141312, 21504): cuDNN error: CUDNN_STATUS_NOT_INITIALIZED
    WARNING: GigaTIME failed on patch (141312, 22528): cuDNN error: CUDNN_STATUS_NOT_INITIALIZED
    WARNING: GigaTIME failed on patch (141312, 23552): cuDNN error: CUDNN_STATUS_NOT_INITIALIZED
    WARNING: GigaTIME failed on patch (141312, 24576): cuDNN error: CUDNN_STATUS_NOT_INITIALIZED
    WARNING: GigaTIME failed on patch (141312, 25600): cuDNN error: CUDNN_STATUS_NOT_INITIALIZED
    WARNING: GigaTIME failed on patch (141312, 26624): cuDNN error: CUDNN_STATUS_NOT_INITIALIZED
    WARNING: GigaTIME failed on patch (141312, 27648): cuDNN error: CUDNN_STATUS_NOT_INITIALIZED
    WARNING: GigaTIME failed on patch (141312, 28672): cuDNN error: CUDNN_STATUS_NOT_INITIALIZED
    WARNING: GigaTIME failed on patch (141312, 29696): cuDNN error: CUDNN_STATUS_NOT_INITIALIZED
    WARNING: GigaTIME failed on patch (141312, 30720): cuDNN error: CUDNN_STATUS_NOT_INITIALIZED
    WARNING: GigaTIME failed on patch (141312, 31744): cuDNN error: CUDNN_STATUS_NOT_INITIALIZED
    WARNING: GigaTIME failed on patch (141312, 32768): cuDNN error: CUDNN_STATUS_NOT_INITIALIZED
    WARNING: GigaTIME failed on patch (141312, 33792): cuDNN error: CUDNN_STATUS_NOT_INITIALIZED
    WARNING: GigaTIME failed on patch (141312, 34816): cuDNN error: CUDNN_STATUS_NOT_INITIALIZED
    WARNING: GigaTIME failed on patch (141312, 35840): cuDNN error: CUDNN_STATUS_NOT_INITIALIZED
    WARNING: GigaTIME failed on patch (141312, 36864): cuDNN error: CUDNN_STATUS_NOT_INITIALIZED
    WARNING: GigaTIME failed on patch (141312, 37888): cuDNN error: CUDNN_STATUS_NOT_INITIALIZED
    WARNING: GigaTIME failed on patch (141312, 38912): cuDNN error: CUDNN_STATUS_NOT_INITIALIZED
    WARNING: GigaTIME failed on patch (141312, 39936): cuDNN error: CUDNN_STATUS_NOT_INITIALIZED
    WARNING: GigaTIME failed on patch (141312, 40960): cuDNN error: CUDNN_STATUS_NOT_INITIALIZED
    WARNING: GigaTIME failed on patch (141312, 41984): cuDNN error: CUDNN_STATUS_NOT_INITIALIZED
    WARNING: GigaTIME failed on patch (141312, 43008): cuDNN error: CUDNN_STATUS_NOT_INITIALIZED
    WARNING: GigaTIME failed on patch (141312, 44032): cuDNN error: CUDNN_STATUS_NOT_INITIALIZED
    WARNING: GigaTIME failed on patch (141312, 45056): cuDNN error: CUDNN_STATUS_NOT_INITIALIZED
    WARNING: GigaTIME failed on patch (141312, 46080): cuDNN error: CUDNN_STATUS_NOT_INITIALIZED
    WARNING: GigaTIME failed on patch (141312, 47104): cuDNN error: CUDNN_STATUS_NOT_INITIALIZED
    WARNING: GigaTIME failed on patch (141312, 48128): cuDNN error: CUDNN_STATUS_NOT_INITIALIZED
    WARNING: GigaTIME failed on patch (141312, 49152): cuDNN error: CUDNN_STATUS_NOT_INITIALIZED
    WARNING: GigaTIME failed on patch (141312, 50176): cuDNN error: CUDNN_STATUS_NOT_INITIALIZED
    WARNING: GigaTIME failed on patch (141312, 51200): cuDNN error: CUDNN_STATUS_NOT_INITIALIZED
    WARNING: GigaTIME failed on patch (141312, 52224): cuDNN error: CUDNN_STATUS_NOT_INITIALIZED
    WARNING: GigaTIME failed on patch (141312, 57344): cuDNN error: CUDNN_STATUS_NOT_INITIALIZED
    WARNING: GigaTIME failed on patch (141312, 60416): cuDNN error: CUDNN_STATUS_NOT_INITIALIZED
    WARNING: GigaTIME failed on patch (141312, 61440): cuDNN error: CUDNN_STATUS_NOT_INITIALIZED
    WARNING: GigaTIME failed on patch (141312, 62464): cuDNN error: CUDNN_STATUS_NOT_INITIALIZED
    WARNING: GigaTIME failed on patch (141312, 63488): cuDNN error: CUDNN_STATUS_NOT_INITIALIZED
    WARNING: GigaTIME failed on patch (141312, 65536): cuDNN error: CUDNN_STATUS_NOT_INITIALIZED
    WARNING: GigaTIME failed on patch (141312, 66560): cuDNN error: CUDNN_STATUS_NOT_INITIALIZED
    WARNING: GigaTIME failed on patch (141312, 67584): cuDNN error: CUDNN_STATUS_NOT_INITIALIZED
    WARNING: GigaTIME failed on patch (141312, 68608): cuDNN error: CUDNN_STATUS_NOT_INITIALIZED
    WARNING: GigaTIME failed on patch (141312, 69632): cuDNN error: CUDNN_STATUS_NOT_INITIALIZED
    WARNING: GigaTIME failed on patch (141312, 70656): cuDNN error: CUDNN_STATUS_NOT_INITIALIZED
    WARNING: GigaTIME failed on patch (141312, 71680): cuDNN error: CUDNN_STATUS_NOT_INITIALIZED
    WARNING: GigaTIME failed on patch (141312, 72704): cuDNN error: CUDNN_STATUS_NOT_INITIALIZED
    WARNING: GigaTIME failed on patch (141312, 73728): cuDNN error: CUDNN_STATUS_NOT_INITIALIZED
    WARNING: GigaTIME failed on patch (142336, 5120): cuDNN error: CUDNN_STATUS_NOT_INITIALIZED
    WARNING: GigaTIME failed on patch (142336, 6144): cuDNN error: CUDNN_STATUS_NOT_INITIALIZED
    WARNING: GigaTIME failed on patch (142336, 7168): cuDNN error: CUDNN_STATUS_NOT_INITIALIZED
    WARNING: GigaTIME failed on patch (142336, 8192): cuDNN error: CUDNN_STATUS_NOT_INITIALIZED
    WARNING: GigaTIME failed on patch (142336, 9216): cuDNN error: CUDNN_STATUS_NOT_INITIALIZED
    WARNING: GigaTIME failed on patch (142336, 10240): cuDNN error: CUDNN_STATUS_NOT_INITIALIZED
    WARNING: GigaTIME failed on patch (142336, 11264): cuDNN error: CUDNN_STATUS_NOT_INITIALIZED
    WARNING: GigaTIME failed on patch (142336, 12288): cuDNN error: CUDNN_STATUS_NOT_INITIALIZED
    WARNING: GigaTIME failed on patch (142336, 13312): cuDNN error: CUDNN_STATUS_NOT_INITIALIZED
    WARNING: GigaTIME failed on patch (142336, 14336): cuDNN error: CUDNN_STATUS_NOT_INITIALIZED
    WARNING: GigaTIME failed on patch (142336, 15360): cuDNN error: CUDNN_STATUS_NOT_INITIALIZED
    WARNING: GigaTIME failed on patch (142336, 16384): cuDNN error: CUDNN_STATUS_NOT_INITIALIZED
    WARNING: GigaTIME failed on patch (142336, 17408): cuDNN error: CUDNN_STATUS_NOT_INITIALIZED
    WARNING: GigaTIME failed on patch (142336, 18432): cuDNN error: CUDNN_STATUS_NOT_INITIALIZED
    WARNING: GigaTIME failed on patch (142336, 19456): cuDNN error: CUDNN_STATUS_NOT_INITIALIZED
    WARNING: GigaTIME failed on patch (142336, 20480): cuDNN error: CUDNN_STATUS_NOT_INITIALIZED
    WARNING: GigaTIME failed on patch (142336, 21504): cuDNN error: CUDNN_STATUS_NOT_INITIALIZED
    WARNING: GigaTIME failed on patch (142336, 22528): cuDNN error: CUDNN_STATUS_NOT_INITIALIZED
    WARNING: GigaTIME failed on patch (142336, 23552): cuDNN error: CUDNN_STATUS_NOT_INITIALIZED
    WARNING: GigaTIME failed on patch (142336, 24576): cuDNN error: CUDNN_STATUS_NOT_INITIALIZED
    WARNING: GigaTIME failed on patch (142336, 25600): cuDNN error: CUDNN_STATUS_NOT_INITIALIZED
    WARNING: GigaTIME failed on patch (142336, 26624): cuDNN error: CUDNN_STATUS_NOT_INITIALIZED
    WARNING: GigaTIME failed on patch (142336, 27648): cuDNN error: CUDNN_STATUS_NOT_INITIALIZED
    WARNING: GigaTIME failed on patch (142336, 28672): cuDNN error: CUDNN_STATUS_NOT_INITIALIZED
    WARNING: GigaTIME failed on patch (142336, 29696): cuDNN error: CUDNN_STATUS_NOT_INITIALIZED
    WARNING: GigaTIME failed on patch (142336, 30720): cuDNN error: CUDNN_STATUS_NOT_INITIALIZED
    WARNING: GigaTIME failed on patch (142336, 31744): cuDNN error: CUDNN_STATUS_NOT_INITIALIZED
    WARNING: GigaTIME failed on patch (142336, 32768): cuDNN error: CUDNN_STATUS_NOT_INITIALIZED
    WARNING: GigaTIME failed on patch (142336, 33792): cuDNN error: CUDNN_STATUS_NOT_INITIALIZED
    WARNING: GigaTIME failed on patch (142336, 34816): cuDNN error: CUDNN_STATUS_NOT_INITIALIZED
    WARNING: GigaTIME failed on patch (142336, 35840): cuDNN error: CUDNN_STATUS_NOT_INITIALIZED
    WARNING: GigaTIME failed on patch (142336, 36864): cuDNN error: CUDNN_STATUS_NOT_INITIALIZED
    WARNING: GigaTIME failed on patch (142336, 37888): cuDNN error: CUDNN_STATUS_NOT_INITIALIZED
    WARNING: GigaTIME failed on patch (142336, 38912): cuDNN error: CUDNN_STATUS_NOT_INITIALIZED
    WARNING: GigaTIME failed on patch (142336, 39936): cuDNN error: CUDNN_STATUS_NOT_INITIALIZED
    WARNING: GigaTIME failed on patch (142336, 40960): cuDNN error: CUDNN_STATUS_NOT_INITIALIZED
    WARNING: GigaTIME failed on patch (142336, 41984): cuDNN error: CUDNN_STATUS_NOT_INITIALIZED
    WARNING: GigaTIME failed on patch (142336, 43008): cuDNN error: CUDNN_STATUS_NOT_INITIALIZED
    WARNING: GigaTIME failed on patch (142336, 44032): cuDNN error: CUDNN_STATUS_NOT_INITIALIZED
    WARNING: GigaTIME failed on patch (142336, 45056): cuDNN error: CUDNN_STATUS_NOT_INITIALIZED
    WARNING: GigaTIME failed on patch (142336, 46080): cuDNN error: CUDNN_STATUS_NOT_INITIALIZED
    WARNING: GigaTIME failed on patch (142336, 47104): cuDNN error: CUDNN_STATUS_NOT_INITIALIZED
    WARNING: GigaTIME failed on patch (142336, 48128): cuDNN error: CUDNN_STATUS_NOT_INITIALIZED
    WARNING: GigaTIME failed on patch (142336, 49152): cuDNN error: CUDNN_STATUS_NOT_INITIALIZED
    WARNING: GigaTIME failed on patch (142336, 50176): cuDNN error: CUDNN_STATUS_NOT_INITIALIZED
    WARNING: GigaTIME failed on patch (142336, 51200): cuDNN error: CUDNN_STATUS_NOT_INITIALIZED
    WARNING: GigaTIME failed on patch (142336, 52224): cuDNN error: CUDNN_STATUS_NOT_INITIALIZED
    WARNING: GigaTIME failed on patch (142336, 53248): cuDNN error: CUDNN_STATUS_NOT_INITIALIZED
    WARNING: GigaTIME failed on patch (142336, 54272): cuDNN error: CUDNN_STATUS_NOT_INITIALIZED
    WARNING: GigaTIME failed on patch (142336, 56320): cuDNN error: CUDNN_STATUS_NOT_INITIALIZED
    WARNING: GigaTIME failed on patch (142336, 59392): cuDNN error: CUDNN_STATUS_NOT_INITIALIZED
    WARNING: GigaTIME failed on patch (142336, 60416): cuDNN error: CUDNN_STATUS_NOT_INITIALIZED
    WARNING: GigaTIME failed on patch (142336, 61440): cuDNN error: CUDNN_STATUS_NOT_INITIALIZED
    WARNING: GigaTIME failed on patch (142336, 62464): cuDNN error: CUDNN_STATUS_NOT_INITIALIZED
    WARNING: GigaTIME failed on patch (142336, 63488): cuDNN error: CUDNN_STATUS_NOT_INITIALIZED
    WARNING: GigaTIME failed on patch (142336, 65536): cuDNN error: CUDNN_STATUS_NOT_INITIALIZED
    WARNING: GigaTIME failed on patch (142336, 66560): cuDNN error: CUDNN_STATUS_NOT_INITIALIZED
    WARNING: GigaTIME failed on patch (142336, 67584): cuDNN error: CUDNN_STATUS_NOT_INITIALIZED
    WARNING: GigaTIME failed on patch (142336, 68608): cuDNN error: CUDNN_STATUS_NOT_INITIALIZED
    WARNING: GigaTIME failed on patch (142336, 69632): cuDNN error: CUDNN_STATUS_NOT_INITIALIZED
    WARNING: GigaTIME failed on patch (142336, 70656): cuDNN error: CUDNN_STATUS_NOT_INITIALIZED
    WARNING: GigaTIME failed on patch (142336, 71680): cuDNN error: CUDNN_STATUS_NOT_INITIALIZED
    WARNING: GigaTIME failed on patch (142336, 72704): cuDNN error: CUDNN_STATUS_NOT_INITIALIZED
    WARNING: GigaTIME failed on patch (142336, 73728): cuDNN error: CUDNN_STATUS_NOT_INITIALIZED
    WARNING: GigaTIME failed on patch (142336, 74752): cuDNN error: CUDNN_STATUS_NOT_INITIALIZED
    WARNING: GigaTIME failed on patch (143360, 5120): cuDNN error: CUDNN_STATUS_NOT_INITIALIZED
    WARNING: GigaTIME failed on patch (143360, 6144): cuDNN error: CUDNN_STATUS_NOT_INITIALIZED
    WARNING: GigaTIME failed on patch (143360, 7168): cuDNN error: CUDNN_STATUS_NOT_INITIALIZED
    WARNING: GigaTIME failed on patch (143360, 8192): cuDNN error: CUDNN_STATUS_NOT_INITIALIZED
    WARNING: GigaTIME failed on patch (143360, 9216): cuDNN error: CUDNN_STATUS_NOT_INITIALIZED
    WARNING: GigaTIME failed on patch (143360, 10240): cuDNN error: CUDNN_STATUS_NOT_INITIALIZED
    WARNING: GigaTIME failed on patch (143360, 11264): cuDNN error: CUDNN_STATUS_NOT_INITIALIZED
    WARNING: GigaTIME failed on patch (143360, 12288): cuDNN error: CUDNN_STATUS_NOT_INITIALIZED
    WARNING: GigaTIME failed on patch (143360, 13312): cuDNN error: CUDNN_STATUS_NOT_INITIALIZED
    WARNING: GigaTIME failed on patch (143360, 14336): cuDNN error: CUDNN_STATUS_NOT_INITIALIZED
    WARNING: GigaTIME failed on patch (143360, 15360): cuDNN error: CUDNN_STATUS_NOT_INITIALIZED
    WARNING: GigaTIME failed on patch (143360, 16384): cuDNN error: CUDNN_STATUS_NOT_INITIALIZED
    WARNING: GigaTIME failed on patch (143360, 17408): cuDNN error: CUDNN_STATUS_NOT_INITIALIZED
    WARNING: GigaTIME failed on patch (143360, 18432): cuDNN error: CUDNN_STATUS_NOT_INITIALIZED
    WARNING: GigaTIME failed on patch (143360, 19456): cuDNN error: CUDNN_STATUS_NOT_INITIALIZED
    WARNING: GigaTIME failed on patch (143360, 20480): cuDNN error: CUDNN_STATUS_NOT_INITIALIZED
    WARNING: GigaTIME failed on patch (143360, 21504): cuDNN error: CUDNN_STATUS_NOT_INITIALIZED
    WARNING: GigaTIME failed on patch (143360, 22528): cuDNN error: CUDNN_STATUS_NOT_INITIALIZED
    WARNING: GigaTIME failed on patch (143360, 23552): cuDNN error: CUDNN_STATUS_NOT_INITIALIZED
    WARNING: GigaTIME failed on patch (143360, 24576): cuDNN error: CUDNN_STATUS_NOT_INITIALIZED
    WARNING: GigaTIME failed on patch (143360, 25600): cuDNN error: CUDNN_STATUS_NOT_INITIALIZED
    WARNING: GigaTIME failed on patch (143360, 26624): cuDNN error: CUDNN_STATUS_NOT_INITIALIZED
    WARNING: GigaTIME failed on patch (143360, 27648): cuDNN error: CUDNN_STATUS_NOT_INITIALIZED
    WARNING: GigaTIME failed on patch (143360, 28672): cuDNN error: CUDNN_STATUS_NOT_INITIALIZED
    WARNING: GigaTIME failed on patch (143360, 29696): cuDNN error: CUDNN_STATUS_NOT_INITIALIZED
    WARNING: GigaTIME failed on patch (143360, 30720): cuDNN error: CUDNN_STATUS_NOT_INITIALIZED
    WARNING: GigaTIME failed on patch (143360, 31744): cuDNN error: CUDNN_STATUS_NOT_INITIALIZED
    WARNING: GigaTIME failed on patch (143360, 32768): cuDNN error: CUDNN_STATUS_NOT_INITIALIZED
    WARNING: GigaTIME failed on patch (143360, 33792): cuDNN error: CUDNN_STATUS_NOT_INITIALIZED
    WARNING: GigaTIME failed on patch (143360, 34816): cuDNN error: CUDNN_STATUS_NOT_INITIALIZED
    WARNING: GigaTIME failed on patch (143360, 35840): cuDNN error: CUDNN_STATUS_NOT_INITIALIZED
    WARNING: GigaTIME failed on patch (143360, 36864): cuDNN error: CUDNN_STATUS_NOT_INITIALIZED
    WARNING: GigaTIME failed on patch (143360, 37888): cuDNN error: CUDNN_STATUS_NOT_INITIALIZED
    WARNING: GigaTIME failed on patch (143360, 38912): cuDNN error: CUDNN_STATUS_NOT_INITIALIZED
    WARNING: GigaTIME failed on patch (143360, 39936): cuDNN error: CUDNN_STATUS_NOT_INITIALIZED
    WARNING: GigaTIME failed on patch (143360, 40960): cuDNN error: CUDNN_STATUS_NOT_INITIALIZED
    WARNING: GigaTIME failed on patch (143360, 41984): cuDNN error: CUDNN_STATUS_NOT_INITIALIZED
    WARNING: GigaTIME failed on patch (143360, 43008): cuDNN error: CUDNN_STATUS_NOT_INITIALIZED
    WARNING: GigaTIME failed on patch (143360, 44032): cuDNN error: CUDNN_STATUS_NOT_INITIALIZED
    WARNING: GigaTIME failed on patch (143360, 45056): cuDNN error: CUDNN_STATUS_NOT_INITIALIZED
    WARNING: GigaTIME failed on patch (143360, 46080): cuDNN error: CUDNN_STATUS_NOT_INITIALIZED
    WARNING: GigaTIME failed on patch (143360, 47104): cuDNN error: CUDNN_STATUS_NOT_INITIALIZED
    WARNING: GigaTIME failed on patch (143360, 48128): cuDNN error: CUDNN_STATUS_NOT_INITIALIZED
    WARNING: GigaTIME failed on patch (143360, 49152): cuDNN error: CUDNN_STATUS_NOT_INITIALIZED
    WARNING: GigaTIME failed on patch (143360, 50176): cuDNN error: CUDNN_STATUS_NOT_INITIALIZED
    WARNING: GigaTIME failed on patch (143360, 51200): cuDNN error: CUDNN_STATUS_NOT_INITIALIZED
    WARNING: GigaTIME failed on patch (143360, 52224): cuDNN error: CUDNN_STATUS_NOT_INITIALIZED
    WARNING: GigaTIME failed on patch (143360, 53248): cuDNN error: CUDNN_STATUS_NOT_INITIALIZED
    WARNING: GigaTIME failed on patch (143360, 60416): cuDNN error: CUDNN_STATUS_NOT_INITIALIZED
    WARNING: GigaTIME failed on patch (143360, 61440): cuDNN error: CUDNN_STATUS_NOT_INITIALIZED
    WARNING: GigaTIME failed on patch (143360, 62464): cuDNN error: CUDNN_STATUS_NOT_INITIALIZED
    WARNING: GigaTIME failed on patch (143360, 63488): cuDNN error: CUDNN_STATUS_NOT_INITIALIZED
    WARNING: GigaTIME failed on patch (143360, 65536): cuDNN error: CUDNN_STATUS_NOT_INITIALIZED
    WARNING: GigaTIME failed on patch (143360, 66560): cuDNN error: CUDNN_STATUS_NOT_INITIALIZED
    WARNING: GigaTIME failed on patch (143360, 67584): cuDNN error: CUDNN_STATUS_NOT_INITIALIZED
    WARNING: GigaTIME failed on patch (143360, 69632): cuDNN error: CUDNN_STATUS_NOT_INITIALIZED
    WARNING: GigaTIME failed on patch (143360, 70656): cuDNN error: CUDNN_STATUS_NOT_INITIALIZED
    WARNING: GigaTIME failed on patch (143360, 71680): cuDNN error: CUDNN_STATUS_NOT_INITIALIZED
    WARNING: GigaTIME failed on patch (143360, 72704): cuDNN error: CUDNN_STATUS_NOT_INITIALIZED
    WARNING: GigaTIME failed on patch (143360, 73728): cuDNN error: CUDNN_STATUS_NOT_INITIALIZED
    WARNING: GigaTIME failed on patch (144384, 5120): cuDNN error: CUDNN_STATUS_NOT_INITIALIZED
    WARNING: GigaTIME failed on patch (144384, 6144): cuDNN error: CUDNN_STATUS_NOT_INITIALIZED
    WARNING: GigaTIME failed on patch (144384, 7168): cuDNN error: CUDNN_STATUS_NOT_INITIALIZED
    WARNING: GigaTIME failed on patch (144384, 8192): cuDNN error: CUDNN_STATUS_NOT_INITIALIZED
    WARNING: GigaTIME failed on patch (144384, 9216): cuDNN error: CUDNN_STATUS_NOT_INITIALIZED
    WARNING: GigaTIME failed on patch (144384, 10240): cuDNN error: CUDNN_STATUS_NOT_INITIALIZED
    WARNING: GigaTIME failed on patch (144384, 11264): cuDNN error: CUDNN_STATUS_NOT_INITIALIZED
    WARNING: GigaTIME failed on patch (144384, 12288): cuDNN error: CUDNN_STATUS_NOT_INITIALIZED
    WARNING: GigaTIME failed on patch (144384, 13312): cuDNN error: CUDNN_STATUS_NOT_INITIALIZED
    WARNING: GigaTIME failed on patch (144384, 14336): cuDNN error: CUDNN_STATUS_NOT_INITIALIZED
    WARNING: GigaTIME failed on patch (144384, 15360): cuDNN error: CUDNN_STATUS_NOT_INITIALIZED
    WARNING: GigaTIME failed on patch (144384, 16384): cuDNN error: CUDNN_STATUS_NOT_INITIALIZED
    WARNING: GigaTIME failed on patch (144384, 17408): cuDNN error: CUDNN_STATUS_NOT_INITIALIZED
    WARNING: GigaTIME failed on patch (144384, 18432): cuDNN error: CUDNN_STATUS_NOT_INITIALIZED
    WARNING: GigaTIME failed on patch (144384, 19456): cuDNN error: CUDNN_STATUS_NOT_INITIALIZED
    WARNING: GigaTIME failed on patch (144384, 20480): cuDNN error: CUDNN_STATUS_NOT_INITIALIZED
    WARNING: GigaTIME failed on patch (144384, 21504): cuDNN error: CUDNN_STATUS_NOT_INITIALIZED
    WARNING: GigaTIME failed on patch (144384, 22528): cuDNN error: CUDNN_STATUS_NOT_INITIALIZED
    WARNING: GigaTIME failed on patch (144384, 23552): cuDNN error: CUDNN_STATUS_NOT_INITIALIZED
    WARNING: GigaTIME failed on patch (144384, 24576): cuDNN error: CUDNN_STATUS_NOT_INITIALIZED
    WARNING: GigaTIME failed on patch (144384, 25600): cuDNN error: CUDNN_STATUS_NOT_INITIALIZED
    WARNING: GigaTIME failed on patch (144384, 26624): cuDNN error: CUDNN_STATUS_NOT_INITIALIZED
    WARNING: GigaTIME failed on patch (144384, 27648): cuDNN error: CUDNN_STATUS_NOT_INITIALIZED
    WARNING: GigaTIME failed on patch (144384, 28672): cuDNN error: CUDNN_STATUS_NOT_INITIALIZED
    WARNING: GigaTIME failed on patch (144384, 29696): cuDNN error: CUDNN_STATUS_NOT_INITIALIZED
    WARNING: GigaTIME failed on patch (144384, 30720): cuDNN error: CUDNN_STATUS_NOT_INITIALIZED
    WARNING: GigaTIME failed on patch (144384, 31744): cuDNN error: CUDNN_STATUS_NOT_INITIALIZED
    WARNING: GigaTIME failed on patch (144384, 32768): cuDNN error: CUDNN_STATUS_NOT_INITIALIZED
    WARNING: GigaTIME failed on patch (144384, 33792): cuDNN error: CUDNN_STATUS_NOT_INITIALIZED
    WARNING: GigaTIME failed on patch (144384, 34816): cuDNN error: CUDNN_STATUS_NOT_INITIALIZED
    WARNING: GigaTIME failed on patch (144384, 35840): cuDNN error: CUDNN_STATUS_NOT_INITIALIZED
    WARNING: GigaTIME failed on patch (144384, 36864): cuDNN error: CUDNN_STATUS_NOT_INITIALIZED
    WARNING: GigaTIME failed on patch (144384, 37888): cuDNN error: CUDNN_STATUS_NOT_INITIALIZED
    WARNING: GigaTIME failed on patch (144384, 38912): cuDNN error: CUDNN_STATUS_NOT_INITIALIZED
    WARNING: GigaTIME failed on patch (144384, 39936): cuDNN error: CUDNN_STATUS_NOT_INITIALIZED
    WARNING: GigaTIME failed on patch (144384, 40960): cuDNN error: CUDNN_STATUS_NOT_INITIALIZED
    WARNING: GigaTIME failed on patch (144384, 41984): cuDNN error: CUDNN_STATUS_NOT_INITIALIZED
    WARNING: GigaTIME failed on patch (144384, 43008): cuDNN error: CUDNN_STATUS_NOT_INITIALIZED
    WARNING: GigaTIME failed on patch (144384, 44032): cuDNN error: CUDNN_STATUS_NOT_INITIALIZED
    WARNING: GigaTIME failed on patch (144384, 45056): cuDNN error: CUDNN_STATUS_NOT_INITIALIZED
    WARNING: GigaTIME failed on patch (144384, 46080): cuDNN error: CUDNN_STATUS_NOT_INITIALIZED
    WARNING: GigaTIME failed on patch (144384, 47104): cuDNN error: CUDNN_STATUS_NOT_INITIALIZED
    WARNING: GigaTIME failed on patch (144384, 48128): cuDNN error: CUDNN_STATUS_NOT_INITIALIZED
    WARNING: GigaTIME failed on patch (144384, 49152): cuDNN error: CUDNN_STATUS_NOT_INITIALIZED
    WARNING: GigaTIME failed on patch (144384, 50176): cuDNN error: CUDNN_STATUS_NOT_INITIALIZED
    WARNING: GigaTIME failed on patch (144384, 51200): cuDNN error: CUDNN_STATUS_NOT_INITIALIZED
    WARNING: GigaTIME failed on patch (144384, 52224): cuDNN error: CUDNN_STATUS_NOT_INITIALIZED
    WARNING: GigaTIME failed on patch (144384, 53248): cuDNN error: CUDNN_STATUS_NOT_INITIALIZED
    WARNING: GigaTIME failed on patch (144384, 60416): cuDNN error: CUDNN_STATUS_NOT_INITIALIZED
    WARNING: GigaTIME failed on patch (144384, 61440): cuDNN error: CUDNN_STATUS_NOT_INITIALIZED
    WARNING: GigaTIME failed on patch (144384, 62464): cuDNN error: CUDNN_STATUS_NOT_INITIALIZED
    WARNING: GigaTIME failed on patch (144384, 68608): cuDNN error: CUDNN_STATUS_NOT_INITIALIZED
    WARNING: GigaTIME failed on patch (144384, 69632): cuDNN error: CUDNN_STATUS_NOT_INITIALIZED
    WARNING: GigaTIME failed on patch (144384, 70656): cuDNN error: CUDNN_STATUS_NOT_INITIALIZED
    WARNING: GigaTIME failed on patch (144384, 71680): cuDNN error: CUDNN_STATUS_NOT_INITIALIZED
    WARNING: GigaTIME failed on patch (144384, 72704): cuDNN error: CUDNN_STATUS_NOT_INITIALIZED
    WARNING: GigaTIME failed on patch (144384, 73728): cuDNN error: CUDNN_STATUS_NOT_INITIALIZED
    WARNING: GigaTIME failed on patch (145408, 6144): cuDNN error: CUDNN_STATUS_NOT_INITIALIZED
    WARNING: GigaTIME failed on patch (145408, 7168): cuDNN error: CUDNN_STATUS_NOT_INITIALIZED
    WARNING: GigaTIME failed on patch (145408, 8192): cuDNN error: CUDNN_STATUS_NOT_INITIALIZED
    WARNING: GigaTIME failed on patch (145408, 9216): cuDNN error: CUDNN_STATUS_NOT_INITIALIZED
    WARNING: GigaTIME failed on patch (145408, 10240): cuDNN error: CUDNN_STATUS_NOT_INITIALIZED
    WARNING: GigaTIME failed on patch (145408, 11264): cuDNN error: CUDNN_STATUS_NOT_INITIALIZED
    WARNING: GigaTIME failed on patch (145408, 12288): cuDNN error: CUDNN_STATUS_NOT_INITIALIZED
    WARNING: GigaTIME failed on patch (145408, 13312): cuDNN error: CUDNN_STATUS_NOT_INITIALIZED
    WARNING: GigaTIME failed on patch (145408, 14336): cuDNN error: CUDNN_STATUS_NOT_INITIALIZED
    WARNING: GigaTIME failed on patch (145408, 15360): cuDNN error: CUDNN_STATUS_NOT_INITIALIZED
    WARNING: GigaTIME failed on patch (145408, 16384): cuDNN error: CUDNN_STATUS_NOT_INITIALIZED
    WARNING: GigaTIME failed on patch (145408, 17408): cuDNN error: CUDNN_STATUS_NOT_INITIALIZED
    WARNING: GigaTIME failed on patch (145408, 18432): cuDNN error: CUDNN_STATUS_NOT_INITIALIZED
    WARNING: GigaTIME failed on patch (145408, 19456): cuDNN error: CUDNN_STATUS_NOT_INITIALIZED
    WARNING: GigaTIME failed on patch (145408, 20480): cuDNN error: CUDNN_STATUS_NOT_INITIALIZED
    WARNING: GigaTIME failed on patch (145408, 21504): cuDNN error: CUDNN_STATUS_NOT_INITIALIZED
    WARNING: GigaTIME failed on patch (145408, 22528): cuDNN error: CUDNN_STATUS_NOT_INITIALIZED
    WARNING: GigaTIME failed on patch (145408, 23552): cuDNN error: CUDNN_STATUS_NOT_INITIALIZED
    WARNING: GigaTIME failed on patch (145408, 24576): cuDNN error: CUDNN_STATUS_NOT_INITIALIZED
    WARNING: GigaTIME failed on patch (145408, 25600): cuDNN error: CUDNN_STATUS_NOT_INITIALIZED
    WARNING: GigaTIME failed on patch (145408, 26624): cuDNN error: CUDNN_STATUS_NOT_INITIALIZED
    WARNING: GigaTIME failed on patch (145408, 27648): cuDNN error: CUDNN_STATUS_NOT_INITIALIZED
    WARNING: GigaTIME failed on patch (145408, 28672): cuDNN error: CUDNN_STATUS_NOT_INITIALIZED
    WARNING: GigaTIME failed on patch (145408, 29696): cuDNN error: CUDNN_STATUS_NOT_INITIALIZED
    WARNING: GigaTIME failed on patch (145408, 30720): cuDNN error: CUDNN_STATUS_NOT_INITIALIZED
    WARNING: GigaTIME failed on patch (145408, 31744): cuDNN error: CUDNN_STATUS_NOT_INITIALIZED
    WARNING: GigaTIME failed on patch (145408, 32768): cuDNN error: CUDNN_STATUS_NOT_INITIALIZED
    WARNING: GigaTIME failed on patch (145408, 33792): cuDNN error: CUDNN_STATUS_NOT_INITIALIZED
    WARNING: GigaTIME failed on patch (145408, 34816): cuDNN error: CUDNN_STATUS_NOT_INITIALIZED
    WARNING: GigaTIME failed on patch (145408, 35840): cuDNN error: CUDNN_STATUS_NOT_INITIALIZED
    WARNING: GigaTIME failed on patch (145408, 36864): cuDNN error: CUDNN_STATUS_NOT_INITIALIZED
    WARNING: GigaTIME failed on patch (145408, 37888): cuDNN error: CUDNN_STATUS_NOT_INITIALIZED
    WARNING: GigaTIME failed on patch (145408, 38912): cuDNN error: CUDNN_STATUS_NOT_INITIALIZED
    WARNING: GigaTIME failed on patch (145408, 39936): cuDNN error: CUDNN_STATUS_NOT_INITIALIZED
    WARNING: GigaTIME failed on patch (145408, 40960): cuDNN error: CUDNN_STATUS_NOT_INITIALIZED
    WARNING: GigaTIME failed on patch (145408, 41984): cuDNN error: CUDNN_STATUS_NOT_INITIALIZED
    WARNING: GigaTIME failed on patch (145408, 43008): cuDNN error: CUDNN_STATUS_NOT_INITIALIZED
    WARNING: GigaTIME failed on patch (145408, 44032): cuDNN error: CUDNN_STATUS_NOT_INITIALIZED
    WARNING: GigaTIME failed on patch (145408, 45056): cuDNN error: CUDNN_STATUS_NOT_INITIALIZED
    WARNING: GigaTIME failed on patch (145408, 46080): cuDNN error: CUDNN_STATUS_NOT_INITIALIZED
    WARNING: GigaTIME failed on patch (145408, 47104): cuDNN error: CUDNN_STATUS_NOT_INITIALIZED
    WARNING: GigaTIME failed on patch (145408, 48128): cuDNN error: CUDNN_STATUS_NOT_INITIALIZED
    WARNING: GigaTIME failed on patch (145408, 49152): cuDNN error: CUDNN_STATUS_NOT_INITIALIZED
    WARNING: GigaTIME failed on patch (145408, 50176): cuDNN error: CUDNN_STATUS_NOT_INITIALIZED
    WARNING: GigaTIME failed on patch (145408, 51200): cuDNN error: CUDNN_STATUS_NOT_INITIALIZED
    WARNING: GigaTIME failed on patch (145408, 52224): cuDNN error: CUDNN_STATUS_NOT_INITIALIZED
    WARNING: GigaTIME failed on patch (145408, 53248): cuDNN error: CUDNN_STATUS_NOT_INITIALIZED
    WARNING: GigaTIME failed on patch (145408, 54272): cuDNN error: CUDNN_STATUS_NOT_INITIALIZED
    WARNING: GigaTIME failed on patch (145408, 55296): cuDNN error: CUDNN_STATUS_NOT_INITIALIZED
    WARNING: GigaTIME failed on patch (145408, 60416): cuDNN error: CUDNN_STATUS_NOT_INITIALIZED
    WARNING: GigaTIME failed on patch (145408, 61440): cuDNN error: CUDNN_STATUS_NOT_INITIALIZED
    WARNING: GigaTIME failed on patch (145408, 62464): cuDNN error: CUDNN_STATUS_NOT_INITIALIZED
    WARNING: GigaTIME failed on patch (145408, 65536): cuDNN error: CUDNN_STATUS_NOT_INITIALIZED
    WARNING: GigaTIME failed on patch (145408, 66560): cuDNN error: CUDNN_STATUS_NOT_INITIALIZED
    WARNING: GigaTIME failed on patch (145408, 67584): cuDNN error: CUDNN_STATUS_NOT_INITIALIZED
    WARNING: GigaTIME failed on patch (145408, 68608): cuDNN error: CUDNN_STATUS_NOT_INITIALIZED
    WARNING: GigaTIME failed on patch (145408, 69632): cuDNN error: CUDNN_STATUS_NOT_INITIALIZED
    WARNING: GigaTIME failed on patch (145408, 70656): cuDNN error: CUDNN_STATUS_NOT_INITIALIZED
    WARNING: GigaTIME failed on patch (145408, 71680): cuDNN error: CUDNN_STATUS_NOT_INITIALIZED
    WARNING: GigaTIME failed on patch (145408, 72704): cuDNN error: CUDNN_STATUS_NOT_INITIALIZED
    WARNING: GigaTIME failed on patch (145408, 73728): cuDNN error: CUDNN_STATUS_NOT_INITIALIZED
    WARNING: GigaTIME failed on patch (146432, 6144): cuDNN error: CUDNN_STATUS_NOT_INITIALIZED
    WARNING: GigaTIME failed on patch (146432, 7168): cuDNN error: CUDNN_STATUS_NOT_INITIALIZED
    WARNING: GigaTIME failed on patch (146432, 8192): cuDNN error: CUDNN_STATUS_NOT_INITIALIZED
    WARNING: GigaTIME failed on patch (146432, 9216): cuDNN error: CUDNN_STATUS_NOT_INITIALIZED
    WARNING: GigaTIME failed on patch (146432, 10240): cuDNN error: CUDNN_STATUS_NOT_INITIALIZED
    WARNING: GigaTIME failed on patch (146432, 11264): cuDNN error: CUDNN_STATUS_NOT_INITIALIZED
    WARNING: GigaTIME failed on patch (146432, 12288): cuDNN error: CUDNN_STATUS_NOT_INITIALIZED
    WARNING: GigaTIME failed on patch (146432, 13312): cuDNN error: CUDNN_STATUS_NOT_INITIALIZED
    WARNING: GigaTIME failed on patch (146432, 14336): cuDNN error: CUDNN_STATUS_NOT_INITIALIZED
    WARNING: GigaTIME failed on patch (146432, 15360): cuDNN error: CUDNN_STATUS_NOT_INITIALIZED
    WARNING: GigaTIME failed on patch (146432, 16384): cuDNN error: CUDNN_STATUS_NOT_INITIALIZED
    WARNING: GigaTIME failed on patch (146432, 17408): cuDNN error: CUDNN_STATUS_NOT_INITIALIZED
    WARNING: GigaTIME failed on patch (146432, 18432): cuDNN error: CUDNN_STATUS_NOT_INITIALIZED
    WARNING: GigaTIME failed on patch (146432, 19456): cuDNN error: CUDNN_STATUS_NOT_INITIALIZED
    WARNING: GigaTIME failed on patch (146432, 20480): cuDNN error: CUDNN_STATUS_NOT_INITIALIZED
    WARNING: GigaTIME failed on patch (146432, 21504): cuDNN error: CUDNN_STATUS_NOT_INITIALIZED
    WARNING: GigaTIME failed on patch (146432, 22528): cuDNN error: CUDNN_STATUS_NOT_INITIALIZED
    WARNING: GigaTIME failed on patch (146432, 23552): cuDNN error: CUDNN_STATUS_NOT_INITIALIZED
    WARNING: GigaTIME failed on patch (146432, 24576): cuDNN error: CUDNN_STATUS_NOT_INITIALIZED
    WARNING: GigaTIME failed on patch (146432, 25600): cuDNN error: CUDNN_STATUS_NOT_INITIALIZED
    WARNING: GigaTIME failed on patch (146432, 26624): cuDNN error: CUDNN_STATUS_NOT_INITIALIZED
    WARNING: GigaTIME failed on patch (146432, 27648): cuDNN error: CUDNN_STATUS_NOT_INITIALIZED
    WARNING: GigaTIME failed on patch (146432, 28672): cuDNN error: CUDNN_STATUS_NOT_INITIALIZED
    WARNING: GigaTIME failed on patch (146432, 29696): cuDNN error: CUDNN_STATUS_NOT_INITIALIZED
    WARNING: GigaTIME failed on patch (146432, 30720): cuDNN error: CUDNN_STATUS_NOT_INITIALIZED