=== Chunk 0/8: Extracting GigaTIME protein counts ===
Chunk 0/8: processing 32/252 H5 files
Loading GigaTIME model from HuggingFace...
GigaTIME model loaded.
Processing: #1-1 7817B8509.h5
    WARNING: GigaTIME failed on patch (17408, 10240): cuDNN error: CUDNN_STATUS_NOT_INITIALIZED
    WARNING: GigaTIME failed on patch (17408, 11264): cuDNN error: CUDNN_STATUS_NOT_INITIALIZED
    WARNING: GigaTIME failed on patch (17408, 12288): cuDNN error: CUDNN_STATUS_NOT_INITIALIZED
    WARNING: GigaTIME failed on patch (17408, 13312): cuDNN error: CUDNN_STATUS_NOT_INITIALIZED
    WARNING: GigaTIME failed on patch (18432, 10240): cuDNN error: CUDNN_STATUS_NOT_INITIALIZED
    WARNING: GigaTIME failed on patch (18432, 11264): cuDNN error: CUDNN_STATUS_NOT_INITIALIZED
    WARNING: GigaTIME failed on patch (18432, 12288): cuDNN error: CUDNN_STATUS_NOT_INITIALIZED
    WARNING: GigaTIME failed on patch (18432, 13312): cuDNN error: CUDNN_STATUS_NOT_INITIALIZED
    WARNING: GigaTIME failed on patch (18432, 14336): cuDNN error: CUDNN_STATUS_NOT_INITIALIZED
    WARNING: GigaTIME failed on patch (18432, 20480): cuDNN error: CUDNN_STATUS_NOT_INITIALIZED
    WARNING: GigaTIME failed on patch (18432, 21504): cuDNN error: CUDNN_STATUS_NOT_INITIALIZED
    WARNING: GigaTIME failed on patch (18432, 22528): cuDNN error: CUDNN_STATUS_NOT_INITIALIZED
    WARNING: GigaTIME failed on patch (18432, 24576): cuDNN error: CUDNN_STATUS_NOT_INITIALIZED
    WARNING: GigaTIME failed on patch (19456, 10240): cuDNN error: CUDNN_STATUS_NOT_INITIALIZED
    WARNING: GigaTIME failed on patch (19456, 11264): cuDNN error: CUDNN_STATUS_NOT_INITIALIZED
    WARNING: GigaTIME failed on patch (19456, 12288): cuDNN error: CUDNN_STATUS_NOT_INITIALIZED
    WARNING: GigaTIME failed on patch (19456, 13312): cuDNN error: CUDNN_STATUS_NOT_INITIALIZED
    WARNING: GigaTIME failed on patch (19456, 14336): cuDNN error: CUDNN_STATUS_NOT_INITIALIZED
    WARNING: GigaTIME failed on patch (19456, 15360): cuDNN error: CUDNN_STATUS_NOT_INITIALIZED
    WARNING: GigaTIME failed on patch (19456, 16384): cuDNN error: CUDNN_STATUS_NOT_INITIALIZED
    WARNING: GigaTIME failed on patch (19456, 17408): cuDNN error: CUDNN_STATUS_NOT_INITIALIZED
    WARNING: GigaTIME failed on patch (19456, 20480): cuDNN error: CUDNN_STATUS_NOT_INITIALIZED
    WARNING: GigaTIME failed on patch (20480, 10240): cuDNN error: CUDNN_STATUS_NOT_INITIALIZED
    WARNING: GigaTIME failed on patch (20480, 11264): cuDNN error: CUDNN_STATUS_NOT_INITIALIZED
    WARNING: GigaTIME failed on patch (20480, 12288): cuDNN error: CUDNN_STATUS_NOT_INITIALIZED
    WARNING: GigaTIME failed on patch (20480, 13312): cuDNN error: CUDNN_STATUS_NOT_INITIALIZED
    WARNING: GigaTIME failed on patch (20480, 14336): cuDNN error: CUDNN_STATUS_NOT_INITIALIZED
    WARNING: GigaTIME failed on patch (20480, 15360): cuDNN error: CUDNN_STATUS_NOT_INITIALIZED
    WARNING: GigaTIME failed on patch (20480, 16384): cuDNN error: CUDNN_STATUS_NOT_INITIALIZED
    WARNING: GigaTIME failed on patch (20480, 17408): cuDNN error: CUDNN_STATUS_NOT_INITIALIZED
    WARNING: GigaTIME failed on patch (20480, 18432): cuDNN error: CUDNN_STATUS_NOT_INITIALIZED
    WARNING: GigaTIME failed on patch (20480, 19456): cuDNN error: CUDNN_STATUS_NOT_INITIALIZED
    WARNING: GigaTIME failed on patch (20480, 20480): cuDNN error: CUDNN_STATUS_NOT_INITIALIZED
    WARNING: GigaTIME failed on patch (20480, 21504): cuDNN error: CUDNN_STATUS_NOT_INITIALIZED
    WARNING: GigaTIME failed on patch (21504, 10240): cuDNN error: CUDNN_STATUS_NOT_INITIALIZED
    WARNING: GigaTIME failed on patch (21504, 11264): cuDNN error: CUDNN_STATUS_NOT_INITIALIZED
    WARNING: GigaTIME failed on patch (21504, 12288): cuDNN error: CUDNN_STATUS_NOT_INITIALIZED
    WARNING: GigaTIME failed on patch (21504, 13312): cuDNN error: CUDNN_STATUS_NOT_INITIALIZED
    WARNING: GigaTIME failed on patch (21504, 14336): cuDNN error: CUDNN_STATUS_NOT_INITIALIZED
    WARNING: GigaTIME failed on patch (21504, 15360): cuDNN error: CUDNN_STATUS_NOT_INITIALIZED
    WARNING: GigaTIME failed on patch (21504, 16384): cuDNN error: CUDNN_STATUS_NOT_INITIALIZED
    WARNING: GigaTIME failed on patch (21504, 17408): cuDNN error: CUDNN_STATUS_NOT_INITIALIZED
    WARNING: GigaTIME failed on patch (21504, 18432): cuDNN error: CUDNN_STATUS_NOT_INITIALIZED
    WARNING: GigaTIME failed on patch (21504, 19456): cuDNN error: CUDNN_STATUS_NOT_INITIALIZED
    WARNING: GigaTIME failed on patch (21504, 20480): cuDNN error: CUDNN_STATUS_NOT_INITIALIZED
    WARNING: GigaTIME failed on patch (21504, 21504): cuDNN error: CUDNN_STATUS_NOT_INITIALIZED
    WARNING: GigaTIME failed on patch (21504, 22528): cuDNN error: CUDNN_STATUS_NOT_INITIALIZED
    WARNING: GigaTIME failed on patch (22528, 10240): cuDNN error: CUDNN_STATUS_NOT_INITIALIZED
    WARNING: GigaTIME failed on patch (22528, 11264): cuDNN error: CUDNN_STATUS_NOT_INITIALIZED
    WARNING: GigaTIME failed on patch (22528, 12288): cuDNN error: CUDNN_STATUS_NOT_INITIALIZED
    WARNING: GigaTIME failed on patch (22528, 13312): cuDNN error: CUDNN_STATUS_NOT_INITIALIZED
    WARNING: GigaTIME failed on patch (22528, 14336): cuDNN error: CUDNN_STATUS_NOT_INITIALIZED
    WARNING: GigaTIME failed on patch (22528, 15360): cuDNN error: CUDNN_STATUS_NOT_INITIALIZED
    WARNING: GigaTIME failed on patch (22528, 16384): cuDNN error: CUDNN_STATUS_NOT_INITIALIZED
    WARNING: GigaTIME failed on patch (22528, 17408): cuDNN error: CUDNN_STATUS_NOT_INITIALIZED
    WARNING: GigaTIME failed on patch (22528, 18432): cuDNN error: CUDNN_STATUS_NOT_INITIALIZED
    WARNING: GigaTIME failed on patch (22528, 19456): cuDNN error: CUDNN_STATUS_NOT_INITIALIZED
    WARNING: GigaTIME failed on patch (22528, 20480): cuDNN error: CUDNN_STATUS_NOT_INITIALIZED
    WARNING: GigaTIME failed on patch (22528, 21504): cuDNN error: CUDNN_STATUS_NOT_INITIALIZED
    WARNING: GigaTIME failed on patch (22528, 22528): cuDNN error: CUDNN_STATUS_NOT_INITIALIZED
    WARNING: GigaTIME failed on patch (22528, 23552): cuDNN error: CUDNN_STATUS_NOT_INITIALIZED
    WARNING: GigaTIME failed on patch (23552, 10240): cuDNN error: CUDNN_STATUS_NOT_INITIALIZED
    WARNING: GigaTIME failed on patch (23552, 11264): cuDNN error: CUDNN_STATUS_NOT_INITIALIZED
    WARNING: GigaTIME failed on patch (23552, 12288): cuDNN error: CUDNN_STATUS_NOT_INITIALIZED
    WARNING: GigaTIME failed on patch (23552, 13312): cuDNN error: CUDNN_STATUS_NOT_INITIALIZED
    WARNING: GigaTIME failed on patch (23552, 14336): cuDNN error: CUDNN_STATUS_NOT_INITIALIZED
    WARNING: GigaTIME failed on patch (23552, 15360): cuDNN error: CUDNN_STATUS_NOT_INITIALIZED
    WARNING: GigaTIME failed on patch (23552, 16384): cuDNN error: CUDNN_STATUS_NOT_INITIALIZED
    WARNING: GigaTIME failed on patch (23552, 17408): cuDNN error: CUDNN_STATUS_NOT_INITIALIZED
    WARNING: GigaTIME failed on patch (23552, 18432): cuDNN error: CUDNN_STATUS_NOT_INITIALIZED
    WARNING: GigaTIME failed on patch (23552, 19456): cuDNN error: CUDNN_STATUS_NOT_INITIALIZED
    WARNING: GigaTIME failed on patch (23552, 20480): cuDNN error: CUDNN_STATUS_NOT_INITIALIZED
    WARNING: GigaTIME failed on patch (23552, 21504): cuDNN error: CUDNN_STATUS_NOT_INITIALIZED
    WARNING: GigaTIME failed on patch (23552, 22528): cuDNN error: CUDNN_STATUS_NOT_INITIALIZED
    WARNING: GigaTIME failed on patch (23552, 23552): cuDNN error: CUDNN_STATUS_NOT_INITIALIZED
    WARNING: GigaTIME failed on patch (23552, 24576): cuDNN error: CUDNN_STATUS_NOT_INITIALIZED
    WARNING: GigaTIME failed on patch (24576, 10240): cuDNN error: CUDNN_STATUS_NOT_INITIALIZED
    WARNING: GigaTIME failed on patch (24576, 11264): cuDNN error: CUDNN_STATUS_NOT_INITIALIZED
    WARNING: GigaTIME failed on patch (24576, 12288): cuDNN error: CUDNN_STATUS_NOT_INITIALIZED
    WARNING: GigaTIME failed on patch (24576, 13312): cuDNN error: CUDNN_STATUS_NOT_INITIALIZED
    WARNING: GigaTIME failed on patch (24576, 14336): cuDNN error: CUDNN_STATUS_NOT_INITIALIZED
    WARNING: GigaTIME failed on patch (24576, 15360): cuDNN error: CUDNN_STATUS_NOT_INITIALIZED
    WARNING: GigaTIME failed on patch (24576, 16384): cuDNN error: CUDNN_STATUS_NOT_INITIALIZED
    WARNING: GigaTIME failed on patch (24576, 17408): cuDNN error: CUDNN_STATUS_NOT_INITIALIZED
    WARNING: GigaTIME failed on patch (24576, 18432): cuDNN error: CUDNN_STATUS_NOT_INITIALIZED
    WARNING: GigaTIME failed on patch (24576, 19456): cuDNN error: CUDNN_STATUS_NOT_INITIALIZED
    WARNING: GigaTIME failed on patch (24576, 20480): cuDNN error: CUDNN_STATUS_NOT_INITIALIZED
    WARNING: GigaTIME failed on patch (24576, 21504): cuDNN error: CUDNN_STATUS_NOT_INITIALIZED
    WARNING: GigaTIME failed on patch (24576, 22528): cuDNN error: CUDNN_STATUS_NOT_INITIALIZED
    WARNING: GigaTIME failed on patch (24576, 23552): cuDNN error: CUDNN_STATUS_NOT_INITIALIZED
    WARNING: GigaTIME failed on patch (24576, 24576): cuDNN error: CUDNN_STATUS_NOT_INITIALIZED
    WARNING: GigaTIME failed on patch (24576, 25600): cuDNN error: CUDNN_STATUS_NOT_INITIALIZED
    WARNING: GigaTIME failed on patch (25600, 10240): cuDNN error: CUDNN_STATUS_NOT_INITIALIZED
    WARNING: GigaTIME failed on patch (25600, 11264): cuDNN error: CUDNN_STATUS_NOT_INITIALIZED
    WARNING: GigaTIME failed on patch (25600, 12288): cuDNN error: CUDNN_STATUS_NOT_INITIALIZED
    WARNING: GigaTIME failed on patch (25600, 13312): cuDNN error: CUDNN_STATUS_NOT_INITIALIZED
    WARNING: GigaTIME failed on patch (25600, 14336): cuDNN error: CUDNN_STATUS_NOT_INITIALIZED
    WARNING: GigaTIME failed on patch (25600, 15360): cuDNN error: CUDNN_STATUS_NOT_INITIALIZED
    WARNING: GigaTIME failed on patch (25600, 16384): cuDNN error: CUDNN_STATUS_NOT_INITIALIZED
    WARNING: GigaTIME failed on patch (25600, 17408): cuDNN error: CUDNN_STATUS_NOT_INITIALIZED
    WARNING: GigaTIME failed on patch (25600, 18432): cuDNN error: CUDNN_STATUS_NOT_INITIALIZED
    WARNING: GigaTIME failed on patch (25600, 19456): cuDNN error: CUDNN_STATUS_NOT_INITIALIZED
    WARNING: GigaTIME failed on patch (25600, 20480): cuDNN error: CUDNN_STATUS_NOT_INITIALIZED
    WARNING: GigaTIME failed on patch (25600, 21504): cuDNN error: CUDNN_STATUS_NOT_INITIALIZED
    WARNING: GigaTIME failed on patch (25600, 22528): cuDNN error: CUDNN_STATUS_NOT_INITIALIZED
    WARNING: GigaTIME failed on patch (25600, 23552): cuDNN error: CUDNN_STATUS_NOT_INITIALIZED
    WARNING: GigaTIME failed on patch (25600, 24576): cuDNN error: CUDNN_STATUS_NOT_INITIALIZED
    WARNING: GigaTIME failed on patch (25600, 25600): cuDNN error: CUDNN_STATUS_NOT_INITIALIZED
    WARNING: GigaTIME failed on patch (26624, 10240): cuDNN error: CUDNN_STATUS_NOT_INITIALIZED
    WARNING: GigaTIME failed on patch (26624, 11264): cuDNN error: CUDNN_STATUS_NOT_INITIALIZED
    WARNING: GigaTIME failed on patch (26624, 12288): cuDNN error: CUDNN_STATUS_NOT_INITIALIZED
    WARNING: GigaTIME failed on patch (26624, 13312): cuDNN error: CUDNN_STATUS_NOT_INITIALIZED
    WARNING: GigaTIME failed on patch (26624, 14336): cuDNN error: CUDNN_STATUS_NOT_INITIALIZED
    WARNING: GigaTIME failed on patch (26624, 15360): cuDNN error: CUDNN_STATUS_NOT_INITIALIZED
    WARNING: GigaTIME failed on patch (26624, 16384): cuDNN error: CUDNN_STATUS_NOT_INITIALIZED
    WARNING: GigaTIME failed on patch (26624, 17408): cuDNN error: CUDNN_STATUS_NOT_INITIALIZED
    WARNING: GigaTIME failed on patch (26624, 18432): cuDNN error: CUDNN_STATUS_NOT_INITIALIZED
    WARNING: GigaTIME failed on patch (26624, 19456): cuDNN error: CUDNN_STATUS_NOT_INITIALIZED
    WARNING: GigaTIME failed on patch (26624, 20480): cuDNN error: CUDNN_STATUS_NOT_INITIALIZED
    WARNING: GigaTIME failed on patch (26624, 21504): cuDNN error: CUDNN_STATUS_NOT_INITIALIZED
    WARNING: GigaTIME failed on patch (26624, 22528): cuDNN error: CUDNN_STATUS_NOT_INITIALIZED
    WARNING: GigaTIME failed on patch (26624, 23552): cuDNN error: CUDNN_STATUS_NOT_INITIALIZED
    WARNING: GigaTIME failed on patch (26624, 24576): cuDNN error: CUDNN_STATUS_NOT_INITIALIZED
    WARNING: GigaTIME failed on patch (26624, 25600): cuDNN error: CUDNN_STATUS_NOT_INITIALIZED
    WARNING: GigaTIME failed on patch (26624, 26624): cuDNN error: CUDNN_STATUS_NOT_INITIALIZED
    WARNING: GigaTIME failed on patch (26624, 27648): cuDNN error: CUDNN_STATUS_NOT_INITIALIZED
    WARNING: GigaTIME failed on patch (27648, 10240): cuDNN error: CUDNN_STATUS_NOT_INITIALIZED
    WARNING: GigaTIME failed on patch (27648, 11264): cuDNN error: CUDNN_STATUS_NOT_INITIALIZED
    WARNING: GigaTIME failed on patch (27648, 12288): cuDNN error: CUDNN_STATUS_NOT_INITIALIZED
    WARNING: GigaTIME failed on patch (27648, 13312): cuDNN error: CUDNN_STATUS_NOT_INITIALIZED
    WARNING: GigaTIME failed on patch (27648, 14336): cuDNN error: CUDNN_STATUS_NOT_INITIALIZED
    WARNING: GigaTIME failed on patch (27648, 15360): cuDNN error: CUDNN_STATUS_NOT_INITIALIZED
    WARNING: GigaTIME failed on patch (27648, 16384): cuDNN error: CUDNN_STATUS_NOT_INITIALIZED
    WARNING: GigaTIME failed on patch (27648, 17408): cuDNN error: CUDNN_STATUS_NOT_INITIALIZED
    WARNING: GigaTIME failed on patch (27648, 18432): cuDNN error: CUDNN_STATUS_NOT_INITIALIZED
    WARNING: GigaTIME failed on patch (27648, 19456): cuDNN error: CUDNN_STATUS_NOT_INITIALIZED
    WARNING: GigaTIME failed on patch (27648, 20480): cuDNN error: CUDNN_STATUS_NOT_INITIALIZED
    WARNING: GigaTIME failed on patch (27648, 21504): cuDNN error: CUDNN_STATUS_NOT_INITIALIZED
    WARNING: GigaTIME failed on patch (27648, 22528): cuDNN error: CUDNN_STATUS_NOT_INITIALIZED
    WARNING: GigaTIME failed on patch (27648, 23552): cuDNN error: CUDNN_STATUS_NOT_INITIALIZED
    WARNING: GigaTIME failed on patch (27648, 24576): cuDNN error: CUDNN_STATUS_NOT_INITIALIZED
    WARNING: GigaTIME failed on patch (27648, 25600): cuDNN error: CUDNN_STATUS_NOT_INITIALIZED
    WARNING: GigaTIME failed on patch (27648, 26624): cuDNN error: CUDNN_STATUS_NOT_INITIALIZED
    WARNING: GigaTIME failed on patch (27648, 27648): cuDNN error: CUDNN_STATUS_NOT_INITIALIZED
    WARNING: GigaTIME failed on patch (28672, 10240): cuDNN error: CUDNN_STATUS_NOT_INITIALIZED
    WARNING: GigaTIME failed on patch (28672, 11264): cuDNN error: CUDNN_STATUS_NOT_INITIALIZED
    WARNING: GigaTIME failed on patch (28672, 12288): cuDNN error: CUDNN_STATUS_NOT_INITIALIZED
    WARNING: GigaTIME failed on patch (28672, 13312): cuDNN error: CUDNN_STATUS_NOT_INITIALIZED
    WARNING: GigaTIME failed on patch (28672, 14336): cuDNN error: CUDNN_STATUS_NOT_INITIALIZED
    WARNING: GigaTIME failed on patch (28672, 15360): cuDNN error: CUDNN_STATUS_NOT_INITIALIZED
    WARNING: GigaTIME failed on patch (28672, 16384): cuDNN error: CUDNN_STATUS_NOT_INITIALIZED
    WARNING: GigaTIME failed on patch (28672, 17408): cuDNN error: CUDNN_STATUS_NOT_INITIALIZED
    WARNING: GigaTIME failed on patch (28672, 18432): cuDNN error: CUDNN_STATUS_NOT_INITIALIZED
    WARNING: GigaTIME failed on patch (28672, 19456): cuDNN error: CUDNN_STATUS_NOT_INITIALIZED
    WARNING: GigaTIME failed on patch (28672, 20480): cuDNN error: CUDNN_STATUS_NOT_INITIALIZED
    WARNING: GigaTIME failed on patch (28672, 21504): cuDNN error: CUDNN_STATUS_NOT_INITIALIZED
    WARNING: GigaTIME failed on patch (28672, 22528): cuDNN error: CUDNN_STATUS_NOT_INITIALIZED
    WARNING: GigaTIME failed on patch (28672, 23552): cuDNN error: CUDNN_STATUS_NOT_INITIALIZED
    WARNING: GigaTIME failed on patch (28672, 24576): cuDNN error: CUDNN_STATUS_NOT_INITIALIZED
    WARNING: GigaTIME failed on patch (28672, 25600): cuDNN error: CUDNN_STATUS_NOT_INITIALIZED
    WARNING: GigaTIME failed on patch (28672, 26624): cuDNN error: CUDNN_STATUS_NOT_INITIALIZED
    WARNING: GigaTIME failed on patch (28672, 27648): cuDNN error: CUDNN_STATUS_NOT_INITIALIZED
    WARNING: GigaTIME failed on patch (28672, 28672): cuDNN error: CUDNN_STATUS_NOT_INITIALIZED
    WARNING: GigaTIME failed on patch (29696, 10240): cuDNN error: CUDNN_STATUS_NOT_INITIALIZED
    WARNING: GigaTIME failed on patch (29696, 11264): cuDNN error: CUDNN_STATUS_NOT_INITIALIZED
    WARNING: GigaTIME failed on patch (29696, 12288): cuDNN error: CUDNN_STATUS_NOT_INITIALIZED
    WARNING: GigaTIME failed on patch (29696, 13312): cuDNN error: CUDNN_STATUS_NOT_INITIALIZED
    WARNING: GigaTIME failed on patch (29696, 14336): cuDNN error: CUDNN_STATUS_NOT_INITIALIZED
    WARNING: GigaTIME failed on patch (29696, 15360): cuDNN error: CUDNN_STATUS_NOT_INITIALIZED
    WARNING: GigaTIME failed on patch (29696, 16384): cuDNN error: CUDNN_STATUS_NOT_INITIALIZED
    WARNING: GigaTIME failed on patch (29696, 17408): cuDNN error: CUDNN_STATUS_NOT_INITIALIZED
    WARNING: GigaTIME failed on patch (29696, 18432): cuDNN error: CUDNN_STATUS_NOT_INITIALIZED
    WARNING: GigaTIME failed on patch (29696, 19456): cuDNN error: CUDNN_STATUS_NOT_INITIALIZED
    WARNING: GigaTIME failed on patch (29696, 20480): cuDNN error: CUDNN_STATUS_NOT_INITIALIZED
    WARNING: GigaTIME failed on patch (29696, 21504): cuDNN error: CUDNN_STATUS_NOT_INITIALIZED
    WARNING: GigaTIME failed on patch (29696, 22528): cuDNN error: CUDNN_STATUS_NOT_INITIALIZED
    WARNING: GigaTIME failed on patch (29696, 23552): cuDNN error: CUDNN_STATUS_NOT_INITIALIZED
    WARNING: GigaTIME failed on patch (29696, 24576): cuDNN error: CUDNN_STATUS_NOT_INITIALIZED
    WARNING: GigaTIME failed on patch (29696, 25600): cuDNN error: CUDNN_STATUS_NOT_INITIALIZED
    WARNING: GigaTIME failed on patch (29696, 26624): cuDNN error: CUDNN_STATUS_NOT_INITIALIZED
    WARNING: GigaTIME failed on patch (29696, 27648): cuDNN error: CUDNN_STATUS_NOT_INITIALIZED
    WARNING: GigaTIME failed on patch (29696, 28672): cuDNN error: CUDNN_STATUS_NOT_INITIALIZED
    WARNING: GigaTIME failed on patch (29696, 29696): cuDNN error: CUDNN_STATUS_NOT_INITIALIZED
    WARNING: GigaTIME failed on patch (30720, 10240): cuDNN error: CUDNN_STATUS_NOT_INITIALIZED
    WARNING: GigaTIME failed on patch (30720, 11264): cuDNN error: CUDNN_STATUS_NOT_INITIALIZED
    WARNING: GigaTIME failed on patch (30720, 12288): cuDNN error: CUDNN_STATUS_NOT_INITIALIZED
    WARNING: GigaTIME failed on patch (30720, 13312): cuDNN error: CUDNN_STATUS_NOT_INITIALIZED
    WARNING: GigaTIME failed on patch (30720, 14336): cuDNN error: CUDNN_STATUS_NOT_INITIALIZED
    WARNING: GigaTIME failed on patch (30720, 15360): cuDNN error: CUDNN_STATUS_NOT_INITIALIZED
    WARNING: GigaTIME failed on patch (30720, 16384): cuDNN error: CUDNN_STATUS_NOT_INITIALIZED
    WARNING: GigaTIME failed on patch (30720, 17408): cuDNN error: CUDNN_STATUS_NOT_INITIALIZED
    WARNING: GigaTIME failed on patch (30720, 18432): cuDNN error: CUDNN_STATUS_NOT_INITIALIZED
    WARNING: GigaTIME failed on patch (30720, 19456): cuDNN error: CUDNN_STATUS_NOT_INITIALIZED
    WARNING: GigaTIME failed on patch (30720, 20480): cuDNN error: CUDNN_STATUS_NOT_INITIALIZED
    WARNING: GigaTIME failed on patch (30720, 21504): cuDNN error: CUDNN_STATUS_NOT_INITIALIZED
    WARNING: GigaTIME failed on patch (30720, 22528): cuDNN error: CUDNN_STATUS_NOT_INITIALIZED
    WARNING: GigaTIME failed on patch (30720, 23552): cuDNN error: CUDNN_STATUS_NOT_INITIALIZED
    WARNING: GigaTIME failed on patch (30720, 24576): cuDNN error: CUDNN_STATUS_NOT_INITIALIZED
    WARNING: GigaTIME failed on patch (30720, 25600): cuDNN error: CUDNN_STATUS_NOT_INITIALIZED
    WARNING: GigaTIME failed on patch (30720, 26624): cuDNN error: CUDNN_STATUS_NOT_INITIALIZED
    WARNING: GigaTIME failed on patch (30720, 27648): cuDNN error: CUDNN_STATUS_NOT_INITIALIZED
    WARNING: GigaTIME failed on patch (30720, 28672): cuDNN error: CUDNN_STATUS_NOT_INITIALIZED
    WARNING: GigaTIME failed on patch (30720, 29696): cuDNN error: CUDNN_STATUS_NOT_INITIALIZED
    WARNING: GigaTIME failed on patch (31744, 10240): cuDNN error: CUDNN_STATUS_NOT_INITIALIZED
    WARNING: GigaTIME failed on patch (31744, 11264): cuDNN error: CUDNN_STATUS_NOT_INITIALIZED
    WARNING: GigaTIME failed on patch (31744, 12288): cuDNN error: CUDNN_STATUS_NOT_INITIALIZED
    WARNING: GigaTIME failed on patch (31744, 13312): cuDNN error: CUDNN_STATUS_NOT_INITIALIZED
    WARNING: GigaTIME failed on patch (31744, 14336): cuDNN error: CUDNN_STATUS_NOT_INITIALIZED
    WARNING: GigaTIME failed on patch (31744, 15360): cuDNN error: CUDNN_STATUS_NOT_INITIALIZED
    WARNING: GigaTIME failed on patch (31744, 16384): cuDNN error: CUDNN_STATUS_NOT_INITIALIZED
    WARNING: GigaTIME failed on patch (31744, 17408): cuDNN error: CUDNN_STATUS_NOT_INITIALIZED
    WARNING: GigaTIME failed on patch (31744, 18432): cuDNN error: CUDNN_STATUS_NOT_INITIALIZED
    WARNING: GigaTIME failed on patch (31744, 19456): cuDNN error: CUDNN_STATUS_NOT_INITIALIZED
    WARNING: GigaTIME failed on patch (31744, 20480): cuDNN error: CUDNN_STATUS_NOT_INITIALIZED
    WARNING: GigaTIME failed on patch (31744, 21504): cuDNN error: CUDNN_STATUS_NOT_INITIALIZED
    WARNING: GigaTIME failed on patch (31744, 22528): cuDNN error: CUDNN_STATUS_NOT_INITIALIZED
    WARNING: GigaTIME failed on patch (31744, 23552): cuDNN error: CUDNN_STATUS_NOT_INITIALIZED
    WARNING: GigaTIME failed on patch (31744, 24576): cuDNN error: CUDNN_STATUS_NOT_INITIALIZED
    WARNING: GigaTIME failed on patch (31744, 25600): cuDNN error: CUDNN_STATUS_NOT_INITIALIZED
    WARNING: GigaTIME failed on patch (31744, 26624): cuDNN error: CUDNN_STATUS_NOT_INITIALIZED
    WARNING: GigaTIME failed on patch (31744, 27648): cuDNN error: CUDNN_STATUS_NOT_INITIALIZED
    WARNING: GigaTIME failed on patch (31744, 28672): cuDNN error: CUDNN_STATUS_NOT_INITIALIZED
    WARNING: GigaTIME failed on patch (31744, 29696): cuDNN error: CUDNN_STATUS_NOT_INITIALIZED
    WARNING: GigaTIME failed on patch (31744, 30720): cuDNN error: CUDNN_STATUS_NOT_INITIALIZED
    WARNING: GigaTIME failed on patch (32768, 10240): cuDNN error: CUDNN_STATUS_NOT_INITIALIZED
    WARNING: GigaTIME failed on patch (32768, 11264): cuDNN error: CUDNN_STATUS_NOT_INITIALIZED
    WARNING: GigaTIME failed on patch (32768, 12288): cuDNN error: CUDNN_STATUS_NOT_INITIALIZED
    WARNING: GigaTIME failed on patch (32768, 13312): cuDNN error: CUDNN_STATUS_NOT_INITIALIZED
    WARNING: GigaTIME failed on patch (32768, 14336): cuDNN error: CUDNN_STATUS_NOT_INITIALIZED
    WARNING: GigaTIME failed on patch (32768, 15360): cuDNN error: CUDNN_STATUS_NOT_INITIALIZED
    WARNING: GigaTIME failed on patch (32768, 16384): cuDNN error: CUDNN_STATUS_NOT_INITIALIZED
    WARNING: GigaTIME failed on patch (32768, 17408): cuDNN error: CUDNN_STATUS_NOT_INITIALIZED
    WARNING: GigaTIME failed on patch (32768, 18432): cuDNN error: CUDNN_STATUS_NOT_INITIALIZED
    WARNING: GigaTIME failed on patch (32768, 19456): cuDNN error: CUDNN_STATUS_NOT_INITIALIZED
    WARNING: GigaTIME failed on patch (32768, 20480): cuDNN error: CUDNN_STATUS_NOT_INITIALIZED
    WARNING: GigaTIME failed on patch (32768, 21504): cuDNN error: CUDNN_STATUS_NOT_INITIALIZED
    WARNING: GigaTIME failed on patch (32768, 22528): cuDNN error: CUDNN_STATUS_NOT_INITIALIZED
    WARNING: GigaTIME failed on patch (32768, 23552): cuDNN error: CUDNN_STATUS_NOT_INITIALIZED
    WARNING: GigaTIME failed on patch (32768, 24576): cuDNN error: CUDNN_STATUS_NOT_INITIALIZED
    WARNING: GigaTIME failed on patch (32768, 25600): cuDNN error: CUDNN_STATUS_NOT_INITIALIZED
    WARNING: GigaTIME failed on patch (32768, 26624): cuDNN error: CUDNN_STATUS_NOT_INITIALIZED
    WARNING: GigaTIME failed on patch (32768, 27648): cuDNN error: CUDNN_STATUS_NOT_INITIALIZED
    WARNING: GigaTIME failed on patch (32768, 28672): cuDNN error: CUDNN_STATUS_NOT_INITIALIZED
    WARNING: GigaTIME failed on patch (32768, 29696): cuDNN error: CUDNN_STATUS_NOT_INITIALIZED
    WARNING: GigaTIME failed on patch (32768, 30720): cuDNN error: CUDNN_STATUS_NOT_INITIALIZED
    WARNING: GigaTIME failed on patch (33792, 10240): cuDNN error: CUDNN_STATUS_NOT_INITIALIZED
    WARNING: GigaTIME failed on patch (33792, 11264): cuDNN error: CUDNN_STATUS_NOT_INITIALIZED
    WARNING: GigaTIME failed on patch (33792, 12288): cuDNN error: CUDNN_STATUS_NOT_INITIALIZED
    WARNING: GigaTIME failed on patch (33792, 13312): cuDNN error: CUDNN_STATUS_NOT_INITIALIZED
    WARNING: GigaTIME failed on patch (33792, 14336): cuDNN error: CUDNN_STATUS_NOT_INITIALIZED
    WARNING: GigaTIME failed on patch (33792, 15360): cuDNN error: CUDNN_STATUS_NOT_INITIALIZED
    WARNING: GigaTIME failed on patch (33792, 16384): cuDNN error: CUDNN_STATUS_NOT_INITIALIZED
    WARNING: GigaTIME failed on patch (33792, 17408): cuDNN error: CUDNN_STATUS_NOT_INITIALIZED
    WARNING: GigaTIME failed on patch (33792, 18432): cuDNN error: CUDNN_STATUS_NOT_INITIALIZED
    WARNING: GigaTIME failed on patch (33792, 19456): cuDNN error: CUDNN_STATUS_NOT_INITIALIZED
    WARNING: GigaTIME failed on patch (33792, 20480): cuDNN error: CUDNN_STATUS_NOT_INITIALIZED
    WARNING: GigaTIME failed on patch (33792, 21504): cuDNN error: CUDNN_STATUS_NOT_INITIALIZED
    WARNING: GigaTIME failed on patch (33792, 22528): cuDNN error: CUDNN_STATUS_NOT_INITIALIZED
    WARNING: GigaTIME failed on patch (33792, 23552): cuDNN error: CUDNN_STATUS_NOT_INITIALIZED
    WARNING: GigaTIME failed on patch (33792, 24576): cuDNN error: CUDNN_STATUS_NOT_INITIALIZED
    WARNING: GigaTIME failed on patch (33792, 25600): cuDNN error: CUDNN_STATUS_NOT_INITIALIZED
    WARNING: GigaTIME failed on patch (33792, 26624): cuDNN error: CUDNN_STATUS_NOT_INITIALIZED
    WARNING: GigaTIME failed on patch (33792, 27648): cuDNN error: CUDNN_STATUS_NOT_INITIALIZED
    WARNING: GigaTIME failed on patch (33792, 28672): cuDNN error: CUDNN_STATUS_NOT_INITIALIZED
    WARNING: GigaTIME failed on patch (33792, 29696): cuDNN error: CUDNN_STATUS_NOT_INITIALIZED
    WARNING: GigaTIME failed on patch (33792, 30720): cuDNN error: CUDNN_STATUS_NOT_INITIALIZED
    WARNING: GigaTIME failed on patch (33792, 31744): cuDNN error: CUDNN_STATUS_NOT_INITIALIZED
    WARNING: GigaTIME failed on patch (34816, 9216): cuDNN error: CUDNN_STATUS_NOT_INITIALIZED
    WARNING: GigaTIME failed on patch (34816, 10240): cuDNN error: CUDNN_STATUS_NOT_INITIALIZED
    WARNING: GigaTIME failed on patch (34816, 11264): cuDNN error: CUDNN_STATUS_NOT_INITIALIZED
    WARNING: GigaTIME failed on patch (34816, 12288): cuDNN error: CUDNN_STATUS_NOT_INITIALIZED
    WARNING: GigaTIME failed on patch (34816, 13312): cuDNN error: CUDNN_STATUS_NOT_INITIALIZED
    WARNING: GigaTIME failed on patch (34816, 14336): cuDNN error: CUDNN_STATUS_NOT_INITIALIZED
    WARNING: GigaTIME failed on patch (34816, 15360): cuDNN error: CUDNN_STATUS_NOT_INITIALIZED
    WARNING: GigaTIME failed on patch (34816, 16384): cuDNN error: CUDNN_STATUS_NOT_INITIALIZED
    WARNING: GigaTIME failed on patch (34816, 17408): cuDNN error: CUDNN_STATUS_NOT_INITIALIZED
    WARNING: GigaTIME failed on patch (34816, 18432): cuDNN error: CUDNN_STATUS_NOT_INITIALIZED
    WARNING: GigaTIME failed on patch (34816, 19456): cuDNN error: CUDNN_STATUS_NOT_INITIALIZED
    WARNING: GigaTIME failed on patch (34816, 20480): cuDNN error: CUDNN_STATUS_NOT_INITIALIZED
    WARNING: GigaTIME failed on patch (34816, 21504): cuDNN error: CUDNN_STATUS_NOT_INITIALIZED
    WARNING: GigaTIME failed on patch (34816, 22528): cuDNN error: CUDNN_STATUS_NOT_INITIALIZED
    WARNING: GigaTIME failed on patch (34816, 23552): cuDNN error: CUDNN_STATUS_NOT_INITIALIZED
    WARNING: GigaTIME failed on patch (34816, 24576): cuDNN error: CUDNN_STATUS_NOT_INITIALIZED
    WARNING: GigaTIME failed on patch (34816, 25600): cuDNN error: CUDNN_STATUS_NOT_INITIALIZED
    WARNING: GigaTIME failed on patch (34816, 26624): cuDNN error: CUDNN_STATUS_NOT_INITIALIZED
    WARNING: GigaTIME failed on patch (34816, 27648): cuDNN error: CUDNN_STATUS_NOT_INITIALIZED
    WARNING: GigaTIME failed on patch (34816, 28672): cuDNN error: CUDNN_STATUS_NOT_INITIALIZED
    WARNING: GigaTIME failed on patch (34816, 29696): cuDNN error: CUDNN_STATUS_NOT_INITIALIZED
    WARNING: GigaTIME failed on patch (34816, 30720): cuDNN error: CUDNN_STATUS_NOT_INITIALIZED
    WARNING: GigaTIME failed on patch (34816, 31744): cuDNN error: CUDNN_STATUS_NOT_INITIALIZED
    WARNING: GigaTIME failed on patch (35840, 9216): cuDNN error: CUDNN_STATUS_NOT_INITIALIZED
    WARNING: GigaTIME failed on patch (35840, 10240): cuDNN error: CUDNN_STATUS_NOT_INITIALIZED
    WARNING: GigaTIME failed on patch (35840, 11264): cuDNN error: CUDNN_STATUS_NOT_INITIALIZED
    WARNING: GigaTIME failed on patch (35840, 12288): cuDNN error: CUDNN_STATUS_NOT_INITIALIZED
    WARNING: GigaTIME failed on patch (35840, 13312): cuDNN error: CUDNN_STATUS_NOT_INITIALIZED
    WARNING: GigaTIME failed on patch (35840, 14336): cuDNN error: CUDNN_STATUS_NOT_INITIALIZED
    WARNING: GigaTIME failed on patch (35840, 15360): cuDNN error: CUDNN_STATUS_NOT_INITIALIZED
    WARNING: GigaTIME failed on patch (35840, 16384): cuDNN error: CUDNN_STATUS_NOT_INITIALIZED
    WARNING: GigaTIME failed on patch (35840, 17408): cuDNN error: CUDNN_STATUS_NOT_INITIALIZED
    WARNING: GigaTIME failed on patch (35840, 18432): cuDNN error: CUDNN_STATUS_NOT_INITIALIZED
    WARNING: GigaTIME failed on patch (35840, 19456): cuDNN error: CUDNN_STATUS_NOT_INITIALIZED
    WARNING: GigaTIME failed on patch (35840, 20480): cuDNN error: CUDNN_STATUS_NOT_INITIALIZED
    WARNING: GigaTIME failed on patch (35840, 21504): cuDNN error: CUDNN_STATUS_NOT_INITIALIZED
    WARNING: GigaTIME failed on patch (35840, 22528): cuDNN error: CUDNN_STATUS_NOT_INITIALIZED
    WARNING: GigaTIME failed on patch (35840, 23552): cuDNN error: CUDNN_STATUS_NOT_INITIALIZED
    WARNING: GigaTIME failed on patch (35840, 24576): cuDNN error: CUDNN_STATUS_NOT_INITIALIZED
    WARNING: GigaTIME failed on patch (35840, 25600): cuDNN error: CUDNN_STATUS_NOT_INITIALIZED
    WARNING: GigaTIME failed on patch (35840, 26624): cuDNN error: CUDNN_STATUS_NOT_INITIALIZED
    WARNING: GigaTIME failed on patch (35840, 27648): cuDNN error: CUDNN_STATUS_NOT_INITIALIZED
    WARNING: GigaTIME failed on patch (35840, 28672): cuDNN error: CUDNN_STATUS_NOT_INITIALIZED
    WARNING: GigaTIME failed on patch (35840, 29696): cuDNN error: CUDNN_STATUS_NOT_INITIALIZED
    WARNING: GigaTIME failed on patch (35840, 30720): cuDNN error: CUDNN_STATUS_NOT_INITIALIZED
    WARNING: GigaTIME failed on patch (35840, 31744): cuDNN error: CUDNN_STATUS_NOT_INITIALIZED
    WARNING: GigaTIME failed on patch (35840, 32768): cuDNN error: CUDNN_STATUS_NOT_INITIALIZED
    WARNING: GigaTIME failed on patch (35840, 33792): cuDNN error: CUDNN_STATUS_NOT_INITIALIZED
    WARNING: GigaTIME failed on patch (36864, 9216): cuDNN error: CUDNN_STATUS_NOT_INITIALIZED
    WARNING: GigaTIME failed on patch (36864, 10240): cuDNN error: CUDNN_STATUS_NOT_INITIALIZED
    WARNING: GigaTIME failed on patch (36864, 11264): cuDNN error: CUDNN_STATUS_NOT_INITIALIZED
    WARNING: GigaTIME failed on patch (36864, 12288): cuDNN error: CUDNN_STATUS_NOT_INITIALIZED
    WARNING: GigaTIME failed on patch (36864, 13312): cuDNN error: CUDNN_STATUS_NOT_INITIALIZED
    WARNING: GigaTIME failed on patch (36864, 14336): cuDNN error: CUDNN_STATUS_NOT_INITIALIZED
    WARNING: GigaTIME failed on patch (36864, 15360): cuDNN error: CUDNN_STATUS_NOT_INITIALIZED
    WARNING: GigaTIME failed on patch (36864, 16384): cuDNN error: CUDNN_STATUS_NOT_INITIALIZED
    WARNING: GigaTIME failed on patch (36864, 17408): cuDNN error: CUDNN_STATUS_NOT_INITIALIZED
    WARNING: GigaTIME failed on patch (36864, 18432): cuDNN error: CUDNN_STATUS_NOT_INITIALIZED
    WARNING: GigaTIME failed on patch (36864, 19456): cuDNN error: CUDNN_STATUS_NOT_INITIALIZED
    WARNING: GigaTIME failed on patch (36864, 20480): cuDNN error: CUDNN_STATUS_NOT_INITIALIZED
    WARNING: GigaTIME failed on patch (36864, 21504): cuDNN error: CUDNN_STATUS_NOT_INITIALIZED
    WARNING: GigaTIME failed on patch (36864, 22528): cuDNN error: CUDNN_STATUS_NOT_INITIALIZED
    WARNING: GigaTIME failed on patch (36864, 23552): cuDNN error: CUDNN_STATUS_NOT_INITIALIZED
    WARNING: GigaTIME failed on patch (36864, 24576): cuDNN error: CUDNN_STATUS_NOT_INITIALIZED
    WARNING: GigaTIME failed on patch (36864, 25600): cuDNN error: CUDNN_STATUS_NOT_INITIALIZED
    WARNING: GigaTIME failed on patch (36864, 26624): cuDNN error: CUDNN_STATUS_NOT_INITIALIZED
    WARNING: GigaTIME failed on patch (36864, 27648): cuDNN error: CUDNN_STATUS_NOT_INITIALIZED
    WARNING: GigaTIME failed on patch (36864, 28672): cuDNN error: CUDNN_STATUS_NOT_INITIALIZED
    WARNING: GigaTIME failed on patch (36864, 29696): cuDNN error: CUDNN_STATUS_NOT_INITIALIZED
    WARNING: GigaTIME failed on patch (36864, 30720): cuDNN error: CUDNN_STATUS_NOT_INITIALIZED
    WARNING: GigaTIME failed on patch (36864, 31744): cuDNN error: CUDNN_STATUS_NOT_INITIALIZED
    WARNING: GigaTIME failed on patch (36864, 32768): cuDNN error: CUDNN_STATUS_NOT_INITIALIZED
    WARNING: GigaTIME failed on patch (36864, 33792): cuDNN error: CUDNN_STATUS_NOT_INITIALIZED
    WARNING: GigaTIME failed on patch (37888, 9216): cuDNN error: CUDNN_STATUS_NOT_INITIALIZED
    WARNING: GigaTIME failed on patch (37888, 10240): cuDNN error: CUDNN_STATUS_NOT_INITIALIZED
    WARNING: GigaTIME failed on patch (37888, 11264): cuDNN error: CUDNN_STATUS_NOT_INITIALIZED
    WARNING: GigaTIME failed on patch (37888, 12288): cuDNN error: CUDNN_STATUS_NOT_INITIALIZED
    WARNING: GigaTIME failed on patch (37888, 13312): cuDNN error: CUDNN_STATUS_NOT_INITIALIZED
    WARNING: GigaTIME failed on patch (37888, 14336): cuDNN error: CUDNN_STATUS_NOT_INITIALIZED
    WARNING: GigaTIME failed on patch (37888, 15360): cuDNN error: CUDNN_STATUS_NOT_INITIALIZED
    WARNING: GigaTIME failed on patch (37888, 16384): cuDNN error: CUDNN_STATUS_NOT_INITIALIZED
    WARNING: GigaTIME failed on patch (37888, 17408): cuDNN error: CUDNN_STATUS_NOT_INITIALIZED
    WARNING: GigaTIME failed on patch (37888, 18432): cuDNN error: CUDNN_STATUS_NOT_INITIALIZED
    WARNING: GigaTIME failed on patch (37888, 19456): cuDNN error: CUDNN_STATUS_NOT_INITIALIZED
    WARNING: GigaTIME failed on patch (37888, 20480): cuDNN error: CUDNN_STATUS_NOT_INITIALIZED
    WARNING: GigaTIME failed on patch (37888, 21504): cuDNN error: CUDNN_STATUS_NOT_INITIALIZED
    WARNING: GigaTIME failed on patch (37888, 22528): cuDNN error: CUDNN_STATUS_NOT_INITIALIZED
    WARNING: GigaTIME failed on patch (37888, 23552): cuDNN error: CUDNN_STATUS_NOT_INITIALIZED
    WARNING: GigaTIME failed on patch (37888, 24576): cuDNN error: CUDNN_STATUS_NOT_INITIALIZED
    WARNING: GigaTIME failed on patch (37888, 25600): cuDNN error: CUDNN_STATUS_NOT_INITIALIZED
    WARNING: GigaTIME failed on patch (37888, 26624): cuDNN error: CUDNN_STATUS_NOT_INITIALIZED
    WARNING: GigaTIME failed on patch (37888, 27648): cuDNN error: CUDNN_STATUS_NOT_INITIALIZED
    WARNING: GigaTIME failed on patch (37888, 28672): cuDNN error: CUDNN_STATUS_NOT_INITIALIZED
    WARNING: GigaTIME failed on patch (37888, 29696): cuDNN error: CUDNN_STATUS_NOT_INITIALIZED
    WARNING: GigaTIME failed on patch (37888, 30720): cuDNN error: CUDNN_STATUS_NOT_INITIALIZED
    WARNING: GigaTIME failed on patch (37888, 31744): cuDNN error: CUDNN_STATUS_NOT_INITIALIZED
    WARNING: GigaTIME failed on patch (37888, 32768): cuDNN error: CUDNN_STATUS_NOT_INITIALIZED
    WARNING: GigaTIME failed on patch (37888, 33792): cuDNN error: CUDNN_STATUS_NOT_INITIALIZED
    WARNING: GigaTIME failed on patch (37888, 34816): cuDNN error: CUDNN_STATUS_NOT_INITIALIZED
    WARNING: GigaTIME failed on patch (38912, 9216): cuDNN error: CUDNN_STATUS_NOT_INITIALIZED
    WARNING: GigaTIME failed on patch (38912, 10240): cuDNN error: CUDNN_STATUS_NOT_INITIALIZED
    WARNING: GigaTIME failed on patch (38912, 11264): cuDNN error: CUDNN_STATUS_NOT_INITIALIZED
    WARNING: GigaTIME failed on patch (38912, 12288): cuDNN error: CUDNN_STATUS_NOT_INITIALIZED
    WARNING: GigaTIME failed on patch (38912, 13312): cuDNN error: CUDNN_STATUS_NOT_INITIALIZED
    WARNING: GigaTIME failed on patch (38912, 14336): cuDNN error: CUDNN_STATUS_NOT_INITIALIZED
    WARNING: GigaTIME failed on patch (38912, 15360): cuDNN error: CUDNN_STATUS_NOT_INITIALIZED
    WARNING: GigaTIME failed on patch (38912, 16384): cuDNN error: CUDNN_STATUS_NOT_INITIALIZED
    WARNING: GigaTIME failed on patch (38912, 17408): cuDNN error: CUDNN_STATUS_NOT_INITIALIZED
    WARNING: GigaTIME failed on patch (38912, 18432): cuDNN error: CUDNN_STATUS_NOT_INITIALIZED
    WARNING: GigaTIME failed on patch (38912, 19456): cuDNN error: CUDNN_STATUS_NOT_INITIALIZED
    WARNING: GigaTIME failed on patch (38912, 20480): cuDNN error: CUDNN_STATUS_NOT_INITIALIZED
    WARNING: GigaTIME failed on patch (38912, 21504): cuDNN error: CUDNN_STATUS_NOT_INITIALIZED
    WARNING: GigaTIME failed on patch (38912, 22528): cuDNN error: CUDNN_STATUS_NOT_INITIALIZED
    WARNING: GigaTIME failed on patch (38912, 23552): cuDNN error: CUDNN_STATUS_NOT_INITIALIZED
    WARNING: GigaTIME failed on patch (38912, 24576): cuDNN error: CUDNN_STATUS_NOT_INITIALIZED
    WARNING: GigaTIME failed on patch (38912, 25600): cuDNN error: CUDNN_STATUS_NOT_INITIALIZED
    WARNING: GigaTIME failed on patch (38912, 26624): cuDNN error: CUDNN_STATUS_NOT_INITIALIZED
    WARNING: GigaTIME failed on patch (38912, 27648): cuDNN error: CUDNN_STATUS_NOT_INITIALIZED
    WARNING: GigaTIME failed on patch (38912, 28672): cuDNN error: CUDNN_STATUS_NOT_INITIALIZED
    WARNING: GigaTIME failed on patch (38912, 29696): cuDNN error: CUDNN_STATUS_NOT_INITIALIZED
    WARNING: GigaTIME failed on patch (38912, 30720): cuDNN error: CUDNN_STATUS_NOT_INITIALIZED
    WARNING: GigaTIME failed on patch (38912, 31744): cuDNN error: CUDNN_STATUS_NOT_INITIALIZED
    WARNING: GigaTIME failed on patch (38912, 32768): cuDNN error: CUDNN_STATUS_NOT_INITIALIZED
    WARNING: GigaTIME failed on patch (38912, 33792): cuDNN error: CUDNN_STATUS_NOT_INITIALIZED
    WARNING: GigaTIME failed on patch (38912, 34816): cuDNN error: CUDNN_STATUS_NOT_INITIALIZED
    WARNING: GigaTIME failed on patch (39936, 9216): cuDNN error: CUDNN_STATUS_NOT_INITIALIZED
    WARNING: GigaTIME failed on patch (39936, 10240): cuDNN error: CUDNN_STATUS_NOT_INITIALIZED
    WARNING: GigaTIME failed on patch (39936, 11264): cuDNN error: CUDNN_STATUS_NOT_INITIALIZED
    WARNING: GigaTIME failed on patch (39936, 12288): cuDNN error: CUDNN_STATUS_NOT_INITIALIZED
    WARNING: GigaTIME failed on patch (39936, 13312): cuDNN error: CUDNN_STATUS_NOT_INITIALIZED
    WARNING: GigaTIME failed on patch (39936, 14336): cuDNN error: CUDNN_STATUS_NOT_INITIALIZED
    WARNING: GigaTIME failed on patch (39936, 15360): cuDNN error: CUDNN_STATUS_NOT_INITIALIZED
    WARNING: GigaTIME failed on patch (39936, 16384): cuDNN error: CUDNN_STATUS_NOT_INITIALIZED
    WARNING: GigaTIME failed on patch (39936, 17408): cuDNN error: CUDNN_STATUS_NOT_INITIALIZED
    WARNING: GigaTIME failed on patch (39936, 18432): cuDNN error: CUDNN_STATUS_NOT_INITIALIZED
    WARNING: GigaTIME failed on patch (39936, 19456): cuDNN error: CUDNN_STATUS_NOT_INITIALIZED
    WARNING: GigaTIME failed on patch (39936, 20480): cuDNN error: CUDNN_STATUS_NOT_INITIALIZED
    WARNING: GigaTIME failed on patch (39936, 21504): cuDNN error: CUDNN_STATUS_NOT_INITIALIZED
    WARNING: GigaTIME failed on patch (39936, 22528): cuDNN error: CUDNN_STATUS_NOT_INITIALIZED
    WARNING: GigaTIME failed on patch (39936, 23552): cuDNN error: CUDNN_STATUS_NOT_INITIALIZED
    WARNING: GigaTIME failed on patch (39936, 24576): cuDNN error: CUDNN_STATUS_NOT_INITIALIZED
    WARNING: GigaTIME failed on patch (39936, 25600): cuDNN error: CUDNN_STATUS_NOT_INITIALIZED
    WARNING: GigaTIME failed on patch (39936, 26624): cuDNN error: CUDNN_STATUS_NOT_INITIALIZED
    WARNING: GigaTIME failed on patch (39936, 27648): cuDNN error: CUDNN_STATUS_NOT_INITIALIZED
    WARNING: GigaTIME failed on patch (39936, 28672): cuDNN error: CUDNN_STATUS_NOT_INITIALIZED
    WARNING: GigaTIME failed on patch (39936, 29696): cuDNN error: CUDNN_STATUS_NOT_INITIALIZED
    WARNING: GigaTIME failed on patch (39936, 30720): cuDNN error: CUDNN_STATUS_NOT_INITIALIZED
    WARNING: GigaTIME failed on patch (39936, 31744): cuDNN error: CUDNN_STATUS_NOT_INITIALIZED
    WARNING: GigaTIME failed on patch (39936, 32768): cuDNN error: CUDNN_STATUS_NOT_INITIALIZED
    WARNING: GigaTIME failed on patch (39936, 33792): cuDNN error: CUDNN_STATUS_NOT_INITIALIZED
    WARNING: GigaTIME failed on patch (39936, 34816): cuDNN error: CUDNN_STATUS_NOT_INITIALIZED
    WARNING: GigaTIME failed on patch (39936, 35840): cuDNN error: CUDNN_STATUS_NOT_INITIALIZED
    WARNING: GigaTIME failed on patch (40960, 9216): cuDNN error: CUDNN_STATUS_NOT_INITIALIZED
    WARNING: GigaTIME failed on patch (40960, 10240): cuDNN error: CUDNN_STATUS_NOT_INITIALIZED
    WARNING: GigaTIME failed on patch (40960, 11264): cuDNN error: CUDNN_STATUS_NOT_INITIALIZED
    WARNING: GigaTIME failed on patch (40960, 12288): cuDNN error: CUDNN_STATUS_NOT_INITIALIZED
    WARNING: GigaTIME failed on patch (40960, 13312): cuDNN error: CUDNN_STATUS_NOT_INITIALIZED
    WARNING: GigaTIME failed on patch (40960, 14336): cuDNN error: CUDNN_STATUS_NOT_INITIALIZED
    WARNING: GigaTIME failed on patch (40960, 15360): cuDNN error: CUDNN_STATUS_NOT_INITIALIZED
    WARNING: GigaTIME failed on patch (40960, 16384): cuDNN error: CUDNN_STATUS_NOT_INITIALIZED
    WARNING: GigaTIME failed on patch (40960, 17408): cuDNN error: CUDNN_STATUS_NOT_INITIALIZED
    WARNING: GigaTIME failed on patch (40960, 18432): cuDNN error: CUDNN_STATUS_NOT_INITIALIZED
    WARNING: GigaTIME failed on patch (40960, 19456): cuDNN error: CUDNN_STATUS_NOT_INITIALIZED
    WARNING: GigaTIME failed on patch (40960, 20480): cuDNN error: CUDNN_STATUS_NOT_INITIALIZED
    WARNING: GigaTIME failed on patch (40960, 21504): cuDNN error: CUDNN_STATUS_NOT_INITIALIZED
    WARNING: GigaTIME failed on patch (40960, 22528): cuDNN error: CUDNN_STATUS_NOT_INITIALIZED
    WARNING: GigaTIME failed on patch (40960, 23552): cuDNN error: CUDNN_STATUS_NOT_INITIALIZED
    WARNING: GigaTIME failed on patch (40960, 24576): cuDNN error: CUDNN_STATUS_NOT_INITIALIZED
    WARNING: GigaTIME failed on patch (40960, 25600): cuDNN error: CUDNN_STATUS_NOT_INITIALIZED
    WARNING: GigaTIME failed on patch (40960, 26624): cuDNN error: CUDNN_STATUS_NOT_INITIALIZED
    WARNING: GigaTIME failed on patch (40960, 27648): cuDNN error: CUDNN_STATUS_NOT_INITIALIZED
    WARNING: GigaTIME failed on patch (40960, 28672): cuDNN error: CUDNN_STATUS_NOT_INITIALIZED
    WARNING: GigaTIME failed on patch (40960, 29696): cuDNN error: CUDNN_STATUS_NOT_INITIALIZED
    WARNING: GigaTIME failed on patch (40960, 30720): cuDNN error: CUDNN_STATUS_NOT_INITIALIZED
    WARNING: GigaTIME failed on patch (40960, 31744): cuDNN error: CUDNN_STATUS_NOT_INITIALIZED
    WARNING: GigaTIME failed on patch (40960, 32768): cuDNN error: CUDNN_STATUS_NOT_INITIALIZED
    WARNING: GigaTIME failed on patch (40960, 33792): cuDNN error: CUDNN_STATUS_NOT_INITIALIZED
    WARNING: GigaTIME failed on patch (40960, 34816): cuDNN error: CUDNN_STATUS_NOT_INITIALIZED
    WARNING: GigaTIME failed on patch (40960, 35840): cuDNN error: CUDNN_STATUS_NOT_INITIALIZED
    WARNING: GigaTIME failed on patch (41984, 9216): cuDNN error: CUDNN_STATUS_NOT_INITIALIZED
    WARNING: GigaTIME failed on patch (41984, 10240): cuDNN error: CUDNN_STATUS_NOT_INITIALIZED
    WARNING: GigaTIME failed on patch (41984, 11264): cuDNN error: CUDNN_STATUS_NOT_INITIALIZED
    WARNING: GigaTIME failed on patch (41984, 12288): cuDNN error: CUDNN_STATUS_NOT_INITIALIZED
    WARNING: GigaTIME failed on patch (41984, 13312): cuDNN error: CUDNN_STATUS_NOT_INITIALIZED
    WARNING: GigaTIME failed on patch (41984, 14336): cuDNN error: CUDNN_STATUS_NOT_INITIALIZED
    WARNING: GigaTIME failed on patch (41984, 15360): cuDNN error: CUDNN_STATUS_NOT_INITIALIZED
    WARNING: GigaTIME failed on patch (41984, 16384): cuDNN error: CUDNN_STATUS_NOT_INITIALIZED
    WARNING: GigaTIME failed on patch (41984, 17408): cuDNN error: CUDNN_STATUS_NOT_INITIALIZED
    WARNING: GigaTIME failed on patch (41984, 18432): cuDNN error: CUDNN_STATUS_NOT_INITIALIZED
    WARNING: GigaTIME failed on patch (41984, 19456): cuDNN error: CUDNN_STATUS_NOT_INITIALIZED
    WARNING: GigaTIME failed on patch (41984, 20480): cuDNN error: CUDNN_STATUS_NOT_INITIALIZED
    WARNING: GigaTIME failed on patch (41984, 21504): cuDNN error: CUDNN_STATUS_NOT_INITIALIZED
    WARNING: GigaTIME failed on patch (41984, 22528): cuDNN error: CUDNN_STATUS_NOT_INITIALIZED
    WARNING: GigaTIME failed on patch (41984, 23552): cuDNN error: CUDNN_STATUS_NOT_INITIALIZED
    WARNING: GigaTIME failed on patch (41984, 24576): cuDNN error: CUDNN_STATUS_NOT_INITIALIZED
    WARNING: GigaTIME failed on patch (41984, 25600): cuDNN error: CUDNN_STATUS_NOT_INITIALIZED
    WARNING: GigaTIME failed on patch (41984, 26624): cuDNN error: CUDNN_STATUS_NOT_INITIALIZED
    WARNING: GigaTIME failed on patch (41984, 27648): cuDNN error: CUDNN_STATUS_NOT_INITIALIZED
    WARNING: GigaTIME failed on patch (41984, 28672): cuDNN error: CUDNN_STATUS_NOT_INITIALIZED
    WARNING: GigaTIME failed on patch (41984, 29696): cuDNN error: CUDNN_STATUS_NOT_INITIALIZED
    WARNING: GigaTIME failed on patch (41984, 30720): cuDNN error: CUDNN_STATUS_NOT_INITIALIZED
    WARNING: GigaTIME failed on patch (41984, 31744): cuDNN error: CUDNN_STATUS_NOT_INITIALIZED
    WARNING: GigaTIME failed on patch (41984, 32768): cuDNN error: CUDNN_STATUS_NOT_INITIALIZED
    WARNING: GigaTIME failed on patch (41984, 33792): cuDNN error: CUDNN_STATUS_NOT_INITIALIZED
    WARNING: GigaTIME failed on patch (41984, 34816): cuDNN error: CUDNN_STATUS_NOT_INITIALIZED
    WARNING: GigaTIME failed on patch (41984, 35840): cuDNN error: CUDNN_STATUS_NOT_INITIALIZED
    WARNING: GigaTIME failed on patch (43008, 9216): cuDNN error: CUDNN_STATUS_NOT_INITIALIZED
    WARNING: GigaTIME failed on patch (43008, 10240): cuDNN error: CUDNN_STATUS_NOT_INITIALIZED
    WARNING: GigaTIME failed on patch (43008, 11264): cuDNN error: CUDNN_STATUS_NOT_INITIALIZED
    WARNING: GigaTIME failed on patch (43008, 12288): cuDNN error: CUDNN_STATUS_NOT_INITIALIZED
    WARNING: GigaTIME failed on patch (43008, 13312): cuDNN error: CUDNN_STATUS_NOT_INITIALIZED
    WARNING: GigaTIME failed on patch (43008, 14336): cuDNN error: CUDNN_STATUS_NOT_INITIALIZED
    WARNING: GigaTIME failed on patch (43008, 15360): cuDNN error: CUDNN_STATUS_NOT_INITIALIZED
    WARNING: GigaTIME failed on patch (43008, 16384): cuDNN error: CUDNN_STATUS_NOT_INITIALIZED
    WARNING: GigaTIME failed on patch (43008, 17408): cuDNN error: CUDNN_STATUS_NOT_INITIALIZED
    WARNING: GigaTIME failed on patch (43008, 18432): cuDNN error: CUDNN_STATUS_NOT_INITIALIZED
    WARNING: GigaTIME failed on patch (43008, 19456): cuDNN error: CUDNN_STATUS_NOT_INITIALIZED
    WARNING: GigaTIME failed on patch (43008, 20480): cuDNN error: CUDNN_STATUS_NOT_INITIALIZED
    WARNING: GigaTIME failed on patch (43008, 21504): cuDNN error: CUDNN_STATUS_NOT_INITIALIZED
    WARNING: GigaTIME failed on patch (43008, 22528): cuDNN error: CUDNN_STATUS_NOT_INITIALIZED
    WARNING: GigaTIME failed on patch (43008, 23552): cuDNN error: CUDNN_STATUS_NOT_INITIALIZED
    WARNING: GigaTIME failed on patch (43008, 24576): cuDNN error: CUDNN_STATUS_NOT_INITIALIZED
    WARNING: GigaTIME failed on patch (43008, 25600): cuDNN error: CUDNN_STATUS_NOT_INITIALIZED
    WARNING: GigaTIME failed on patch (43008, 26624): cuDNN error: CUDNN_STATUS_NOT_INITIALIZED
    WARNING: GigaTIME failed on patch (43008, 27648): cuDNN error: CUDNN_STATUS_NOT_INITIALIZED
    WARNING: GigaTIME failed on patch (43008, 28672): cuDNN error: CUDNN_STATUS_NOT_INITIALIZED
    WARNING: GigaTIME failed on patch (43008, 29696): cuDNN error: CUDNN_STATUS_NOT_INITIALIZED
    WARNING: GigaTIME failed on patch (43008, 30720): cuDNN error: CUDNN_STATUS_NOT_INITIALIZED
    WARNING: GigaTIME failed on patch (43008, 31744): cuDNN error: CUDNN_STATUS_NOT_INITIALIZED
    WARNING: GigaTIME failed on patch (43008, 32768): cuDNN error: CUDNN_STATUS_NOT_INITIALIZED
    WARNING: GigaTIME failed on patch (43008, 33792): cuDNN error: CUDNN_STATUS_NOT_INITIALIZED
    WARNING: GigaTIME failed on patch (43008, 34816): cuDNN error: CUDNN_STATUS_NOT_INITIALIZED
    WARNING: GigaTIME failed on patch (43008, 35840): cuDNN error: CUDNN_STATUS_NOT_INITIALIZED
    WARNING: GigaTIME failed on patch (44032, 9216): cuDNN error: CUDNN_STATUS_NOT_INITIALIZED
    WARNING: GigaTIME failed on patch (44032, 10240): cuDNN error: CUDNN_STATUS_NOT_INITIALIZED
    WARNING: GigaTIME failed on patch (44032, 11264): cuDNN error: CUDNN_STATUS_NOT_INITIALIZED
    WARNING: GigaTIME failed on patch (44032, 12288): cuDNN error: CUDNN_STATUS_NOT_INITIALIZED
    WARNING: GigaTIME failed on patch (44032, 13312): cuDNN error: CUDNN_STATUS_NOT_INITIALIZED
    WARNING: GigaTIME failed on patch (44032, 14336): cuDNN error: CUDNN_STATUS_NOT_INITIALIZED
    WARNING: GigaTIME failed on patch (44032, 15360): cuDNN error: CUDNN_STATUS_NOT_INITIALIZED
    WARNING: GigaTIME failed on patch (44032, 16384): cuDNN error: CUDNN_STATUS_NOT_INITIALIZED
    WARNING: GigaTIME failed on patch (44032, 17408): cuDNN error: CUDNN_STATUS_NOT_INITIALIZED
    WARNING: GigaTIME failed on patch (44032, 18432): cuDNN error: CUDNN_STATUS_NOT_INITIALIZED
    WARNING: GigaTIME failed on patch (44032, 19456): cuDNN error: CUDNN_STATUS_NOT_INITIALIZED
    WARNING: GigaTIME failed on patch (44032, 20480): cuDNN error: CUDNN_STATUS_NOT_INITIALIZED
    WARNING: GigaTIME failed on patch (44032, 21504): cuDNN error: CUDNN_STATUS_NOT_INITIALIZED
    WARNING: GigaTIME failed on patch (44032, 22528): cuDNN error: CUDNN_STATUS_NOT_INITIALIZED
    WARNING: GigaTIME failed on patch (44032, 23552): cuDNN error: CUDNN_STATUS_NOT_INITIALIZED
    WARNING: GigaTIME failed on patch (44032, 24576): cuDNN error: CUDNN_STATUS_NOT_INITIALIZED
    WARNING: GigaTIME failed on patch (44032, 25600): cuDNN error: CUDNN_STATUS_NOT_INITIALIZED
    WARNING: GigaTIME failed on patch (44032, 26624): cuDNN error: CUDNN_STATUS_NOT_INITIALIZED
    WARNING: GigaTIME failed on patch (44032, 27648): cuDNN error: CUDNN_STATUS_NOT_INITIALIZED
    WARNING: GigaTIME failed on patch (44032, 28672): cuDNN error: CUDNN_STATUS_NOT_INITIALIZED
    WARNING: GigaTIME failed on patch (44032, 29696): cuDNN error: CUDNN_STATUS_NOT_INITIALIZED
    WARNING: GigaTIME failed on patch (44032, 30720): cuDNN error: CUDNN_STATUS_NOT_INITIALIZED
    WARNING: GigaTIME failed on patch (44032, 31744): cuDNN error: CUDNN_STATUS_NOT_INITIALIZED
    WARNING: GigaTIME failed on patch (44032, 32768): cuDNN error: CUDNN_STATUS_NOT_INITIALIZED
    WARNING: GigaTIME failed on patch (44032, 33792): cuDNN error: CUDNN_STATUS_NOT_INITIALIZED
    WARNING: GigaTIME failed on patch (44032, 34816): cuDNN error: CUDNN_STATUS_NOT_INITIALIZED
    WARNING: GigaTIME failed on patch (44032, 35840): cuDNN error: CUDNN_STATUS_NOT_INITIALIZED
    WARNING: GigaTIME failed on patch (44032, 36864): cuDNN error: CUDNN_STATUS_NOT_INITIALIZED
    WARNING: GigaTIME failed on patch (45056, 9216): cuDNN error: CUDNN_STATUS_NOT_INITIALIZED
    WARNING: GigaTIME failed on patch (45056, 10240): cuDNN error: CUDNN_STATUS_NOT_INITIALIZED
    WARNING: GigaTIME failed on patch (45056, 11264): cuDNN error: CUDNN_STATUS_NOT_INITIALIZED
    WARNING: GigaTIME failed on patch (45056, 12288): cuDNN error: CUDNN_STATUS_NOT_INITIALIZED
    WARNING: GigaTIME failed on patch (45056, 13312): cuDNN error: CUDNN_STATUS_NOT_INITIALIZED
    WARNING: GigaTIME failed on patch (45056, 14336): cuDNN error: CUDNN_STATUS_NOT_INITIALIZED
    WARNING: GigaTIME failed on patch (45056, 15360): cuDNN error: CUDNN_STATUS_NOT_INITIALIZED
    WARNING: GigaTIME failed on patch (45056, 16384): cuDNN error: CUDNN_STATUS_NOT_INITIALIZED
    WARNING: GigaTIME failed on patch (45056, 17408): cuDNN error: CUDNN_STATUS_NOT_INITIALIZED
    WARNING: GigaTIME failed on patch (45056, 18432): cuDNN error: CUDNN_STATUS_NOT_INITIALIZED
    WARNING: GigaTIME failed on patch (45056, 19456): cuDNN error: CUDNN_STATUS_NOT_INITIALIZED
    WARNING: GigaTIME failed on patch (45056, 20480): cuDNN error: CUDNN_STATUS_NOT_INITIALIZED
    WARNING: GigaTIME failed on patch (45056, 21504): cuDNN error: CUDNN_STATUS_NOT_INITIALIZED
    WARNING: GigaTIME failed on patch (45056, 22528): cuDNN error: CUDNN_STATUS_NOT_INITIALIZED
    WARNING: GigaTIME failed on patch (45056, 23552): cuDNN error: CUDNN_STATUS_NOT_INITIALIZED
    WARNING: GigaTIME failed on patch (45056, 24576): cuDNN error: CUDNN_STATUS_NOT_INITIALIZED
    WARNING: GigaTIME failed on patch (45056, 25600): cuDNN error: CUDNN_STATUS_NOT_INITIALIZED
    WARNING: GigaTIME failed on patch (45056, 26624): cuDNN error: CUDNN_STATUS_NOT_INITIALIZED
    WARNING: GigaTIME failed on patch (45056, 27648): cuDNN error: CUDNN_STATUS_NOT_INITIALIZED
    WARNING: GigaTIME failed on patch (45056, 28672): cuDNN error: CUDNN_STATUS_NOT_INITIALIZED
    WARNING: GigaTIME failed on patch (45056, 29696): cuDNN error: CUDNN_STATUS_NOT_INITIALIZED
    WARNING: GigaTIME failed on patch (45056, 30720): cuDNN error: CUDNN_STATUS_NOT_INITIALIZED
    WARNING: GigaTIME failed on patch (45056, 31744): cuDNN error: CUDNN_STATUS_NOT_INITIALIZED
    WARNING: GigaTIME failed on patch (45056, 32768): cuDNN error: CUDNN_STATUS_NOT_INITIALIZED
    WARNING: GigaTIME failed on patch (45056, 33792): cuDNN error: CUDNN_STATUS_NOT_INITIALIZED
    WARNING: GigaTIME failed on patch (45056, 34816): cuDNN error: CUDNN_STATUS_NOT_INITIALIZED
    WARNING: GigaTIME failed on patch (45056, 35840): cuDNN error: CUDNN_STATUS_NOT_INITIALIZED
    WARNING: GigaTIME failed on patch (45056, 36864): cuDNN error: CUDNN_STATUS_NOT_INITIALIZED
    WARNING: GigaTIME failed on patch (45056, 37888): cuDNN error: CUDNN_STATUS_NOT_INITIALIZED
    WARNING: GigaTIME failed on patch (46080, 9216): cuDNN error: CUDNN_STATUS_NOT_INITIALIZED
    WARNING: GigaTIME failed on patch (46080, 10240): cuDNN error: CUDNN_STATUS_NOT_INITIALIZED
    WARNING: GigaTIME failed on patch (46080, 11264): cuDNN error: CUDNN_STATUS_NOT_INITIALIZED
    WARNING: GigaTIME failed on patch (46080, 12288): cuDNN error: CUDNN_STATUS_NOT_INITIALIZED
    WARNING: GigaTIME failed on patch (46080, 13312): cuDNN error: CUDNN_STATUS_NOT_INITIALIZED
    WARNING: GigaTIME failed on patch (46080, 14336): cuDNN error: CUDNN_STATUS_NOT_INITIALIZED
    WARNING: GigaTIME failed on patch (46080, 15360): cuDNN error: CUDNN_STATUS_NOT_INITIALIZED
    WARNING: GigaTIME failed on patch (46080, 16384): cuDNN error: CUDNN_STATUS_NOT_INITIALIZED
    WARNING: GigaTIME failed on patch (46080, 17408): cuDNN error: CUDNN_STATUS_NOT_INITIALIZED
    WARNING: GigaTIME failed on patch (46080, 18432): cuDNN error: CUDNN_STATUS_NOT_INITIALIZED
    WARNING: GigaTIME failed on patch (46080, 19456): cuDNN error: CUDNN_STATUS_NOT_INITIALIZED
    WARNING: GigaTIME failed on patch (46080, 20480): cuDNN error: CUDNN_STATUS_NOT_INITIALIZED
    WARNING: GigaTIME failed on patch (46080, 21504): cuDNN error: CUDNN_STATUS_NOT_INITIALIZED
    WARNING: GigaTIME failed on patch (46080, 22528): cuDNN error: CUDNN_STATUS_NOT_INITIALIZED
    WARNING: GigaTIME failed on patch (46080, 23552): cuDNN error: CUDNN_STATUS_NOT_INITIALIZED
    WARNING: GigaTIME failed on patch (46080, 24576): cuDNN error: CUDNN_STATUS_NOT_INITIALIZED
    WARNING: GigaTIME failed on patch (46080, 25600): cuDNN error: CUDNN_STATUS_NOT_INITIALIZED
    WARNING: GigaTIME failed on patch (46080, 26624): cuDNN error: CUDNN_STATUS_NOT_INITIALIZED
    WARNING: GigaTIME failed on patch (46080, 27648): cuDNN error: CUDNN_STATUS_NOT_INITIALIZED
    WARNING: GigaTIME failed on patch (46080, 28672): cuDNN error: CUDNN_STATUS_NOT_INITIALIZED
    WARNING: GigaTIME failed on patch (46080, 29696): cuDNN error: CUDNN_STATUS_NOT_INITIALIZED
    WARNING: GigaTIME failed on patch (46080, 30720): cuDNN error: CUDNN_STATUS_NOT_INITIALIZED
    WARNING: GigaTIME failed on patch (46080, 31744): cuDNN error: CUDNN_STATUS_NOT_INITIALIZED
    WARNING: GigaTIME failed on patch (46080, 32768): cuDNN error: CUDNN_STATUS_NOT_INITIALIZED
    WARNING: GigaTIME failed on patch (46080, 33792): cuDNN error: CUDNN_STATUS_NOT_INITIALIZED
    WARNING: GigaTIME failed on patch (46080, 34816): cuDNN error: CUDNN_STATUS_NOT_INITIALIZED
    WARNING: GigaTIME failed on patch (46080, 35840): cuDNN error: CUDNN_STATUS_NOT_INITIALIZED
    WARNING: GigaTIME failed on patch (46080, 36864): cuDNN error: CUDNN_STATUS_NOT_INITIALIZED
    WARNING: GigaTIME failed on patch (46080, 37888): cuDNN error: CUDNN_STATUS_NOT_INITIALIZED
    WARNING: GigaTIME failed on patch (47104, 8192): cuDNN error: CUDNN_STATUS_NOT_INITIALIZED
    WARNING: GigaTIME failed on patch (47104, 9216): cuDNN error: CUDNN_STATUS_NOT_INITIALIZED
    WARNING: GigaTIME failed on patch (47104, 10240): cuDNN error: CUDNN_STATUS_NOT_INITIALIZED
    WARNING: GigaTIME failed on patch (47104, 11264): cuDNN error: CUDNN_STATUS_NOT_INITIALIZED
    WARNING: GigaTIME failed on patch (47104, 12288): cuDNN error: CUDNN_STATUS_NOT_INITIALIZED
    WARNING: GigaTIME failed on patch (47104, 13312): cuDNN error: CUDNN_STATUS_NOT_INITIALIZED
    WARNING: GigaTIME failed on patch (47104, 14336): cuDNN error: CUDNN_STATUS_NOT_INITIALIZED
    WARNING: GigaTIME failed on patch (47104, 15360): cuDNN error: CUDNN_STATUS_NOT_INITIALIZED
    WARNING: GigaTIME failed on patch (47104, 16384): cuDNN error: CUDNN_STATUS_NOT_INITIALIZED
    WARNING: GigaTIME failed on patch (47104, 17408): cuDNN error: CUDNN_STATUS_NOT_INITIALIZED
    WARNING: GigaTIME failed on patch (47104, 18432): cuDNN error: CUDNN_STATUS_NOT_INITIALIZED
    WARNING: GigaTIME failed on patch (47104, 19456): cuDNN error: CUDNN_STATUS_NOT_INITIALIZED
    WARNING: GigaTIME failed on patch (47104, 20480): cuDNN error: CUDNN_STATUS_NOT_INITIALIZED
    WARNING: GigaTIME failed on patch (47104, 21504): cuDNN error: CUDNN_STATUS_NOT_INITIALIZED
    WARNING: GigaTIME failed on patch (47104, 22528): cuDNN error: CUDNN_STATUS_NOT_INITIALIZED
    WARNING: GigaTIME failed on patch (47104, 23552): cuDNN error: CUDNN_STATUS_NOT_INITIALIZED
    WARNING: GigaTIME failed on patch (47104, 24576): cuDNN error: CUDNN_STATUS_NOT_INITIALIZED
    WARNING: GigaTIME failed on patch (47104, 25600): cuDNN error: CUDNN_STATUS_NOT_INITIALIZED
    WARNING: GigaTIME failed on patch (47104, 26624): cuDNN error: CUDNN_STATUS_NOT_INITIALIZED
    WARNING: GigaTIME failed on patch (47104, 27648): cuDNN error: CUDNN_STATUS_NOT_INITIALIZED
    WARNING: GigaTIME failed on patch (47104, 28672): cuDNN error: CUDNN_STATUS_NOT_INITIALIZED
    WARNING: GigaTIME failed on patch (47104, 29696): cuDNN error: CUDNN_STATUS_NOT_INITIALIZED
    WARNING: GigaTIME failed on patch (47104, 30720): cuDNN error: CUDNN_STATUS_NOT_INITIALIZED
    WARNING: GigaTIME failed on patch (47104, 31744): cuDNN error: CUDNN_STATUS_NOT_INITIALIZED
    WARNING: GigaTIME failed on patch (47104, 32768): cuDNN error: CUDNN_STATUS_NOT_INITIALIZED
    WARNING: GigaTIME failed on patch (47104, 33792): cuDNN error: CUDNN_STATUS_NOT_INITIALIZED
    WARNING: GigaTIME failed on patch (47104, 34816): cuDNN error: CUDNN_STATUS_NOT_INITIALIZED
    WARNING: GigaTIME failed on patch (47104, 35840): cuDNN error: CUDNN_STATUS_NOT_INITIALIZED
    WARNING: GigaTIME failed on patch (47104, 36864): cuDNN error: CUDNN_STATUS_NOT_INITIALIZED
    WARNING: GigaTIME failed on patch (48128, 8192): cuDNN error: CUDNN_STATUS_NOT_INITIALIZED
    WARNING: GigaTIME failed on patch (48128, 9216): cuDNN error: CUDNN_STATUS_NOT_INITIALIZED
    WARNING: GigaTIME failed on patch (48128, 10240): cuDNN error: CUDNN_STATUS_NOT_INITIALIZED
    WARNING: GigaTIME failed on patch (48128, 11264): cuDNN error: CUDNN_STATUS_NOT_INITIALIZED
    WARNING: GigaTIME failed on patch (48128, 12288): cuDNN error: CUDNN_STATUS_NOT_INITIALIZED
    WARNING: GigaTIME failed on patch (48128, 13312): cuDNN error: CUDNN_STATUS_NOT_INITIALIZED
    WARNING: GigaTIME failed on patch (48128, 14336): cuDNN error: CUDNN_STATUS_NOT_INITIALIZED
    WARNING: GigaTIME failed on patch (48128, 15360): cuDNN error: CUDNN_STATUS_NOT_INITIALIZED
    WARNING: GigaTIME failed on patch (48128, 16384): cuDNN error: CUDNN_STATUS_NOT_INITIALIZED
    WARNING: GigaTIME failed on patch (48128, 17408): cuDNN error: CUDNN_STATUS_NOT_INITIALIZED
    WARNING: GigaTIME failed on patch (48128, 18432): cuDNN error: CUDNN_STATUS_NOT_INITIALIZED
    WARNING: GigaTIME failed on patch (48128, 19456): cuDNN error: CUDNN_STATUS_NOT_INITIALIZED
    WARNING: GigaTIME failed on patch (48128, 20480): cuDNN error: CUDNN_STATUS_NOT_INITIALIZED
    WARNING: GigaTIME failed on patch (48128, 21504): cuDNN error: CUDNN_STATUS_NOT_INITIALIZED
    WARNING: GigaTIME failed on patch (48128, 22528): cuDNN error: CUDNN_STATUS_NOT_INITIALIZED
    WARNING: GigaTIME failed on patch (48128, 23552): cuDNN error: CUDNN_STATUS_NOT_INITIALIZED
    WARNING: GigaTIME failed on patch (48128, 24576): cuDNN error: CUDNN_STATUS_NOT_INITIALIZED
    WARNING: GigaTIME failed on patch (48128, 25600): cuDNN error: CUDNN_STATUS_NOT_INITIALIZED
    WARNING: GigaTIME failed on patch (48128, 26624): cuDNN error: CUDNN_STATUS_NOT_INITIALIZED
    WARNING: GigaTIME failed on patch (48128, 27648): cuDNN error: CUDNN_STATUS_NOT_INITIALIZED
    WARNING: GigaTIME failed on patch (48128, 28672): cuDNN error: CUDNN_STATUS_NOT_INITIALIZED
    WARNING: GigaTIME failed on patch (48128, 29696): cuDNN error: CUDNN_STATUS_NOT_INITIALIZED
    WARNING: GigaTIME failed on patch (48128, 30720): cuDNN error: CUDNN_STATUS_NOT_INITIALIZED
    WARNING: GigaTIME failed on patch (48128, 31744): cuDNN error: CUDNN_STATUS_NOT_INITIALIZED
    WARNING: GigaTIME failed on patch (48128, 32768): cuDNN error: CUDNN_STATUS_NOT_INITIALIZED
    WARNING: GigaTIME failed on patch (48128, 33792): cuDNN error: CUDNN_STATUS_NOT_INITIALIZED
    WARNING: GigaTIME failed on patch (48128, 34816): cuDNN error: CUDNN_STATUS_NOT_INITIALIZED
    WARNING: GigaTIME failed on patch (48128, 35840): cuDNN error: CUDNN_STATUS_NOT_INITIALIZED
    WARNING: GigaTIME failed on patch (48128, 36864): cuDNN error: CUDNN_STATUS_NOT_INITIALIZED
    WARNING: GigaTIME failed on patch (49152, 8192): cuDNN error: CUDNN_STATUS_NOT_INITIALIZED
    WARNING: GigaTIME failed on patch (49152, 9216): cuDNN error: CUDNN_STATUS_NOT_INITIALIZED
    WARNING: GigaTIME failed on patch (49152, 10240): cuDNN error: CUDNN_STATUS_NOT_INITIALIZED
    WARNING: GigaTIME failed on patch (49152, 11264): cuDNN error: CUDNN_STATUS_NOT_INITIALIZED
    WARNING: GigaTIME failed on patch (49152, 12288): cuDNN error: CUDNN_STATUS_NOT_INITIALIZED
    WARNING: GigaTIME failed on patch (49152, 13312): cuDNN error: CUDNN_STATUS_NOT_INITIALIZED
    WARNING: GigaTIME failed on patch (49152, 14336): cuDNN error: CUDNN_STATUS_NOT_INITIALIZED
    WARNING: GigaTIME failed on patch (49152, 15360): cuDNN error: CUDNN_STATUS_NOT_INITIALIZED
    WARNING: GigaTIME failed on patch (49152, 16384): cuDNN error: CUDNN_STATUS_NOT_INITIALIZED
    WARNING: GigaTIME failed on patch (49152, 17408): cuDNN error: CUDNN_STATUS_NOT_INITIALIZED
    WARNING: GigaTIME failed on patch (49152, 18432): cuDNN error: CUDNN_STATUS_NOT_INITIALIZED
    WARNING: GigaTIME failed on patch (49152, 19456): cuDNN error: CUDNN_STATUS_NOT_INITIALIZED
    WARNING: GigaTIME failed on patch (49152, 20480): cuDNN error: CUDNN_STATUS_NOT_INITIALIZED
    WARNING: GigaTIME failed on patch (49152, 21504): cuDNN error: CUDNN_STATUS_NOT_INITIALIZED
    WARNING: GigaTIME failed on patch (49152, 22528): cuDNN error: CUDNN_STATUS_NOT_INITIALIZED
    WARNING: GigaTIME failed on patch (49152, 23552): cuDNN error: CUDNN_STATUS_NOT_INITIALIZED
    WARNING: GigaTIME failed on patch (49152, 24576): cuDNN error: CUDNN_STATUS_NOT_INITIALIZED
    WARNING: GigaTIME failed on patch (49152, 25600): cuDNN error: CUDNN_STATUS_NOT_INITIALIZED
    WARNING: GigaTIME failed on patch (49152, 26624): cuDNN error: CUDNN_STATUS_NOT_INITIALIZED
    WARNING: GigaTIME failed on patch (49152, 27648): cuDNN error: CUDNN_STATUS_NOT_INITIALIZED
    WARNING: GigaTIME failed on patch (49152, 28672): cuDNN error: CUDNN_STATUS_NOT_INITIALIZED
    WARNING: GigaTIME failed on patch (49152, 29696): cuDNN error: CUDNN_STATUS_NOT_INITIALIZED
    WARNING: GigaTIME failed on patch (49152, 30720): cuDNN error: CUDNN_STATUS_NOT_INITIALIZED
    WARNING: GigaTIME failed on patch (49152, 31744): cuDNN error: CUDNN_STATUS_NOT_INITIALIZED
    WARNING: GigaTIME failed on patch (49152, 32768): cuDNN error: CUDNN_STATUS_NOT_INITIALIZED
    WARNING: GigaTIME failed on patch (49152, 33792): cuDNN error: CUDNN_STATUS_NOT_INITIALIZED
    WARNING: GigaTIME failed on patch (49152, 34816): cuDNN error: CUDNN_STATUS_NOT_INITIALIZED
    WARNING: GigaTIME failed on patch (49152, 35840): cuDNN error: CUDNN_STATUS_NOT_INITIALIZED
    WARNING: GigaTIME failed on patch (49152, 36864): cuDNN error: CUDNN_STATUS_NOT_INITIALIZED
    WARNING: GigaTIME failed on patch (50176, 8192): cuDNN error: CUDNN_STATUS_NOT_INITIALIZED
    WARNING: GigaTIME failed on patch (50176, 9216): cuDNN error: CUDNN_STATUS_NOT_INITIALIZED
    WARNING: GigaTIME failed on patch (50176, 10240): cuDNN error: CUDNN_STATUS_NOT_INITIALIZED
    WARNING: GigaTIME failed on patch (50176, 11264): cuDNN error: CUDNN_STATUS_NOT_INITIALIZED
    WARNING: GigaTIME failed on patch (50176, 12288): cuDNN error: CUDNN_STATUS_NOT_INITIALIZED
    WARNING: GigaTIME failed on patch (50176, 13312): cuDNN error: CUDNN_STATUS_NOT_INITIALIZED
    WARNING: GigaTIME failed on patch (50176, 14336): cuDNN error: CUDNN_STATUS_NOT_INITIALIZED
    WARNING: GigaTIME failed on patch (50176, 15360): cuDNN error: CUDNN_STATUS_NOT_INITIALIZED
    WARNING: GigaTIME failed on patch (50176, 16384): cuDNN error: CUDNN_STATUS_NOT_INITIALIZED
    WARNING: GigaTIME failed on patch (50176, 17408): cuDNN error: CUDNN_STATUS_NOT_INITIALIZED
    WARNING: GigaTIME failed on patch (50176, 18432): cuDNN error: CUDNN_STATUS_NOT_INITIALIZED
    WARNING: GigaTIME failed on patch (50176, 19456): cuDNN error: CUDNN_STATUS_NOT_INITIALIZED
    WARNING: GigaTIME failed on patch (50176, 20480): cuDNN error: CUDNN_STATUS_NOT_INITIALIZED
    WARNING: GigaTIME failed on patch (50176, 21504): cuDNN error: CUDNN_STATUS_NOT_INITIALIZED
    WARNING: GigaTIME failed on patch (50176, 22528): cuDNN error: CUDNN_STATUS_NOT_INITIALIZED
    WARNING: GigaTIME failed on patch (50176, 23552): cuDNN error: CUDNN_STATUS_NOT_INITIALIZED
    WARNING: GigaTIME failed on patch (50176, 24576): cuDNN error: CUDNN_STATUS_NOT_INITIALIZED
    WARNING: GigaTIME failed on patch (50176, 25600): cuDNN error: CUDNN_STATUS_NOT_INITIALIZED
    WARNING: GigaTIME failed on patch (50176, 26624): cuDNN error: CUDNN_STATUS_NOT_INITIALIZED
    WARNING: GigaTIME failed on patch (50176, 27648): cuDNN error: CUDNN_STATUS_NOT_INITIALIZED
    WARNING: GigaTIME failed on patch (50176, 28672): cuDNN error: CUDNN_STATUS_NOT_INITIALIZED
    WARNING: GigaTIME failed on patch (50176, 29696): cuDNN error: CUDNN_STATUS_NOT_INITIALIZED
    WARNING: GigaTIME failed on patch (50176, 30720): cuDNN error: CUDNN_STATUS_NOT_INITIALIZED
    WARNING: GigaTIME failed on patch (50176, 31744): cuDNN error: CUDNN_STATUS_NOT_INITIALIZED
    WARNING: GigaTIME failed on patch (50176, 32768): cuDNN error: CUDNN_STATUS_NOT_INITIALIZED
    WARNING: GigaTIME failed on patch (50176, 33792): cuDNN error: CUDNN_STATUS_NOT_INITIALIZED
    WARNING: GigaTIME failed on patch (50176, 34816): cuDNN error: CUDNN_STATUS_NOT_INITIALIZED
    WARNING: GigaTIME failed on patch (50176, 35840): cuDNN error: CUDNN_STATUS_NOT_INITIALIZED
    WARNING: GigaTIME failed on patch (50176, 36864): cuDNN error: CUDNN_STATUS_NOT_INITIALIZED
    WARNING: GigaTIME failed on patch (50176, 37888): cuDNN error: CUDNN_STATUS_NOT_INITIALIZED
    WARNING: GigaTIME failed on patch (51200, 8192): cuDNN error: CUDNN_STATUS_NOT_INITIALIZED
    WARNING: GigaTIME failed on patch (51200, 9216): cuDNN error: CUDNN_STATUS_NOT_INITIALIZED
    WARNING: GigaTIME failed on patch (51200, 10240): cuDNN error: CUDNN_STATUS_NOT_INITIALIZED
    WARNING: GigaTIME failed on patch (51200, 11264): cuDNN error: CUDNN_STATUS_NOT_INITIALIZED
    WARNING: GigaTIME failed on patch (51200, 12288): cuDNN error: CUDNN_STATUS_NOT_INITIALIZED
    WARNING: GigaTIME failed on patch (51200, 13312): cuDNN error: CUDNN_STATUS_NOT_INITIALIZED
    WARNING: GigaTIME failed on patch (51200, 14336): cuDNN error: CUDNN_STATUS_NOT_INITIALIZED
    WARNING: GigaTIME failed on patch (51200, 15360): cuDNN error: CUDNN_STATUS_NOT_INITIALIZED
    WARNING: GigaTIME failed on patch (51200, 16384): cuDNN error: CUDNN_STATUS_NOT_INITIALIZED
    WARNING: GigaTIME failed on patch (51200, 17408): cuDNN error: CUDNN_STATUS_NOT_INITIALIZED
    WARNING: GigaTIME failed on patch (51200, 18432): cuDNN error: CUDNN_STATUS_NOT_INITIALIZED
    WARNING: GigaTIME failed on patch (51200, 19456): cuDNN error: CUDNN_STATUS_NOT_INITIALIZED
    WARNING: GigaTIME failed on patch (51200, 20480): cuDNN error: CUDNN_STATUS_NOT_INITIALIZED
    WARNING: GigaTIME failed on patch (51200, 21504): cuDNN error: CUDNN_STATUS_NOT_INITIALIZED
    WARNING: GigaTIME failed on patch (51200, 22528): cuDNN error: CUDNN_STATUS_NOT_INITIALIZED
    WARNING: GigaTIME failed on patch (51200, 23552): cuDNN error: CUDNN_STATUS_NOT_INITIALIZED
    WARNING: GigaTIME failed on patch (51200, 24576): cuDNN error: CUDNN_STATUS_NOT_INITIALIZED
    WARNING: GigaTIME failed on patch (51200, 25600): cuDNN error: CUDNN_STATUS_NOT_INITIALIZED
    WARNING: GigaTIME failed on patch (51200, 26624): cuDNN error: CUDNN_STATUS_NOT_INITIALIZED
    WARNING: GigaTIME failed on patch (51200, 27648): cuDNN error: CUDNN_STATUS_NOT_INITIALIZED
    WARNING: GigaTIME failed on patch (51200, 28672): cuDNN error: CUDNN_STATUS_NOT_INITIALIZED
    WARNING: GigaTIME failed on patch (51200, 29696): cuDNN error: CUDNN_STATUS_NOT_INITIALIZED
    WARNING: GigaTIME failed on patch (51200, 30720): cuDNN error: CUDNN_STATUS_NOT_INITIALIZED
    WARNING: GigaTIME failed on patch (51200, 31744): cuDNN error: CUDNN_STATUS_NOT_INITIALIZED
    WARNING: GigaTIME failed on patch (51200, 32768): cuDNN error: CUDNN_STATUS_NOT_INITIALIZED
    WARNING: GigaTIME failed on patch (51200, 33792): cuDNN error: CUDNN_STATUS_NOT_INITIALIZED
    WARNING: GigaTIME failed on patch (51200, 34816): cuDNN error: CUDNN_STATUS_NOT_INITIALIZED
    WARNING: GigaTIME failed on patch (51200, 35840): cuDNN error: CUDNN_STATUS_NOT_INITIALIZED
    WARNING: GigaTIME failed on patch (51200, 36864): cuDNN error: CUDNN_STATUS_NOT_INITIALIZED
    WARNING: GigaTIME failed on patch (51200, 37888): cuDNN error: CUDNN_STATUS_NOT_INITIALIZED
    WARNING: GigaTIME failed on patch (52224, 8192): cuDNN error: CUDNN_STATUS_NOT_INITIALIZED
    WARNING: GigaTIME failed on patch (52224, 9216): cuDNN error: CUDNN_STATUS_NOT_INITIALIZED
    WARNING: GigaTIME failed on patch (52224, 10240): cuDNN error: CUDNN_STATUS_NOT_INITIALIZED
    WARNING: GigaTIME failed on patch (52224, 11264): cuDNN error: CUDNN_STATUS_NOT_INITIALIZED
    WARNING: GigaTIME failed on patch (52224, 12288): cuDNN error: CUDNN_STATUS_NOT_INITIALIZED
    WARNING: GigaTIME failed on patch (52224, 13312): cuDNN error: CUDNN_STATUS_NOT_INITIALIZED
    WARNING: GigaTIME failed on patch (52224, 14336): cuDNN error: CUDNN_STATUS_NOT_INITIALIZED
    WARNING: GigaTIME failed on patch (52224, 15360): cuDNN error: CUDNN_STATUS_NOT_INITIALIZED
    WARNING: GigaTIME failed on patch (52224, 16384): cuDNN error: CUDNN_STATUS_NOT_INITIALIZED
    WARNING: GigaTIME failed on patch (52224, 17408): cuDNN error: CUDNN_STATUS_NOT_INITIALIZED
    WARNING: GigaTIME failed on patch (52224, 18432): cuDNN error: CUDNN_STATUS_NOT_INITIALIZED
    WARNING: GigaTIME failed on patch (52224, 19456): cuDNN error: CUDNN_STATUS_NOT_INITIALIZED
    WARNING: GigaTIME failed on patch (52224, 20480): cuDNN error: CUDNN_STATUS_NOT_INITIALIZED
    WARNING: GigaTIME failed on patch (52224, 21504): cuDNN error: CUDNN_STATUS_NOT_INITIALIZED
    WARNING: GigaTIME failed on patch (52224, 22528): cuDNN error: CUDNN_STATUS_NOT_INITIALIZED
    WARNING: GigaTIME failed on patch (52224, 23552): cuDNN error: CUDNN_STATUS_NOT_INITIALIZED
    WARNING: GigaTIME failed on patch (52224, 24576): cuDNN error: CUDNN_STATUS_NOT_INITIALIZED
    WARNING: GigaTIME failed on patch (52224, 25600): cuDNN error: CUDNN_STATUS_NOT_INITIALIZED
    WARNING: GigaTIME failed on patch (52224, 26624): cuDNN error: CUDNN_STATUS_NOT_INITIALIZED
    WARNING: GigaTIME failed on patch (52224, 27648): cuDNN error: CUDNN_STATUS_NOT_INITIALIZED
    WARNING: GigaTIME failed on patch (52224, 28672): cuDNN error: CUDNN_STATUS_NOT_INITIALIZED
    WARNING: GigaTIME failed on patch (52224, 29696): cuDNN error: CUDNN_STATUS_NOT_INITIALIZED
    WARNING: GigaTIME failed on patch (52224, 30720): cuDNN error: CUDNN_STATUS_NOT_INITIALIZED
    WARNING: GigaTIME failed on patch (52224, 31744): cuDNN error: CUDNN_STATUS_NOT_INITIALIZED
    WARNING: GigaTIME failed on patch (52224, 32768): cuDNN error: CUDNN_STATUS_NOT_INITIALIZED
    WARNING: GigaTIME failed on patch (52224, 33792): cuDNN error: CUDNN_STATUS_NOT_INITIALIZED
    WARNING: GigaTIME failed on patch (52224, 34816): cuDNN error: CUDNN_STATUS_NOT_INITIALIZED
    WARNING: GigaTIME failed on patch (52224, 35840): cuDNN error: CUDNN_STATUS_NOT_INITIALIZED
    WARNING: GigaTIME failed on patch (52224, 36864): cuDNN error: CUDNN_STATUS_NOT_INITIALIZED
    WARNING: GigaTIME failed on patch (52224, 37888): cuDNN error: CUDNN_STATUS_NOT_INITIALIZED
    WARNING: GigaTIME failed on patch (53248, 7168): cuDNN error: CUDNN_STATUS_NOT_INITIALIZED
    WARNING: GigaTIME failed on patch (53248, 8192): cuDNN error: CUDNN_STATUS_NOT_INITIALIZED
    WARNING: GigaTIME failed on patch (53248, 9216): cuDNN error: CUDNN_STATUS_NOT_INITIALIZED
    WARNING: GigaTIME failed on patch (53248, 10240): cuDNN error: CUDNN_STATUS_NOT_INITIALIZED
    WARNING: GigaTIME failed on patch (53248, 11264): cuDNN error: CUDNN_STATUS_NOT_INITIALIZED
    WARNING: GigaTIME failed on patch (53248, 12288): cuDNN error: CUDNN_STATUS_NOT_INITIALIZED
    WARNING: GigaTIME failed on patch (53248, 13312): cuDNN error: CUDNN_STATUS_NOT_INITIALIZED
    WARNING: GigaTIME failed on patch (53248, 14336): cuDNN error: CUDNN_STATUS_NOT_INITIALIZED
    WARNING: GigaTIME failed on patch (53248, 15360): cuDNN error: CUDNN_STATUS_NOT_INITIALIZED
    WARNING: GigaTIME failed on patch (53248, 16384): cuDNN error: CUDNN_STATUS_NOT_INITIALIZED
    WARNING: GigaTIME failed on patch (53248, 17408): cuDNN error: CUDNN_STATUS_NOT_INITIALIZED
    WARNING: GigaTIME failed on patch (53248, 18432): cuDNN error: CUDNN_STATUS_NOT_INITIALIZED
    WARNING: GigaTIME failed on patch (53248, 19456): cuDNN error: CUDNN_STATUS_NOT_INITIALIZED
    WARNING: GigaTIME failed on patch (53248, 20480): cuDNN error: CUDNN_STATUS_NOT_INITIALIZED
    WARNING: GigaTIME failed on patch (53248, 21504): cuDNN error: CUDNN_STATUS_NOT_INITIALIZED
    WARNING: GigaTIME failed on patch (53248, 22528): cuDNN error: CUDNN_STATUS_NOT_INITIALIZED
    WARNING: GigaTIME failed on patch (53248, 23552): cuDNN error: CUDNN_STATUS_NOT_INITIALIZED
    WARNING: GigaTIME failed on patch (53248, 24576): cuDNN error: CUDNN_STATUS_NOT_INITIALIZED
    WARNING: GigaTIME failed on patch (53248, 25600): cuDNN error: CUDNN_STATUS_NOT_INITIALIZED
    WARNING: GigaTIME failed on patch (53248, 26624): cuDNN error: CUDNN_STATUS_NOT_INITIALIZED
    WARNING: GigaTIME failed on patch (53248, 27648): cuDNN error: CUDNN_STATUS_NOT_INITIALIZED
    WARNING: GigaTIME failed on patch (53248, 28672): cuDNN error: CUDNN_STATUS_NOT_INITIALIZED
    WARNING: GigaTIME failed on patch (53248, 29696): cuDNN error: CUDNN_STATUS_NOT_INITIALIZED
    WARNING: GigaTIME failed on patch (53248, 30720): cuDNN error: CUDNN_STATUS_NOT_INITIALIZED
    WARNING: GigaTIME failed on patch (53248, 31744): cuDNN error: CUDNN_STATUS_NOT_INITIALIZED
    WARNING: GigaTIME failed on patch (53248, 32768): cuDNN error: CUDNN_STATUS_NOT_INITIALIZED
    WARNING: GigaTIME failed on patch (53248, 33792): cuDNN error: CUDNN_STATUS_NOT_INITIALIZED
    WARNING: GigaTIME failed on patch (53248, 34816): cuDNN error: CUDNN_STATUS_NOT_INITIALIZED
    WARNING: GigaTIME failed on patch (53248, 35840): cuDNN error: CUDNN_STATUS_NOT_INITIALIZED
    WARNING: GigaTIME failed on patch (53248, 36864): cuDNN error: CUDNN_STATUS_NOT_INITIALIZED
    WARNING: GigaTIME failed on patch (53248, 37888): cuDNN error: CUDNN_STATUS_NOT_INITIALIZED
    WARNING: GigaTIME failed on patch (54272, 7168): cuDNN error: CUDNN_STATUS_NOT_INITIALIZED
    WARNING: GigaTIME failed on patch (54272, 8192): cuDNN error: CUDNN_STATUS_NOT_INITIALIZED
    WARNING: GigaTIME failed on patch (54272, 9216): cuDNN error: CUDNN_STATUS_NOT_INITIALIZED
    WARNING: GigaTIME failed on patch (54272, 10240): cuDNN error: CUDNN_STATUS_NOT_INITIALIZED
    WARNING: GigaTIME failed on patch (54272, 11264): cuDNN error: CUDNN_STATUS_NOT_INITIALIZED
    WARNING: GigaTIME failed on patch (54272, 12288): cuDNN error: CUDNN_STATUS_NOT_INITIALIZED
    WARNING: GigaTIME failed on patch (54272, 13312): cuDNN error: CUDNN_STATUS_NOT_INITIALIZED
    WARNING: GigaTIME failed on patch (54272, 14336): cuDNN error: CUDNN_STATUS_NOT_INITIALIZED
    WARNING: GigaTIME failed on patch (54272, 15360): cuDNN error: CUDNN_STATUS_NOT_INITIALIZED
    WARNING: GigaTIME failed on patch (54272, 16384): cuDNN error: CUDNN_STATUS_NOT_INITIALIZED
    WARNING: GigaTIME failed on patch (54272, 17408): cuDNN error: CUDNN_STATUS_NOT_INITIALIZED
    WARNING: GigaTIME failed on patch (54272, 18432): cuDNN error: CUDNN_STATUS_NOT_INITIALIZED
    WARNING: GigaTIME failed on patch (54272, 19456): cuDNN error: CUDNN_STATUS_NOT_INITIALIZED
    WARNING: GigaTIME failed on patch (54272, 20480): cuDNN error: CUDNN_STATUS_NOT_INITIALIZED
    WARNING: GigaTIME failed on patch (54272, 21504): cuDNN error: CUDNN_STATUS_NOT_INITIALIZED
    WARNING: GigaTIME failed on patch (54272, 22528): cuDNN error: CUDNN_STATUS_NOT_INITIALIZED
    WARNING: GigaTIME failed on patch (54272, 23552): cuDNN error: CUDNN_STATUS_NOT_INITIALIZED
    WARNING: GigaTIME failed on patch (54272, 24576): cuDNN error: CUDNN_STATUS_NOT_INITIALIZED
    WARNING: GigaTIME failed on patch (54272, 25600): cuDNN error: CUDNN_STATUS_NOT_INITIALIZED
    WARNING: GigaTIME failed on patch (54272, 26624): cuDNN error: CUDNN_STATUS_NOT_INITIALIZED
    WARNING: GigaTIME failed on patch (54272, 27648): cuDNN error: CUDNN_STATUS_NOT_INITIALIZED
    WARNING: GigaTIME failed on patch (54272, 28672): cuDNN error: CUDNN_STATUS_NOT_INITIALIZED
    WARNING: GigaTIME failed on patch (54272, 29696): cuDNN error: CUDNN_STATUS_NOT_INITIALIZED
    WARNING: GigaTIME failed on patch (54272, 30720): cuDNN error: CUDNN_STATUS_NOT_INITIALIZED
    WARNING: GigaTIME failed on patch (54272, 31744): cuDNN error: CUDNN_STATUS_NOT_INITIALIZED
    WARNING: GigaTIME failed on patch (54272, 32768): cuDNN error: CUDNN_STATUS_NOT_INITIALIZED
    WARNING: GigaTIME failed on patch (54272, 33792): cuDNN error: CUDNN_STATUS_NOT_INITIALIZED
    WARNING: GigaTIME failed on patch (54272, 34816): cuDNN error: CUDNN_STATUS_NOT_INITIALIZED
    WARNING: GigaTIME failed on patch (54272, 35840): cuDNN error: CUDNN_STATUS_NOT_INITIALIZED
    WARNING: GigaTIME failed on patch (54272, 36864): cuDNN error: CUDNN_STATUS_NOT_INITIALIZED
    WARNING: GigaTIME failed on patch (54272, 37888): cuDNN error: CUDNN_STATUS_NOT_INITIALIZED
    WARNING: GigaTIME failed on patch (55296, 7168): cuDNN error: CUDNN_STATUS_NOT_INITIALIZED
    WARNING: GigaTIME failed on patch (55296, 8192): cuDNN error: CUDNN_STATUS_NOT_INITIALIZED
    WARNING: GigaTIME failed on patch (55296, 9216): cuDNN error: CUDNN_STATUS_NOT_INITIALIZED
    WARNING: GigaTIME failed on patch (55296, 10240): cuDNN error: CUDNN_STATUS_NOT_INITIALIZED
    WARNING: GigaTIME failed on patch (55296, 11264): cuDNN error: CUDNN_STATUS_NOT_INITIALIZED
    WARNING: GigaTIME failed on patch (55296, 12288): cuDNN error: CUDNN_STATUS_NOT_INITIALIZED
    WARNING: GigaTIME failed on patch (55296, 13312): cuDNN error: CUDNN_STATUS_NOT_INITIALIZED
    WARNING: GigaTIME failed on patch (55296, 14336): cuDNN error: CUDNN_STATUS_NOT_INITIALIZED
    WARNING: GigaTIME failed on patch (55296, 15360): cuDNN error: CUDNN_STATUS_NOT_INITIALIZED
    WARNING: GigaTIME failed on patch (55296, 16384): cuDNN error: CUDNN_STATUS_NOT_INITIALIZED
    WARNING: GigaTIME failed on patch (55296, 17408): cuDNN error: CUDNN_STATUS_NOT_INITIALIZED
    WARNING: GigaTIME failed on patch (55296, 18432): cuDNN error: CUDNN_STATUS_NOT_INITIALIZED
    WARNING: GigaTIME failed on patch (55296, 19456): cuDNN error: CUDNN_STATUS_NOT_INITIALIZED
    WARNING: GigaTIME failed on patch (55296, 20480): cuDNN error: CUDNN_STATUS_NOT_INITIALIZED
    WARNING: GigaTIME failed on patch (55296, 21504): cuDNN error: CUDNN_STATUS_NOT_INITIALIZED
    WARNING: GigaTIME failed on patch (55296, 22528): cuDNN error: CUDNN_STATUS_NOT_INITIALIZED
    WARNING: GigaTIME failed on patch (55296, 23552): cuDNN error: CUDNN_STATUS_NOT_INITIALIZED
    WARNING: GigaTIME failed on patch (55296, 24576): cuDNN error: CUDNN_STATUS_NOT_INITIALIZED
    WARNING: GigaTIME failed on patch (55296, 25600): cuDNN error: CUDNN_STATUS_NOT_INITIALIZED
    WARNING: GigaTIME failed on patch (55296, 26624): cuDNN error: CUDNN_STATUS_NOT_INITIALIZED
    WARNING: GigaTIME failed on patch (55296, 27648): cuDNN error: CUDNN_STATUS_NOT_INITIALIZED
    WARNING: GigaTIME failed on patch (55296, 28672): cuDNN error: CUDNN_STATUS_NOT_INITIALIZED
    WARNING: GigaTIME failed on patch (55296, 29696): cuDNN error: CUDNN_STATUS_NOT_INITIALIZED
    WARNING: GigaTIME failed on patch (55296, 30720): cuDNN error: CUDNN_STATUS_NOT_INITIALIZED
    WARNING: GigaTIME failed on patch (55296, 31744): cuDNN error: CUDNN_STATUS_NOT_INITIALIZED
    WARNING: GigaTIME failed on patch (55296, 32768): cuDNN error: CUDNN_STATUS_NOT_INITIALIZED
    WARNING: GigaTIME failed on patch (55296, 33792): cuDNN error: CUDNN_STATUS_NOT_INITIALIZED
    WARNING: GigaTIME failed on patch (55296, 34816): cuDNN error: CUDNN_STATUS_NOT_INITIALIZED
    WARNING: GigaTIME failed on patch (55296, 35840): cuDNN error: CUDNN_STATUS_NOT_INITIALIZED
    WARNING: GigaTIME failed on patch (55296, 36864): cuDNN error: CUDNN_STATUS_NOT_INITIALIZED
    WARNING: GigaTIME failed on patch (55296, 37888): cuDNN error: CUDNN_STATUS_NOT_INITIALIZED
    WARNING: GigaTIME failed on patch (56320, 7168): cuDNN error: CUDNN_STATUS_NOT_INITIALIZED
    WARNING: GigaTIME failed on patch (56320, 8192): cuDNN error: CUDNN_STATUS_NOT_INITIALIZED
    WARNING: GigaTIME failed on patch (56320, 9216): cuDNN error: CUDNN_STATUS_NOT_INITIALIZED
    WARNING: GigaTIME failed on patch (56320, 10240): cuDNN error: CUDNN_STATUS_NOT_INITIALIZED
    WARNING: GigaTIME failed on patch (56320, 11264): cuDNN error: CUDNN_STATUS_NOT_INITIALIZED
    WARNING: GigaTIME failed on patch (56320, 12288): cuDNN error: CUDNN_STATUS_NOT_INITIALIZED
    WARNING: GigaTIME failed on patch (56320, 13312): cuDNN error: CUDNN_STATUS_NOT_INITIALIZED
    WARNING: GigaTIME failed on patch (56320, 14336): cuDNN error: CUDNN_STATUS_NOT_INITIALIZED
    WARNING: GigaTIME failed on patch (56320, 15360): cuDNN error: CUDNN_STATUS_NOT_INITIALIZED
    WARNING: GigaTIME failed on patch (56320, 16384): cuDNN error: CUDNN_STATUS_NOT_INITIALIZED
    WARNING: GigaTIME failed on patch (56320, 17408): cuDNN error: CUDNN_STATUS_NOT_INITIALIZED
    WARNING: GigaTIME failed on patch (56320, 18432): cuDNN error: CUDNN_STATUS_NOT_INITIALIZED
    WARNING: GigaTIME failed on patch (56320, 19456): cuDNN error: CUDNN_STATUS_NOT_INITIALIZED
    WARNING: GigaTIME failed on patch (56320, 20480): cuDNN error: CUDNN_STATUS_NOT_INITIALIZED
    WARNING: GigaTIME failed on patch (56320, 21504): cuDNN error: CUDNN_STATUS_NOT_INITIALIZED
    WARNING: GigaTIME failed on patch (56320, 22528): cuDNN error: CUDNN_STATUS_NOT_INITIALIZED
    WARNING: GigaTIME failed on patch (56320, 23552): cuDNN error: CUDNN_STATUS_NOT_INITIALIZED
    WARNING: GigaTIME failed on patch (56320, 24576): cuDNN error: CUDNN_STATUS_NOT_INITIALIZED
    WARNING: GigaTIME failed on patch (56320, 25600): cuDNN error: CUDNN_STATUS_NOT_INITIALIZED
    WARNING: GigaTIME failed on patch (56320, 26624): cuDNN error: CUDNN_STATUS_NOT_INITIALIZED
    WARNING: GigaTIME failed on patch (56320, 27648): cuDNN error: CUDNN_STATUS_NOT_INITIALIZED
    WARNING: GigaTIME failed on patch (56320, 28672): cuDNN error: CUDNN_STATUS_NOT_INITIALIZED
    WARNING: GigaTIME failed on patch (56320, 30720): cuDNN error: CUDNN_STATUS_NOT_INITIALIZED
    WARNING: GigaTIME failed on patch (56320, 31744): cuDNN error: CUDNN_STATUS_NOT_INITIALIZED
    WARNING: GigaTIME failed on patch (56320, 32768): cuDNN error: CUDNN_STATUS_NOT_INITIALIZED
    WARNING: GigaTIME failed on patch (56320, 33792): cuDNN error: CUDNN_STATUS_NOT_INITIALIZED
    WARNING: GigaTIME failed on patch (56320, 34816): cuDNN error: CUDNN_STATUS_NOT_INITIALIZED
    WARNING: GigaTIME failed on patch (56320, 35840): cuDNN error: CUDNN_STATUS_NOT_INITIALIZED
    WARNING: GigaTIME failed on patch (56320, 36864): cuDNN error: CUDNN_STATUS_NOT_INITIALIZED
    WARNING: GigaTIME failed on patch (56320, 37888): cuDNN error: CUDNN_STATUS_NOT_INITIALIZED
    WARNING: GigaTIME failed on patch (57344, 7168): cuDNN error: CUDNN_STATUS_NOT_INITIALIZED
    WARNING: GigaTIME failed on patch (57344, 8192): cuDNN error: CUDNN_STATUS_NOT_INITIALIZED
    WARNING: GigaTIME failed on patch (57344, 9216): cuDNN error: CUDNN_STATUS_NOT_INITIALIZED
    WARNING: GigaTIME failed on patch (57344, 10240): cuDNN error: CUDNN_STATUS_NOT_INITIALIZED
    WARNING: GigaTIME failed on patch (57344, 11264): cuDNN error: CUDNN_STATUS_NOT_INITIALIZED
    WARNING: GigaTIME failed on patch (57344, 12288): cuDNN error: CUDNN_STATUS_NOT_INITIALIZED
    WARNING: GigaTIME failed on patch (57344, 13312): cuDNN error: CUDNN_STATUS_NOT_INITIALIZED
    WARNING: GigaTIME failed on patch (57344, 14336): cuDNN error: CUDNN_STATUS_NOT_INITIALIZED
    WARNING: GigaTIME failed on patch (57344, 15360): cuDNN error: CUDNN_STATUS_NOT_INITIALIZED
    WARNING: GigaTIME failed on patch (57344, 16384): cuDNN error: CUDNN_STATUS_NOT_INITIALIZED
    WARNING: GigaTIME failed on patch (57344, 17408): cuDNN error: CUDNN_STATUS_NOT_INITIALIZED
    WARNING: GigaTIME failed on patch (57344, 18432): cuDNN error: CUDNN_STATUS_NOT_INITIALIZED
    WARNING: GigaTIME failed on patch (57344, 19456): cuDNN error: CUDNN_STATUS_NOT_INITIALIZED
    WARNING: GigaTIME failed on patch (57344, 20480): cuDNN error: CUDNN_STATUS_NOT_INITIALIZED
    WARNING: GigaTIME failed on patch (57344, 21504): cuDNN error: CUDNN_STATUS_NOT_INITIALIZED
    WARNING: GigaTIME failed on patch (57344, 22528): cuDNN error: CUDNN_STATUS_NOT_INITIALIZED
    WARNING: GigaTIME failed on patch (57344, 23552): cuDNN error: CUDNN_STATUS_NOT_INITIALIZED
    WARNING: GigaTIME failed on patch (57344, 24576): cuDNN error: CUDNN_STATUS_NOT_INITIALIZED
    WARNING: GigaTIME failed on patch (57344, 25600): cuDNN error: CUDNN_STATUS_NOT_INITIALIZED
    WARNING: GigaTIME failed on patch (57344, 26624): cuDNN error: CUDNN_STATUS_NOT_INITIALIZED
    WARNING: GigaTIME failed on patch (57344, 27648): cuDNN error: CUDNN_STATUS_NOT_INITIALIZED
    WARNING: GigaTIME failed on patch (57344, 30720): cuDNN error: CUDNN_STATUS_NOT_INITIALIZED
    WARNING: GigaTIME failed on patch (57344, 31744): cuDNN error: CUDNN_STATUS_NOT_INITIALIZED
    WARNING: GigaTIME failed on patch (57344, 32768): cuDNN error: CUDNN_STATUS_NOT_INITIALIZED
    WARNING: GigaTIME failed on patch (57344, 33792): cuDNN error: CUDNN_STATUS_NOT_INITIALIZED
    WARNING: GigaTIME failed on patch (57344, 36864): cuDNN error: CUDNN_STATUS_NOT_INITIALIZED
    WARNING: GigaTIME failed on patch (57344, 37888): cuDNN error: CUDNN_STATUS_NOT_INITIALIZED
    WARNING: GigaTIME failed on patch (57344, 38912): cuDNN error: CUDNN_STATUS_NOT_INITIALIZED
    WARNING: GigaTIME failed on patch (58368, 6144): cuDNN error: CUDNN_STATUS_NOT_INITIALIZED
    WARNING: GigaTIME failed on patch (58368, 7168): cuDNN error: CUDNN_STATUS_NOT_INITIALIZED
    WARNING: GigaTIME failed on patch (58368, 8192): cuDNN error: CUDNN_STATUS_NOT_INITIALIZED
    WARNING: GigaTIME failed on patch (58368, 9216): cuDNN error: CUDNN_STATUS_NOT_INITIALIZED
    WARNING: GigaTIME failed on patch (58368, 10240): cuDNN error: CUDNN_STATUS_NOT_INITIALIZED
    WARNING: GigaTIME failed on patch (58368, 11264): cuDNN error: CUDNN_STATUS_NOT_INITIALIZED
    WARNING: GigaTIME failed on patch (58368, 12288): cuDNN error: CUDNN_STATUS_NOT_INITIALIZED
    WARNING: GigaTIME failed on patch (58368, 13312): cuDNN error: CUDNN_STATUS_NOT_INITIALIZED
    WARNING: GigaTIME failed on patch (58368, 14336): cuDNN error: CUDNN_STATUS_NOT_INITIALIZED
    WARNING: GigaTIME failed on patch (58368, 15360): cuDNN error: CUDNN_STATUS_NOT_INITIALIZED
    WARNING: GigaTIME failed on patch (58368, 16384): cuDNN error: CUDNN_STATUS_NOT_INITIALIZED
    WARNING: GigaTIME failed on patch (58368, 17408): cuDNN error: CUDNN_STATUS_NOT_INITIALIZED
    WARNING: GigaTIME failed on patch (58368, 18432): cuDNN error: CUDNN_STATUS_NOT_INITIALIZED
    WARNING: GigaTIME failed on patch (58368, 19456): cuDNN error: CUDNN_STATUS_NOT_INITIALIZED
    WARNING: GigaTIME failed on patch (58368, 20480): cuDNN error: CUDNN_STATUS_NOT_INITIALIZED
    WARNING: GigaTIME failed on patch (58368, 21504): cuDNN error: CUDNN_STATUS_NOT_INITIALIZED
    WARNING: GigaTIME failed on patch (58368, 22528): cuDNN error: CUDNN_STATUS_NOT_INITIALIZED
    WARNING: GigaTIME failed on patch (58368, 23552): cuDNN error: CUDNN_STATUS_NOT_INITIALIZED
    WARNING: GigaTIME failed on patch (58368, 24576): cuDNN error: CUDNN_STATUS_NOT_INITIALIZED
    WARNING: GigaTIME failed on patch (58368, 25600): cuDNN error: CUDNN_STATUS_NOT_INITIALIZED
    WARNING: GigaTIME failed on patch (58368, 26624): cuDNN error: CUDNN_STATUS_NOT_INITIALIZED
    WARNING: GigaTIME failed on patch (58368, 27648): cuDNN error: CUDNN_STATUS_NOT_INITIALIZED
    WARNING: GigaTIME failed on patch (58368, 30720): cuDNN error: CUDNN_STATUS_NOT_INITIALIZED
    WARNING: GigaTIME failed on patch (58368, 31744): cuDNN error: CUDNN_STATUS_NOT_INITIALIZED
    WARNING: GigaTIME failed on patch (58368, 32768): cuDNN error: CUDNN_STATUS_NOT_INITIALIZED
    WARNING: GigaTIME failed on patch (58368, 33792): cuDNN error: CUDNN_STATUS_NOT_INITIALIZED
    WARNING: GigaTIME failed on patch (58368, 36864): cuDNN error: CUDNN_STATUS_NOT_INITIALIZED
    WARNING: GigaTIME failed on patch (58368, 37888): cuDNN error: CUDNN_STATUS_NOT_INITIALIZED
    WARNING: GigaTIME failed on patch (59392, 6144): cuDNN error: CUDNN_STATUS_NOT_INITIALIZED
    WARNING: GigaTIME failed on patch (59392, 7168): cuDNN error: CUDNN_STATUS_NOT_INITIALIZED
    WARNING: GigaTIME failed on patch (59392, 8192): cuDNN error: CUDNN_STATUS_NOT_INITIALIZED
    WARNING: GigaTIME failed on patch (59392, 9216): cuDNN error: CUDNN_STATUS_NOT_INITIALIZED
    WARNING: GigaTIME failed on patch (59392, 10240): cuDNN error: CUDNN_STATUS_NOT_INITIALIZED
    WARNING: GigaTIME failed on patch (59392, 11264): cuDNN error: CUDNN_STATUS_NOT_INITIALIZED
    WARNING: GigaTIME failed on patch (59392, 12288): cuDNN error: CUDNN_STATUS_NOT_INITIALIZED
    WARNING: GigaTIME failed on patch (59392, 13312): cuDNN error: CUDNN_STATUS_NOT_INITIALIZED
    WARNING: GigaTIME failed on patch (59392, 14336): cuDNN error: CUDNN_STATUS_NOT_INITIALIZED
    WARNING: GigaTIME failed on patch (59392, 15360): cuDNN error: CUDNN_STATUS_NOT_INITIALIZED
    WARNING: GigaTIME failed on patch (59392, 16384): cuDNN error: CUDNN_STATUS_NOT_INITIALIZED
    WARNING: GigaTIME failed on patch (59392, 17408): cuDNN error: CUDNN_STATUS_NOT_INITIALIZED
    WARNING: GigaTIME failed on patch (59392, 18432): cuDNN error: CUDNN_STATUS_NOT_INITIALIZED
    WARNING: GigaTIME failed on patch (59392, 19456): cuDNN error: CUDNN_STATUS_NOT_INITIALIZED
    WARNING: GigaTIME failed on patch (59392, 20480): cuDNN error: CUDNN_STATUS_NOT_INITIALIZED
    WARNING: GigaTIME failed on patch (59392, 21504): cuDNN error: CUDNN_STATUS_NOT_INITIALIZED
    WARNING: GigaTIME failed on patch (59392, 22528): cuDNN error: CUDNN_STATUS_NOT_INITIALIZED
    WARNING: GigaTIME failed on patch (59392, 23552): cuDNN error: CUDNN_STATUS_NOT_INITIALIZED
    WARNING: GigaTIME failed on patch (59392, 24576): cuDNN error: CUDNN_STATUS_NOT_INITIALIZED
    WARNING: GigaTIME failed on patch (59392, 25600): cuDNN error: CUDNN_STATUS_NOT_INITIALIZED
    WARNING: GigaTIME failed on patch (59392, 26624): cuDNN error: CUDNN_STATUS_NOT_INITIALIZED
    WARNING: GigaTIME failed on patch (59392, 27648): cuDNN error: CUDNN_STATUS_NOT_INITIALIZED
    WARNING: GigaTIME failed on patch (59392, 30720): cuDNN error: CUDNN_STATUS_NOT_INITIALIZED
    WARNING: GigaTIME failed on patch (59392, 31744): cuDNN error: CUDNN_STATUS_NOT_INITIALIZED
    WARNING: GigaTIME failed on patch (59392, 32768): cuDNN error: CUDNN_STATUS_NOT_INITIALIZED
    WARNING: GigaTIME failed on patch (59392, 33792): cuDNN error: CUDNN_STATUS_NOT_INITIALIZED
    WARNING: GigaTIME failed on patch (59392, 36864): cuDNN error: CUDNN_STATUS_NOT_INITIALIZED
    WARNING: GigaTIME failed on patch (59392, 37888): cuDNN error: CUDNN_STATUS_NOT_INITIALIZED
    WARNING: GigaTIME failed on patch (60416, 6144): cuDNN error: CUDNN_STATUS_NOT_INITIALIZED
    WARNING: GigaTIME failed on patch (60416, 7168): cuDNN error: CUDNN_STATUS_NOT_INITIALIZED
    WARNING: GigaTIME failed on patch (60416, 8192): cuDNN error: CUDNN_STATUS_NOT_INITIALIZED
    WARNING: GigaTIME failed on patch (60416, 9216): cuDNN error: CUDNN_STATUS_NOT_INITIALIZED
    WARNING: GigaTIME failed on patch (60416, 10240): cuDNN error: CUDNN_STATUS_NOT_INITIALIZED
    WARNING: GigaTIME failed on patch (60416, 11264): cuDNN error: CUDNN_STATUS_NOT_INITIALIZED
    WARNING: GigaTIME failed on patch (60416, 12288): cuDNN error: CUDNN_STATUS_NOT_INITIALIZED
    WARNING: GigaTIME failed on patch (60416, 13312): cuDNN error: CUDNN_STATUS_NOT_INITIALIZED
    WARNING: GigaTIME failed on patch (60416, 14336): cuDNN error: CUDNN_STATUS_NOT_INITIALIZED
    WARNING: GigaTIME failed on patch (60416, 15360): cuDNN error: CUDNN_STATUS_NOT_INITIALIZED
    WARNING: GigaTIME failed on patch (60416, 16384): cuDNN error: CUDNN_STATUS_NOT_INITIALIZED
    WARNING: GigaTIME failed on patch (60416, 17408): cuDNN error: CUDNN_STATUS_NOT_INITIALIZED
    WARNING: GigaTIME failed on patch (60416, 18432): cuDNN error: CUDNN_STATUS_NOT_INITIALIZED
    WARNING: GigaTIME failed on patch (60416, 19456): cuDNN error: CUDNN_STATUS_NOT_INITIALIZED
    WARNING: GigaTIME failed on patch (60416, 20480): cuDNN error: CUDNN_STATUS_NOT_INITIALIZED
    WARNING: GigaTIME failed on patch (60416, 21504): cuDNN error: CUDNN_STATUS_NOT_INITIALIZED
    WARNING: GigaTIME failed on patch (60416, 22528): cuDNN error: CUDNN_STATUS_NOT_INITIALIZED
    WARNING: GigaTIME failed on patch (60416, 23552): cuDNN error: CUDNN_STATUS_NOT_INITIALIZED
    WARNING: GigaTIME failed on patch (60416, 24576): cuDNN error: CUDNN_STATUS_NOT_INITIALIZED
    WARNING: GigaTIME failed on patch (60416, 25600): cuDNN error: CUDNN_STATUS_NOT_INITIALIZED
    WARNING: GigaTIME failed on patch (60416, 26624): cuDNN error: CUDNN_STATUS_NOT_INITIALIZED
    WARNING: GigaTIME failed on patch (60416, 27648): cuDNN error: CUDNN_STATUS_NOT_INITIALIZED
    WARNING: GigaTIME failed on patch (60416, 29696): cuDNN error: CUDNN_STATUS_NOT_INITIALIZED
    WARNING: GigaTIME failed on patch (60416, 30720): cuDNN error: CUDNN_STATUS_NOT_INITIALIZED
    WARNING: GigaTIME failed on patch (60416, 31744): cuDNN error: CUDNN_STATUS_NOT_INITIALIZED
    WARNING: GigaTIME failed on patch (60416, 32768): cuDNN error: CUDNN_STATUS_NOT_INITIALIZED
    WARNING: GigaTIME failed on patch (60416, 33792): cuDNN error: CUDNN_STATUS_NOT_INITIALIZED
    WARNING: GigaTIME failed on patch (60416, 36864): cuDNN error: CUDNN_STATUS_NOT_INITIALIZED
    WARNING: GigaTIME failed on patch (60416, 37888): cuDNN error: CUDNN_STATUS_NOT_INITIALIZED
    WARNING: GigaTIME failed on patch (61440, 6144): cuDNN error: CUDNN_STATUS_NOT_INITIALIZED
    WARNING: GigaTIME failed on patch (61440, 7168): cuDNN error: CUDNN_STATUS_NOT_INITIALIZED
    WARNING: GigaTIME failed on patch (61440, 8192): cuDNN error: CUDNN_STATUS_NOT_INITIALIZED
    WARNING: GigaTIME failed on patch (61440, 9216): cuDNN error: CUDNN_STATUS_NOT_INITIALIZED
    WARNING: GigaTIME failed on patch (61440, 10240): cuDNN error: CUDNN_STATUS_NOT_INITIALIZED
    WARNING: GigaTIME failed on patch (61440, 11264): cuDNN error: CUDNN_STATUS_NOT_INITIALIZED
    WARNING: GigaTIME failed on patch (61440, 12288): cuDNN error: CUDNN_STATUS_NOT_INITIALIZED
    WARNING: GigaTIME failed on patch (61440, 13312): cuDNN error: CUDNN_STATUS_NOT_INITIALIZED
    WARNING: GigaTIME failed on patch (61440, 14336): cuDNN error: CUDNN_STATUS_NOT_INITIALIZED
    WARNING: GigaTIME failed on patch (61440, 15360): cuDNN error: CUDNN_STATUS_NOT_INITIALIZED
    WARNING: GigaTIME failed on patch (61440, 16384): cuDNN error: CUDNN_STATUS_NOT_INITIALIZED
    WARNING: GigaTIME failed on patch (61440, 17408): cuDNN error: CUDNN_STATUS_NOT_INITIALIZED
    WARNING: GigaTIME failed on patch (61440, 18432): cuDNN error: CUDNN_STATUS_NOT_INITIALIZED
    WARNING: GigaTIME failed on patch (61440, 19456): cuDNN error: CUDNN_STATUS_NOT_INITIALIZED
    WARNING: GigaTIME failed on patch (61440, 20480): cuDNN error: CUDNN_STATUS_NOT_INITIALIZED
    WARNING: GigaTIME failed on patch (61440, 21504): cuDNN error: CUDNN_STATUS_NOT_INITIALIZED
    WARNING: GigaTIME failed on patch (61440, 22528): cuDNN error: CUDNN_STATUS_NOT_INITIALIZED
    WARNING: GigaTIME failed on patch (61440, 23552): cuDNN error: CUDNN_STATUS_NOT_INITIALIZED
    WARNING: GigaTIME failed on patch (61440, 24576): cuDNN error: CUDNN_STATUS_NOT_INITIALIZED
    WARNING: GigaTIME failed on patch (61440, 25600): cuDNN error: CUDNN_STATUS_NOT_INITIALIZED
    WARNING: GigaTIME failed on patch (61440, 26624): cuDNN error: CUDNN_STATUS_NOT_INITIALIZED
    WARNING: GigaTIME failed on patch (61440, 27648): cuDNN error: CUDNN_STATUS_NOT_INITIALIZED
    WARNING: GigaTIME failed on patch (61440, 28672): cuDNN error: CUDNN_STATUS_NOT_INITIALIZED
    WARNING: GigaTIME failed on patch (61440, 29696): cuDNN error: CUDNN_STATUS_NOT_INITIALIZED
    WARNING: GigaTIME failed on patch (61440, 30720): cuDNN error: CUDNN_STATUS_NOT_INITIALIZED
    WARNING: GigaTIME failed on patch (61440, 31744): cuDNN error: CUDNN_STATUS_NOT_INITIALIZED
    WARNING: GigaTIME failed on patch (61440, 32768): cuDNN error: CUDNN_STATUS_NOT_INITIALIZED
    WARNING: GigaTIME failed on patch (61440, 33792): cuDNN error: CUDNN_STATUS_NOT_INITIALIZED
    WARNING: GigaTIME failed on patch (61440, 34816): cuDNN error: CUDNN_STATUS_NOT_INITIALIZED
    WARNING: GigaTIME failed on patch (61440, 35840): cuDNN error: CUDNN_STATUS_NOT_INITIALIZED
    WARNING: GigaTIME failed on patch (61440, 36864): cuDNN error: CUDNN_STATUS_NOT_INITIALIZED
    WARNING: GigaTIME failed on patch (61440, 37888): cuDNN error: CUDNN_STATUS_NOT_INITIALIZED
    WARNING: GigaTIME failed on patch (62464, 6144): cuDNN error: CUDNN_STATUS_NOT_INITIALIZED
    WARNING: GigaTIME failed on patch (62464, 7168): cuDNN error: CUDNN_STATUS_NOT_INITIALIZED
    WARNING: GigaTIME failed on patch (62464, 8192): cuDNN error: CUDNN_STATUS_NOT_INITIALIZED
    WARNING: GigaTIME failed on patch (62464, 9216): cuDNN error: CUDNN_STATUS_NOT_INITIALIZED
    WARNING: GigaTIME failed on patch (62464, 10240): cuDNN error: CUDNN_STATUS_NOT_INITIALIZED
    WARNING: GigaTIME failed on patch (62464, 11264): cuDNN error: CUDNN_STATUS_NOT_INITIALIZED
    WARNING: GigaTIME failed on patch (62464, 12288): cuDNN error: CUDNN_STATUS_NOT_INITIALIZED
    WARNING: GigaTIME failed on patch (62464, 13312): cuDNN error: CUDNN_STATUS_NOT_INITIALIZED
    WARNING: GigaTIME failed on patch (62464, 14336): cuDNN error: CUDNN_STATUS_NOT_INITIALIZED
    WARNING: GigaTIME failed on patch (62464, 15360): cuDNN error: CUDNN_STATUS_NOT_INITIALIZED
    WARNING: GigaTIME failed on patch (62464, 16384): cuDNN error: CUDNN_STATUS_NOT_INITIALIZED
    WARNING: GigaTIME failed on patch (62464, 17408): cuDNN error: CUDNN_STATUS_NOT_INITIALIZED
    WARNING: GigaTIME failed on patch (62464, 18432): cuDNN error: CUDNN_STATUS_NOT_INITIALIZED
    WARNING: GigaTIME failed on patch (62464, 19456): cuDNN error: CUDNN_STATUS_NOT_INITIALIZED
    WARNING: GigaTIME failed on patch (62464, 20480): cuDNN error: CUDNN_STATUS_NOT_INITIALIZED
    WARNING: GigaTIME failed on patch (62464, 21504): cuDNN error: CUDNN_STATUS_NOT_INITIALIZED
    WARNING: GigaTIME failed on patch (62464, 22528): cuDNN error: CUDNN_STATUS_NOT_INITIALIZED
    WARNING: GigaTIME failed on patch (62464, 23552): cuDNN error: CUDNN_STATUS_NOT_INITIALIZED
    WARNING: GigaTIME failed on patch (62464, 24576): cuDNN error: CUDNN_STATUS_NOT_INITIALIZED
    WARNING: GigaTIME failed on patch (62464, 25600): cuDNN error: CUDNN_STATUS_NOT_INITIALIZED
    WARNING: GigaTIME failed on patch (62464, 26624): cuDNN error: CUDNN_STATUS_NOT_INITIALIZED
    WARNING: GigaTIME failed on patch (62464, 27648): cuDNN error: CUDNN_STATUS_NOT_INITIALIZED
    WARNING: GigaTIME failed on patch (62464, 28672): cuDNN error: CUDNN_STATUS_NOT_INITIALIZED
    WARNING: GigaTIME failed on patch (62464, 29696): cuDNN error: CUDNN_STATUS_NOT_INITIALIZED
    WARNING: GigaTIME failed on patch (62464, 30720): cuDNN error: CUDNN_STATUS_NOT_INITIALIZED
    WARNING: GigaTIME failed on patch (62464, 31744): cuDNN error: CUDNN_STATUS_NOT_INITIALIZED
    WARNING: GigaTIME failed on patch (62464, 32768): cuDNN error: CUDNN_STATUS_NOT_INITIALIZED
    WARNING: GigaTIME failed on patch (62464, 33792): cuDNN error: CUDNN_STATUS_NOT_INITIALIZED
    WARNING: GigaTIME failed on patch (62464, 34816): cuDNN error: CUDNN_STATUS_NOT_INITIALIZED
    WARNING: GigaTIME failed on patch (62464, 36864): cuDNN error: CUDNN_STATUS_NOT_INITIALIZED
    WARNING: GigaTIME failed on patch (62464, 37888): cuDNN error: CUDNN_STATUS_NOT_INITIALIZED
    WARNING: GigaTIME failed on patch (63488, 6144): cuDNN error: CUDNN_STATUS_NOT_INITIALIZED
    WARNING: GigaTIME failed on patch (63488, 7168): cuDNN error: CUDNN_STATUS_NOT_INITIALIZED
    WARNING: GigaTIME failed on patch (63488, 8192): cuDNN error: CUDNN_STATUS_NOT_INITIALIZED
    WARNING: GigaTIME failed on patch (63488, 9216): cuDNN error: CUDNN_STATUS_NOT_INITIALIZED
    WARNING: GigaTIME failed on patch (63488, 10240): cuDNN error: CUDNN_STATUS_NOT_INITIALIZED
    WARNING: GigaTIME failed on patch (63488, 11264): cuDNN error: CUDNN_STATUS_NOT_INITIALIZED
    WARNING: GigaTIME failed on patch (63488, 12288): cuDNN error: CUDNN_STATUS_NOT_INITIALIZED
    WARNING: GigaTIME failed on patch (63488, 13312): cuDNN error: CUDNN_STATUS_NOT_INITIALIZED
    WARNING: GigaTIME failed on patch (63488, 14336): cuDNN error: CUDNN_STATUS_NOT_INITIALIZED
    WARNING: GigaTIME failed on patch (63488, 15360): cuDNN error: CUDNN_STATUS_NOT_INITIALIZED
    WARNING: GigaTIME failed on patch (63488, 16384): cuDNN error: CUDNN_STATUS_NOT_INITIALIZED
    WARNING: GigaTIME failed on patch (63488, 17408): cuDNN error: CUDNN_STATUS_NOT_INITIALIZED
    WARNING: GigaTIME failed on patch (63488, 18432): cuDNN error: CUDNN_STATUS_NOT_INITIALIZED
    WARNING: GigaTIME failed on patch (63488, 19456): cuDNN error: CUDNN_STATUS_NOT_INITIALIZED
    WARNING: GigaTIME failed on patch (63488, 20480): cuDNN error: CUDNN_STATUS_NOT_INITIALIZED
    WARNING: GigaTIME failed on patch (63488, 21504): cuDNN error: CUDNN_STATUS_NOT_INITIALIZED
    WARNING: GigaTIME failed on patch (63488, 22528): cuDNN error: CUDNN_STATUS_NOT_INITIALIZED
    WARNING: GigaTIME failed on patch (63488, 23552): cuDNN error: CUDNN_STATUS_NOT_INITIALIZED
    WARNING: GigaTIME failed on patch (63488, 24576): cuDNN error: CUDNN_STATUS_NOT_INITIALIZED
    WARNING: GigaTIME failed on patch (63488, 25600): cuDNN error: CUDNN_STATUS_NOT_INITIALIZED
    WARNING: GigaTIME failed on patch (63488, 26624): cuDNN error: CUDNN_STATUS_NOT_INITIALIZED
    WARNING: GigaTIME failed on patch (63488, 27648): cuDNN error: CUDNN_STATUS_NOT_INITIALIZED
    WARNING: GigaTIME failed on patch (63488, 28672): cuDNN error: CUDNN_STATUS_NOT_INITIALIZED
    WARNING: GigaTIME failed on patch (63488, 29696): cuDNN error: CUDNN_STATUS_NOT_INITIALIZED
    WARNING: GigaTIME failed on patch (63488, 30720): cuDNN error: CUDNN_STATUS_NOT_INITIALIZED
    WARNING: GigaTIME failed on patch (63488, 31744): cuDNN error: CUDNN_STATUS_NOT_INITIALIZED
    WARNING: GigaTIME failed on patch (63488, 32768): cuDNN error: CUDNN_STATUS_NOT_INITIALIZED
    WARNING: GigaTIME failed on patch (63488, 33792): cuDNN error: CUDNN_STATUS_NOT_INITIALIZED
    WARNING: GigaTIME failed on patch (63488, 34816): cuDNN error: CUDNN_STATUS_NOT_INITIALIZED
    WARNING: GigaTIME failed on patch (63488, 36864): cuDNN error: CUDNN_STATUS_NOT_INITIALIZED
    WARNING: GigaTIME failed on patch (63488, 37888): cuDNN error: CUDNN_STATUS_NOT_INITIALIZED
    WARNING: GigaTIME failed on patch (64512, 5120): cuDNN error: CUDNN_STATUS_NOT_INITIALIZED
    WARNING: GigaTIME failed on patch (64512, 6144): cuDNN error: CUDNN_STATUS_NOT_INITIALIZED
    WARNING: GigaTIME failed on patch (64512, 7168): cuDNN error: CUDNN_STATUS_NOT_INITIALIZED
    WARNING: GigaTIME failed on patch (64512, 8192): cuDNN error: CUDNN_STATUS_NOT_INITIALIZED
    WARNING: GigaTIME failed on patch (64512, 9216): cuDNN error: CUDNN_STATUS_NOT_INITIALIZED
    WARNING: GigaTIME failed on patch (64512, 10240): cuDNN error: CUDNN_STATUS_NOT_INITIALIZED
    WARNING: GigaTIME failed on patch (64512, 11264): cuDNN error: CUDNN_STATUS_NOT_INITIALIZED
    WARNING: GigaTIME failed on patch (64512, 12288): cuDNN error: CUDNN_STATUS_NOT_INITIALIZED
    WARNING: GigaTIME failed on patch (64512, 13312): cuDNN error: CUDNN_STATUS_NOT_INITIALIZED
    WARNING: GigaTIME failed on patch (64512, 14336): cuDNN error: CUDNN_STATUS_NOT_INITIALIZED
    WARNING: GigaTIME failed on patch (64512, 15360): cuDNN error: CUDNN_STATUS_NOT_INITIALIZED
    WARNING: GigaTIME failed on patch (64512, 16384): cuDNN error: CUDNN_STATUS_NOT_INITIALIZED
    WARNING: GigaTIME failed on patch (64512, 17408): cuDNN error: CUDNN_STATUS_NOT_INITIALIZED
    WARNING: GigaTIME failed on patch (64512, 18432): cuDNN error: CUDNN_STATUS_NOT_INITIALIZED
    WARNING: GigaTIME failed on patch (64512, 19456): cuDNN error: CUDNN_STATUS_NOT_INITIALIZED
    WARNING: GigaTIME failed on patch (64512, 20480): cuDNN error: CUDNN_STATUS_NOT_INITIALIZED
    WARNING: GigaTIME failed on patch (64512, 21504): cuDNN error: CUDNN_STATUS_NOT_INITIALIZED
    WARNING: GigaTIME failed on patch (64512, 22528): cuDNN error: CUDNN_STATUS_NOT_INITIALIZED
    WARNING: GigaTIME failed on patch (64512, 23552): cuDNN error: CUDNN_STATUS_NOT_INITIALIZED
    WARNING: GigaTIME failed on patch (64512, 24576): cuDNN error: CUDNN_STATUS_NOT_INITIALIZED
    WARNING: GigaTIME failed on patch (64512, 25600): cuDNN error: CUDNN_STATUS_NOT_INITIALIZED
    WARNING: GigaTIME failed on patch (64512, 26624): cuDNN error: CUDNN_STATUS_NOT_INITIALIZED
    WARNING: GigaTIME failed on patch (64512, 27648): cuDNN error: CUDNN_STATUS_NOT_INITIALIZED
    WARNING: GigaTIME failed on patch (64512, 28672): cuDNN error: CUDNN_STATUS_NOT_INITIALIZED
    WARNING: GigaTIME failed on patch (64512, 29696): cuDNN error: CUDNN_STATUS_NOT_INITIALIZED
    WARNING: GigaTIME failed on patch (64512, 30720): cuDNN error: CUDNN_STATUS_NOT_INITIALIZED
    WARNING: GigaTIME failed on patch (64512, 31744): cuDNN error: CUDNN_STATUS_NOT_INITIALIZED
    WARNING: GigaTIME failed on patch (64512, 32768): cuDNN error: CUDNN_STATUS_NOT_INITIALIZED
    WARNING: GigaTIME failed on patch (64512, 33792): cuDNN error: CUDNN_STATUS_NOT_INITIALIZED
    WARNING: GigaTIME failed on patch (64512, 36864): cuDNN error: CUDNN_STATUS_NOT_INITIALIZED
    WARNING: GigaTIME failed on patch (64512, 37888): cuDNN error: CUDNN_STATUS_NOT_INITIALIZED
    WARNING: GigaTIME failed on patch (65536, 5120): cuDNN error: CUDNN_STATUS_NOT_INITIALIZED
    WARNING: GigaTIME failed on patch (65536, 6144): cuDNN error: CUDNN_STATUS_NOT_INITIALIZED
    WARNING: GigaTIME failed on patch (65536, 7168): cuDNN error: CUDNN_STATUS_NOT_INITIALIZED
    WARNING: GigaTIME failed on patch (65536, 8192): cuDNN error: CUDNN_STATUS_NOT_INITIALIZED
    WARNING: GigaTIME failed on patch (65536, 9216): cuDNN error: CUDNN_STATUS_NOT_INITIALIZED
    WARNING: GigaTIME failed on patch (65536, 10240): cuDNN error: CUDNN_STATUS_NOT_INITIALIZED
    WARNING: GigaTIME failed on patch (65536, 11264): cuDNN error: CUDNN_STATUS_NOT_INITIALIZED
    WARNING: GigaTIME failed on patch (65536, 12288): cuDNN error: CUDNN_STATUS_NOT_INITIALIZED
    WARNING: GigaTIME failed on patch (65536, 13312): cuDNN error: CUDNN_STATUS_NOT_INITIALIZED
    WARNING: GigaTIME failed on patch (65536, 14336): cuDNN error: CUDNN_STATUS_NOT_INITIALIZED
    WARNING: GigaTIME failed on patch (65536, 15360): cuDNN error: CUDNN_STATUS_NOT_INITIALIZED
    WARNING: GigaTIME failed on patch (65536, 16384): cuDNN error: CUDNN_STATUS_NOT_INITIALIZED
    WARNING: GigaTIME failed on patch (65536, 17408): cuDNN error: CUDNN_STATUS_NOT_INITIALIZED
    WARNING: GigaTIME failed on patch (65536, 18432): cuDNN error: CUDNN_STATUS_NOT_INITIALIZED
    WARNING: GigaTIME failed on patch (65536, 19456): cuDNN error: CUDNN_STATUS_NOT_INITIALIZED
    WARNING: GigaTIME failed on patch (65536, 20480): cuDNN error: CUDNN_STATUS_NOT_INITIALIZED
    WARNING: GigaTIME failed on patch (65536, 21504): cuDNN error: CUDNN_STATUS_NOT_INITIALIZED
    WARNING: GigaTIME failed on patch (65536, 22528): cuDNN error: CUDNN_STATUS_NOT_INITIALIZED
    WARNING: GigaTIME failed on patch (65536, 23552): cuDNN error: CUDNN_STATUS_NOT_INITIALIZED
    WARNING: GigaTIME failed on patch (65536, 24576): cuDNN error: CUDNN_STATUS_NOT_INITIALIZED
    WARNING: GigaTIME failed on patch (65536, 25600): cuDNN error: CUDNN_STATUS_NOT_INITIALIZED
    WARNING: GigaTIME failed on patch (65536, 26624): cuDNN error: CUDNN_STATUS_NOT_INITIALIZED
    WARNING: GigaTIME failed on patch (65536, 27648): cuDNN error: CUDNN_STATUS_NOT_INITIALIZED
    WARNING: GigaTIME failed on patch (65536, 28672): cuDNN error: CUDNN_STATUS_NOT_INITIALIZED
    WARNING: GigaTIME failed on patch (65536, 29696): cuDNN error: CUDNN_STATUS_NOT_INITIALIZED
    WARNING: GigaTIME failed on patch (65536, 30720): cuDNN error: CUDNN_STATUS_NOT_INITIALIZED
    WARNING: GigaTIME failed on patch (65536, 31744): cuDNN error: CUDNN_STATUS_NOT_INITIALIZED
    WARNING: GigaTIME failed on patch (65536, 32768): cuDNN error: CUDNN_STATUS_NOT_INITIALIZED
    WARNING: GigaTIME failed on patch (65536, 33792): cuDNN error: CUDNN_STATUS_NOT_INITIALIZED
    WARNING: GigaTIME failed on patch (65536, 36864): cuDNN error: CUDNN_STATUS_NOT_INITIALIZED
    WARNING: GigaTIME failed on patch (65536, 37888): cuDNN error: CUDNN_STATUS_NOT_INITIALIZED
    WARNING: GigaTIME failed on patch (66560, 5120): cuDNN error: CUDNN_STATUS_NOT_INITIALIZED
    WARNING: GigaTIME failed on patch (66560, 6144): cuDNN error: CUDNN_STATUS_NOT_INITIALIZED
    WARNING: GigaTIME failed on patch (66560, 7168): cuDNN error: CUDNN_STATUS_NOT_INITIALIZED
    WARNING: GigaTIME failed on patch (66560, 8192): cuDNN error: CUDNN_STATUS_NOT_INITIALIZED
    WARNING: GigaTIME failed on patch (66560, 9216): cuDNN error: CUDNN_STATUS_NOT_INITIALIZED
    WARNING: GigaTIME failed on patch (66560, 10240): cuDNN error: CUDNN_STATUS_NOT_INITIALIZED
    WARNING: GigaTIME failed on patch (66560, 11264): cuDNN error: CUDNN_STATUS_NOT_INITIALIZED
    WARNING: GigaTIME failed on patch (66560, 12288): cuDNN error: CUDNN_STATUS_NOT_INITIALIZED
    WARNING: GigaTIME failed on patch (66560, 13312): cuDNN error: CUDNN_STATUS_NOT_INITIALIZED
    WARNING: GigaTIME failed on patch (66560, 14336): cuDNN error: CUDNN_STATUS_NOT_INITIALIZED
    WARNING: GigaTIME failed on patch (66560, 15360): cuDNN error: CUDNN_STATUS_NOT_INITIALIZED
    WARNING: GigaTIME failed on patch (66560, 16384): cuDNN error: CUDNN_STATUS_NOT_INITIALIZED
    WARNING: GigaTIME failed on patch (66560, 17408): cuDNN error: CUDNN_STATUS_NOT_INITIALIZED
    WARNING: GigaTIME failed on patch (66560, 18432): cuDNN error: CUDNN_STATUS_NOT_INITIALIZED
    WARNING: GigaTIME failed on patch (66560, 19456): cuDNN error: CUDNN_STATUS_NOT_INITIALIZED
    WARNING: GigaTIME failed on patch (66560, 20480): cuDNN error: CUDNN_STATUS_NOT_INITIALIZED
    WARNING: GigaTIME failed on patch (66560, 21504): cuDNN error: CUDNN_STATUS_NOT_INITIALIZED
    WARNING: GigaTIME failed on patch (66560, 22528): cuDNN error: CUDNN_STATUS_NOT_INITIALIZED
    WARNING: GigaTIME failed on patch (66560, 23552): cuDNN error: CUDNN_STATUS_NOT_INITIALIZED
    WARNING: GigaTIME failed on patch (66560, 24576): cuDNN error: CUDNN_STATUS_NOT_INITIALIZED
    WARNING: GigaTIME failed on patch (66560, 25600): cuDNN error: CUDNN_STATUS_NOT_INITIALIZED
    WARNING: GigaTIME failed on patch (66560, 26624): cuDNN error: CUDNN_STATUS_NOT_INITIALIZED
    WARNING: GigaTIME failed on patch (66560, 27648): cuDNN error: CUDNN_STATUS_NOT_INITIALIZED
    WARNING: GigaTIME failed on patch (66560, 28672): cuDNN error: CUDNN_STATUS_NOT_INITIALIZED
    WARNING: GigaTIME failed on patch (66560, 29696): cuDNN error: CUDNN_STATUS_NOT_INITIALIZED
    WARNING: GigaTIME failed on patch (66560, 30720): cuDNN error: CUDNN_STATUS_NOT_INITIALIZED
    WARNING: GigaTIME failed on patch (66560, 31744): cuDNN error: CUDNN_STATUS_NOT_INITIALIZED
    WARNING: GigaTIME failed on patch (66560, 32768): cuDNN error: CUDNN_STATUS_NOT_INITIALIZED
    WARNING: GigaTIME failed on patch (66560, 33792): cuDNN error: CUDNN_STATUS_NOT_INITIALIZED
    WARNING: GigaTIME failed on patch (66560, 34816): cuDNN error: CUDNN_STATUS_NOT_INITIALIZED
    WARNING: GigaTIME failed on patch (67584, 5120): cuDNN error: CUDNN_STATUS_NOT_INITIALIZED
    WARNING: GigaTIME failed on patch (67584, 6144): cuDNN error: CUDNN_STATUS_NOT_INITIALIZED
    WARNING: GigaTIME failed on patch (67584, 7168): cuDNN error: CUDNN_STATUS_NOT_INITIALIZED
    WARNING: GigaTIME failed on patch (67584, 8192): cuDNN error: CUDNN_STATUS_NOT_INITIALIZED
    WARNING: GigaTIME failed on patch (67584, 9216): cuDNN error: CUDNN_STATUS_NOT_INITIALIZED
    WARNING: GigaTIME failed on patch (67584, 10240): cuDNN error: CUDNN_STATUS_NOT_INITIALIZED
    WARNING: GigaTIME failed on patch (67584, 11264): cuDNN error: CUDNN_STATUS_NOT_INITIALIZED
    WARNING: GigaTIME failed on patch (67584, 12288): cuDNN error: CUDNN_STATUS_NOT_INITIALIZED
    WARNING: GigaTIME failed on patch (67584, 13312): cuDNN error: CUDNN_STATUS_NOT_INITIALIZED
    WARNING: GigaTIME failed on patch (67584, 14336): cuDNN error: CUDNN_STATUS_NOT_INITIALIZED
    WARNING: GigaTIME failed on patch (67584, 15360): cuDNN error: CUDNN_STATUS_NOT_INITIALIZED
    WARNING: GigaTIME failed on patch (67584, 16384): cuDNN error: CUDNN_STATUS_NOT_INITIALIZED
    WARNING: GigaTIME failed on patch (67584, 17408): cuDNN error: CUDNN_STATUS_NOT_INITIALIZED
    WARNING: GigaTIME failed on patch (67584, 18432): cuDNN error: CUDNN_STATUS_NOT_INITIALIZED
    WARNING: GigaTIME failed on patch (67584, 19456): cuDNN error: CUDNN_STATUS_NOT_INITIALIZED
    WARNING: GigaTIME failed on patch (67584, 20480): cuDNN error: CUDNN_STATUS_NOT_INITIALIZED
    WARNING: GigaTIME failed on patch (67584, 21504): cuDNN error: CUDNN_STATUS_NOT_INITIALIZED
    WARNING: GigaTIME failed on patch (67584, 22528): cuDNN error: CUDNN_STATUS_NOT_INITIALIZED
    WARNING: GigaTIME failed on patch (67584, 23552): cuDNN error: CUDNN_STATUS_NOT_INITIALIZED
    WARNING: GigaTIME failed on patch (67584, 24576): cuDNN error: CUDNN_STATUS_NOT_INITIALIZED
    WARNING: GigaTIME failed on patch (67584, 25600): cuDNN error: CUDNN_STATUS_NOT_INITIALIZED
    WARNING: GigaTIME failed on patch (67584, 26624): cuDNN error: CUDNN_STATUS_NOT_INITIALIZED
    WARNING: GigaTIME failed on patch (67584, 27648): cuDNN error: CUDNN_STATUS_NOT_INITIALIZED
    WARNING: GigaTIME failed on patch (67584, 28672): cuDNN error: CUDNN_STATUS_NOT_INITIALIZED
    WARNING: GigaTIME failed on patch (67584, 29696): cuDNN error: CUDNN_STATUS_NOT_INITIALIZED
    WARNING: GigaTIME failed on patch (67584, 30720): cuDNN error: CUDNN_STATUS_NOT_INITIALIZED
    WARNING: GigaTIME failed on patch (67584, 31744): cuDNN error: CUDNN_STATUS_NOT_INITIALIZED
    WARNING: GigaTIME failed on patch (67584, 32768): cuDNN error: CUDNN_STATUS_NOT_INITIALIZED
    WARNING: GigaTIME failed on patch (67584, 33792): cuDNN error: CUDNN_STATUS_NOT_INITIALIZED
    WARNING: GigaTIME failed on patch (67584, 34816): cuDNN error: CUDNN_STATUS_NOT_INITIALIZED
    WARNING: GigaTIME failed on patch (67584, 35840): cuDNN error: CUDNN_STATUS_NOT_INITIALIZED
    WARNING: GigaTIME failed on patch (67584, 36864): cuDNN error: CUDNN_STATUS_NOT_INITIALIZED
    WARNING: GigaTIME failed on patch (67584, 37888): cuDNN error: CUDNN_STATUS_NOT_INITIALIZED
    WARNING: GigaTIME failed on patch (68608, 5120): cuDNN error: CUDNN_STATUS_NOT_INITIALIZED
    WARNING: GigaTIME failed on patch (68608, 6144): cuDNN error: CUDNN_STATUS_NOT_INITIALIZED
    WARNING: GigaTIME failed on patch (68608, 7168): cuDNN error: CUDNN_STATUS_NOT_INITIALIZED
    WARNING: GigaTIME failed on patch (68608, 8192): cuDNN error: CUDNN_STATUS_NOT_INITIALIZED
    WARNING: GigaTIME failed on patch (68608, 9216): cuDNN error: CUDNN_STATUS_NOT_INITIALIZED
    WARNING: GigaTIME failed on patch (68608, 10240): cuDNN error: CUDNN_STATUS_NOT_INITIALIZED
    WARNING: GigaTIME failed on patch (68608, 11264): cuDNN error: CUDNN_STATUS_NOT_INITIALIZED
    WARNING: GigaTIME failed on patch (68608, 12288): cuDNN error: CUDNN_STATUS_NOT_INITIALIZED
    WARNING: GigaTIME failed on patch (68608, 13312): cuDNN error: CUDNN_STATUS_NOT_INITIALIZED
    WARNING: GigaTIME failed on patch (68608, 14336): cuDNN error: CUDNN_STATUS_NOT_INITIALIZED
    WARNING: GigaTIME failed on patch (68608, 15360): cuDNN error: CUDNN_STATUS_NOT_INITIALIZED
    WARNING: GigaTIME failed on patch (68608, 16384): cuDNN error: CUDNN_STATUS_NOT_INITIALIZED
    WARNING: GigaTIME failed on patch (68608, 17408): cuDNN error: CUDNN_STATUS_NOT_INITIALIZED
    WARNING: GigaTIME failed on patch (68608, 18432): cuDNN error: CUDNN_STATUS_NOT_INITIALIZED
    WARNING: GigaTIME failed on patch (68608, 19456): cuDNN error: CUDNN_STATUS_NOT_INITIALIZED
    WARNING: GigaTIME failed on patch (68608, 20480): cuDNN error: CUDNN_STATUS_NOT_INITIALIZED
    WARNING: GigaTIME failed on patch (68608, 21504): cuDNN error: CUDNN_STATUS_NOT_INITIALIZED
    WARNING: GigaTIME failed on patch (68608, 22528): cuDNN error: CUDNN_STATUS_NOT_INITIALIZED
    WARNING: GigaTIME failed on patch (68608, 23552): cuDNN error: CUDNN_STATUS_NOT_INITIALIZED
    WARNING: GigaTIME failed on patch (68608, 24576): cuDNN error: CUDNN_STATUS_NOT_INITIALIZED
    WARNING: GigaTIME failed on patch (68608, 25600): cuDNN error: CUDNN_STATUS_NOT_INITIALIZED
    WARNING: GigaTIME failed on patch (68608, 26624): cuDNN error: CUDNN_STATUS_NOT_INITIALIZED
    WARNING: GigaTIME failed on patch (68608, 27648): cuDNN error: CUDNN_STATUS_NOT_INITIALIZED
    WARNING: GigaTIME failed on patch (68608, 28672): cuDNN error: CUDNN_STATUS_NOT_INITIALIZED
    WARNING: GigaTIME failed on patch (68608, 29696): cuDNN error: CUDNN_STATUS_NOT_INITIALIZED
    WARNING: GigaTIME failed on patch (68608, 30720): cuDNN error: CUDNN_STATUS_NOT_INITIALIZED
    WARNING: GigaTIME failed on patch (68608, 31744): cuDNN error: CUDNN_STATUS_NOT_INITIALIZED
    WARNING: GigaTIME failed on patch (68608, 32768): cuDNN error: CUDNN_STATUS_NOT_INITIALIZED
    WARNING: GigaTIME failed on patch (68608, 33792): cuDNN error: CUDNN_STATUS_NOT_INITIALIZED
    WARNING: GigaTIME failed on patch (68608, 34816): cuDNN error: CUDNN_STATUS_NOT_INITIALIZED
    WARNING: GigaTIME failed on patch (68608, 35840): cuDNN error: CUDNN_STATUS_NOT_INITIALIZED
    WARNING: GigaTIME failed on patch (69632, 5120): cuDNN error: CUDNN_STATUS_NOT_INITIALIZED
    WARNING: GigaTIME failed on patch (69632, 6144): cuDNN error: CUDNN_STATUS_NOT_INITIALIZED
    WARNING: GigaTIME failed on patch (69632, 7168): cuDNN error: CUDNN_STATUS_NOT_INITIALIZED
    WARNING: GigaTIME failed on patch (69632, 8192): cuDNN error: CUDNN_STATUS_NOT_INITIALIZED
    WARNING: GigaTIME failed on patch (69632, 9216): cuDNN error: CUDNN_STATUS_NOT_INITIALIZED
    WARNING: GigaTIME failed on patch (69632, 10240): cuDNN error: CUDNN_STATUS_NOT_INITIALIZED
    WARNING: GigaTIME failed on patch (69632, 11264): cuDNN error: CUDNN_STATUS_NOT_INITIALIZED
    WARNING: GigaTIME failed on patch (69632, 12288): cuDNN error: CUDNN_STATUS_NOT_INITIALIZED
    WARNING: GigaTIME failed on patch (69632, 13312): cuDNN error: CUDNN_STATUS_NOT_INITIALIZED
    WARNING: GigaTIME failed on patch (69632, 14336): cuDNN error: CUDNN_STATUS_NOT_INITIALIZED
    WARNING: GigaTIME failed on patch (69632, 15360): cuDNN error: CUDNN_STATUS_NOT_INITIALIZED
    WARNING: GigaTIME failed on patch (69632, 16384): cuDNN error: CUDNN_STATUS_NOT_INITIALIZED
    WARNING: GigaTIME failed on patch (69632, 17408): cuDNN error: CUDNN_STATUS_NOT_INITIALIZED
    WARNING: GigaTIME failed on patch (69632, 18432): cuDNN error: CUDNN_STATUS_NOT_INITIALIZED
    WARNING: GigaTIME failed on patch (69632, 19456): cuDNN error: CUDNN_STATUS_NOT_INITIALIZED
    WARNING: GigaTIME failed on patch (69632, 20480): cuDNN error: CUDNN_STATUS_NOT_INITIALIZED
    WARNING: GigaTIME failed on patch (69632, 21504): cuDNN error: CUDNN_STATUS_NOT_INITIALIZED
    WARNING: GigaTIME failed on patch (69632, 22528): cuDNN error: CUDNN_STATUS_NOT_INITIALIZED
    WARNING: GigaTIME failed on patch (69632, 23552): cuDNN error: CUDNN_STATUS_NOT_INITIALIZED
    WARNING: GigaTIME failed on patch (69632, 24576): cuDNN error: CUDNN_STATUS_NOT_INITIALIZED
    WARNING: GigaTIME failed on patch (69632, 25600): cuDNN error: CUDNN_STATUS_NOT_INITIALIZED
    WARNING: GigaTIME failed on patch (69632, 26624): cuDNN error: CUDNN_STATUS_NOT_INITIALIZED
    WARNING: GigaTIME failed on patch (69632, 27648): cuDNN error: CUDNN_STATUS_NOT_INITIALIZED
    WARNING: GigaTIME failed on patch (69632, 28672): cuDNN error: CUDNN_STATUS_NOT_INITIALIZED
    WARNING: GigaTIME failed on patch (69632, 29696): cuDNN error: CUDNN_STATUS_NOT_INITIALIZED
    WARNING: GigaTIME failed on patch (69632, 30720): cuDNN error: CUDNN_STATUS_NOT_INITIALIZED
    WARNING: GigaTIME failed on patch (69632, 31744): cuDNN error: CUDNN_STATUS_NOT_INITIALIZED
    WARNING: GigaTIME failed on patch (69632, 32768): cuDNN error: CUDNN_STATUS_NOT_INITIALIZED
    WARNING: GigaTIME failed on patch (69632, 33792): cuDNN error: CUDNN_STATUS_NOT_INITIALIZED
    WARNING: GigaTIME failed on patch (69632, 34816): cuDNN error: CUDNN_STATUS_NOT_INITIALIZED
    WARNING: GigaTIME failed on patch (70656, 5120): cuDNN error: CUDNN_STATUS_NOT_INITIALIZED
    WARNING: GigaTIME failed on patch (70656, 6144): cuDNN error: CUDNN_STATUS_NOT_INITIALIZED
    WARNING: GigaTIME failed on patch (70656, 7168): cuDNN error: CUDNN_STATUS_NOT_INITIALIZED
    WARNING: GigaTIME failed on patch (70656, 8192): cuDNN error: CUDNN_STATUS_NOT_INITIALIZED
    WARNING: GigaTIME failed on patch (70656, 9216): cuDNN error: CUDNN_STATUS_NOT_INITIALIZED
    WARNING: GigaTIME failed on patch (70656, 10240): cuDNN error: CUDNN_STATUS_NOT_INITIALIZED
    WARNING: GigaTIME failed on patch (70656, 11264): cuDNN error: CUDNN_STATUS_NOT_INITIALIZED
    WARNING: GigaTIME failed on patch (70656, 12288): cuDNN error: CUDNN_STATUS_NOT_INITIALIZED
    WARNING: GigaTIME failed on patch (70656, 13312): cuDNN error: CUDNN_STATUS_NOT_INITIALIZED
    WARNING: GigaTIME failed on patch (70656, 14336): cuDNN error: CUDNN_STATUS_NOT_INITIALIZED
    WARNING: GigaTIME failed on patch (70656, 15360): cuDNN error: CUDNN_STATUS_NOT_INITIALIZED
    WARNING: GigaTIME failed on patch (70656, 16384): cuDNN error: CUDNN_STATUS_NOT_INITIALIZED
    WARNING: GigaTIME failed on patch (70656, 17408): cuDNN error: CUDNN_STATUS_NOT_INITIALIZED
    WARNING: GigaTIME failed on patch (70656, 18432): cuDNN error: CUDNN_STATUS_NOT_INITIALIZED
    WARNING: GigaTIME failed on patch (70656, 19456): cuDNN error: CUDNN_STATUS_NOT_INITIALIZED
    WARNING: GigaTIME failed on patch (70656, 20480): cuDNN error: CUDNN_STATUS_NOT_INITIALIZED
    WARNING: GigaTIME failed on patch (70656, 21504): cuDNN error: CUDNN_STATUS_NOT_INITIALIZED
    WARNING: GigaTIME failed on patch (70656, 22528): cuDNN error: CUDNN_STATUS_NOT_INITIALIZED
    WARNING: GigaTIME failed on patch (70656, 23552): cuDNN error: CUDNN_STATUS_NOT_INITIALIZED
    WARNING: GigaTIME failed on patch (70656, 24576): cuDNN error: CUDNN_STATUS_NOT_INITIALIZED
    WARNING: GigaTIME failed on patch (70656, 25600): cuDNN error: CUDNN_STATUS_NOT_INITIALIZED
    WARNING: GigaTIME failed on patch (70656, 26624): cuDNN error: CUDNN_STATUS_NOT_INITIALIZED
    WARNING: GigaTIME failed on patch (70656, 27648): cuDNN error: CUDNN_STATUS_NOT_INITIALIZED
    WARNING: GigaTIME failed on patch (70656, 28672): cuDNN error: CUDNN_STATUS_NOT_INITIALIZED
    WARNING: GigaTIME failed on patch (70656, 29696): cuDNN error: CUDNN_STATUS_NOT_INITIALIZED
    WARNING: GigaTIME failed on patch (70656, 30720): cuDNN error: CUDNN_STATUS_NOT_INITIALIZED
    WARNING: GigaTIME failed on patch (70656, 31744): cuDNN error: CUDNN_STATUS_NOT_INITIALIZED
    WARNING: GigaTIME failed on patch (70656, 32768): cuDNN error: CUDNN_STATUS_NOT_INITIALIZED
    WARNING: GigaTIME failed on patch (70656, 33792): cuDNN error: CUDNN_STATUS_NOT_INITIALIZED
    WARNING: GigaTIME failed on patch (70656, 34816): cuDNN error: CUDNN_STATUS_NOT_INITIALIZED
    WARNING: GigaTIME failed on patch (70656, 35840): cuDNN error: CUDNN_STATUS_NOT_INITIALIZED
    WARNING: GigaTIME failed on patch (71680, 5120): cuDNN error: CUDNN_STATUS_NOT_INITIALIZED
    WARNING: GigaTIME failed on patch (71680, 6144): cuDNN error: CUDNN_STATUS_NOT_INITIALIZED
    WARNING: GigaTIME failed on patch (71680, 7168): cuDNN error: CUDNN_STATUS_NOT_INITIALIZED
    WARNING: GigaTIME failed on patch (71680, 8192): cuDNN error: CUDNN_STATUS_NOT_INITIALIZED
    WARNING: GigaTIME failed on patch (71680, 9216): cuDNN error: CUDNN_STATUS_NOT_INITIALIZED
    WARNING: GigaTIME failed on patch (71680, 10240): cuDNN error: CUDNN_STATUS_NOT_INITIALIZED
    WARNING: GigaTIME failed on patch (71680, 11264): cuDNN error: CUDNN_STATUS_NOT_INITIALIZED
    WARNING: GigaTIME failed on patch (71680, 12288): cuDNN error: CUDNN_STATUS_NOT_INITIALIZED
    WARNING: GigaTIME failed on patch (71680, 13312): cuDNN error: CUDNN_STATUS_NOT_INITIALIZED
    WARNING: GigaTIME failed on patch (71680, 14336): cuDNN error: CUDNN_STATUS_NOT_INITIALIZED
    WARNING: GigaTIME failed on patch (71680, 15360): cuDNN error: CUDNN_STATUS_NOT_INITIALIZED
    WARNING: GigaTIME failed on patch (71680, 16384): cuDNN error: CUDNN_STATUS_NOT_INITIALIZED
    WARNING: GigaTIME failed on patch (71680, 17408): cuDNN error: CUDNN_STATUS_NOT_INITIALIZED
    WARNING: GigaTIME failed on patch (71680, 18432): cuDNN error: CUDNN_STATUS_NOT_INITIALIZED
    WARNING: GigaTIME failed on patch (71680, 19456): cuDNN error: CUDNN_STATUS_NOT_INITIALIZED
    WARNING: GigaTIME failed on patch (71680, 20480): cuDNN error: CUDNN_STATUS_NOT_INITIALIZED
    WARNING: GigaTIME failed on patch (71680, 21504): cuDNN error: CUDNN_STATUS_NOT_INITIALIZED
    WARNING: GigaTIME failed on patch (71680, 22528): cuDNN error: CUDNN_STATUS_NOT_INITIALIZED
    WARNING: GigaTIME failed on patch (71680, 23552): cuDNN error: CUDNN_STATUS_NOT_INITIALIZED
    WARNING: GigaTIME failed on patch (71680, 24576): cuDNN error: CUDNN_STATUS_NOT_INITIALIZED
    WARNING: GigaTIME failed on patch (71680, 25600): cuDNN error: CUDNN_STATUS_NOT_INITIALIZED
    WARNING: GigaTIME failed on patch (71680, 26624): cuDNN error: CUDNN_STATUS_NOT_INITIALIZED
    WARNING: GigaTIME failed on patch (71680, 27648): cuDNN error: CUDNN_STATUS_NOT_INITIALIZED
    WARNING: GigaTIME failed on patch (71680, 28672): cuDNN error: CUDNN_STATUS_NOT_INITIALIZED
    WARNING: GigaTIME failed on patch (71680, 29696): cuDNN error: CUDNN_STATUS_NOT_INITIALIZED
    WARNING: GigaTIME failed on patch (71680, 30720): cuDNN error: CUDNN_STATUS_NOT_INITIALIZED
    WARNING: GigaTIME failed on patch (71680, 31744): cuDNN error: CUDNN_STATUS_NOT_INITIALIZED
    WARNING: GigaTIME failed on patch (71680, 32768): cuDNN error: CUDNN_STATUS_NOT_INITIALIZED
    WARNING: GigaTIME failed on patch (71680, 33792): cuDNN error: CUDNN_STATUS_NOT_INITIALIZED
    WARNING: GigaTIME failed on patch (71680, 34816): cuDNN error: CUDNN_STATUS_NOT_INITIALIZED
    WARNING: GigaTIME failed on patch (71680, 35840): cuDNN error: CUDNN_STATUS_NOT_INITIALIZED
    WARNING: GigaTIME failed on patch (72704, 5120): cuDNN error: CUDNN_STATUS_NOT_INITIALIZED
    WARNING: GigaTIME failed on patch (72704, 6144): cuDNN error: CUDNN_STATUS_NOT_INITIALIZED
    WARNING: GigaTIME failed on patch (72704, 7168): cuDNN error: CUDNN_STATUS_NOT_INITIALIZED
    WARNING: GigaTIME failed on patch (72704, 8192): cuDNN error: CUDNN_STATUS_NOT_INITIALIZED
    WARNING: GigaTIME failed on patch (72704, 9216): cuDNN error: CUDNN_STATUS_NOT_INITIALIZED
    WARNING: GigaTIME failed on patch (72704, 10240): cuDNN error: CUDNN_STATUS_NOT_INITIALIZED
    WARNING: GigaTIME failed on patch (72704, 11264): cuDNN error: CUDNN_STATUS_NOT_INITIALIZED
    WARNING: GigaTIME failed on patch (72704, 12288): cuDNN error: CUDNN_STATUS_NOT_INITIALIZED
    WARNING: GigaTIME failed on patch (72704, 13312): cuDNN error: CUDNN_STATUS_NOT_INITIALIZED
    WARNING: GigaTIME failed on patch (72704, 14336): cuDNN error: CUDNN_STATUS_NOT_INITIALIZED
    WARNING: GigaTIME failed on patch (72704, 15360): cuDNN error: CUDNN_STATUS_NOT_INITIALIZED
    WARNING: GigaTIME failed on patch (72704, 16384): cuDNN error: CUDNN_STATUS_NOT_INITIALIZED
    WARNING: GigaTIME failed on patch (72704, 17408): cuDNN error: CUDNN_STATUS_NOT_INITIALIZED
    WARNING: GigaTIME failed on patch (72704, 18432): cuDNN error: CUDNN_STATUS_NOT_INITIALIZED
    WARNING: GigaTIME failed on patch (72704, 19456): cuDNN error: CUDNN_STATUS_NOT_INITIALIZED
    WARNING: GigaTIME failed on patch (72704, 20480): cuDNN error: CUDNN_STATUS_NOT_INITIALIZED
    WARNING: GigaTIME failed on patch (72704, 21504): cuDNN error: CUDNN_STATUS_NOT_INITIALIZED
    WARNING: GigaTIME failed on patch (72704, 22528): cuDNN error: CUDNN_STATUS_NOT_INITIALIZED
    WARNING: GigaTIME failed on patch (72704, 23552): cuDNN error: CUDNN_STATUS_NOT_INITIALIZED
    WARNING: GigaTIME failed on patch (72704, 24576): cuDNN error: CUDNN_STATUS_NOT_INITIALIZED
    WARNING: GigaTIME failed on patch (72704, 25600): cuDNN error: CUDNN_STATUS_NOT_INITIALIZED
    WARNING: GigaTIME failed on patch (72704, 26624): cuDNN error: CUDNN_STATUS_NOT_INITIALIZED
    WARNING: GigaTIME failed on patch (72704, 27648): cuDNN error: CUDNN_STATUS_NOT_INITIALIZED
    WARNING: GigaTIME failed on patch (72704, 28672): cuDNN error: CUDNN_STATUS_NOT_INITIALIZED
    WARNING: GigaTIME failed on patch (72704, 29696): cuDNN error: CUDNN_STATUS_NOT_INITIALIZED
    WARNING: GigaTIME failed on patch (72704, 30720): cuDNN error: CUDNN_STATUS_NOT_INITIALIZED
    WARNING: GigaTIME failed on patch (72704, 31744): cuDNN error: CUDNN_STATUS_NOT_INITIALIZED
    WARNING: GigaTIME failed on patch (72704, 32768): cuDNN error: CUDNN_STATUS_NOT_INITIALIZED
    WARNING: GigaTIME failed on patch (72704, 33792): cuDNN error: CUDNN_STATUS_NOT_INITIALIZED
    WARNING: GigaTIME failed on patch (72704, 34816): cuDNN error: CUDNN_STATUS_NOT_INITIALIZED
    WARNING: GigaTIME failed on patch (72704, 35840): cuDNN error: CUDNN_STATUS_NOT_INITIALIZED
    WARNING: GigaTIME failed on patch (73728, 5120): cuDNN error: CUDNN_STATUS_NOT_INITIALIZED
    WARNING: GigaTIME failed on patch (73728, 6144): cuDNN error: CUDNN_STATUS_NOT_INITIALIZED
    WARNING: GigaTIME failed on patch (73728, 7168): cuDNN error: CUDNN_STATUS_NOT_INITIALIZED
    WARNING: GigaTIME failed on patch (73728, 8192): cuDNN error: CUDNN_STATUS_NOT_INITIALIZED
    WARNING: GigaTIME failed on patch (73728, 9216): cuDNN error: CUDNN_STATUS_NOT_INITIALIZED
    WARNING: GigaTIME failed on patch (73728, 10240): cuDNN error: CUDNN_STATUS_NOT_INITIALIZED
    WARNING: GigaTIME failed on patch (73728, 11264): cuDNN error: CUDNN_STATUS_NOT_INITIALIZED
    WARNING: GigaTIME failed on patch (73728, 12288): cuDNN error: CUDNN_STATUS_NOT_INITIALIZED
    WARNING: GigaTIME failed on patch (73728, 13312): cuDNN error: CUDNN_STATUS_NOT_INITIALIZED
    WARNING: GigaTIME failed on patch (73728, 14336): cuDNN error: CUDNN_STATUS_NOT_INITIALIZED
    WARNING: GigaTIME failed on patch (73728, 15360): cuDNN error: CUDNN_STATUS_NOT_INITIALIZED
    WARNING: GigaTIME failed on patch (73728, 16384): cuDNN error: CUDNN_STATUS_NOT_INITIALIZED
    WARNING: GigaTIME failed on patch (73728, 17408): cuDNN error: CUDNN_STATUS_NOT_INITIALIZED
    WARNING: GigaTIME failed on patch (73728, 18432): cuDNN error: CUDNN_STATUS_NOT_INITIALIZED
    WARNING: GigaTIME failed on patch (73728, 19456): cuDNN error: CUDNN_STATUS_NOT_INITIALIZED
    WARNING: GigaTIME failed on patch (73728, 20480): cuDNN error: CUDNN_STATUS_NOT_INITIALIZED
    WARNING: GigaTIME failed on patch (73728, 21504): cuDNN error: CUDNN_STATUS_NOT_INITIALIZED
    WARNING: GigaTIME failed on patch (73728, 22528): cuDNN error: CUDNN_STATUS_NOT_INITIALIZED
    WARNING: GigaTIME failed on patch (73728, 23552): cuDNN error: CUDNN_STATUS_NOT_INITIALIZED
    WARNING: GigaTIME failed on patch (73728, 24576): cuDNN error: CUDNN_STATUS_NOT_INITIALIZED
    WARNING: GigaTIME failed on patch (73728, 25600): cuDNN error: CUDNN_STATUS_NOT_INITIALIZED
    WARNING: GigaTIME failed on patch (73728, 26624): cuDNN error: CUDNN_STATUS_NOT_INITIALIZED
    WARNING: GigaTIME failed on patch (73728, 27648): cuDNN error: CUDNN_STATUS_NOT_INITIALIZED
    WARNING: GigaTIME failed on patch (73728, 28672): cuDNN error: CUDNN_STATUS_NOT_INITIALIZED
    WARNING: GigaTIME failed on patch (73728, 29696): cuDNN error: CUDNN_STATUS_NOT_INITIALIZED
    WARNING: GigaTIME failed on patch (73728, 30720): cuDNN error: CUDNN_STATUS_NOT_INITIALIZED
    WARNING: GigaTIME failed on patch (73728, 31744): cuDNN error: CUDNN_STATUS_NOT_INITIALIZED
    WARNING: GigaTIME failed on patch (73728, 32768): cuDNN error: CUDNN_STATUS_NOT_INITIALIZED
    WARNING: GigaTIME failed on patch (73728, 33792): cuDNN error: CUDNN_STATUS_NOT_INITIALIZED
    WARNING: GigaTIME failed on patch (73728, 34816): cuDNN error: CUDNN_STATUS_NOT_INITIALIZED
    WARNING: GigaTIME failed on patch (74752, 5120): cuDNN error: CUDNN_STATUS_NOT_INITIALIZED
    WARNING: GigaTIME failed on patch (74752, 6144): cuDNN error: CUDNN_STATUS_NOT_INITIALIZED
    WARNING: GigaTIME failed on patch (74752, 7168): cuDNN error: CUDNN_STATUS_NOT_INITIALIZED
    WARNING: GigaTIME failed on patch (74752, 8192): cuDNN error: CUDNN_STATUS_NOT_INITIALIZED
    WARNING: GigaTIME failed on patch (74752, 9216): cuDNN error: CUDNN_STATUS_NOT_INITIALIZED
    WARNING: GigaTIME failed on patch (74752, 10240): cuDNN error: CUDNN_STATUS_NOT_INITIALIZED
    WARNING: GigaTIME failed on patch (74752, 11264): cuDNN error: CUDNN_STATUS_NOT_INITIALIZED
    WARNING: GigaTIME failed on patch (74752, 12288): cuDNN error: CUDNN_STATUS_NOT_INITIALIZED
    WARNING: GigaTIME failed on patch (74752, 13312): cuDNN error: CUDNN_STATUS_NOT_INITIALIZED
    WARNING: GigaTIME failed on patch (74752, 14336): cuDNN error: CUDNN_STATUS_NOT_INITIALIZED
    WARNING: GigaTIME failed on patch (74752, 15360): cuDNN error: CUDNN_STATUS_NOT_INITIALIZED
    WARNING: GigaTIME failed on patch (74752, 16384): cuDNN error: CUDNN_STATUS_NOT_INITIALIZED
    WARNING: GigaTIME failed on patch (74752, 17408): cuDNN error: CUDNN_STATUS_NOT_INITIALIZED
    WARNING: GigaTIME failed on patch (74752, 18432): cuDNN error: CUDNN_STATUS_NOT_INITIALIZED
    WARNING: GigaTIME failed on patch (74752, 19456): cuDNN error: CUDNN_STATUS_NOT_INITIALIZED
    WARNING: GigaTIME failed on patch (74752, 20480): cuDNN error: CUDNN_STATUS_NOT_INITIALIZED
    WARNING: GigaTIME failed on patch (74752, 21504): cuDNN error: CUDNN_STATUS_NOT_INITIALIZED
    WARNING: GigaTIME failed on patch (74752, 22528): cuDNN error: CUDNN_STATUS_NOT_INITIALIZED
    WARNING: GigaTIME failed on patch (74752, 23552): cuDNN error: CUDNN_STATUS_NOT_INITIALIZED
    WARNING: GigaTIME failed on patch (74752, 24576): cuDNN error: CUDNN_STATUS_NOT_INITIALIZED
    WARNING: GigaTIME failed on patch (74752, 25600): cuDNN error: CUDNN_STATUS_NOT_INITIALIZED
    WARNING: GigaTIME failed on patch (74752, 26624): cuDNN error: CUDNN_STATUS_NOT_INITIALIZED
    WARNING: GigaTIME failed on patch (74752, 27648): cuDNN error: CUDNN_STATUS_NOT_INITIALIZED
    WARNING: GigaTIME failed on patch (74752, 28672): cuDNN error: CUDNN_STATUS_NOT_INITIALIZED
    WARNING: GigaTIME failed on patch (74752, 29696): cuDNN error: CUDNN_STATUS_NOT_INITIALIZED
    WARNING: GigaTIME failed on patch (74752, 30720): cuDNN error: CUDNN_STATUS_NOT_INITIALIZED
    WARNING: GigaTIME failed on patch (74752, 31744): cuDNN error: CUDNN_STATUS_NOT_INITIALIZED
    WARNING: GigaTIME failed on patch (74752, 32768): cuDNN error: CUDNN_STATUS_NOT_INITIALIZED
    WARNING: GigaTIME failed on patch (74752, 33792): cuDNN error: CUDNN_STATUS_NOT_INITIALIZED
    WARNING: GigaTIME failed on patch (74752, 34816): cuDNN error: CUDNN_STATUS_NOT_INITIALIZED
    WARNING: GigaTIME failed on patch (75776, 5120): cuDNN error: CUDNN_STATUS_NOT_INITIALIZED
    WARNING: GigaTIME failed on patch (75776, 6144): cuDNN error: CUDNN_STATUS_NOT_INITIALIZED
    WARNING: GigaTIME failed on patch (75776, 7168): cuDNN error: CUDNN_STATUS_NOT_INITIALIZED
    WARNING: GigaTIME failed on patch (75776, 8192): cuDNN error: CUDNN_STATUS_NOT_INITIALIZED
    WARNING: GigaTIME failed on patch (75776, 9216): cuDNN error: CUDNN_STATUS_NOT_INITIALIZED
    WARNING: GigaTIME failed on patch (75776, 10240): cuDNN error: CUDNN_STATUS_NOT_INITIALIZED
    WARNING: GigaTIME failed on patch (75776, 11264): cuDNN error: CUDNN_STATUS_NOT_INITIALIZED
    WARNING: GigaTIME failed on patch (75776, 12288): cuDNN error: CUDNN_STATUS_NOT_INITIALIZED
    WARNING: GigaTIME failed on patch (75776, 13312): cuDNN error: CUDNN_STATUS_NOT_INITIALIZED
    WARNING: GigaTIME failed on patch (75776, 14336): cuDNN error: CUDNN_STATUS_NOT_INITIALIZED
    WARNING: GigaTIME failed on patch (75776, 15360): cuDNN error: CUDNN_STATUS_NOT_INITIALIZED
    WARNING: GigaTIME failed on patch (75776, 16384): cuDNN error: CUDNN_STATUS_NOT_INITIALIZED
    WARNING: GigaTIME failed on patch (75776, 17408): cuDNN error: CUDNN_STATUS_NOT_INITIALIZED
    WARNING: GigaTIME failed on patch (75776, 18432): cuDNN error: CUDNN_STATUS_NOT_INITIALIZED
    WARNING: GigaTIME failed on patch (75776, 19456): cuDNN error: CUDNN_STATUS_NOT_INITIALIZED
    WARNING: GigaTIME failed on patch (75776, 20480): cuDNN error: CUDNN_STATUS_NOT_INITIALIZED
    WARNING: GigaTIME failed on patch (75776, 21504): cuDNN error: CUDNN_STATUS_NOT_INITIALIZED
    WARNING: GigaTIME failed on patch (75776, 22528): cuDNN error: CUDNN_STATUS_NOT_INITIALIZED
    WARNING: GigaTIME failed on patch (75776, 23552): cuDNN error: CUDNN_STATUS_NOT_INITIALIZED
    WARNING: GigaTIME failed on patch (75776, 24576): cuDNN error: CUDNN_STATUS_NOT_INITIALIZED
    WARNING: GigaTIME failed on patch (75776, 25600): cuDNN error: CUDNN_STATUS_NOT_INITIALIZED
    WARNING: GigaTIME failed on patch (75776, 26624): cuDNN error: CUDNN_STATUS_NOT_INITIALIZED
    WARNING: GigaTIME failed on patch (75776, 27648): cuDNN error: CUDNN_STATUS_NOT_INITIALIZED
    WARNING: GigaTIME failed on patch (75776, 28672): cuDNN error: CUDNN_STATUS_NOT_INITIALIZED
    WARNING: GigaTIME failed on patch (75776, 29696): cuDNN error: CUDNN_STATUS_NOT_INITIALIZED
    WARNING: GigaTIME failed on patch (75776, 30720): cuDNN error: CUDNN_STATUS_NOT_INITIALIZED
    WARNING: GigaTIME failed on patch (75776, 31744): cuDNN error: CUDNN_STATUS_NOT_INITIALIZED
    WARNING: GigaTIME failed on patch (75776, 32768): cuDNN error: CUDNN_STATUS_NOT_INITIALIZED
    WARNING: GigaTIME failed on patch (75776, 33792): cuDNN error: CUDNN_STATUS_NOT_INITIALIZED
    WARNING: GigaTIME failed on patch (75776, 63488): cuDNN error: CUDNN_STATUS_NOT_INITIALIZED
    WARNING: GigaTIME failed on patch (76800, 4096): cuDNN error: CUDNN_STATUS_NOT_INITIALIZED
    WARNING: GigaTIME failed on patch (76800, 5120): cuDNN error: CUDNN_STATUS_NOT_INITIALIZED
    WARNING: GigaTIME failed on patch (76800, 6144): cuDNN error: CUDNN_STATUS_NOT_INITIALIZED
    WARNING: GigaTIME failed on patch (76800, 7168): cuDNN error: CUDNN_STATUS_NOT_INITIALIZED
    WARNING: GigaTIME failed on patch (76800, 8192): cuDNN error: CUDNN_STATUS_NOT_INITIALIZED
    WARNING: GigaTIME failed on patch (76800, 9216): cuDNN error: CUDNN_STATUS_NOT_INITIALIZED
    WARNING: GigaTIME failed on patch (76800, 10240): cuDNN error: CUDNN_STATUS_NOT_INITIALIZED
    WARNING: GigaTIME failed on patch (76800, 11264): cuDNN error: CUDNN_STATUS_NOT_INITIALIZED
    WARNING: GigaTIME failed on patch (76800, 12288): cuDNN error: CUDNN_STATUS_NOT_INITIALIZED
    WARNING: GigaTIME failed on patch (76800, 13312): cuDNN error: CUDNN_STATUS_NOT_INITIALIZED
    WARNING: GigaTIME failed on patch (76800, 14336): cuDNN error: CUDNN_STATUS_NOT_INITIALIZED
    WARNING: GigaTIME failed on patch (76800, 15360): cuDNN error: CUDNN_STATUS_NOT_INITIALIZED
    WARNING: GigaTIME failed on patch (76800, 16384): cuDNN error: CUDNN_STATUS_NOT_INITIALIZED
    WARNING: GigaTIME failed on patch (76800, 17408): cuDNN error: CUDNN_STATUS_NOT_INITIALIZED
    WARNING: GigaTIME failed on patch (76800, 18432): cuDNN error: CUDNN_STATUS_NOT_INITIALIZED
    WARNING: GigaTIME failed on patch (76800, 19456): cuDNN error: CUDNN_STATUS_NOT_INITIALIZED
    WARNING: GigaTIME failed on patch (76800, 20480): cuDNN error: CUDNN_STATUS_NOT_INITIALIZED
    WARNING: GigaTIME failed on patch (76800, 21504): cuDNN error: CUDNN_STATUS_NOT_INITIALIZED
    WARNING: GigaTIME failed on patch (76800, 22528): cuDNN error: CUDNN_STATUS_NOT_INITIALIZED
    WARNING: GigaTIME failed on patch (76800, 23552): cuDNN error: CUDNN_STATUS_NOT_INITIALIZED
    WARNING: GigaTIME failed on patch (76800, 24576): cuDNN error: CUDNN_STATUS_NOT_INITIALIZED
    WARNING: GigaTIME failed on patch (76800, 25600): cuDNN error: CUDNN_STATUS_NOT_INITIALIZED
    WARNING: GigaTIME failed on patch (76800, 26624): cuDNN error: CUDNN_STATUS_NOT_INITIALIZED
    WARNING: GigaTIME failed on patch (76800, 27648): cuDNN error: CUDNN_STATUS_NOT_INITIALIZED
    WARNING: GigaTIME failed on patch (76800, 28672): cuDNN error: CUDNN_STATUS_NOT_INITIALIZED
    WARNING: GigaTIME failed on patch (76800, 29696): cuDNN error: CUDNN_STATUS_NOT_INITIALIZED
    WARNING: GigaTIME failed on patch (76800, 30720): cuDNN error: CUDNN_STATUS_NOT_INITIALIZED
    WARNING: GigaTIME failed on patch (76800, 31744): cuDNN error: CUDNN_STATUS_NOT_INITIALIZED
    WARNING: GigaTIME failed on patch (76800, 32768): cuDNN error: CUDNN_STATUS_NOT_INITIALIZED
    WARNING: GigaTIME failed on patch (76800, 33792): cuDNN error: CUDNN_STATUS_NOT_INITIALIZED
    WARNING: GigaTIME failed on patch (76800, 62464): cuDNN error: CUDNN_STATUS_NOT_INITIALIZED
    WARNING: GigaTIME failed on patch (76800, 63488): cuDNN error: CUDNN_STATUS_NOT_INITIALIZED
    WARNING: GigaTIME failed on patch (77824, 4096): cuDNN error: CUDNN_STATUS_NOT_INITIALIZED
    WARNING: GigaTIME failed on patch (77824, 5120): cuDNN error: CUDNN_STATUS_NOT_INITIALIZED
    WARNING: GigaTIME failed on patch (77824, 6144): cuDNN error: CUDNN_STATUS_NOT_INITIALIZED
    WARNING: GigaTIME failed on patch (77824, 7168): cuDNN error: CUDNN_STATUS_NOT_INITIALIZED
    WARNING: GigaTIME failed on patch (77824, 8192): cuDNN error: CUDNN_STATUS_NOT_INITIALIZED
    WARNING: GigaTIME failed on patch (77824, 9216): cuDNN error: CUDNN_STATUS_NOT_INITIALIZED
    WARNING: GigaTIME failed on patch (77824, 10240): cuDNN error: CUDNN_STATUS_NOT_INITIALIZED
    WARNING: GigaTIME failed on patch (77824, 11264): cuDNN error: CUDNN_STATUS_NOT_INITIALIZED
    WARNING: GigaTIME failed on patch (77824, 12288): cuDNN error: CUDNN_STATUS_NOT_INITIALIZED
    WARNING: GigaTIME failed on patch (77824, 13312): cuDNN error: CUDNN_STATUS_NOT_INITIALIZED
    WARNING: GigaTIME failed on patch (77824, 14336): cuDNN error: CUDNN_STATUS_NOT_INITIALIZED
    WARNING: GigaTIME failed on patch (77824, 15360): cuDNN error: CUDNN_STATUS_NOT_INITIALIZED
    WARNING: GigaTIME failed on patch (77824, 16384): cuDNN error: CUDNN_STATUS_NOT_INITIALIZED
    WARNING: GigaTIME failed on patch (77824, 17408): cuDNN error: CUDNN_STATUS_NOT_INITIALIZED
    WARNING: GigaTIME failed on patch (77824, 18432): cuDNN error: CUDNN_STATUS_NOT_INITIALIZED
    WARNING: GigaTIME failed on patch (77824, 19456): cuDNN error: CUDNN_STATUS_NOT_INITIALIZED
    WARNING: GigaTIME failed on patch (77824, 20480): cuDNN error: CUDNN_STATUS_NOT_INITIALIZED
    WARNING: GigaTIME failed on patch (77824, 21504): cuDNN error: CUDNN_STATUS_NOT_INITIALIZED
    WARNING: GigaTIME failed on patch (77824, 22528): cuDNN error: CUDNN_STATUS_NOT_INITIALIZED
    WARNING: GigaTIME failed on patch (77824, 23552): cuDNN error: CUDNN_STATUS_NOT_INITIALIZED
    WARNING: GigaTIME failed on patch (77824, 24576): cuDNN error: CUDNN_STATUS_NOT_INITIALIZED
    WARNING: GigaTIME failed on patch (77824, 25600): cuDNN error: CUDNN_STATUS_NOT_INITIALIZED
    WARNING: GigaTIME failed on patch (77824, 26624): cuDNN error: CUDNN_STATUS_NOT_INITIALIZED
    WARNING: GigaTIME failed on patch (77824, 27648): cuDNN error: CUDNN_STATUS_NOT_INITIALIZED
    WARNING: GigaTIME failed on patch (77824, 28672): cuDNN error: CUDNN_STATUS_NOT_INITIALIZED
    WARNING: GigaTIME failed on patch (77824, 29696): cuDNN error: CUDNN_STATUS_NOT_INITIALIZED
    WARNING: GigaTIME failed on patch (77824, 30720): cuDNN error: CUDNN_STATUS_NOT_INITIALIZED
    WARNING: GigaTIME failed on patch (77824, 31744): cuDNN error: CUDNN_STATUS_NOT_INITIALIZED
    WARNING: GigaTIME failed on patch (77824, 32768): cuDNN error: CUDNN_STATUS_NOT_INITIALIZED
    WARNING: GigaTIME failed on patch (77824, 33792): cuDNN error: CUDNN_STATUS_NOT_INITIALIZED
    WARNING: GigaTIME failed on patch (78848, 4096): cuDNN error: CUDNN_STATUS_NOT_INITIALIZED
    WARNING: GigaTIME failed on patch (78848, 5120): cuDNN error: CUDNN_STATUS_NOT_INITIALIZED
    WARNING: GigaTIME failed on patch (78848, 6144): cuDNN error: CUDNN_STATUS_NOT_INITIALIZED
    WARNING: GigaTIME failed on patch (78848, 7168): cuDNN error: CUDNN_STATUS_NOT_INITIALIZED
    WARNING: GigaTIME failed on patch (78848, 8192): cuDNN error: CUDNN_STATUS_NOT_INITIALIZED
    WARNING: GigaTIME failed on patch (78848, 9216): cuDNN error: CUDNN_STATUS_NOT_INITIALIZED
    WARNING: GigaTIME failed on patch (78848, 10240): cuDNN error: CUDNN_STATUS_NOT_INITIALIZED
    WARNING: GigaTIME failed on patch (78848, 11264): cuDNN error: CUDNN_STATUS_NOT_INITIALIZED
    WARNING: GigaTIME failed on patch (78848, 12288): cuDNN error: CUDNN_STATUS_NOT_INITIALIZED
    WARNING: GigaTIME failed on patch (78848, 13312): cuDNN error: CUDNN_STATUS_NOT_INITIALIZED
    WARNING: GigaTIME failed on patch (78848, 14336): cuDNN error: CUDNN_STATUS_NOT_INITIALIZED
    WARNING: GigaTIME failed on patch (78848, 15360): cuDNN error: CUDNN_STATUS_NOT_INITIALIZED
    WARNING: GigaTIME failed on patch (78848, 16384): cuDNN error: CUDNN_STATUS_NOT_INITIALIZED
    WARNING: GigaTIME failed on patch (78848, 17408): cuDNN error: CUDNN_STATUS_NOT_INITIALIZED
    WARNING: GigaTIME failed on patch (78848, 18432): cuDNN error: CUDNN_STATUS_NOT_INITIALIZED
    WARNING: GigaTIME failed on patch (78848, 19456): cuDNN error: CUDNN_STATUS_NOT_INITIALIZED
    WARNING: GigaTIME failed on patch (78848, 20480): cuDNN error: CUDNN_STATUS_NOT_INITIALIZED
    WARNING: GigaTIME failed on patch (78848, 21504): cuDNN error: CUDNN_STATUS_NOT_INITIALIZED
    WARNING: GigaTIME failed on patch (78848, 22528): cuDNN error: CUDNN_STATUS_NOT_INITIALIZED
    WARNING: GigaTIME failed on patch (78848, 23552): cuDNN error: CUDNN_STATUS_NOT_INITIALIZED
    WARNING: GigaTIME failed on patch (78848, 24576): cuDNN error: CUDNN_STATUS_NOT_INITIALIZED
    WARNING: GigaTIME failed on patch (78848, 25600): cuDNN error: CUDNN_STATUS_NOT_INITIALIZED
    WARNING: GigaTIME failed on patch (78848, 26624): cuDNN error: CUDNN_STATUS_NOT_INITIALIZED
    WARNING: GigaTIME failed on patch (78848, 27648): cuDNN error: CUDNN_STATUS_NOT_INITIALIZED
    WARNING: GigaTIME failed on patch (78848, 28672): cuDNN error: CUDNN_STATUS_NOT_INITIALIZED
    WARNING: GigaTIME failed on patch (78848, 29696): cuDNN error: CUDNN_STATUS_NOT_INITIALIZED
    WARNING: GigaTIME failed on patch (78848, 30720): cuDNN error: CUDNN_STATUS_NOT_INITIALIZED
    WARNING: GigaTIME failed on patch (78848, 31744): cuDNN error: CUDNN_STATUS_NOT_INITIALIZED
    WARNING: GigaTIME failed on patch (78848, 32768): cuDNN error: CUDNN_STATUS_NOT_INITIALIZED
    WARNING: GigaTIME failed on patch (78848, 33792): cuDNN error: CUDNN_STATUS_NOT_INITIALIZED
    WARNING: GigaTIME failed on patch (79872, 4096): cuDNN error: CUDNN_STATUS_NOT_INITIALIZED
    WARNING: GigaTIME failed on patch (79872, 5120): cuDNN error: CUDNN_STATUS_NOT_INITIALIZED
    WARNING: GigaTIME failed on patch (79872, 6144): cuDNN error: CUDNN_STATUS_NOT_INITIALIZED
    WARNING: GigaTIME failed on patch (79872, 7168): cuDNN error: CUDNN_STATUS_NOT_INITIALIZED
    WARNING: GigaTIME failed on patch (79872, 8192): cuDNN error: CUDNN_STATUS_NOT_INITIALIZED
    WARNING: GigaTIME failed on patch (79872, 9216): cuDNN error: CUDNN_STATUS_NOT_INITIALIZED
    WARNING: GigaTIME failed on patch (79872, 10240): cuDNN error: CUDNN_STATUS_NOT_INITIALIZED
    WARNING: GigaTIME failed on patch (79872, 11264): cuDNN error: CUDNN_STATUS_NOT_INITIALIZED
    WARNING: GigaTIME failed on patch (79872, 12288): cuDNN error: CUDNN_STATUS_NOT_INITIALIZED
    WARNING: GigaTIME failed on patch (79872, 13312): cuDNN error: CUDNN_STATUS_NOT_INITIALIZED
    WARNING: GigaTIME failed on patch (79872, 14336): cuDNN error: CUDNN_STATUS_NOT_INITIALIZED
    WARNING: GigaTIME failed on patch (79872, 15360): cuDNN error: CUDNN_STATUS_NOT_INITIALIZED
    WARNING: GigaTIME failed on patch (79872, 16384): cuDNN error: CUDNN_STATUS_NOT_INITIALIZED
    WARNING: GigaTIME failed on patch (79872, 17408): cuDNN error: CUDNN_STATUS_NOT_INITIALIZED
    WARNING: GigaTIME failed on patch (79872, 18432): cuDNN error: CUDNN_STATUS_NOT_INITIALIZED
    WARNING: GigaTIME failed on patch (79872, 19456): cuDNN error: CUDNN_STATUS_NOT_INITIALIZED
    WARNING: GigaTIME failed on patch (79872, 20480): cuDNN error: CUDNN_STATUS_NOT_INITIALIZED
    WARNING: GigaTIME failed on patch (79872, 21504): cuDNN error: CUDNN_STATUS_NOT_INITIALIZED
    WARNING: GigaTIME failed on patch (79872, 22528): cuDNN error: CUDNN_STATUS_NOT_INITIALIZED
    WARNING: GigaTIME failed on patch (79872, 23552): cuDNN error: CUDNN_STATUS_NOT_INITIALIZED
    WARNING: GigaTIME failed on patch (79872, 24576): cuDNN error: CUDNN_STATUS_NOT_INITIALIZED
    WARNING: GigaTIME failed on patch (79872, 25600): cuDNN error: CUDNN_STATUS_NOT_INITIALIZED
    WARNING: GigaTIME failed on patch (79872, 26624): cuDNN error: CUDNN_STATUS_NOT_INITIALIZED
    WARNING: GigaTIME failed on patch (79872, 27648): cuDNN error: CUDNN_STATUS_NOT_INITIALIZED
    WARNING: GigaTIME failed on patch (79872, 28672): cuDNN error: CUDNN_STATUS_NOT_INITIALIZED
    WARNING: GigaTIME failed on patch (79872, 29696): cuDNN error: CUDNN_STATUS_NOT_INITIALIZED
    WARNING: GigaTIME failed on patch (79872, 30720): cuDNN error: CUDNN_STATUS_NOT_INITIALIZED
    WARNING: GigaTIME failed on patch (79872, 31744): cuDNN error: CUDNN_STATUS_NOT_INITIALIZED
    WARNING: GigaTIME failed on patch (79872, 32768): cuDNN error: CUDNN_STATUS_NOT_INITIALIZED
    WARNING: GigaTIME failed on patch (80896, 4096): cuDNN error: CUDNN_STATUS_NOT_INITIALIZED
    WARNING: GigaTIME failed on patch (80896, 5120): cuDNN error: CUDNN_STATUS_NOT_INITIALIZED
    WARNING: GigaTIME failed on patch (80896, 6144): cuDNN error: CUDNN_STATUS_NOT_INITIALIZED
    WARNING: GigaTIME failed on patch (80896, 7168): cuDNN error: CUDNN_STATUS_NOT_INITIALIZED
    WARNING: GigaTIME failed on patch (80896, 8192): cuDNN error: CUDNN_STATUS_NOT_INITIALIZED
    WARNING: GigaTIME failed on patch (80896, 9216): cuDNN error: CUDNN_STATUS_NOT_INITIALIZED
    WARNING: GigaTIME failed on patch (80896, 10240): cuDNN error: CUDNN_STATUS_NOT_INITIALIZED
    WARNING: GigaTIME failed on patch (80896, 11264): cuDNN error: CUDNN_STATUS_NOT_INITIALIZED
    WARNING: GigaTIME failed on patch (80896, 12288): cuDNN error: CUDNN_STATUS_NOT_INITIALIZED
    WARNING: GigaTIME failed on patch (80896, 13312): cuDNN error: CUDNN_STATUS_NOT_INITIALIZED
    WARNING: GigaTIME failed on patch (80896, 14336): cuDNN error: CUDNN_STATUS_NOT_INITIALIZED
    WARNING: GigaTIME failed on patch (80896, 15360): cuDNN error: CUDNN_STATUS_NOT_INITIALIZED
    WARNING: GigaTIME failed on patch (80896, 16384): cuDNN error: CUDNN_STATUS_NOT_INITIALIZED
    WARNING: GigaTIME failed on patch (80896, 17408): cuDNN error: CUDNN_STATUS_NOT_INITIALIZED
    WARNING: GigaTIME failed on patch (80896, 18432): cuDNN error: CUDNN_STATUS_NOT_INITIALIZED
    WARNING: GigaTIME failed on patch (80896, 19456): cuDNN error: CUDNN_STATUS_NOT_INITIALIZED
    WARNING: GigaTIME failed on patch (80896, 20480): cuDNN error: CUDNN_STATUS_NOT_INITIALIZED
    WARNING: GigaTIME failed on patch (80896, 21504): cuDNN error: CUDNN_STATUS_NOT_INITIALIZED
    WARNING: GigaTIME failed on patch (80896, 22528): cuDNN error: CUDNN_STATUS_NOT_INITIALIZED
    WARNING: GigaTIME failed on patch (80896, 23552): cuDNN error: CUDNN_STATUS_NOT_INITIALIZED
    WARNING: GigaTIME failed on patch (80896, 24576): cuDNN error: CUDNN_STATUS_NOT_INITIALIZED
    WARNING: GigaTIME failed on patch (80896, 25600): cuDNN error: CUDNN_STATUS_NOT_INITIALIZED
    WARNING: GigaTIME failed on patch (80896, 26624): cuDNN error: CUDNN_STATUS_NOT_INITIALIZED
    WARNING: GigaTIME failed on patch (80896, 27648): cuDNN error: CUDNN_STATUS_NOT_INITIALIZED
    WARNING: GigaTIME failed on patch (80896, 28672): cuDNN error: CUDNN_STATUS_NOT_INITIALIZED
    WARNING: GigaTIME failed on patch (80896, 29696): cuDNN error: CUDNN_STATUS_NOT_INITIALIZED
    WARNING: GigaTIME failed on patch (80896, 30720): cuDNN error: CUDNN_STATUS_NOT_INITIALIZED
    WARNING: GigaTIME failed on patch (80896, 31744): cuDNN error: CUDNN_STATUS_NOT_INITIALIZED
    WARNING: GigaTIME failed on patch (81920, 4096): cuDNN error: CUDNN_STATUS_NOT_INITIALIZED
    WARNING: GigaTIME failed on patch (81920, 5120): cuDNN error: CUDNN_STATUS_NOT_INITIALIZED
    WARNING: GigaTIME failed on patch (81920, 6144): cuDNN error: CUDNN_STATUS_NOT_INITIALIZED
    WARNING: GigaTIME failed on patch (81920, 7168): cuDNN error: CUDNN_STATUS_NOT_INITIALIZED
    WARNING: GigaTIME failed on patch (81920, 8192): cuDNN error: CUDNN_STATUS_NOT_INITIALIZED
    WARNING: GigaTIME failed on patch (81920, 9216): cuDNN error: CUDNN_STATUS_NOT_INITIALIZED
    WARNING: GigaTIME failed on patch (81920, 10240): cuDNN error: CUDNN_STATUS_NOT_INITIALIZED
    WARNING: GigaTIME failed on patch (81920, 11264): cuDNN error: CUDNN_STATUS_NOT_INITIALIZED
    WARNING: GigaTIME failed on patch (81920, 12288): cuDNN error: CUDNN_STATUS_NOT_INITIALIZED
    WARNING: GigaTIME failed on patch (81920, 13312): cuDNN error: CUDNN_STATUS_NOT_INITIALIZED
    WARNING: GigaTIME failed on patch (81920, 14336): cuDNN error: CUDNN_STATUS_NOT_INITIALIZED
    WARNING: GigaTIME failed on patch (81920, 15360): cuDNN error: CUDNN_STATUS_NOT_INITIALIZED
    WARNING: GigaTIME failed on patch (81920, 16384): cuDNN error: CUDNN_STATUS_NOT_INITIALIZED
    WARNING: GigaTIME failed on patch (81920, 17408): cuDNN error: CUDNN_STATUS_NOT_INITIALIZED
    WARNING: GigaTIME failed on patch (81920, 18432): cuDNN error: CUDNN_STATUS_NOT_INITIALIZED
    WARNING: GigaTIME failed on patch (81920, 19456): cuDNN error: CUDNN_STATUS_NOT_INITIALIZED
    WARNING: GigaTIME failed on patch (81920, 20480): cuDNN error: CUDNN_STATUS_NOT_INITIALIZED
    WARNING: GigaTIME failed on patch (81920, 21504): cuDNN error: CUDNN_STATUS_NOT_INITIALIZED
    WARNING: GigaTIME failed on patch (81920, 22528): cuDNN error: CUDNN_STATUS_NOT_INITIALIZED
    WARNING: GigaTIME failed on patch (81920, 23552): cuDNN error: CUDNN_STATUS_NOT_INITIALIZED
    WARNING: GigaTIME failed on patch (81920, 24576): cuDNN error: CUDNN_STATUS_NOT_INITIALIZED
    WARNING: GigaTIME failed on patch (81920, 25600): cuDNN error: CUDNN_STATUS_NOT_INITIALIZED
    WARNING: GigaTIME failed on patch (81920, 26624): cuDNN error: CUDNN_STATUS_NOT_INITIALIZED
    WARNING: GigaTIME failed on patch (81920, 27648): cuDNN error: CUDNN_STATUS_NOT_INITIALIZED
    WARNING: GigaTIME failed on patch (81920, 28672): cuDNN error: CUDNN_STATUS_NOT_INITIALIZED
    WARNING: GigaTIME failed on patch (81920, 29696): cuDNN error: CUDNN_STATUS_NOT_INITIALIZED
    WARNING: GigaTIME failed on patch (81920, 30720): cuDNN error: CUDNN_STATUS_NOT_INITIALIZED
    WARNING: GigaTIME failed on patch (81920, 31744): cuDNN error: CUDNN_STATUS_NOT_INITIALIZED
    WARNING: GigaTIME failed on patch (81920, 32768): cuDNN error: CUDNN_STATUS_NOT_INITIALIZED
    WARNING: GigaTIME failed on patch (82944, 4096): cuDNN error: CUDNN_STATUS_NOT_INITIALIZED
    WARNING: GigaTIME failed on patch (82944, 5120): cuDNN error: CUDNN_STATUS_NOT_INITIALIZED
    WARNING: GigaTIME failed on patch (82944, 6144): cuDNN error: CUDNN_STATUS_NOT_INITIALIZED
    WARNING: GigaTIME failed on patch (82944, 7168): cuDNN error: CUDNN_STATUS_NOT_INITIALIZED
    WARNING: GigaTIME failed on patch (82944, 8192): cuDNN error: CUDNN_STATUS_NOT_INITIALIZED
    WARNING: GigaTIME failed on patch (82944, 9216): cuDNN error: CUDNN_STATUS_NOT_INITIALIZED
    WARNING: GigaTIME failed on patch (82944, 10240): cuDNN error: CUDNN_STATUS_NOT_INITIALIZED
    WARNING: GigaTIME failed on patch (82944, 11264): cuDNN error: CUDNN_STATUS_NOT_INITIALIZED
    WARNING: GigaTIME failed on patch (82944, 12288): cuDNN error: CUDNN_STATUS_NOT_INITIALIZED
    WARNING: GigaTIME failed on patch (82944, 13312): cuDNN error: CUDNN_STATUS_NOT_INITIALIZED
    WARNING: GigaTIME failed on patch (82944, 14336): cuDNN error: CUDNN_STATUS_NOT_INITIALIZED
    WARNING: GigaTIME failed on patch (82944, 15360): cuDNN error: CUDNN_STATUS_NOT_INITIALIZED
    WARNING: GigaTIME failed on patch (82944, 16384): cuDNN error: CUDNN_STATUS_NOT_INITIALIZED
    WARNING: GigaTIME failed on patch (82944, 17408): cuDNN error: CUDNN_STATUS_NOT_INITIALIZED
    WARNING: GigaTIME failed on patch (82944, 18432): cuDNN error: CUDNN_STATUS_NOT_INITIALIZED
    WARNING: GigaTIME failed on patch (82944, 19456): cuDNN error: CUDNN_STATUS_NOT_INITIALIZED
    WARNING: GigaTIME failed on patch (82944, 20480): cuDNN error: CUDNN_STATUS_NOT_INITIALIZED
    WARNING: GigaTIME failed on patch (82944, 21504): cuDNN error: CUDNN_STATUS_NOT_INITIALIZED
    WARNING: GigaTIME failed on patch (82944, 22528): cuDNN error: CUDNN_STATUS_NOT_INITIALIZED
    WARNING: GigaTIME failed on patch (82944, 23552): cuDNN error: CUDNN_STATUS_NOT_INITIALIZED
    WARNING: GigaTIME failed on patch (82944, 24576): cuDNN error: CUDNN_STATUS_NOT_INITIALIZED
    WARNING: GigaTIME failed on patch (82944, 25600): cuDNN error: CUDNN_STATUS_NOT_INITIALIZED
    WARNING: GigaTIME failed on patch (82944, 26624): cuDNN error: CUDNN_STATUS_NOT_INITIALIZED
    WARNING: GigaTIME failed on patch (82944, 27648): cuDNN error: CUDNN_STATUS_NOT_INITIALIZED
    WARNING: GigaTIME failed on patch (82944, 28672): cuDNN error: CUDNN_STATUS_NOT_INITIALIZED
    WARNING: GigaTIME failed on patch (82944, 29696): cuDNN error: CUDNN_STATUS_NOT_INITIALIZED
    WARNING: GigaTIME failed on patch (82944, 30720): cuDNN error: CUDNN_STATUS_NOT_INITIALIZED
    WARNING: GigaTIME failed on patch (82944, 31744): cuDNN error: CUDNN_STATUS_NOT_INITIALIZED
    WARNING: GigaTIME failed on patch (82944, 32768): cuDNN error: CUDNN_STATUS_NOT_INITIALIZED
    WARNING: GigaTIME failed on patch (83968, 4096): cuDNN error: CUDNN_STATUS_NOT_INITIALIZED
    WARNING: GigaTIME failed on patch (83968, 5120): cuDNN error: CUDNN_STATUS_NOT_INITIALIZED
    WARNING: GigaTIME failed on patch (83968, 6144): cuDNN error: CUDNN_STATUS_NOT_INITIALIZED
    WARNING: GigaTIME failed on patch (83968, 7168): cuDNN error: CUDNN_STATUS_NOT_INITIALIZED
    WARNING: GigaTIME failed on patch (83968, 8192): cuDNN error: CUDNN_STATUS_NOT_INITIALIZED
    WARNING: GigaTIME failed on patch (83968, 9216): cuDNN error: CUDNN_STATUS_NOT_INITIALIZED
    WARNING: GigaTIME failed on patch (83968, 10240): cuDNN error: CUDNN_STATUS_NOT_INITIALIZED
    WARNING: GigaTIME failed on patch (83968, 11264): cuDNN error: CUDNN_STATUS_NOT_INITIALIZED
    WARNING: GigaTIME failed on patch (83968, 12288): cuDNN error: CUDNN_STATUS_NOT_INITIALIZED
    WARNING: GigaTIME failed on patch (83968, 13312): cuDNN error: CUDNN_STATUS_NOT_INITIALIZED
    WARNING: GigaTIME failed on patch (83968, 14336): cuDNN error: CUDNN_STATUS_NOT_INITIALIZED
    WARNING: GigaTIME failed on patch (83968, 15360): cuDNN error: CUDNN_STATUS_NOT_INITIALIZED
    WARNING: GigaTIME failed on patch (83968, 16384): cuDNN error: CUDNN_STATUS_NOT_INITIALIZED
    WARNING: GigaTIME failed on patch (83968, 17408): cuDNN error: CUDNN_STATUS_NOT_INITIALIZED
    WARNING: GigaTIME failed on patch (83968, 18432): cuDNN error: CUDNN_STATUS_NOT_INITIALIZED
    WARNING: GigaTIME failed on patch (83968, 19456): cuDNN error: CUDNN_STATUS_NOT_INITIALIZED
    WARNING: GigaTIME failed on patch (83968, 20480): cuDNN error: CUDNN_STATUS_NOT_INITIALIZED
    WARNING: GigaTIME failed on patch (83968, 21504): cuDNN error: CUDNN_STATUS_NOT_INITIALIZED
    WARNING: GigaTIME failed on patch (83968, 22528): cuDNN error: CUDNN_STATUS_NOT_INITIALIZED
    WARNING: GigaTIME failed on patch (83968, 23552): cuDNN error: CUDNN_STATUS_NOT_INITIALIZED
    WARNING: GigaTIME failed on patch (83968, 24576): cuDNN error: CUDNN_STATUS_NOT_INITIALIZED
    WARNING: GigaTIME failed on patch (83968, 25600): cuDNN error: CUDNN_STATUS_NOT_INITIALIZED
    WARNING: GigaTIME failed on patch (83968, 26624): cuDNN error: CUDNN_STATUS_NOT_INITIALIZED
    WARNING: GigaTIME failed on patch (83968, 27648): cuDNN error: CUDNN_STATUS_NOT_INITIALIZED
    WARNING: GigaTIME failed on patch (83968, 28672): cuDNN error: CUDNN_STATUS_NOT_INITIALIZED
    WARNING: GigaTIME failed on patch (83968, 29696): cuDNN error: CUDNN_STATUS_NOT_INITIALIZED
    WARNING: GigaTIME failed on patch (83968, 30720): cuDNN error: CUDNN_STATUS_NOT_INITIALIZED
    WARNING: GigaTIME failed on patch (83968, 31744): cuDNN error: CUDNN_STATUS_NOT_INITIALIZED
    WARNING: GigaTIME failed on patch (83968, 32768): cuDNN error: CUDNN_STATUS_NOT_INITIALIZED
    WARNING: GigaTIME failed on patch (83968, 59392): cuDNN error: CUDNN_STATUS_NOT_INITIALIZED
    WARNING: GigaTIME failed on patch (83968, 60416): cuDNN error: CUDNN_STATUS_NOT_INITIALIZED
    WARNING: GigaTIME failed on patch (84992, 4096): cuDNN error: CUDNN_STATUS_NOT_INITIALIZED
    WARNING: GigaTIME failed on patch (84992, 5120): cuDNN error: CUDNN_STATUS_NOT_INITIALIZED
    WARNING: GigaTIME failed on patch (84992, 6144): cuDNN error: CUDNN_STATUS_NOT_INITIALIZED
    WARNING: GigaTIME failed on patch (84992, 7168): cuDNN error: CUDNN_STATUS_NOT_INITIALIZED
    WARNING: GigaTIME failed on patch (84992, 8192): cuDNN error: CUDNN_STATUS_NOT_INITIALIZED
    WARNING: GigaTIME failed on patch (84992, 9216): cuDNN error: CUDNN_STATUS_NOT_INITIALIZED
    WARNING: GigaTIME failed on patch (84992, 10240): cuDNN error: CUDNN_STATUS_NOT_INITIALIZED
    WARNING: GigaTIME failed on patch (84992, 11264): cuDNN error: CUDNN_STATUS_NOT_INITIALIZED
    WARNING: GigaTIME failed on patch (84992, 12288): cuDNN error: CUDNN_STATUS_NOT_INITIALIZED
    WARNING: GigaTIME failed on patch (84992, 13312): cuDNN error: CUDNN_STATUS_NOT_INITIALIZED
    WARNING: GigaTIME failed on patch (84992, 14336): cuDNN error: CUDNN_STATUS_NOT_INITIALIZED
    WARNING: GigaTIME failed on patch (84992, 15360): cuDNN error: CUDNN_STATUS_NOT_INITIALIZED
    WARNING: GigaTIME failed on patch (84992, 16384): cuDNN error: CUDNN_STATUS_NOT_INITIALIZED
    WARNING: GigaTIME failed on patch (84992, 17408): cuDNN error: CUDNN_STATUS_NOT_INITIALIZED
    WARNING: GigaTIME failed on patch (84992, 18432): cuDNN error: CUDNN_STATUS_NOT_INITIALIZED
    WARNING: GigaTIME failed on patch (84992, 19456): cuDNN error: CUDNN_STATUS_NOT_INITIALIZED
    WARNING: GigaTIME failed on patch (84992, 20480): cuDNN error: CUDNN_STATUS_NOT_INITIALIZED
    WARNING: GigaTIME failed on patch (84992, 21504): cuDNN error: CUDNN_STATUS_NOT_INITIALIZED
    WARNING: GigaTIME failed on patch (84992, 22528): cuDNN error: CUDNN_STATUS_NOT_INITIALIZED
    WARNING: GigaTIME failed on patch (84992, 23552): cuDNN error: CUDNN_STATUS_NOT_INITIALIZED
    WARNING: GigaTIME failed on patch (84992, 24576): cuDNN error: CUDNN_STATUS_NOT_INITIALIZED
    WARNING: GigaTIME failed on patch (84992, 25600): cuDNN error: CUDNN_STATUS_NOT_INITIALIZED
    WARNING: GigaTIME failed on patch (84992, 26624): cuDNN error: CUDNN_STATUS_NOT_INITIALIZED
    WARNING: GigaTIME failed on patch (84992, 27648): cuDNN error: CUDNN_STATUS_NOT_INITIALIZED
    WARNING: GigaTIME failed on patch (84992, 28672): cuDNN error: CUDNN_STATUS_NOT_INITIALIZED
    WARNING: GigaTIME failed on patch (84992, 29696): cuDNN error: CUDNN_STATUS_NOT_INITIALIZED
    WARNING: GigaTIME failed on patch (84992, 30720): cuDNN error: CUDNN_STATUS_NOT_INITIALIZED
    WARNING: GigaTIME failed on patch (84992, 31744): cuDNN error: CUDNN_STATUS_NOT_INITIALIZED
    WARNING: GigaTIME failed on patch (84992, 59392): cuDNN error: CUDNN_STATUS_NOT_INITIALIZED
    WARNING: GigaTIME failed on patch (86016, 4096): cuDNN error: CUDNN_STATUS_NOT_INITIALIZED
    WARNING: GigaTIME failed on patch (86016, 5120): cuDNN error: CUDNN_STATUS_NOT_INITIALIZED
    WARNING: GigaTIME failed on patch (86016, 6144): cuDNN error: CUDNN_STATUS_NOT_INITIALIZED
    WARNING: GigaTIME failed on patch (86016, 7168): cuDNN error: CUDNN_STATUS_NOT_INITIALIZED
    WARNING: GigaTIME failed on patch (86016, 8192): cuDNN error: CUDNN_STATUS_NOT_INITIALIZED
    WARNING: GigaTIME failed on patch (86016, 9216): cuDNN error: CUDNN_STATUS_NOT_INITIALIZED
    WARNING: GigaTIME failed on patch (86016, 10240): cuDNN error: CUDNN_STATUS_NOT_INITIALIZED
    WARNING: GigaTIME failed on patch (86016, 11264): cuDNN error: CUDNN_STATUS_NOT_INITIALIZED
    WARNING: GigaTIME failed on patch (86016, 12288): cuDNN error: CUDNN_STATUS_NOT_INITIALIZED
    WARNING: GigaTIME failed on patch (86016, 13312): cuDNN error: CUDNN_STATUS_NOT_INITIALIZED
    WARNING: GigaTIME failed on patch (86016, 14336): cuDNN error: CUDNN_STATUS_NOT_INITIALIZED
    WARNING: GigaTIME failed on patch (86016, 15360): cuDNN error: CUDNN_STATUS_NOT_INITIALIZED
    WARNING: GigaTIME failed on patch (86016, 16384): cuDNN error: CUDNN_STATUS_NOT_INITIALIZED
    WARNING: GigaTIME failed on patch (86016, 17408): cuDNN error: CUDNN_STATUS_NOT_INITIALIZED
    WARNING: GigaTIME failed on patch (86016, 18432): cuDNN error: CUDNN_STATUS_NOT_INITIALIZED
    WARNING: GigaTIME failed on patch (86016, 19456): cuDNN error: CUDNN_STATUS_NOT_INITIALIZED
    WARNING: GigaTIME failed on patch (86016, 20480): cuDNN error: CUDNN_STATUS_NOT_INITIALIZED
    WARNING: GigaTIME failed on patch (86016, 21504): cuDNN error: CUDNN_STATUS_NOT_INITIALIZED
    WARNING: GigaTIME failed on patch (86016, 22528): cuDNN error: CUDNN_STATUS_NOT_INITIALIZED
    WARNING: GigaTIME failed on patch (86016, 23552): cuDNN error: CUDNN_STATUS_NOT_INITIALIZED
    WARNING: GigaTIME failed on patch (86016, 24576): cuDNN error: CUDNN_STATUS_NOT_INITIALIZED
    WARNING: GigaTIME failed on patch (86016, 25600): cuDNN error: CUDNN_STATUS_NOT_INITIALIZED
    WARNING: GigaTIME failed on patch (86016, 26624): cuDNN error: CUDNN_STATUS_NOT_INITIALIZED
    WARNING: GigaTIME failed on patch (86016, 27648): cuDNN error: CUDNN_STATUS_NOT_INITIALIZED
    WARNING: GigaTIME failed on patch (86016, 28672): cuDNN error: CUDNN_STATUS_NOT_INITIALIZED
    WARNING: GigaTIME failed on patch (86016, 29696): cuDNN error: CUDNN_STATUS_NOT_INITIALIZED
    WARNING: GigaTIME failed on patch (86016, 30720): cuDNN error: CUDNN_STATUS_NOT_INITIALIZED
    WARNING: GigaTIME failed on patch (86016, 31744): cuDNN error: CUDNN_STATUS_NOT_INITIALIZED
    WARNING: GigaTIME failed on patch (86016, 58368): cuDNN error: CUDNN_STATUS_NOT_INITIALIZED
    WARNING: GigaTIME failed on patch (87040, 4096): cuDNN error: CUDNN_STATUS_NOT_INITIALIZED
    WARNING: GigaTIME failed on patch (87040, 5120): cuDNN error: CUDNN_STATUS_NOT_INITIALIZED
    WARNING: GigaTIME failed on patch (87040, 6144): cuDNN error: CUDNN_STATUS_NOT_INITIALIZED
    WARNING: GigaTIME failed on patch (87040, 7168): cuDNN error: CUDNN_STATUS_NOT_INITIALIZED
    WARNING: GigaTIME failed on patch (87040, 8192): cuDNN error: CUDNN_STATUS_NOT_INITIALIZED
    WARNING: GigaTIME failed on patch (87040, 9216): cuDNN error: CUDNN_STATUS_NOT_INITIALIZED
    WARNING: GigaTIME failed on patch (87040, 10240): cuDNN error: CUDNN_STATUS_NOT_INITIALIZED
    WARNING: GigaTIME failed on patch (87040, 11264): cuDNN error: CUDNN_STATUS_NOT_INITIALIZED
    WARNING: GigaTIME failed on patch (87040, 12288): cuDNN error: CUDNN_STATUS_NOT_INITIALIZED
    WARNING: GigaTIME failed on patch (87040, 13312): cuDNN error: CUDNN_STATUS_NOT_INITIALIZED
    WARNING: GigaTIME failed on patch (87040, 14336): cuDNN error: CUDNN_STATUS_NOT_INITIALIZED
    WARNING: GigaTIME failed on patch (87040, 15360): cuDNN error: CUDNN_STATUS_NOT_INITIALIZED
    WARNING: GigaTIME failed on patch (87040, 16384): cuDNN error: CUDNN_STATUS_NOT_INITIALIZED
    WARNING: GigaTIME failed on patch (87040, 17408): cuDNN error: CUDNN_STATUS_NOT_INITIALIZED
    WARNING: GigaTIME failed on patch (87040, 18432): cuDNN error: CUDNN_STATUS_NOT_INITIALIZED
    WARNING: GigaTIME failed on patch (87040, 19456): cuDNN error: CUDNN_STATUS_NOT_INITIALIZED
    WARNING: GigaTIME failed on patch (87040, 20480): cuDNN error: CUDNN_STATUS_NOT_INITIALIZED
    WARNING: GigaTIME failed on patch (87040, 21504): cuDNN error: CUDNN_STATUS_NOT_INITIALIZED
    WARNING: GigaTIME failed on patch (87040, 22528): cuDNN error: CUDNN_STATUS_NOT_INITIALIZED
    WARNING: GigaTIME failed on patch (87040, 23552): cuDNN error: CUDNN_STATUS_NOT_INITIALIZED
    WARNING: GigaTIME failed on patch (87040, 24576): cuDNN error: CUDNN_STATUS_NOT_INITIALIZED
    WARNING: GigaTIME failed on patch (87040, 25600): cuDNN error: CUDNN_STATUS_NOT_INITIALIZED
    WARNING: GigaTIME failed on patch (87040, 26624): cuDNN error: CUDNN_STATUS_NOT_INITIALIZED
    WARNING: GigaTIME failed on patch (87040, 27648): cuDNN error: CUDNN_STATUS_NOT_INITIALIZED
    WARNING: GigaTIME failed on patch (87040, 28672): cuDNN error: CUDNN_STATUS_NOT_INITIALIZED
    WARNING: GigaTIME failed on patch (87040, 29696): cuDNN error: CUDNN_STATUS_NOT_INITIALIZED
    WARNING: GigaTIME failed on patch (87040, 30720): cuDNN error: CUDNN_STATUS_NOT_INITIALIZED
    WARNING: GigaTIME failed on patch (87040, 58368): cuDNN error: CUDNN_STATUS_NOT_INITIALIZED
    WARNING: GigaTIME failed on patch (87040, 60416): cuDNN error: CUDNN_STATUS_NOT_INITIALIZED
    WARNING: GigaTIME failed on patch (87040, 61440): cuDNN error: CUDNN_STATUS_NOT_INITIALIZED
    WARNING: GigaTIME failed on patch (87040, 64512): cuDNN error: CUDNN_STATUS_NOT_INITIALIZED
    WARNING: GigaTIME failed on patch (88064, 4096): cuDNN error: CUDNN_STATUS_NOT_INITIALIZED
    WARNING: GigaTIME failed on patch (88064, 5120): cuDNN error: CUDNN_STATUS_NOT_INITIALIZED
    WARNING: GigaTIME failed on patch (88064, 6144): cuDNN error: CUDNN_STATUS_NOT_INITIALIZED
    WARNING: GigaTIME failed on patch (88064, 7168): cuDNN error: CUDNN_STATUS_NOT_INITIALIZED
    WARNING: GigaTIME failed on patch (88064, 8192): cuDNN error: CUDNN_STATUS_NOT_INITIALIZED
    WARNING: GigaTIME failed on patch (88064, 9216): cuDNN error: CUDNN_STATUS_NOT_INITIALIZED
    WARNING: GigaTIME failed on patch (88064, 10240): cuDNN error: CUDNN_STATUS_NOT_INITIALIZED
    WARNING: GigaTIME failed on patch (88064, 11264): cuDNN error: CUDNN_STATUS_NOT_INITIALIZED
    WARNING: GigaTIME failed on patch (88064, 12288): cuDNN error: CUDNN_STATUS_NOT_INITIALIZED
    WARNING: GigaTIME failed on patch (88064, 13312): cuDNN error: CUDNN_STATUS_NOT_INITIALIZED
    WARNING: GigaTIME failed on patch (88064, 14336): cuDNN error: CUDNN_STATUS_NOT_INITIALIZED
    WARNING: GigaTIME failed on patch (88064, 15360): cuDNN error: CUDNN_STATUS_NOT_INITIALIZED
    WARNING: GigaTIME failed on patch (88064, 16384): cuDNN error: CUDNN_STATUS_NOT_INITIALIZED
    WARNING: GigaTIME failed on patch (88064, 17408): cuDNN error: CUDNN_STATUS_NOT_INITIALIZED
    WARNING: GigaTIME failed on patch (88064, 18432): cuDNN error: CUDNN_STATUS_NOT_INITIALIZED
    WARNING: GigaTIME failed on patch (88064, 19456): cuDNN error: CUDNN_STATUS_NOT_INITIALIZED
    WARNING: GigaTIME failed on patch (88064, 20480): cuDNN error: CUDNN_STATUS_NOT_INITIALIZED
    WARNING: GigaTIME failed on patch (88064, 21504): cuDNN error: CUDNN_STATUS_NOT_INITIALIZED
    WARNING: GigaTIME failed on patch (88064, 22528): cuDNN error: CUDNN_STATUS_NOT_INITIALIZED
    WARNING: GigaTIME failed on patch (88064, 23552): cuDNN error: CUDNN_STATUS_NOT_INITIALIZED
    WARNING: GigaTIME failed on patch (88064, 24576): cuDNN error: CUDNN_STATUS_NOT_INITIALIZED
    WARNING: GigaTIME failed on patch (88064, 25600): cuDNN error: CUDNN_STATUS_NOT_INITIALIZED
    WARNING: GigaTIME failed on patch (88064, 26624): cuDNN error: CUDNN_STATUS_NOT_INITIALIZED
    WARNING: GigaTIME failed on patch (88064, 27648): cuDNN error: CUDNN_STATUS_NOT_INITIALIZED
    WARNING: GigaTIME failed on patch (88064, 28672): cuDNN error: CUDNN_STATUS_NOT_INITIALIZED
    WARNING: GigaTIME failed on patch (88064, 56320): cuDNN error: CUDNN_STATUS_NOT_INITIALIZED
    WARNING: GigaTIME failed on patch (88064, 57344): cuDNN error: CUDNN_STATUS_NOT_INITIALIZED
    WARNING: GigaTIME failed on patch (88064, 58368): cuDNN error: CUDNN_STATUS_NOT_INITIALIZED
    WARNING: GigaTIME failed on patch (88064, 59392): cuDNN error: CUDNN_STATUS_NOT_INITIALIZED
    WARNING: GigaTIME failed on patch (88064, 60416): cuDNN error: CUDNN_STATUS_NOT_INITIALIZED
    WARNING: GigaTIME failed on patch (88064, 61440): cuDNN error: CUDNN_STATUS_NOT_INITIALIZED
    WARNING: GigaTIME failed on patch (88064, 63488): cuDNN error: CUDNN_STATUS_NOT_INITIALIZED
    WARNING: GigaTIME failed on patch (89088, 4096): cuDNN error: CUDNN_STATUS_NOT_INITIALIZED
    WARNING: GigaTIME failed on patch (89088, 5120): cuDNN error: CUDNN_STATUS_NOT_INITIALIZED
    WARNING: GigaTIME failed on patch (89088, 6144): cuDNN error: CUDNN_STATUS_NOT_INITIALIZED
    WARNING: GigaTIME failed on patch (89088, 7168): cuDNN error: CUDNN_STATUS_NOT_INITIALIZED
    WARNING: GigaTIME failed on patch (89088, 8192): cuDNN error: CUDNN_STATUS_NOT_INITIALIZED
    WARNING: GigaTIME failed on patch (89088, 9216): cuDNN error: CUDNN_STATUS_NOT_INITIALIZED
    WARNING: GigaTIME failed on patch (89088, 10240): cuDNN error: CUDNN_STATUS_NOT_INITIALIZED
    WARNING: GigaTIME failed on patch (89088, 11264): cuDNN error: CUDNN_STATUS_NOT_INITIALIZED
    WARNING: GigaTIME failed on patch (89088, 12288): cuDNN error: CUDNN_STATUS_NOT_INITIALIZED
    WARNING: GigaTIME failed on patch (89088, 13312): cuDNN error: CUDNN_STATUS_NOT_INITIALIZED
    WARNING: GigaTIME failed on patch (89088, 14336): cuDNN error: CUDNN_STATUS_NOT_INITIALIZED
    WARNING: GigaTIME failed on patch (89088, 15360): cuDNN error: CUDNN_STATUS_NOT_INITIALIZED
    WARNING: GigaTIME failed on patch (89088, 16384): cuDNN error: CUDNN_STATUS_NOT_INITIALIZED
    WARNING: GigaTIME failed on patch (89088, 17408): cuDNN error: CUDNN_STATUS_NOT_INITIALIZED
    WARNING: GigaTIME failed on patch (89088, 18432): cuDNN error: CUDNN_STATUS_NOT_INITIALIZED
    WARNING: GigaTIME failed on patch (89088, 19456): cuDNN error: CUDNN_STATUS_NOT_INITIALIZED
    WARNING: GigaTIME failed on patch (89088, 20480): cuDNN error: CUDNN_STATUS_NOT_INITIALIZED
    WARNING: GigaTIME failed on patch (89088, 21504): cuDNN error: CUDNN_STATUS_NOT_INITIALIZED
    WARNING: GigaTIME failed on patch (89088, 22528): cuDNN error: CUDNN_STATUS_NOT_INITIALIZED
    WARNING: GigaTIME failed on patch (89088, 23552): cuDNN error: CUDNN_STATUS_NOT_INITIALIZED
    WARNING: GigaTIME failed on patch (89088, 24576): cuDNN error: CUDNN_STATUS_NOT_INITIALIZED
    WARNING: GigaTIME failed on patch (89088, 25600): cuDNN error: CUDNN_STATUS_NOT_INITIALIZED
    WARNING: GigaTIME failed on patch (89088, 26624): cuDNN error: CUDNN_STATUS_NOT_INITIALIZED
    WARNING: GigaTIME failed on patch (89088, 27648): cuDNN error: CUDNN_STATUS_NOT_INITIALIZED
    WARNING: GigaTIME failed on patch (89088, 56320): cuDNN error: CUDNN_STATUS_NOT_INITIALIZED
    WARNING: GigaTIME failed on patch (89088, 57344): cuDNN error: CUDNN_STATUS_NOT_INITIALIZED
    WARNING: GigaTIME failed on patch (89088, 58368): cuDNN error: CUDNN_STATUS_NOT_INITIALIZED
    WARNING: GigaTIME failed on patch (89088, 59392): cuDNN error: CUDNN_STATUS_NOT_INITIALIZED
    WARNING: GigaTIME failed on patch (89088, 60416): cuDNN error: CUDNN_STATUS_NOT_INITIALIZED
    WARNING: GigaTIME failed on patch (89088, 61440): cuDNN error: CUDNN_STATUS_NOT_INITIALIZED
    WARNING: GigaTIME failed on patch (90112, 4096): cuDNN error: CUDNN_STATUS_NOT_INITIALIZED
    WARNING: GigaTIME failed on patch (90112, 5120): cuDNN error: CUDNN_STATUS_NOT_INITIALIZED
    WARNING: GigaTIME failed on patch (90112, 6144): cuDNN error: CUDNN_STATUS_NOT_INITIALIZED
    WARNING: GigaTIME failed on patch (90112, 7168): cuDNN error: CUDNN_STATUS_NOT_INITIALIZED
    WARNING: GigaTIME failed on patch (90112, 8192): cuDNN error: CUDNN_STATUS_NOT_INITIALIZED
    WARNING: GigaTIME failed on patch (90112, 9216): cuDNN error: CUDNN_STATUS_NOT_INITIALIZED
    WARNING: GigaTIME failed on patch (90112, 10240): cuDNN error: CUDNN_STATUS_NOT_INITIALIZED
    WARNING: GigaTIME failed on patch (90112, 11264): cuDNN error: CUDNN_STATUS_NOT_INITIALIZED
    WARNING: GigaTIME failed on patch (90112, 12288): cuDNN error: CUDNN_STATUS_NOT_INITIALIZED
    WARNING: GigaTIME failed on patch (90112, 13312): cuDNN error: CUDNN_STATUS_NOT_INITIALIZED
    WARNING: GigaTIME failed on patch (90112, 14336): cuDNN error: CUDNN_STATUS_NOT_INITIALIZED
    WARNING: GigaTIME failed on patch (90112, 15360): cuDNN error: CUDNN_STATUS_NOT_INITIALIZED
    WARNING: GigaTIME failed on patch (90112, 16384): cuDNN error: CUDNN_STATUS_NOT_INITIALIZED
    WARNING: GigaTIME failed on patch (90112, 17408): cuDNN error: CUDNN_STATUS_NOT_INITIALIZED
    WARNING: GigaTIME failed on patch (90112, 18432): cuDNN error: CUDNN_STATUS_NOT_INITIALIZED
    WARNING: GigaTIME failed on patch (90112, 19456): cuDNN error: CUDNN_STATUS_NOT_INITIALIZED
    WARNING: GigaTIME failed on patch (90112, 20480): cuDNN error: CUDNN_STATUS_NOT_INITIALIZED
    WARNING: GigaTIME failed on patch (90112, 21504): cuDNN error: CUDNN_STATUS_NOT_INITIALIZED
    WARNING: GigaTIME failed on patch (90112, 22528): cuDNN error: CUDNN_STATUS_NOT_INITIALIZED
    WARNING: GigaTIME failed on patch (90112, 23552): cuDNN error: CUDNN_STATUS_NOT_INITIALIZED
    WARNING: GigaTIME failed on patch (90112, 24576): cuDNN error: CUDNN_STATUS_NOT_INITIALIZED
    WARNING: GigaTIME failed on patch (90112, 25600): cuDNN error: CUDNN_STATUS_NOT_INITIALIZED
    WARNING: GigaTIME failed on patch (90112, 26624): cuDNN error: CUDNN_STATUS_NOT_INITIALIZED
    WARNING: GigaTIME failed on patch (90112, 27648): cuDNN error: CUDNN_STATUS_NOT_INITIALIZED
    WARNING: GigaTIME failed on patch (90112, 51200): cuDNN error: CUDNN_STATUS_NOT_INITIALIZED
    WARNING: GigaTIME failed on patch (90112, 52224): cuDNN error: CUDNN_STATUS_NOT_INITIALIZED
    WARNING: GigaTIME failed on patch (90112, 56320): cuDNN error: CUDNN_STATUS_NOT_INITIALIZED
    WARNING: GigaTIME failed on patch (90112, 57344): cuDNN error: CUDNN_STATUS_NOT_INITIALIZED
    WARNING: GigaTIME failed on patch (90112, 58368): cuDNN error: CUDNN_STATUS_NOT_INITIALIZED
    WARNING: GigaTIME failed on patch (90112, 59392): cuDNN error: CUDNN_STATUS_NOT_INITIALIZED
    WARNING: GigaTIME failed on patch (91136, 4096): cuDNN error: CUDNN_STATUS_NOT_INITIALIZED
    WARNING: GigaTIME failed on patch (91136, 5120): cuDNN error: CUDNN_STATUS_NOT_INITIALIZED
    WARNING: GigaTIME failed on patch (91136, 6144): cuDNN error: CUDNN_STATUS_NOT_INITIALIZED
    WARNING: GigaTIME failed on patch (91136, 7168): cuDNN error: CUDNN_STATUS_NOT_INITIALIZED
    WARNING: GigaTIME failed on patch (91136, 8192): cuDNN error: CUDNN_STATUS_NOT_INITIALIZED
    WARNING: GigaTIME failed on patch (91136, 9216): cuDNN error: CUDNN_STATUS_NOT_INITIALIZED
    WARNING: GigaTIME failed on patch (91136, 10240): cuDNN error: CUDNN_STATUS_NOT_INITIALIZED
    WARNING: GigaTIME failed on patch (91136, 11264): cuDNN error: CUDNN_STATUS_NOT_INITIALIZED
    WARNING: GigaTIME failed on patch (91136, 12288): cuDNN error: CUDNN_STATUS_NOT_INITIALIZED
    WARNING: GigaTIME failed on patch (91136, 13312): cuDNN error: CUDNN_STATUS_NOT_INITIALIZED
    WARNING: GigaTIME failed on patch (91136, 14336): cuDNN error: CUDNN_STATUS_NOT_INITIALIZED
    WARNING: GigaTIME failed on patch (91136, 15360): cuDNN error: CUDNN_STATUS_NOT_INITIALIZED
    WARNING: GigaTIME failed on patch (91136, 16384): cuDNN error: CUDNN_STATUS_NOT_INITIALIZED
    WARNING: GigaTIME failed on patch (91136, 17408): cuDNN error: CUDNN_STATUS_NOT_INITIALIZED
    WARNING: GigaTIME failed on patch (91136, 18432): cuDNN error: CUDNN_STATUS_NOT_INITIALIZED
    WARNING: GigaTIME failed on patch (91136, 19456): cuDNN error: CUDNN_STATUS_NOT_INITIALIZED
    WARNING: GigaTIME failed on patch (91136, 20480): cuDNN error: CUDNN_STATUS_NOT_INITIALIZED
    WARNING: GigaTIME failed on patch (91136, 21504): cuDNN error: CUDNN_STATUS_NOT_INITIALIZED
    WARNING: GigaTIME failed on patch (91136, 22528): cuDNN error: CUDNN_STATUS_NOT_INITIALIZED
    WARNING: GigaTIME failed on patch (91136, 23552): cuDNN error: CUDNN_STATUS_NOT_INITIALIZED
    WARNING: GigaTIME failed on patch (91136, 24576): cuDNN error: CUDNN_STATUS_NOT_INITIALIZED
    WARNING: GigaTIME failed on patch (91136, 25600): cuDNN error: CUDNN_STATUS_NOT_INITIALIZED
    WARNING: GigaTIME failed on patch (91136, 26624): cuDNN error: CUDNN_STATUS_NOT_INITIALIZED
    WARNING: GigaTIME failed on patch (91136, 54272): cuDNN error: CUDNN_STATUS_NOT_INITIALIZED
    WARNING: GigaTIME failed on patch (91136, 55296): cuDNN error: CUDNN_STATUS_NOT_INITIALIZED
    WARNING: GigaTIME failed on patch (91136, 56320): cuDNN error: CUDNN_STATUS_NOT_INITIALIZED
    WARNING: GigaTIME failed on patch (91136, 57344): cuDNN error: CUDNN_STATUS_NOT_INITIALIZED
    WARNING: GigaTIME failed on patch (91136, 58368): cuDNN error: CUDNN_STATUS_NOT_INITIALIZED
    WARNING: GigaTIME failed on patch (91136, 59392): cuDNN error: CUDNN_STATUS_NOT_INITIALIZED
    WARNING: GigaTIME failed on patch (92160, 4096): cuDNN error: CUDNN_STATUS_NOT_INITIALIZED
    WARNING: GigaTIME failed on patch (92160, 5120): cuDNN error: CUDNN_STATUS_NOT_INITIALIZED
    WARNING: GigaTIME failed on patch (92160, 6144): cuDNN error: CUDNN_STATUS_NOT_INITIALIZED
    WARNING: GigaTIME failed on patch (92160, 7168): cuDNN error: CUDNN_STATUS_NOT_INITIALIZED
    WARNING: GigaTIME failed on patch (92160, 8192): cuDNN error: CUDNN_STATUS_NOT_INITIALIZED
    WARNING: GigaTIME failed on patch (92160, 9216): cuDNN error: CUDNN_STATUS_NOT_INITIALIZED
    WARNING: GigaTIME failed on patch (92160, 10240): cuDNN error: CUDNN_STATUS_NOT_INITIALIZED
    WARNING: GigaTIME failed on patch (92160, 11264): cuDNN error: CUDNN_STATUS_NOT_INITIALIZED
    WARNING: GigaTIME failed on patch (92160, 12288): cuDNN error: CUDNN_STATUS_NOT_INITIALIZED
    WARNING: GigaTIME failed on patch (92160, 13312): cuDNN error: CUDNN_STATUS_NOT_INITIALIZED
    WARNING: GigaTIME failed on patch (92160, 14336): cuDNN error: CUDNN_STATUS_NOT_INITIALIZED
    WARNING: GigaTIME failed on patch (92160, 15360): cuDNN error: CUDNN_STATUS_NOT_INITIALIZED
    WARNING: GigaTIME failed on patch (92160, 16384): cuDNN error: CUDNN_STATUS_NOT_INITIALIZED
    WARNING: GigaTIME failed on patch (92160, 17408): cuDNN error: CUDNN_STATUS_NOT_INITIALIZED
    WARNING: GigaTIME failed on patch (92160, 18432): cuDNN error: CUDNN_STATUS_NOT_INITIALIZED
    WARNING: GigaTIME failed on patch (92160, 19456): cuDNN error: CUDNN_STATUS_NOT_INITIALIZED
    WARNING: GigaTIME failed on patch (92160, 20480): cuDNN error: CUDNN_STATUS_NOT_INITIALIZED
    WARNING: GigaTIME failed on patch (92160, 21504): cuDNN error: CUDNN_STATUS_NOT_INITIALIZED
    WARNING: GigaTIME failed on patch (92160, 22528): cuDNN error: CUDNN_STATUS_NOT_INITIALIZED
    WARNING: GigaTIME failed on patch (92160, 23552): cuDNN error: CUDNN_STATUS_NOT_INITIALIZED
    WARNING: GigaTIME failed on patch (92160, 24576): cuDNN error: CUDNN_STATUS_NOT_INITIALIZED
    WARNING: GigaTIME failed on patch (92160, 25600): cuDNN error: CUDNN_STATUS_NOT_INITIALIZED
    WARNING: GigaTIME failed on patch (92160, 26624): cuDNN error: CUDNN_STATUS_NOT_INITIALIZED
    WARNING: GigaTIME failed on patch (92160, 57344): cuDNN error: CUDNN_STATUS_NOT_INITIALIZED
    WARNING: GigaTIME failed on patch (92160, 58368): cuDNN error: CUDNN_STATUS_NOT_INITIALIZED
    WARNING: GigaTIME failed on patch (93184, 3072): cuDNN error: CUDNN_STATUS_NOT_INITIALIZED
    WARNING: GigaTIME failed on patch (93184, 4096): cuDNN error: CUDNN_STATUS_NOT_INITIALIZED
    WARNING: GigaTIME failed on patch (93184, 5120): cuDNN error: CUDNN_STATUS_NOT_INITIALIZED
    WARNING: GigaTIME failed on patch (93184, 6144): cuDNN error: CUDNN_STATUS_NOT_INITIALIZED
    WARNING: GigaTIME failed on patch (93184, 7168): cuDNN error: CUDNN_STATUS_NOT_INITIALIZED
    WARNING: GigaTIME failed on patch (93184, 8192): cuDNN error: CUDNN_STATUS_NOT_INITIALIZED
    WARNING: GigaTIME failed on patch (93184, 9216): cuDNN error: CUDNN_STATUS_NOT_INITIALIZED
    WARNING: GigaTIME failed on patch (93184, 10240): cuDNN error: CUDNN_STATUS_NOT_INITIALIZED
    WARNING: GigaTIME failed on patch (93184, 11264): cuDNN error: CUDNN_STATUS_NOT_INITIALIZED
    WARNING: GigaTIME failed on patch (93184, 12288): cuDNN error: CUDNN_STATUS_NOT_INITIALIZED
    WARNING: GigaTIME failed on patch (93184, 13312): cuDNN error: CUDNN_STATUS_NOT_INITIALIZED
    WARNING: GigaTIME failed on patch (93184, 14336): cuDNN error: CUDNN_STATUS_NOT_INITIALIZED
    WARNING: GigaTIME failed on patch (93184, 15360): cuDNN error: CUDNN_STATUS_NOT_INITIALIZED
    WARNING: GigaTIME failed on patch (93184, 16384): cuDNN error: CUDNN_STATUS_NOT_INITIALIZED
    WARNING: GigaTIME failed on patch (93184, 17408): cuDNN error: CUDNN_STATUS_NOT_INITIALIZED
    WARNING: GigaTIME failed on patch (93184, 18432): cuDNN error: CUDNN_STATUS_NOT_INITIALIZED
    WARNING: GigaTIME failed on patch (93184, 19456): cuDNN error: CUDNN_STATUS_NOT_INITIALIZED
    WARNING: GigaTIME failed on patch (93184, 20480): cuDNN error: CUDNN_STATUS_NOT_INITIALIZED
    WARNING: GigaTIME failed on patch (93184, 21504): cuDNN error: CUDNN_STATUS_NOT_INITIALIZED
    WARNING: GigaTIME failed on patch (93184, 22528): cuDNN error: CUDNN_STATUS_NOT_INITIALIZED
    WARNING: GigaTIME failed on patch (93184, 23552): cuDNN error: CUDNN_STATUS_NOT_INITIALIZED
    WARNING: GigaTIME failed on patch (93184, 24576): cuDNN error: CUDNN_STATUS_NOT_INITIALIZED
    WARNING: GigaTIME failed on patch (93184, 25600): cuDNN error: CUDNN_STATUS_NOT_INITIALIZED
    WARNING: GigaTIME failed on patch (93184, 26624): cuDNN error: CUDNN_STATUS_NOT_INITIALIZED
    WARNING: GigaTIME failed on patch (93184, 52224): cuDNN error: CUDNN_STATUS_NOT_INITIALIZED
    WARNING: GigaTIME failed on patch (93184, 57344): cuDNN error: CUDNN_STATUS_NOT_INITIALIZED
    WARNING: GigaTIME failed on patch (93184, 58368): cuDNN error: CUDNN_STATUS_NOT_INITIALIZED
    WARNING: GigaTIME failed on patch (93184, 59392): cuDNN error: CUDNN_STATUS_NOT_INITIALIZED
    WARNING: GigaTIME failed on patch (94208, 3072): cuDNN error: CUDNN_STATUS_NOT_INITIALIZED
    WARNING: GigaTIME failed on patch (94208, 4096): cuDNN error: CUDNN_STATUS_NOT_INITIALIZED
    WARNING: GigaTIME failed on patch (94208, 5120): cuDNN error: CUDNN_STATUS_NOT_INITIALIZED
    WARNING: GigaTIME failed on patch (94208, 6144): cuDNN error: CUDNN_STATUS_NOT_INITIALIZED
    WARNING: GigaTIME failed on patch (94208, 7168): cuDNN error: CUDNN_STATUS_NOT_INITIALIZED
    WARNING: GigaTIME failed on patch (94208, 8192): cuDNN error: CUDNN_STATUS_NOT_INITIALIZED
    WARNING: GigaTIME failed on patch (94208, 9216): cuDNN error: CUDNN_STATUS_NOT_INITIALIZED
    WARNING: GigaTIME failed on patch (94208, 10240): cuDNN error: CUDNN_STATUS_NOT_INITIALIZED
    WARNING: GigaTIME failed on patch (94208, 11264): cuDNN error: CUDNN_STATUS_NOT_INITIALIZED
    WARNING: GigaTIME failed on patch (94208, 12288): cuDNN error: CUDNN_STATUS_NOT_INITIALIZED
    WARNING: GigaTIME failed on patch (94208, 13312): cuDNN error: CUDNN_STATUS_NOT_INITIALIZED
    WARNING: GigaTIME failed on patch (94208, 16384): cuDNN error: CUDNN_STATUS_NOT_INITIALIZED
    WARNING: GigaTIME failed on patch (94208, 17408): cuDNN error: CUDNN_STATUS_NOT_INITIALIZED
    WARNING: GigaTIME failed on patch (94208, 18432): cuDNN error: CUDNN_STATUS_NOT_INITIALIZED
    WARNING: GigaTIME failed on patch (94208, 19456): cuDNN error: CUDNN_STATUS_NOT_INITIALIZED
    WARNING: GigaTIME failed on patch (94208, 20480): cuDNN error: CUDNN_STATUS_NOT_INITIALIZED
    WARNING: GigaTIME failed on patch (94208, 21504): cuDNN error: CUDNN_STATUS_NOT_INITIALIZED
    WARNING: GigaTIME failed on patch (94208, 22528): cuDNN error: CUDNN_STATUS_NOT_INITIALIZED
    WARNING: GigaTIME failed on patch (94208, 23552): cuDNN error: CUDNN_STATUS_NOT_INITIALIZED
    WARNING: GigaTIME failed on patch (94208, 24576): cuDNN error: CUDNN_STATUS_NOT_INITIALIZED
    WARNING: GigaTIME failed on patch (94208, 25600): cuDNN error: CUDNN_STATUS_NOT_INITIALIZED
    WARNING: GigaTIME failed on patch (94208, 26624): cuDNN error: CUDNN_STATUS_NOT_INITIALIZED
    WARNING: GigaTIME failed on patch (94208, 28672): cuDNN error: CUDNN_STATUS_NOT_INITIALIZED
    WARNING: GigaTIME failed on patch (94208, 51200): cuDNN error: CUDNN_STATUS_NOT_INITIALIZED
    WARNING: GigaTIME failed on patch (94208, 52224): cuDNN error: CUDNN_STATUS_NOT_INITIALIZED
    WARNING: GigaTIME failed on patch (94208, 53248): cuDNN error: CUDNN_STATUS_NOT_INITIALIZED
    WARNING: GigaTIME failed on patch (94208, 54272): cuDNN error: CUDNN_STATUS_NOT_INITIALIZED
    WARNING: GigaTIME failed on patch (94208, 55296): cuDNN error: CUDNN_STATUS_NOT_INITIALIZED
    WARNING: GigaTIME failed on patch (94208, 56320): cuDNN error: CUDNN_STATUS_NOT_INITIALIZED
    WARNING: GigaTIME failed on patch (94208, 57344): cuDNN error: CUDNN_STATUS_NOT_INITIALIZED
    WARNING: GigaTIME failed on patch (94208, 58368): cuDNN error: CUDNN_STATUS_NOT_INITIALIZED
    WARNING: GigaTIME failed on patch (95232, 3072): cuDNN error: CUDNN_STATUS_NOT_INITIALIZED
    WARNING: GigaTIME failed on patch (95232, 4096): cuDNN error: CUDNN_STATUS_NOT_INITIALIZED
    WARNING: GigaTIME failed on patch (95232, 5120): cuDNN error: CUDNN_STATUS_NOT_INITIALIZED
    WARNING: GigaTIME failed on patch (95232, 6144): cuDNN error: CUDNN_STATUS_NOT_INITIALIZED
    WARNING: GigaTIME failed on patch (95232, 7168): cuDNN error: CUDNN_STATUS_NOT_INITIALIZED
    WARNING: GigaTIME failed on patch (95232, 8192): cuDNN error: CUDNN_STATUS_NOT_INITIALIZED
    WARNING: GigaTIME failed on patch (95232, 9216): cuDNN error: CUDNN_STATUS_NOT_INITIALIZED
    WARNING: GigaTIME failed on patch (95232, 10240): cuDNN error: CUDNN_STATUS_NOT_INITIALIZED
    WARNING: GigaTIME failed on patch (95232, 11264): cuDNN error: CUDNN_STATUS_NOT_INITIALIZED
    WARNING: GigaTIME failed on patch (95232, 12288): cuDNN error: CUDNN_STATUS_NOT_INITIALIZED
    WARNING: GigaTIME failed on patch (95232, 16384): cuDNN error: CUDNN_STATUS_NOT_INITIALIZED
    WARNING: GigaTIME failed on patch (95232, 17408): cuDNN error: CUDNN_STATUS_NOT_INITIALIZED
    WARNING: GigaTIME failed on patch (95232, 18432): cuDNN error: CUDNN_STATUS_NOT_INITIALIZED
    WARNING: GigaTIME failed on patch (95232, 19456): cuDNN error: CUDNN_STATUS_NOT_INITIALIZED
    WARNING: GigaTIME failed on patch (95232, 20480): cuDNN error: CUDNN_STATUS_NOT_INITIALIZED
    WARNING: GigaTIME failed on patch (95232, 21504): cuDNN error: CUDNN_STATUS_NOT_INITIALIZED
    WARNING: GigaTIME failed on patch (95232, 22528): cuDNN error: CUDNN_STATUS_NOT_INITIALIZED
    WARNING: GigaTIME failed on patch (95232, 23552): cuDNN error: CUDNN_STATUS_NOT_INITIALIZED
    WARNING: GigaTIME failed on patch (95232, 24576): cuDNN error: CUDNN_STATUS_NOT_INITIALIZED
    WARNING: GigaTIME failed on patch (95232, 25600): cuDNN error: CUDNN_STATUS_NOT_INITIALIZED
    WARNING: GigaTIME failed on patch (95232, 26624): cuDNN error: CUDNN_STATUS_NOT_INITIALIZED
    WARNING: GigaTIME failed on patch (95232, 27648): cuDNN error: CUDNN_STATUS_NOT_INITIALIZED
    WARNING: GigaTIME failed on patch (95232, 28672): cuDNN error: CUDNN_STATUS_NOT_INITIALIZED
    WARNING: GigaTIME failed on patch (95232, 50176): cuDNN error: CUDNN_STATUS_NOT_INITIALIZED
    WARNING: GigaTIME failed on patch (95232, 51200): cuDNN error: CUDNN_STATUS_NOT_INITIALIZED
    WARNING: GigaTIME failed on patch (95232, 53248): cuDNN error: CUDNN_STATUS_NOT_INITIALIZED
    WARNING: GigaTIME failed on patch (95232, 54272): cuDNN error: CUDNN_STATUS_NOT_INITIALIZED
    WARNING: GigaTIME failed on patch (95232, 55296): cuDNN error: CUDNN_STATUS_NOT_INITIALIZED
    WARNING: GigaTIME failed on patch (95232, 56320): cuDNN error: CUDNN_STATUS_NOT_INITIALIZED
    WARNING: GigaTIME failed on patch (96256, 3072): cuDNN error: CUDNN_STATUS_NOT_INITIALIZED
    WARNING: GigaTIME failed on patch (96256, 4096): cuDNN error: CUDNN_STATUS_NOT_INITIALIZED
    WARNING: GigaTIME failed on patch (96256, 5120): cuDNN error: CUDNN_STATUS_NOT_INITIALIZED
    WARNING: GigaTIME failed on patch (96256, 6144): cuDNN error: CUDNN_STATUS_NOT_INITIALIZED
    WARNING: GigaTIME failed on patch (96256, 7168): cuDNN error: CUDNN_STATUS_NOT_INITIALIZED
    WARNING: GigaTIME failed on patch (96256, 8192): cuDNN error: CUDNN_STATUS_NOT_INITIALIZED
    WARNING: GigaTIME failed on patch (96256, 9216): cuDNN error: CUDNN_STATUS_NOT_INITIALIZED
    WARNING: GigaTIME failed on patch (96256, 10240): cuDNN error: CUDNN_STATUS_NOT_INITIALIZED
    WARNING: GigaTIME failed on patch (96256, 11264): cuDNN error: CUDNN_STATUS_NOT_INITIALIZED
    WARNING: GigaTIME failed on patch (96256, 12288): cuDNN error: CUDNN_STATUS_NOT_INITIALIZED
    WARNING: GigaTIME failed on patch (96256, 14336): cuDNN error: CUDNN_STATUS_NOT_INITIALIZED
    WARNING: GigaTIME failed on patch (96256, 15360): cuDNN error: CUDNN_STATUS_NOT_INITIALIZED
    WARNING: GigaTIME failed on patch (96256, 16384): cuDNN error: CUDNN_STATUS_NOT_INITIALIZED
    WARNING: GigaTIME failed on patch (96256, 17408): cuDNN error: CUDNN_STATUS_NOT_INITIALIZED
    WARNING: GigaTIME failed on patch (96256, 18432): cuDNN error: CUDNN_STATUS_NOT_INITIALIZED
    WARNING: GigaTIME failed on patch (96256, 19456): cuDNN error: CUDNN_STATUS_NOT_INITIALIZED
    WARNING: GigaTIME failed on patch (96256, 20480): cuDNN error: CUDNN_STATUS_NOT_INITIALIZED
    WARNING: GigaTIME failed on patch (96256, 21504): cuDNN error: CUDNN_STATUS_NOT_INITIALIZED
    WARNING: GigaTIME failed on patch (96256, 22528): cuDNN error: CUDNN_STATUS_NOT_INITIALIZED
    WARNING: GigaTIME failed on patch (96256, 23552): cuDNN error: CUDNN_STATUS_NOT_INITIALIZED
    WARNING: GigaTIME failed on patch (96256, 24576): cuDNN error: CUDNN_STATUS_NOT_INITIALIZED
    WARNING: GigaTIME failed on patch (96256, 25600): cuDNN error: CUDNN_STATUS_NOT_INITIALIZED
    WARNING: GigaTIME failed on patch (96256, 26624): cuDNN error: CUDNN_STATUS_NOT_INITIALIZED
    WARNING: GigaTIME failed on patch (96256, 27648): cuDNN error: CUDNN_STATUS_NOT_INITIALIZED
    WARNING: GigaTIME failed on patch (96256, 28672): cuDNN error: CUDNN_STATUS_NOT_INITIALIZED
    WARNING: GigaTIME failed on patch (96256, 49152): cuDNN error: CUDNN_STATUS_NOT_INITIALIZED
    WARNING: GigaTIME failed on patch (96256, 50176): cuDNN error: CUDNN_STATUS_NOT_INITIALIZED
    WARNING: GigaTIME failed on patch (96256, 53248): cuDNN error: CUDNN_STATUS_NOT_INITIALIZED
    WARNING: GigaTIME failed on patch (96256, 54272): cuDNN error: CUDNN_STATUS_NOT_INITIALIZED
    WARNING: GigaTIME failed on patch (96256, 55296): cuDNN error: CUDNN_STATUS_NOT_INITIALIZED
    WARNING: GigaTIME failed on patch (97280, 3072): cuDNN error: CUDNN_STATUS_NOT_INITIALIZED
    WARNING: GigaTIME failed on patch (97280, 4096): cuDNN error: CUDNN_STATUS_NOT_INITIALIZED
    WARNING: GigaTIME failed on patch (97280, 5120): cuDNN error: CUDNN_STATUS_NOT_INITIALIZED
    WARNING: GigaTIME failed on patch (97280, 6144): cuDNN error: CUDNN_STATUS_NOT_INITIALIZED
    WARNING: GigaTIME failed on patch (97280, 7168): cuDNN error: CUDNN_STATUS_NOT_INITIALIZED
    WARNING: GigaTIME failed on patch (97280, 8192): cuDNN error: CUDNN_STATUS_NOT_INITIALIZED
    WARNING: GigaTIME failed on patch (97280, 9216): cuDNN error: CUDNN_STATUS_NOT_INITIALIZED
    WARNING: GigaTIME failed on patch (97280, 10240): cuDNN error: CUDNN_STATUS_NOT_INITIALIZED
    WARNING: GigaTIME failed on patch (97280, 11264): cuDNN error: CUDNN_STATUS_NOT_INITIALIZED
    WARNING: GigaTIME failed on patch (97280, 12288): cuDNN error: CUDNN_STATUS_NOT_INITIALIZED
    WARNING: GigaTIME failed on patch (97280, 13312): cuDNN error: CUDNN_STATUS_NOT_INITIALIZED
    WARNING: GigaTIME failed on patch (97280, 14336): cuDNN error: CUDNN_STATUS_NOT_INITIALIZED
    WARNING: GigaTIME failed on patch (97280, 15360): cuDNN error: CUDNN_STATUS_NOT_INITIALIZED
    WARNING: GigaTIME failed on patch (97280, 16384): cuDNN error: CUDNN_STATUS_NOT_INITIALIZED
    WARNING: GigaTIME failed on patch (97280, 17408): cuDNN error: CUDNN_STATUS_NOT_INITIALIZED
    WARNING: GigaTIME failed on patch (97280, 18432): cuDNN error: CUDNN_STATUS_NOT_INITIALIZED
    WARNING: GigaTIME failed on patch (97280, 19456): cuDNN error: CUDNN_STATUS_NOT_INITIALIZED
    WARNING: GigaTIME failed on patch (97280, 20480): cuDNN error: CUDNN_STATUS_NOT_INITIALIZED
    WARNING: GigaTIME failed on patch (97280, 21504): cuDNN error: CUDNN_STATUS_NOT_INITIALIZED
    WARNING: GigaTIME failed on patch (97280, 22528): cuDNN error: CUDNN_STATUS_NOT_INITIALIZED
    WARNING: GigaTIME failed on patch (97280, 23552): cuDNN error: CUDNN_STATUS_NOT_INITIALIZED
    WARNING: GigaTIME failed on patch (97280, 24576): cuDNN error: CUDNN_STATUS_NOT_INITIALIZED
    WARNING: GigaTIME failed on patch (97280, 25600): cuDNN error: CUDNN_STATUS_NOT_INITIALIZED
    WARNING: GigaTIME failed on patch (97280, 26624): cuDNN error: CUDNN_STATUS_NOT_INITIALIZED
    WARNING: GigaTIME failed on patch (97280, 27648): cuDNN error: CUDNN_STATUS_NOT_INITIALIZED
    WARNING: GigaTIME failed on patch (97280, 28672): cuDNN error: CUDNN_STATUS_NOT_INITIALIZED
    WARNING: GigaTIME failed on patch (97280, 43008): cuDNN error: CUDNN_STATUS_NOT_INITIALIZED
    WARNING: GigaTIME failed on patch (97280, 48128): cuDNN error: CUDNN_STATUS_NOT_INITIALIZED
    WARNING: GigaTIME failed on patch (97280, 49152): cuDNN error: CUDNN_STATUS_NOT_INITIALIZED
    WARNING: GigaTIME failed on patch (97280, 54272): cuDNN error: CUDNN_STATUS_NOT_INITIALIZED
    WARNING: GigaTIME failed on patch (98304, 3072): cuDNN error: CUDNN_STATUS_NOT_INITIALIZED
    WARNING: GigaTIME failed on patch (98304, 4096): cuDNN error: CUDNN_STATUS_NOT_INITIALIZED
    WARNING: GigaTIME failed on patch (98304, 5120): cuDNN error: CUDNN_STATUS_NOT_INITIALIZED
    WARNING: GigaTIME failed on patch (98304, 6144): cuDNN error: CUDNN_STATUS_NOT_INITIALIZED
    WARNING: GigaTIME failed on patch (98304, 8192): cuDNN error: CUDNN_STATUS_NOT_INITIALIZED
    WARNING: GigaTIME failed on patch (98304, 9216): cuDNN error: CUDNN_STATUS_NOT_INITIALIZED
    WARNING: GigaTIME failed on patch (98304, 10240): cuDNN error: CUDNN_STATUS_NOT_INITIALIZED
    WARNING: GigaTIME failed on patch (98304, 11264): cuDNN error: CUDNN_STATUS_NOT_INITIALIZED
    WARNING: GigaTIME failed on patch (98304, 12288): cuDNN error: CUDNN_STATUS_NOT_INITIALIZED
    WARNING: GigaTIME failed on patch (98304, 13312): cuDNN error: CUDNN_STATUS_NOT_INITIALIZED
    WARNING: GigaTIME failed on patch (98304, 14336): cuDNN error: CUDNN_STATUS_NOT_INITIALIZED
    WARNING: GigaTIME failed on patch (98304, 15360): cuDNN error: CUDNN_STATUS_NOT_INITIALIZED
    WARNING: GigaTIME failed on patch (98304, 19456): cuDNN error: CUDNN_STATUS_NOT_INITIALIZED
    WARNING: GigaTIME failed on patch (98304, 20480): cuDNN error: CUDNN_STATUS_NOT_INITIALIZED
    WARNING: GigaTIME failed on patch (98304, 21504): cuDNN error: CUDNN_STATUS_NOT_INITIALIZED
    WARNING: GigaTIME failed on patch (98304, 22528): cuDNN error: CUDNN_STATUS_NOT_INITIALIZED
    WARNING: GigaTIME failed on patch (98304, 23552): cuDNN error: CUDNN_STATUS_NOT_INITIALIZED
    WARNING: GigaTIME failed on patch (98304, 24576): cuDNN error: CUDNN_STATUS_NOT_INITIALIZED
    WARNING: GigaTIME failed on patch (98304, 25600): cuDNN error: CUDNN_STATUS_NOT_INITIALIZED
    WARNING: GigaTIME failed on patch (98304, 26624): cuDNN error: CUDNN_STATUS_NOT_INITIALIZED
    WARNING: GigaTIME failed on patch (98304, 27648): cuDNN error: CUDNN_STATUS_NOT_INITIALIZED
    WARNING: GigaTIME failed on patch (98304, 28672): cuDNN error: CUDNN_STATUS_NOT_INITIALIZED
    WARNING: GigaTIME failed on patch (98304, 29696): cuDNN error: CUDNN_STATUS_NOT_INITIALIZED
    WARNING: GigaTIME failed on patch (98304, 43008): cuDNN error: CUDNN_STATUS_NOT_INITIALIZED
    WARNING: GigaTIME failed on patch (98304, 44032): cuDNN error: CUDNN_STATUS_NOT_INITIALIZED
    WARNING: GigaTIME failed on patch (98304, 49152): cuDNN error: CUDNN_STATUS_NOT_INITIALIZED
    WARNING: GigaTIME failed on patch (98304, 50176): cuDNN error: CUDNN_STATUS_NOT_INITIALIZED
    WARNING: GigaTIME failed on patch (98304, 51200): cuDNN error: CUDNN_STATUS_NOT_INITIALIZED
    WARNING: GigaTIME failed on patch (98304, 52224): cuDNN error: CUDNN_STATUS_NOT_INITIALIZED
    WARNING: GigaTIME failed on patch (99328, 15360): cuDNN error: CUDNN_STATUS_NOT_INITIALIZED
    WARNING: GigaTIME failed on patch (99328, 25600): cuDNN error: CUDNN_STATUS_NOT_INITIALIZED
    WARNING: GigaTIME failed on patch (99328, 26624): cuDNN error: CUDNN_STATUS_NOT_INITIALIZED
    WARNING: GigaTIME failed on patch (99328, 27648): cuDNN error: CUDNN_STATUS_NOT_INITIALIZED
    WARNING: GigaTIME failed on patch (99328, 28672): cuDNN error: CUDNN_STATUS_NOT_INITIALIZED
    WARNING: GigaTIME failed on patch (99328, 29696): cuDNN error: CUDNN_STATUS_NOT_INITIALIZED
    WARNING: GigaTIME failed on patch (99328, 30720): cuDNN error: CUDNN_STATUS_NOT_INITIALIZED
    WARNING: GigaTIME failed on patch (99328, 31744): cuDNN error: CUDNN_STATUS_NOT_INITIALIZED
    WARNING: GigaTIME failed on patch (99328, 32768): cuDNN error: CUDNN_STATUS_NOT_INITIALIZED
    WARNING: GigaTIME failed on patch (99328, 33792): cuDNN error: CUDNN_STATUS_NOT_INITIALIZED
    WARNING: GigaTIME failed on patch (99328, 37888): cuDNN error: CUDNN_STATUS_NOT_INITIALIZED
    WARNING: GigaTIME failed on patch (99328, 38912): cuDNN error: CUDNN_STATUS_NOT_INITIALIZED
    WARNING: GigaTIME failed on patch (99328, 39936): cuDNN error: CUDNN_STATUS_NOT_INITIALIZED
    WARNING: GigaTIME failed on patch (99328, 40960): cuDNN error: CUDNN_STATUS_NOT_INITIALIZED
    WARNING: GigaTIME failed on patch (99328, 41984): cuDNN error: CUDNN_STATUS_NOT_INITIALIZED
    WARNING: GigaTIME failed on patch (99328, 44032): cuDNN error: CUDNN_STATUS_NOT_INITIALIZED
    WARNING: GigaTIME failed on patch (99328, 45056): cuDNN error: CUDNN_STATUS_NOT_INITIALIZED
    WARNING: GigaTIME failed on patch (99328, 46080): cuDNN error: CUDNN_STATUS_NOT_INITIALIZED
    WARNING: GigaTIME failed on patch (99328, 47104): cuDNN error: CUDNN_STATUS_NOT_INITIALIZED
    WARNING: GigaTIME failed on patch (99328, 49152): cuDNN error: CUDNN_STATUS_NOT_INITIALIZED
    WARNING: GigaTIME failed on patch (99328, 50176): cuDNN error: CUDNN_STATUS_NOT_INITIALIZED
    WARNING: GigaTIME failed on patch (100352, 4096): cuDNN error: CUDNN_STATUS_NOT_INITIALIZED
    WARNING: GigaTIME failed on patch (100352, 5120): cuDNN error: CUDNN_STATUS_NOT_INITIALIZED
    WARNING: GigaTIME failed on patch (100352, 6144): cuDNN error: CUDNN_STATUS_NOT_INITIALIZED
    WARNING: GigaTIME failed on patch (100352, 7168): cuDNN error: CUDNN_STATUS_NOT_INITIALIZED
    WARNING: GigaTIME failed on patch (100352, 26624): cuDNN error: CUDNN_STATUS_NOT_INITIALIZED
    WARNING: GigaTIME failed on patch (100352, 27648): cuDNN error: CUDNN_STATUS_NOT_INITIALIZED
    WARNING: GigaTIME failed on patch (100352, 28672): cuDNN error: CUDNN_STATUS_NOT_INITIALIZED
    WARNING: GigaTIME failed on patch (100352, 29696): cuDNN error: CUDNN_STATUS_NOT_INITIALIZED
    WARNING: GigaTIME failed on patch (100352, 30720): cuDNN error: CUDNN_STATUS_NOT_INITIALIZED
    WARNING: GigaTIME failed on patch (100352, 31744): cuDNN error: CUDNN_STATUS_NOT_INITIALIZED
    WARNING: GigaTIME failed on patch (100352, 32768): cuDNN error: CUDNN_STATUS_NOT_INITIALIZED
    WARNING: GigaTIME failed on patch (100352, 33792): cuDNN error: CUDNN_STATUS_NOT_INITIALIZED
    WARNING: GigaTIME failed on patch (100352, 34816): cuDNN error: CUDNN_STATUS_NOT_INITIALIZED
    WARNING: GigaTIME failed on patch (100352, 35840): cuDNN error: CUDNN_STATUS_NOT_INITIALIZED
    WARNING: GigaTIME failed on patch (100352, 36864): cuDNN error: CUDNN_STATUS_NOT_INITIALIZED
    WARNING: GigaTIME failed on patch (100352, 37888): cuDNN error: CUDNN_STATUS_NOT_INITIALIZED
    WARNING: GigaTIME failed on patch (100352, 38912): cuDNN error: CUDNN_STATUS_NOT_INITIALIZED
    WARNING: GigaTIME failed on patch (100352, 39936): cuDNN error: CUDNN_STATUS_NOT_INITIALIZED
    WARNING: GigaTIME failed on patch (100352, 43008): cuDNN error: CUDNN_STATUS_NOT_INITIALIZED
    WARNING: GigaTIME failed on patch (100352, 44032): cuDNN error: CUDNN_STATUS_NOT_INITIALIZED
    WARNING: GigaTIME failed on patch (100352, 45056): cuDNN error: CUDNN_STATUS_NOT_INITIALIZED
    WARNING: GigaTIME failed on patch (100352, 46080): cuDNN error: CUDNN_STATUS_NOT_INITIALIZED
    WARNING: GigaTIME failed on patch (100352, 47104): cuDNN error: CUDNN_STATUS_NOT_INITIALIZED
    WARNING: GigaTIME failed on patch (100352, 48128): cuDNN error: CUDNN_STATUS_NOT_INITIALIZED
    WARNING: GigaTIME failed on patch (100352, 49152): cuDNN error: CUDNN_STATUS_NOT_INITIALIZED
    WARNING: GigaTIME failed on patch (101376, 4096): cuDNN error: CUDNN_STATUS_NOT_INITIALIZED
    WARNING: GigaTIME failed on patch (101376, 5120): cuDNN error: CUDNN_STATUS_NOT_INITIALIZED
    WARNING: GigaTIME failed on patch (101376, 6144): cuDNN error: CUDNN_STATUS_NOT_INITIALIZED
    WARNING: GigaTIME failed on patch (101376, 7168): cuDNN error: CUDNN_STATUS_NOT_INITIALIZED
    WARNING: GigaTIME failed on patch (101376, 21504): cuDNN error: CUDNN_STATUS_NOT_INITIALIZED
    WARNING: GigaTIME failed on patch (101376, 29696): cuDNN error: CUDNN_STATUS_NOT_INITIALIZED
    WARNING: GigaTIME failed on patch (101376, 30720): cuDNN error: CUDNN_STATUS_NOT_INITIALIZED
    WARNING: GigaTIME failed on patch (101376, 31744): cuDNN error: CUDNN_STATUS_NOT_INITIALIZED
    WARNING: GigaTIME failed on patch (101376, 32768): cuDNN error: CUDNN_STATUS_NOT_INITIALIZED
    WARNING: GigaTIME failed on patch (101376, 33792): cuDNN error: CUDNN_STATUS_NOT_INITIALIZED
    WARNING: GigaTIME failed on patch (101376, 34816): cuDNN error: CUDNN_STATUS_NOT_INITIALIZED
    WARNING: GigaTIME failed on patch (101376, 35840): cuDNN error: CUDNN_STATUS_NOT_INITIALIZED
    WARNING: GigaTIME failed on patch (101376, 36864): cuDNN error: CUDNN_STATUS_NOT_INITIALIZED
    WARNING: GigaTIME failed on patch (101376, 37888): cuDNN error: CUDNN_STATUS_NOT_INITIALIZED
    WARNING: GigaTIME failed on patch (101376, 38912): cuDNN error: CUDNN_STATUS_NOT_INITIALIZED
    WARNING: GigaTIME failed on patch (101376, 44032): cuDNN error: CUDNN_STATUS_NOT_INITIALIZED
    WARNING: GigaTIME failed on patch (101376, 45056): cuDNN error: CUDNN_STATUS_NOT_INITIALIZED
    WARNING: GigaTIME failed on patch (101376, 46080): cuDNN error: CUDNN_STATUS_NOT_INITIALIZED
    WARNING: GigaTIME failed on patch (101376, 47104): cuDNN error: CUDNN_STATUS_NOT_INITIALIZED
    WARNING: GigaTIME failed on patch (102400, 21504): cuDNN error: CUDNN_STATUS_NOT_INITIALIZED
    WARNING: GigaTIME failed on patch (102400, 22528): cuDNN error: CUDNN_STATUS_NOT_INITIALIZED
    WARNING: GigaTIME failed on patch (102400, 23552): cuDNN error: CUDNN_STATUS_NOT_INITIALIZED
    WARNING: GigaTIME failed on patch (102400, 24576): cuDNN error: CUDNN_STATUS_NOT_INITIALIZED
    WARNING: GigaTIME failed on patch (102400, 25600): cuDNN error: CUDNN_STATUS_NOT_INITIALIZED
    WARNING: GigaTIME failed on patch (102400, 26624): cuDNN error: CUDNN_STATUS_NOT_INITIALIZED
    WARNING: GigaTIME failed on patch (102400, 29696): cuDNN error: CUDNN_STATUS_NOT_INITIALIZED
    WARNING: GigaTIME failed on patch (102400, 30720): cuDNN error: CUDNN_STATUS_NOT_INITIALIZED
    WARNING: GigaTIME failed on patch (102400, 31744): cuDNN error: CUDNN_STATUS_NOT_INITIALIZED
    WARNING: GigaTIME failed on patch (102400, 32768): cuDNN error: CUDNN_STATUS_NOT_INITIALIZED
    WARNING: GigaTIME failed on patch (102400, 34816): cuDNN error: CUDNN_STATUS_NOT_INITIALIZED
    WARNING: GigaTIME failed on patch (102400, 35840): cuDNN error: CUDNN_STATUS_NOT_INITIALIZED
    WARNING: GigaTIME failed on patch (102400, 36864): cuDNN error: CUDNN_STATUS_NOT_INITIALIZED
    WARNING: GigaTIME failed on patch (102400, 37888): cuDNN error: CUDNN_STATUS_NOT_INITIALIZED
    WARNING: GigaTIME failed on patch (102400, 38912): cuDNN error: CUDNN_STATUS_NOT_INITIALIZED
    WARNING: GigaTIME failed on patch (102400, 45056): cuDNN error: CUDNN_STATUS_NOT_INITIALIZED
    WARNING: GigaTIME failed on patch (102400, 46080): cuDNN error: CUDNN_STATUS_NOT_INITIALIZED
    WARNING: GigaTIME failed on patch (102400, 47104): cuDNN error: CUDNN_STATUS_NOT_INITIALIZED
    WARNING: GigaTIME failed on patch (103424, 23552): cuDNN error: CUDNN_STATUS_NOT_INITIALIZED
    WARNING: GigaTIME failed on patch (103424, 24576): cuDNN error: CUDNN_STATUS_NOT_INITIALIZED
    WARNING: GigaTIME failed on patch (103424, 25600): cuDNN error: CUDNN_STATUS_NOT_INITIALIZED
    WARNING: GigaTIME failed on patch (103424, 26624): cuDNN error: CUDNN_STATUS_NOT_INITIALIZED
    WARNING: GigaTIME failed on patch (103424, 27648): cuDNN error: CUDNN_STATUS_NOT_INITIALIZED
    WARNING: GigaTIME failed on patch (103424, 28672): cuDNN error: CUDNN_STATUS_NOT_INITIALIZED
    WARNING: GigaTIME failed on patch (103424, 29696): cuDNN error: CUDNN_STATUS_NOT_INITIALIZED
    WARNING: GigaTIME failed on patch (103424, 30720): cuDNN error: CUDNN_STATUS_NOT_INITIALIZED
    WARNING: GigaTIME failed on patch (103424, 31744): cuDNN error: CUDNN_STATUS_NOT_INITIALIZED
    WARNING: GigaTIME failed on patch (103424, 38912): cuDNN error: CUDNN_STATUS_NOT_INITIALIZED
    WARNING: GigaTIME failed on patch (103424, 44032): cuDNN error: CUDNN_STATUS_NOT_INITIALIZED
    WARNING: GigaTIME failed on patch (103424, 45056): cuDNN error: CUDNN_STATUS_NOT_INITIALIZED
    WARNING: GigaTIME failed on patch (104448, 27648): cuDNN error: CUDNN_STATUS_NOT_INITIALIZED
    WARNING: GigaTIME failed on patch (104448, 28672): cuDNN error: CUDNN_STATUS_NOT_INITIALIZED
    WARNING: GigaTIME failed on patch (104448, 29696): cuDNN error: CUDNN_STATUS_NOT_INITIALIZED
    WARNING: GigaTIME failed on patch (104448, 30720): cuDNN error: CUDNN_STATUS_NOT_INITIALIZED
    WARNING: GigaTIME failed on patch (104448, 31744): cuDNN error: CUDNN_STATUS_NOT_INITIALIZED
    WARNING: GigaTIME failed on patch (104448, 34816): cuDNN error: CUDNN_STATUS_NOT_INITIALIZED
    WARNING: GigaTIME failed on patch (104448, 37888): cuDNN error: CUDNN_STATUS_NOT_INITIALIZED
    WARNING: GigaTIME failed on patch (104448, 44032): cuDNN error: CUDNN_STATUS_NOT_INITIALIZED
    WARNING: GigaTIME failed on patch (104448, 45056): cuDNN error: CUDNN_STATUS_NOT_INITIALIZED
    WARNING: GigaTIME failed on patch (104448, 46080): cuDNN error: CUDNN_STATUS_NOT_INITIALIZED
    WARNING: GigaTIME failed on patch (104448, 47104): cuDNN error: CUDNN_STATUS_NOT_INITIALIZED
    WARNING: GigaTIME failed on patch (105472, 27648): cuDNN error: CUDNN_STATUS_NOT_INITIALIZED
    WARNING: GigaTIME failed on patch (105472, 28672): cuDNN error: CUDNN_STATUS_NOT_INITIALIZED
    WARNING: GigaTIME failed on patch (105472, 29696): cuDNN error: CUDNN_STATUS_NOT_INITIALIZED
    WARNING: GigaTIME failed on patch (105472, 30720): cuDNN error: CUDNN_STATUS_NOT_INITIALIZED
    WARNING: GigaTIME failed on patch (105472, 31744): cuDNN error: CUDNN_STATUS_NOT_INITIALIZED
    WARNING: GigaTIME failed on patch (105472, 32768): cuDNN error: CUDNN_STATUS_NOT_INITIALIZED
    WARNING: GigaTIME failed on patch (105472, 33792): cuDNN error: CUDNN_STATUS_NOT_INITIALIZED
    WARNING: GigaTIME failed on patch (105472, 34816): cuDNN error: CUDNN_STATUS_NOT_INITIALIZED
    WARNING: GigaTIME failed on patch (105472, 44032): cuDNN error: CUDNN_STATUS_NOT_INITIALIZED
    WARNING: GigaTIME failed on patch (105472, 45056): cuDNN error: CUDNN_STATUS_NOT_INITIALIZED
    WARNING: GigaTIME failed on patch (105472, 46080): cuDNN error: CUDNN_STATUS_NOT_INITIALIZED
    WARNING: GigaTIME failed on patch (105472, 47104): cuDNN error: CUDNN_STATUS_NOT_INITIALIZED
    WARNING: GigaTIME failed on patch (106496, 30720): cuDNN error: CUDNN_STATUS_NOT_INITIALIZED
    WARNING: GigaTIME failed on patch (106496, 31744): cuDNN error: CUDNN_STATUS_NOT_INITIALIZED
    WARNING: GigaTIME failed on patch (106496, 32768): cuDNN error: CUDNN_STATUS_NOT_INITIALIZED
    WARNING: GigaTIME failed on patch (106496, 33792): cuDNN error: CUDNN_STATUS_NOT_INITIALIZED
    WARNING: GigaTIME failed on patch (106496, 36864): cuDNN error: CUDNN_STATUS_NOT_INITIALIZED
    WARNING: GigaTIME failed on patch (106496, 44032): cuDNN error: CUDNN_STATUS_NOT_INITIALIZED
    WARNING: GigaTIME failed on patch (106496, 45056): cuDNN error: CUDNN_STATUS_NOT_INITIALIZED
    WARNING: GigaTIME failed on patch (106496, 46080): cuDNN error: CUDNN_STATUS_NOT_INITIALIZED
    WARNING: GigaTIME failed on patch (106496, 47104): cuDNN error: CUDNN_STATUS_NOT_INITIALIZED
    WARNING: GigaTIME failed on patch (107520, 30720): cuDNN error: CUDNN_STATUS_NOT_INITIALIZED
    WARNING: GigaTIME failed on patch (107520, 31744): cuDNN error: CUDNN_STATUS_NOT_INITIALIZED
    WARNING: GigaTIME failed on patch (107520, 32768): cuDNN error: CUDNN_STATUS_NOT_INITIALIZED
    WARNING: GigaTIME failed on patch (107520, 33792): cuDNN error: CUDNN_STATUS_NOT_INITIALIZED
    WARNING: GigaTIME failed on patch (107520, 34816): cuDNN error: CUDNN_STATUS_NOT_INITIALIZED
    WARNING: GigaTIME failed on patch (107520, 35840): cuDNN error: CUDNN_STATUS_NOT_INITIALIZED
    WARNING: GigaTIME failed on patch (107520, 36864): cuDNN error: CUDNN_STATUS_NOT_INITIALIZED
    WARNING: GigaTIME failed on patch (107520, 37888): cuDNN error: CUDNN_STATUS_NOT_INITIALIZED
    WARNING: GigaTIME failed on patch (107520, 38912): cuDNN error: CUDNN_STATUS_NOT_INITIALIZED
    WARNING: GigaTIME failed on patch (107520, 39936): cuDNN error: CUDNN_STATUS_NOT_INITIALIZED
    WARNING: GigaTIME failed on patch (107520, 44032): cuDNN error: CUDNN_STATUS_NOT_INITIALIZED
    WARNING: GigaTIME failed on patch (107520, 45056): cuDNN error: CUDNN_STATUS_NOT_INITIALIZED
    WARNING: GigaTIME failed on patch (107520, 46080): cuDNN error: CUDNN_STATUS_NOT_INITIALIZED
    WARNING: GigaTIME failed on patch (108544, 21504): cuDNN error: CUDNN_STATUS_NOT_INITIALIZED
    WARNING: GigaTIME failed on patch (108544, 22528): cuDNN error: CUDNN_STATUS_NOT_INITIALIZED
    WARNING: GigaTIME failed on patch (108544, 31744): cuDNN error: CUDNN_STATUS_NOT_INITIALIZED
    WARNING: GigaTIME failed on patch (108544, 32768): cuDNN error: CUDNN_STATUS_NOT_INITIALIZED
    WARNING: GigaTIME failed on patch (108544, 33792): cuDNN error: CUDNN_STATUS_NOT_INITIALIZED
    WARNING: GigaTIME failed on patch (108544, 36864): cuDNN error: CUDNN_STATUS_NOT_INITIALIZED
    WARNING: GigaTIME failed on patch (108544, 37888): cuDNN error: CUDNN_STATUS_NOT_INITIALIZED
    WARNING: GigaTIME failed on patch (108544, 38912): cuDNN error: CUDNN_STATUS_NOT_INITIALIZED
    WARNING: GigaTIME failed on patch (108544, 39936): cuDNN error: CUDNN_STATUS_NOT_INITIALIZED
    WARNING: GigaTIME failed on patch (108544, 40960): cuDNN error: CUDNN_STATUS_NOT_INITIALIZED
    WARNING: GigaTIME failed on patch (108544, 41984): cuDNN error: CUDNN_STATUS_NOT_INITIALIZED
    WARNING: GigaTIME failed on patch (108544, 43008): cuDNN error: CUDNN_STATUS_NOT_INITIALIZED
    WARNING: GigaTIME failed on patch (108544, 44032): cuDNN error: CUDNN_STATUS_NOT_INITIALIZED
    WARNING: GigaTIME failed on patch (108544, 45056): cuDNN error: CUDNN_STATUS_NOT_INITIALIZED
    WARNING: GigaTIME failed on patch (108544, 46080): cuDNN error: CUDNN_STATUS_NOT_INITIALIZED
    WARNING: GigaTIME failed on patch (109568, 21504): cuDNN error: CUDNN_STATUS_NOT_INITIALIZED
    WARNING: GigaTIME failed on patch (109568, 22528): cuDNN error: CUDNN_STATUS_NOT_INITIALIZED
    WARNING: GigaTIME failed on patch (109568, 23552): cuDNN error: CUDNN_STATUS_NOT_INITIALIZED
    WARNING: GigaTIME failed on patch (109568, 24576): cuDNN error: CUDNN_STATUS_NOT_INITIALIZED
    WARNING: GigaTIME failed on patch (109568, 25600): cuDNN error: CUDNN_STATUS_NOT_INITIALIZED
    WARNING: GigaTIME failed on patch (109568, 26624): cuDNN error: CUDNN_STATUS_NOT_INITIALIZED
    WARNING: GigaTIME failed on patch (109568, 27648): cuDNN error: CUDNN_STATUS_NOT_INITIALIZED
    WARNING: GigaTIME failed on patch (109568, 28672): cuDNN error: CUDNN_STATUS_NOT_INITIALIZED
    WARNING: GigaTIME failed on patch (109568, 31744): cuDNN error: CUDNN_STATUS_NOT_INITIALIZED
    WARNING: GigaTIME failed on patch (109568, 32768): cuDNN error: CUDNN_STATUS_NOT_INITIALIZED
    WARNING: GigaTIME failed on patch (109568, 33792): cuDNN error: CUDNN_STATUS_NOT_INITIALIZED
    WARNING: GigaTIME failed on patch (109568, 36864): cuDNN error: CUDNN_STATUS_NOT_INITIALIZED
    WARNING: GigaTIME failed on patch (109568, 37888): cuDNN error: CUDNN_STATUS_NOT_INITIALIZED
    WARNING: GigaTIME failed on patch (109568, 38912): cuDNN error: CUDNN_STATUS_NOT_INITIALIZED
    WARNING: GigaTIME failed on patch (109568, 39936): cuDNN error: CUDNN_STATUS_NOT_INITIALIZED
    WARNING: GigaTIME failed on patch (109568, 40960): cuDNN error: CUDNN_STATUS_NOT_INITIALIZED
    WARNING: GigaTIME failed on patch (109568, 41984): cuDNN error: CUDNN_STATUS_NOT_INITIALIZED
    WARNING: GigaTIME failed on patch (109568, 43008): cuDNN error: CUDNN_STATUS_NOT_INITIALIZED
    WARNING: GigaTIME failed on patch (109568, 44032): cuDNN error: CUDNN_STATUS_NOT_INITIALIZED
    WARNING: GigaTIME failed on patch (109568, 45056): cuDNN error: CUDNN_STATUS_NOT_INITIALIZED
    WARNING: GigaTIME failed on patch (109568, 46080): cuDNN error: CUDNN_STATUS_NOT_INITIALIZED
    WARNING: GigaTIME failed on patch (110592, 21504): cuDNN error: CUDNN_STATUS_NOT_INITIALIZED
    WARNING: GigaTIME failed on patch (110592, 22528): cuDNN error: CUDNN_STATUS_NOT_INITIALIZED
    WARNING: GigaTIME failed on patch (110592, 23552): cuDNN error: CUDNN_STATUS_NOT_INITIALIZED
    WARNING: GigaTIME failed on patch (110592, 28672): cuDNN error: CUDNN_STATUS_NOT_INITIALIZED
    WARNING: GigaTIME failed on patch (110592, 29696): cuDNN error: CUDNN_STATUS_NOT_INITIALIZED
    WARNING: GigaTIME failed on patch (110592, 30720): cuDNN error: CUDNN_STATUS_NOT_INITIALIZED
    WARNING: GigaTIME failed on patch (110592, 31744): cuDNN error: CUDNN_STATUS_NOT_INITIALIZED
    WARNING: GigaTIME failed on patch (110592, 32768): cuDNN error: CUDNN_STATUS_NOT_INITIALIZED
    WARNING: GigaTIME failed on patch (110592, 33792): cuDNN error: CUDNN_STATUS_NOT_INITIALIZED
    WARNING: GigaTIME failed on patch (110592, 36864): cuDNN error: CUDNN_STATUS_NOT_INITIALIZED
    WARNING: GigaTIME failed on patch (110592, 37888): cuDNN error: CUDNN_STATUS_NOT_INITIALIZED
    WARNING: GigaTIME failed on patch (110592, 38912): cuDNN error: CUDNN_STATUS_NOT_INITIALIZED
    WARNING: GigaTIME failed on patch (110592, 39936): cuDNN error: CUDNN_STATUS_NOT_INITIALIZED
    WARNING: GigaTIME failed on patch (110592, 40960): cuDNN error: CUDNN_STATUS_NOT_INITIALIZED
    WARNING: GigaTIME failed on patch (110592, 41984): cuDNN error: CUDNN_STATUS_NOT_INITIALIZED
    WARNING: GigaTIME failed on patch (110592, 43008): cuDNN error: CUDNN_STATUS_NOT_INITIALIZED
    WARNING: GigaTIME failed on patch (110592, 44032): cuDNN error: CUDNN_STATUS_NOT_INITIALIZED
    WARNING: GigaTIME failed on patch (110592, 45056): cuDNN error: CUDNN_STATUS_NOT_INITIALIZED
    WARNING: GigaTIME failed on patch (111616, 21504): cuDNN error: CUDNN_STATUS_NOT_INITIALIZED
    WARNING: GigaTIME failed on patch (111616, 22528): cuDNN error: CUDNN_STATUS_NOT_INITIALIZED
    WARNING: GigaTIME failed on patch (111616, 29696): cuDNN error: CUDNN_STATUS_NOT_INITIALIZED
    WARNING: GigaTIME failed on patch (111616, 30720): cuDNN error: CUDNN_STATUS_NOT_INITIALIZED
    WARNING: GigaTIME failed on patch (111616, 31744): cuDNN error: CUDNN_STATUS_NOT_INITIALIZED
    WARNING: GigaTIME failed on patch (111616, 32768): cuDNN error: CUDNN_STATUS_NOT_INITIALIZED
    WARNING: GigaTIME failed on patch (111616, 33792): cuDNN error: CUDNN_STATUS_NOT_INITIALIZED
    WARNING: GigaTIME failed on patch (111616, 36864): cuDNN error: CUDNN_STATUS_NOT_INITIALIZED
    WARNING: GigaTIME failed on patch (111616, 37888): cuDNN error: CUDNN_STATUS_NOT_INITIALIZED
    WARNING: GigaTIME failed on patch (111616, 38912): cuDNN error: CUDNN_STATUS_NOT_INITIALIZED
    WARNING: GigaTIME failed on patch (111616, 39936): cuDNN error: CUDNN_STATUS_NOT_INITIALIZED
    WARNING: GigaTIME failed on patch (111616, 40960): cuDNN error: CUDNN_STATUS_NOT_INITIALIZED
    WARNING: GigaTIME failed on patch (111616, 41984): cuDNN error: CUDNN_STATUS_NOT_INITIALIZED
    WARNING: GigaTIME failed on patch (111616, 43008): cuDNN error: CUDNN_STATUS_NOT_INITIALIZED
    WARNING: GigaTIME failed on patch (112640, 21504): cuDNN error: CUDNN_STATUS_NOT_INITIALIZED
    WARNING: GigaTIME failed on patch (112640, 28672): cuDNN error: CUDNN_STATUS_NOT_INITIALIZED
    WARNING: GigaTIME failed on patch (112640, 29696): cuDNN error: CUDNN_STATUS_NOT_INITIALIZED
    WARNING: GigaTIME failed on patch (112640, 30720): cuDNN error: CUDNN_STATUS_NOT_INITIALIZED
    WARNING: GigaTIME failed on patch (112640, 31744): cuDNN error: CUDNN_STATUS_NOT_INITIALIZED
    WARNING: GigaTIME failed on patch (112640, 32768): cuDNN error: CUDNN_STATUS_NOT_INITIALIZED
    WARNING: GigaTIME failed on patch (112640, 33792): cuDNN error: CUDNN_STATUS_NOT_INITIALIZED
    WARNING: GigaTIME failed on patch (112640, 34816): cuDNN error: CUDNN_STATUS_NOT_INITIALIZED
    WARNING: GigaTIME failed on patch (112640, 35840): cuDNN error: CUDNN_STATUS_NOT_INITIALIZED
    WARNING: GigaTIME failed on patch (112640, 36864): cuDNN error: CUDNN_STATUS_NOT_INITIALIZED
    WARNING: GigaTIME failed on patch (112640, 37888): cuDNN error: CUDNN_STATUS_NOT_INITIALIZED
    WARNING: GigaTIME failed on patch (113664, 17408): cuDNN error: CUDNN_STATUS_NOT_INITIALIZED
    WARNING: GigaTIME failed on patch (113664, 22528): cuDNN error: CUDNN_STATUS_NOT_INITIALIZED
    WARNING: GigaTIME failed on patch (113664, 23552): cuDNN error: CUDNN_STATUS_NOT_INITIALIZED
    WARNING: GigaTIME failed on patch (113664, 24576): cuDNN error: CUDNN_STATUS_NOT_INITIALIZED
    WARNING: GigaTIME failed on patch (113664, 25600): cuDNN error: CUDNN_STATUS_NOT_INITIALIZED
    WARNING: GigaTIME failed on patch (113664, 26624): cuDNN error: CUDNN_STATUS_NOT_INITIALIZED
    WARNING: GigaTIME failed on patch (113664, 27648): cuDNN error: CUDNN_STATUS_NOT_INITIALIZED
    WARNING: GigaTIME failed on patch (113664, 28672): cuDNN error: CUDNN_STATUS_NOT_INITIALIZED
    WARNING: GigaTIME failed on patch (113664, 29696): cuDNN error: CUDNN_STATUS_NOT_INITIALIZED
    WARNING: GigaTIME failed on patch (113664, 30720): cuDNN error: CUDNN_STATUS_NOT_INITIALIZED
    WARNING: GigaTIME failed on patch (113664, 31744): cuDNN error: CUDNN_STATUS_NOT_INITIALIZED
    WARNING: GigaTIME failed on patch (113664, 33792): cuDNN error: CUDNN_STATUS_NOT_INITIALIZED
    WARNING: GigaTIME failed on patch (113664, 34816): cuDNN error: CUDNN_STATUS_NOT_INITIALIZED
    WARNING: GigaTIME failed on patch (113664, 35840): cuDNN error: CUDNN_STATUS_NOT_INITIALIZED
    WARNING: GigaTIME failed on patch (113664, 36864): cuDNN error: CUDNN_STATUS_NOT_INITIALIZED
    WARNING: GigaTIME failed on patch (113664, 37888): cuDNN error: CUDNN_STATUS_NOT_INITIALIZED
    WARNING: GigaTIME failed on patch (114688, 18432): cuDNN error: CUDNN_STATUS_NOT_INITIALIZED
    WARNING: GigaTIME failed on patch (114688, 19456): cuDNN error: CUDNN_STATUS_NOT_INITIALIZED
    WARNING: GigaTIME failed on patch (114688, 24576): cuDNN error: CUDNN_STATUS_NOT_INITIALIZED
    WARNING: GigaTIME failed on patch (114688, 25600): cuDNN error: CUDNN_STATUS_NOT_INITIALIZED
    WARNING: GigaTIME failed on patch (114688, 26624): cuDNN error: CUDNN_STATUS_NOT_INITIALIZED
    WARNING: GigaTIME failed on patch (114688, 27648): cuDNN error: CUDNN_STATUS_NOT_INITIALIZED
    WARNING: GigaTIME failed on patch (114688, 35840): cuDNN error: CUDNN_STATUS_NOT_INITIALIZED
    WARNING: GigaTIME failed on patch (115712, 24576): cuDNN error: CUDNN_STATUS_NOT_INITIALIZED
    WARNING: GigaTIME failed on patch (115712, 25600): cuDNN error: CUDNN_STATUS_NOT_INITIALIZED
    WARNING: GigaTIME failed on patch (115712, 35840): cuDNN error: CUDNN_STATUS_NOT_INITIALIZED
    WARNING: GigaTIME failed on patch (116736, 34816): cuDNN error: CUDNN_STATUS_NOT_INITIALIZED
  ERROR processing #1-1 7817B8509.h5: [Errno 13] Unable to synchronously open file (unable to open file: name = '/userfiles/cgunduz/new_datasets/pannet_dataset/IPS/pannet_wsi_features/40x_1024px_0px_overlap/features_virchow2/#1-1 7817B8509.h5', errno = 13, error message = 'Permission denied', flags = 1, o_flags = 2)
Processing: #11-3 7197-17-035.h5
